# Blender 5.2.0 LTS
# www.blender.org
mtllib one.mtl
o suji
v 0.158600 0.110000 0.176000
v 0.158760 0.110000 0.176672
v 0.158906 0.110000 0.177356
v 0.159038 0.110000 0.178050
v 0.159156 0.110000 0.178756
v 0.159260 0.110000 0.179472
v 0.159350 0.110000 0.180200
v 0.159426 0.110000 0.180939
v 0.159489 0.110000 0.181689
v 0.159537 0.110000 0.182450
v 0.159572 0.110000 0.183222
v 0.159593 0.110000 0.184006
v 0.159600 0.110000 0.184800
v 0.159592 0.110000 0.185721
v 0.159567 0.110000 0.186617
v 0.159525 0.110000 0.187487
v 0.159467 0.110000 0.188333
v 0.159392 0.110000 0.189154
v 0.159300 0.110000 0.189950
v 0.159192 0.110000 0.190721
v 0.159067 0.110000 0.191467
v 0.158925 0.110000 0.192187
v 0.158767 0.110000 0.192883
v 0.158592 0.110000 0.193554
v 0.158400 0.110000 0.194200
v 0.158194 0.110000 0.194824
v 0.157978 0.110000 0.195428
v 0.157750 0.110000 0.196012
v 0.157511 0.110000 0.196578
v 0.157261 0.110000 0.197124
v 0.157000 0.110000 0.197650
v 0.156728 0.110000 0.198157
v 0.156444 0.110000 0.198644
v 0.156150 0.110000 0.199112
v 0.155844 0.110000 0.199561
v 0.155528 0.110000 0.199990
v 0.155200 0.110000 0.200400
v 0.154864 0.110000 0.200790
v 0.154522 0.110000 0.201161
v 0.154175 0.110000 0.201512
v 0.153822 0.110000 0.201844
v 0.153464 0.110000 0.202157
v 0.153100 0.110000 0.202450
v 0.152731 0.110000 0.202724
v 0.152356 0.110000 0.202978
v 0.151975 0.110000 0.203212
v 0.151589 0.110000 0.203428
v 0.151197 0.110000 0.203624
v 0.150800 0.110000 0.203800
v 0.150400 0.110000 0.203960
v 0.150000 0.110000 0.204106
v 0.149600 0.110000 0.204237
v 0.149200 0.110000 0.204356
v 0.148800 0.110000 0.204460
v 0.148400 0.110000 0.204550
v 0.148000 0.110000 0.204626
v 0.147600 0.110000 0.204689
v 0.147200 0.110000 0.204737
v 0.146800 0.110000 0.204772
v 0.146400 0.110000 0.204793
v 0.146000 0.110000 0.204800
v -0.116400 0.110000 0.204800
v -0.116799 0.110000 0.204793
v -0.117194 0.110000 0.204772
v -0.117588 0.110000 0.204737
v -0.117978 0.110000 0.204689
v -0.118365 0.110000 0.204626
v -0.118750 0.110000 0.204550
v -0.119132 0.110000 0.204460
v -0.119511 0.110000 0.204356
v -0.119888 0.110000 0.204237
v -0.120261 0.110000 0.204106
v -0.120632 0.110000 0.203960
v -0.121000 0.110000 0.203800
v -0.121365 0.110000 0.203624
v -0.121728 0.110000 0.203428
v -0.122088 0.110000 0.203212
v -0.122444 0.110000 0.202978
v -0.122799 0.110000 0.202724
v -0.123150 0.110000 0.202450
v -0.123499 0.110000 0.202157
v -0.123844 0.110000 0.201844
v -0.124188 0.110000 0.201512
v -0.124528 0.110000 0.201161
v -0.124865 0.110000 0.200790
v -0.125200 0.110000 0.200400
v -0.125528 0.110000 0.199990
v -0.125844 0.110000 0.199561
v -0.126150 0.110000 0.199112
v -0.126444 0.110000 0.198644
v -0.126728 0.110000 0.198157
v -0.127000 0.110000 0.197650
v -0.127261 0.110000 0.197124
v -0.127511 0.110000 0.196578
v -0.127750 0.110000 0.196012
v -0.127978 0.110000 0.195428
v -0.128194 0.110000 0.194824
v -0.128400 0.110000 0.194200
v -0.128592 0.110000 0.193554
v -0.128767 0.110000 0.192883
v -0.128925 0.110000 0.192187
v -0.129067 0.110000 0.191467
v -0.129192 0.110000 0.190721
v -0.129300 0.110000 0.189950
v -0.129392 0.110000 0.189154
v -0.129467 0.110000 0.188333
v -0.129525 0.110000 0.187487
v -0.129567 0.110000 0.186617
v -0.129592 0.110000 0.185721
v -0.129600 0.110000 0.184800
v -0.129593 0.110000 0.184006
v -0.129572 0.110000 0.183222
v -0.129537 0.110000 0.182450
v -0.129489 0.110000 0.181689
v -0.129426 0.110000 0.180939
v -0.129350 0.110000 0.180200
v -0.129260 0.110000 0.179472
v -0.129156 0.110000 0.178756
v -0.129038 0.110000 0.178050
v -0.128906 0.110000 0.177356
v -0.128760 0.110000 0.176672
v -0.128600 0.110000 0.176000
v -0.128428 0.110000 0.175343
v -0.128244 0.110000 0.174706
v -0.128050 0.110000 0.174087
v -0.127844 0.110000 0.173489
v -0.127628 0.110000 0.172910
v -0.127400 0.110000 0.172350
v -0.127161 0.110000 0.171810
v -0.126911 0.110000 0.171289
v -0.126650 0.110000 0.170787
v -0.126378 0.110000 0.170306
v -0.126094 0.110000 0.169843
v -0.125800 0.110000 0.169400
v -0.125496 0.110000 0.168975
v -0.125183 0.110000 0.168567
v -0.124863 0.110000 0.168175
v -0.124533 0.110000 0.167800
v -0.124196 0.110000 0.167442
v -0.123850 0.110000 0.167100
v -0.123496 0.110000 0.166775
v -0.123133 0.110000 0.166467
v -0.122763 0.110000 0.166175
v -0.122383 0.110000 0.165900
v -0.121996 0.110000 0.165642
v -0.121600 0.110000 0.165400
v -0.121197 0.110000 0.165176
v -0.120789 0.110000 0.164972
v -0.120375 0.110000 0.164787
v -0.119956 0.110000 0.164622
v -0.119531 0.110000 0.164476
v -0.119100 0.110000 0.164350
v -0.118664 0.110000 0.164243
v -0.118222 0.110000 0.164156
v -0.117775 0.110000 0.164087
v -0.117322 0.110000 0.164039
v -0.116864 0.110000 0.164010
v -0.116400 0.110000 0.164000
v -0.001600 0.110000 0.164000
v -0.001600 0.110000 -0.260800
v -0.111200 0.110000 -0.194000
v -0.112250 0.110000 -0.193357
v -0.113267 0.110000 -0.192761
v -0.114250 0.110000 -0.192212
v -0.115200 0.110000 -0.191711
v -0.116117 0.110000 -0.191257
v -0.117000 0.110000 -0.190850
v -0.117850 0.110000 -0.190490
v -0.118667 0.110000 -0.190178
v -0.119450 0.110000 -0.189913
v -0.120200 0.110000 -0.189694
v -0.120917 0.110000 -0.189524
v -0.121600 0.110000 -0.189400
v -0.122256 0.110000 -0.189318
v -0.122889 0.110000 -0.189272
v -0.123500 0.110000 -0.189263
v -0.124089 0.110000 -0.189289
v -0.124656 0.110000 -0.189351
v -0.125200 0.110000 -0.189450
v -0.125722 0.110000 -0.189585
v -0.126222 0.110000 -0.189756
v -0.126700 0.110000 -0.189963
v -0.127156 0.110000 -0.190206
v -0.127589 0.110000 -0.190485
v -0.128000 0.110000 -0.190800
v -0.128389 0.110000 -0.191151
v -0.128756 0.110000 -0.191539
v -0.129100 0.110000 -0.191963
v -0.129422 0.110000 -0.192422
v -0.129722 0.110000 -0.192918
v -0.130000 0.110000 -0.193450
v -0.130256 0.110000 -0.194018
v -0.130489 0.110000 -0.194622
v -0.130700 0.110000 -0.195263
v -0.130889 0.110000 -0.195939
v -0.131056 0.110000 -0.196651
v -0.131200 0.110000 -0.197400
v -0.131328 0.110000 -0.198179
v -0.131444 0.110000 -0.198983
v -0.131550 0.110000 -0.199813
v -0.131644 0.110000 -0.200667
v -0.131728 0.110000 -0.201546
v -0.131800 0.110000 -0.202450
v -0.131861 0.110000 -0.203379
v -0.131911 0.110000 -0.204333
v -0.131950 0.110000 -0.205313
v -0.131978 0.110000 -0.206317
v -0.131994 0.110000 -0.207346
v -0.132000 0.110000 -0.208400
v -0.131997 0.110000 -0.209257
v -0.131989 0.110000 -0.210094
v -0.131975 0.110000 -0.210913
v -0.131956 0.110000 -0.211711
v -0.131931 0.110000 -0.212490
v -0.131900 0.110000 -0.213250
v -0.131864 0.110000 -0.213990
v -0.131822 0.110000 -0.214711
v -0.131775 0.110000 -0.215413
v -0.131722 0.110000 -0.216094
v -0.131664 0.110000 -0.216757
v -0.131600 0.110000 -0.217400
v -0.131528 0.110000 -0.218026
v -0.131444 0.110000 -0.218639
v -0.131350 0.110000 -0.219238
v -0.131244 0.110000 -0.219822
v -0.131128 0.110000 -0.220393
v -0.131000 0.110000 -0.220950
v -0.130861 0.110000 -0.221493
v -0.130711 0.110000 -0.222022
v -0.130550 0.110000 -0.222538
v -0.130378 0.110000 -0.223039
v -0.130194 0.110000 -0.223526
v -0.130000 0.110000 -0.224000
v -0.129796 0.110000 -0.224461
v -0.129583 0.110000 -0.224911
v -0.129363 0.110000 -0.225350
v -0.129133 0.110000 -0.225778
v -0.128896 0.110000 -0.226194
v -0.128650 0.110000 -0.226600
v -0.128396 0.110000 -0.226994
v -0.128133 0.110000 -0.227378
v -0.127863 0.110000 -0.227750
v -0.127583 0.110000 -0.228111
v -0.127296 0.110000 -0.228461
v -0.127000 0.110000 -0.228800
v -0.126693 0.110000 -0.229133
v -0.126372 0.110000 -0.229467
v -0.126037 0.110000 -0.229800
v -0.125689 0.110000 -0.230133
v -0.125326 0.110000 -0.230467
v -0.124950 0.110000 -0.230800
v -0.124560 0.110000 -0.231133
v -0.124156 0.110000 -0.231467
v -0.123737 0.110000 -0.231800
v -0.123306 0.110000 -0.232133
v -0.122860 0.110000 -0.232467
v -0.122400 0.110000 -0.232800
v 0.001600 0.110000 -0.312000
v 0.001806 0.110000 -0.312133
v 0.002022 0.110000 -0.312267
v 0.002250 0.110000 -0.312400
v 0.002489 0.110000 -0.312533
v 0.002739 0.110000 -0.312667
v 0.003000 0.110000 -0.312800
v 0.003272 0.110000 -0.312933
v 0.003556 0.110000 -0.313067
v 0.003850 0.110000 -0.313200
v 0.004156 0.110000 -0.313333
v 0.004472 0.110000 -0.313467
v 0.004800 0.110000 -0.313600
v 0.005139 0.110000 -0.313732
v 0.005489 0.110000 -0.313861
v 0.005850 0.110000 -0.313988
v 0.006222 0.110000 -0.314111
v 0.006606 0.110000 -0.314232
v 0.007000 0.110000 -0.314350
v 0.007406 0.110000 -0.314465
v 0.007822 0.110000 -0.314578
v 0.008250 0.110000 -0.314687
v 0.008689 0.110000 -0.314794
v 0.009139 0.110000 -0.314899
v 0.009600 0.110000 -0.315000
v 0.010069 0.110000 -0.315097
v 0.010544 0.110000 -0.315189
v 0.011025 0.110000 -0.315275
v 0.011511 0.110000 -0.315356
v 0.012003 0.110000 -0.315431
v 0.012500 0.110000 -0.315500
v 0.013003 0.110000 -0.315564
v 0.013511 0.110000 -0.315622
v 0.014025 0.110000 -0.315675
v 0.014544 0.110000 -0.315722
v 0.015069 0.110000 -0.315764
v 0.015600 0.110000 -0.315800
v 0.016142 0.110000 -0.315832
v 0.016700 0.110000 -0.315861
v 0.017275 0.110000 -0.315888
v 0.017867 0.110000 -0.315911
v 0.018475 0.110000 -0.315932
v 0.019100 0.110000 -0.315950
v 0.019742 0.110000 -0.315965
v 0.020400 0.110000 -0.315978
v 0.021075 0.110000 -0.315988
v 0.021767 0.110000 -0.315994
v 0.022475 0.110000 -0.315999
v 0.023200 0.110000 -0.316000
v 0.024319 0.110000 -0.315994
v 0.025411 0.110000 -0.315978
v 0.026475 0.110000 -0.315950
v 0.027511 0.110000 -0.315911
v 0.028519 0.110000 -0.315861
v 0.029500 0.110000 -0.315800
v 0.030453 0.110000 -0.315728
v 0.031378 0.110000 -0.315644
v 0.032275 0.110000 -0.315550
v 0.033144 0.110000 -0.315444
v 0.033986 0.110000 -0.315328
v 0.034800 0.110000 -0.315200
v 0.035586 0.110000 -0.315064
v 0.036344 0.110000 -0.314922
v 0.037075 0.110000 -0.314775
v 0.037778 0.110000 -0.314622
v 0.038453 0.110000 -0.314464
v 0.039100 0.110000 -0.314300
v 0.039719 0.110000 -0.314131
v 0.040311 0.110000 -0.313956
v 0.040875 0.110000 -0.313775
v 0.041411 0.110000 -0.313589
v 0.041919 0.110000 -0.313397
v 0.042400 0.110000 -0.313200
v 0.042856 0.110000 -0.312994
v 0.043289 0.110000 -0.312778
v 0.043700 0.110000 -0.312550
v 0.044089 0.110000 -0.312311
v 0.044456 0.110000 -0.312061
v 0.044800 0.110000 -0.311800
v 0.045122 0.110000 -0.311528
v 0.045422 0.110000 -0.311244
v 0.045700 0.110000 -0.310950
v 0.045956 0.110000 -0.310644
v 0.046189 0.110000 -0.310328
v 0.046400 0.110000 -0.310000
v 0.046592 0.110000 -0.309664
v 0.046767 0.110000 -0.309322
v 0.046925 0.110000 -0.308975
v 0.047067 0.110000 -0.308622
v 0.047192 0.110000 -0.308264
v 0.047300 0.110000 -0.307900
v 0.047392 0.110000 -0.307531
v 0.047467 0.110000 -0.307156
v 0.047525 0.110000 -0.306775
v 0.047567 0.110000 -0.306389
v 0.047592 0.110000 -0.305997
v 0.047600 0.110000 -0.305600
v 0.047600 0.110000 0.164000
v 0.146000 0.110000 0.164000
v 0.146465 0.110000 0.164010
v 0.146928 0.110000 0.164039
v 0.147387 0.110000 0.164087
v 0.147844 0.110000 0.164156
v 0.148299 0.110000 0.164243
v 0.148750 0.110000 0.164350
v 0.149199 0.110000 0.164476
v 0.149644 0.110000 0.164622
v 0.150088 0.110000 0.164787
v 0.150528 0.110000 0.164972
v 0.150965 0.110000 0.165176
v 0.151400 0.110000 0.165400
v 0.151828 0.110000 0.165642
v 0.152244 0.110000 0.165900
v 0.152650 0.110000 0.166175
v 0.153044 0.110000 0.166467
v 0.153428 0.110000 0.166775
v 0.153800 0.110000 0.167100
v 0.154161 0.110000 0.167442
v 0.154511 0.110000 0.167800
v 0.154850 0.110000 0.168175
v 0.155178 0.110000 0.168567
v 0.155494 0.110000 0.168975
v 0.155800 0.110000 0.169400
v 0.156094 0.110000 0.169843
v 0.156378 0.110000 0.170306
v 0.156650 0.110000 0.170787
v 0.156911 0.110000 0.171289
v 0.157161 0.110000 0.171810
v 0.157400 0.110000 0.172350
v 0.157628 0.110000 0.172910
v 0.157844 0.110000 0.173489
v 0.158050 0.110000 0.174087
v 0.158244 0.110000 0.174706
v 0.158428 0.110000 0.175343
v 0.158600 -0.110000 0.176000
v 0.158760 -0.110000 0.176672
v 0.158906 -0.110000 0.177356
v 0.159038 -0.110000 0.178050
v 0.159156 -0.110000 0.178756
v 0.159260 -0.110000 0.179472
v 0.159350 -0.110000 0.180200
v 0.159426 -0.110000 0.180939
v 0.159489 -0.110000 0.181689
v 0.159537 -0.110000 0.182450
v 0.159572 -0.110000 0.183222
v 0.159593 -0.110000 0.184006
v 0.159600 -0.110000 0.184800
v 0.159592 -0.110000 0.185721
v 0.159567 -0.110000 0.186617
v 0.159525 -0.110000 0.187487
v 0.159467 -0.110000 0.188333
v 0.159392 -0.110000 0.189154
v 0.159300 -0.110000 0.189950
v 0.159192 -0.110000 0.190721
v 0.159067 -0.110000 0.191467
v 0.158925 -0.110000 0.192187
v 0.158767 -0.110000 0.192883
v 0.158592 -0.110000 0.193554
v 0.158400 -0.110000 0.194200
v 0.158194 -0.110000 0.194824
v 0.157978 -0.110000 0.195428
v 0.157750 -0.110000 0.196012
v 0.157511 -0.110000 0.196578
v 0.157261 -0.110000 0.197124
v 0.157000 -0.110000 0.197650
v 0.156728 -0.110000 0.198157
v 0.156444 -0.110000 0.198644
v 0.156150 -0.110000 0.199112
v 0.155844 -0.110000 0.199561
v 0.155528 -0.110000 0.199990
v 0.155200 -0.110000 0.200400
v 0.154864 -0.110000 0.200790
v 0.154522 -0.110000 0.201161
v 0.154175 -0.110000 0.201512
v 0.153822 -0.110000 0.201844
v 0.153464 -0.110000 0.202157
v 0.153100 -0.110000 0.202450
v 0.152731 -0.110000 0.202724
v 0.152356 -0.110000 0.202978
v 0.151975 -0.110000 0.203212
v 0.151589 -0.110000 0.203428
v 0.151197 -0.110000 0.203624
v 0.150800 -0.110000 0.203800
v 0.150400 -0.110000 0.203960
v 0.150000 -0.110000 0.204106
v 0.149600 -0.110000 0.204237
v 0.149200 -0.110000 0.204356
v 0.148800 -0.110000 0.204460
v 0.148400 -0.110000 0.204550
v 0.148000 -0.110000 0.204626
v 0.147600 -0.110000 0.204689
v 0.147200 -0.110000 0.204737
v 0.146800 -0.110000 0.204772
v 0.146400 -0.110000 0.204793
v 0.146000 -0.110000 0.204800
v -0.116400 -0.110000 0.204800
v -0.116799 -0.110000 0.204793
v -0.117194 -0.110000 0.204772
v -0.117588 -0.110000 0.204737
v -0.117978 -0.110000 0.204689
v -0.118365 -0.110000 0.204626
v -0.118750 -0.110000 0.204550
v -0.119132 -0.110000 0.204460
v -0.119511 -0.110000 0.204356
v -0.119888 -0.110000 0.204237
v -0.120261 -0.110000 0.204106
v -0.120632 -0.110000 0.203960
v -0.121000 -0.110000 0.203800
v -0.121365 -0.110000 0.203624
v -0.121728 -0.110000 0.203428
v -0.122088 -0.110000 0.203212
v -0.122444 -0.110000 0.202978
v -0.122799 -0.110000 0.202724
v -0.123150 -0.110000 0.202450
v -0.123499 -0.110000 0.202157
v -0.123844 -0.110000 0.201844
v -0.124188 -0.110000 0.201512
v -0.124528 -0.110000 0.201161
v -0.124865 -0.110000 0.200790
v -0.125200 -0.110000 0.200400
v -0.125528 -0.110000 0.199990
v -0.125844 -0.110000 0.199561
v -0.126150 -0.110000 0.199112
v -0.126444 -0.110000 0.198644
v -0.126728 -0.110000 0.198157
v -0.127000 -0.110000 0.197650
v -0.127261 -0.110000 0.197124
v -0.127511 -0.110000 0.196578
v -0.127750 -0.110000 0.196012
v -0.127978 -0.110000 0.195428
v -0.128194 -0.110000 0.194824
v -0.128400 -0.110000 0.194200
v -0.128592 -0.110000 0.193554
v -0.128767 -0.110000 0.192883
v -0.128925 -0.110000 0.192187
v -0.129067 -0.110000 0.191467
v -0.129192 -0.110000 0.190721
v -0.129300 -0.110000 0.189950
v -0.129392 -0.110000 0.189154
v -0.129467 -0.110000 0.188333
v -0.129525 -0.110000 0.187487
v -0.129567 -0.110000 0.186617
v -0.129592 -0.110000 0.185721
v -0.129600 -0.110000 0.184800
v -0.129593 -0.110000 0.184006
v -0.129572 -0.110000 0.183222
v -0.129537 -0.110000 0.182450
v -0.129489 -0.110000 0.181689
v -0.129426 -0.110000 0.180939
v -0.129350 -0.110000 0.180200
v -0.129260 -0.110000 0.179472
v -0.129156 -0.110000 0.178756
v -0.129038 -0.110000 0.178050
v -0.128906 -0.110000 0.177356
v -0.128760 -0.110000 0.176672
v -0.128600 -0.110000 0.176000
v -0.128428 -0.110000 0.175343
v -0.128244 -0.110000 0.174706
v -0.128050 -0.110000 0.174087
v -0.127844 -0.110000 0.173489
v -0.127628 -0.110000 0.172910
v -0.127400 -0.110000 0.172350
v -0.127161 -0.110000 0.171810
v -0.126911 -0.110000 0.171289
v -0.126650 -0.110000 0.170787
v -0.126378 -0.110000 0.170306
v -0.126094 -0.110000 0.169843
v -0.125800 -0.110000 0.169400
v -0.125496 -0.110000 0.168975
v -0.125183 -0.110000 0.168567
v -0.124863 -0.110000 0.168175
v -0.124533 -0.110000 0.167800
v -0.124196 -0.110000 0.167442
v -0.123850 -0.110000 0.167100
v -0.123496 -0.110000 0.166775
v -0.123133 -0.110000 0.166467
v -0.122763 -0.110000 0.166175
v -0.122383 -0.110000 0.165900
v -0.121996 -0.110000 0.165642
v -0.121600 -0.110000 0.165400
v -0.121197 -0.110000 0.165176
v -0.120789 -0.110000 0.164972
v -0.120375 -0.110000 0.164787
v -0.119956 -0.110000 0.164622
v -0.119531 -0.110000 0.164476
v -0.119100 -0.110000 0.164350
v -0.118664 -0.110000 0.164243
v -0.118222 -0.110000 0.164156
v -0.117775 -0.110000 0.164087
v -0.117322 -0.110000 0.164039
v -0.116864 -0.110000 0.164010
v -0.116400 -0.110000 0.164000
v -0.001600 -0.110000 0.164000
v -0.001600 -0.110000 -0.260800
v -0.111200 -0.110000 -0.194000
v -0.112250 -0.110000 -0.193357
v -0.113267 -0.110000 -0.192761
v -0.114250 -0.110000 -0.192212
v -0.115200 -0.110000 -0.191711
v -0.116117 -0.110000 -0.191257
v -0.117000 -0.110000 -0.190850
v -0.117850 -0.110000 -0.190490
v -0.118667 -0.110000 -0.190178
v -0.119450 -0.110000 -0.189913
v -0.120200 -0.110000 -0.189694
v -0.120917 -0.110000 -0.189524
v -0.121600 -0.110000 -0.189400
v -0.122256 -0.110000 -0.189318
v -0.122889 -0.110000 -0.189272
v -0.123500 -0.110000 -0.189263
v -0.124089 -0.110000 -0.189289
v -0.124656 -0.110000 -0.189351
v -0.125200 -0.110000 -0.189450
v -0.125722 -0.110000 -0.189585
v -0.126222 -0.110000 -0.189756
v -0.126700 -0.110000 -0.189963
v -0.127156 -0.110000 -0.190206
v -0.127589 -0.110000 -0.190485
v -0.128000 -0.110000 -0.190800
v -0.128389 -0.110000 -0.191151
v -0.128756 -0.110000 -0.191539
v -0.129100 -0.110000 -0.191963
v -0.129422 -0.110000 -0.192422
v -0.129722 -0.110000 -0.192918
v -0.130000 -0.110000 -0.193450
v -0.130256 -0.110000 -0.194018
v -0.130489 -0.110000 -0.194622
v -0.130700 -0.110000 -0.195263
v -0.130889 -0.110000 -0.195939
v -0.131056 -0.110000 -0.196651
v -0.131200 -0.110000 -0.197400
v -0.131328 -0.110000 -0.198179
v -0.131444 -0.110000 -0.198983
v -0.131550 -0.110000 -0.199813
v -0.131644 -0.110000 -0.200667
v -0.131728 -0.110000 -0.201546
v -0.131800 -0.110000 -0.202450
v -0.131861 -0.110000 -0.203379
v -0.131911 -0.110000 -0.204333
v -0.131950 -0.110000 -0.205313
v -0.131978 -0.110000 -0.206317
v -0.131994 -0.110000 -0.207346
v -0.132000 -0.110000 -0.208400
v -0.131997 -0.110000 -0.209257
v -0.131989 -0.110000 -0.210094
v -0.131975 -0.110000 -0.210913
v -0.131956 -0.110000 -0.211711
v -0.131931 -0.110000 -0.212490
v -0.131900 -0.110000 -0.213250
v -0.131864 -0.110000 -0.213990
v -0.131822 -0.110000 -0.214711
v -0.131775 -0.110000 -0.215413
v -0.131722 -0.110000 -0.216094
v -0.131664 -0.110000 -0.216757
v -0.131600 -0.110000 -0.217400
v -0.131528 -0.110000 -0.218026
v -0.131444 -0.110000 -0.218639
v -0.131350 -0.110000 -0.219238
v -0.131244 -0.110000 -0.219822
v -0.131128 -0.110000 -0.220393
v -0.131000 -0.110000 -0.220950
v -0.130861 -0.110000 -0.221493
v -0.130711 -0.110000 -0.222022
v -0.130550 -0.110000 -0.222538
v -0.130378 -0.110000 -0.223039
v -0.130194 -0.110000 -0.223526
v -0.130000 -0.110000 -0.224000
v -0.129796 -0.110000 -0.224461
v -0.129583 -0.110000 -0.224911
v -0.129363 -0.110000 -0.225350
v -0.129133 -0.110000 -0.225778
v -0.128896 -0.110000 -0.226194
v -0.128650 -0.110000 -0.226600
v -0.128396 -0.110000 -0.226994
v -0.128133 -0.110000 -0.227378
v -0.127863 -0.110000 -0.227750
v -0.127583 -0.110000 -0.228111
v -0.127296 -0.110000 -0.228461
v -0.127000 -0.110000 -0.228800
v -0.126693 -0.110000 -0.229133
v -0.126372 -0.110000 -0.229467
v -0.126037 -0.110000 -0.229800
v -0.125689 -0.110000 -0.230133
v -0.125326 -0.110000 -0.230467
v -0.124950 -0.110000 -0.230800
v -0.124560 -0.110000 -0.231133
v -0.124156 -0.110000 -0.231467
v -0.123737 -0.110000 -0.231800
v -0.123306 -0.110000 -0.232133
v -0.122860 -0.110000 -0.232467
v -0.122400 -0.110000 -0.232800
v 0.001600 -0.110000 -0.312000
v 0.001806 -0.110000 -0.312133
v 0.002022 -0.110000 -0.312267
v 0.002250 -0.110000 -0.312400
v 0.002489 -0.110000 -0.312533
v 0.002739 -0.110000 -0.312667
v 0.003000 -0.110000 -0.312800
v 0.003272 -0.110000 -0.312933
v 0.003556 -0.110000 -0.313067
v 0.003850 -0.110000 -0.313200
v 0.004156 -0.110000 -0.313333
v 0.004472 -0.110000 -0.313467
v 0.004800 -0.110000 -0.313600
v 0.005139 -0.110000 -0.313732
v 0.005489 -0.110000 -0.313861
v 0.005850 -0.110000 -0.313988
v 0.006222 -0.110000 -0.314111
v 0.006606 -0.110000 -0.314232
v 0.007000 -0.110000 -0.314350
v 0.007406 -0.110000 -0.314465
v 0.007822 -0.110000 -0.314578
v 0.008250 -0.110000 -0.314687
v 0.008689 -0.110000 -0.314794
v 0.009139 -0.110000 -0.314899
v 0.009600 -0.110000 -0.315000
v 0.010069 -0.110000 -0.315097
v 0.010544 -0.110000 -0.315189
v 0.011025 -0.110000 -0.315275
v 0.011511 -0.110000 -0.315356
v 0.012003 -0.110000 -0.315431
v 0.012500 -0.110000 -0.315500
v 0.013003 -0.110000 -0.315564
v 0.013511 -0.110000 -0.315622
v 0.014025 -0.110000 -0.315675
v 0.014544 -0.110000 -0.315722
v 0.015069 -0.110000 -0.315764
v 0.015600 -0.110000 -0.315800
v 0.016142 -0.110000 -0.315832
v 0.016700 -0.110000 -0.315861
v 0.017275 -0.110000 -0.315888
v 0.017867 -0.110000 -0.315911
v 0.018475 -0.110000 -0.315932
v 0.019100 -0.110000 -0.315950
v 0.019742 -0.110000 -0.315965
v 0.020400 -0.110000 -0.315978
v 0.021075 -0.110000 -0.315988
v 0.021767 -0.110000 -0.315994
v 0.022475 -0.110000 -0.315999
v 0.023200 -0.110000 -0.316000
v 0.024319 -0.110000 -0.315994
v 0.025411 -0.110000 -0.315978
v 0.026475 -0.110000 -0.315950
v 0.027511 -0.110000 -0.315911
v 0.028519 -0.110000 -0.315861
v 0.029500 -0.110000 -0.315800
v 0.030453 -0.110000 -0.315728
v 0.031378 -0.110000 -0.315644
v 0.032275 -0.110000 -0.315550
v 0.033144 -0.110000 -0.315444
v 0.033986 -0.110000 -0.315328
v 0.034800 -0.110000 -0.315200
v 0.035586 -0.110000 -0.315064
v 0.036344 -0.110000 -0.314922
v 0.037075 -0.110000 -0.314775
v 0.037778 -0.110000 -0.314622
v 0.038453 -0.110000 -0.314464
v 0.039100 -0.110000 -0.314300
v 0.039719 -0.110000 -0.314131
v 0.040311 -0.110000 -0.313956
v 0.040875 -0.110000 -0.313775
v 0.041411 -0.110000 -0.313589
v 0.041919 -0.110000 -0.313397
v 0.042400 -0.110000 -0.313200
v 0.042856 -0.110000 -0.312994
v 0.043289 -0.110000 -0.312778
v 0.043700 -0.110000 -0.312550
v 0.044089 -0.110000 -0.312311
v 0.044456 -0.110000 -0.312061
v 0.044800 -0.110000 -0.311800
v 0.045122 -0.110000 -0.311528
v 0.045422 -0.110000 -0.311244
v 0.045700 -0.110000 -0.310950
v 0.045956 -0.110000 -0.310644
v 0.046189 -0.110000 -0.310328
v 0.046400 -0.110000 -0.310000
v 0.046592 -0.110000 -0.309664
v 0.046767 -0.110000 -0.309322
v 0.046925 -0.110000 -0.308975
v 0.047067 -0.110000 -0.308622
v 0.047192 -0.110000 -0.308264
v 0.047300 -0.110000 -0.307900
v 0.047392 -0.110000 -0.307531
v 0.047467 -0.110000 -0.307156
v 0.047525 -0.110000 -0.306775
v 0.047567 -0.110000 -0.306389
v 0.047592 -0.110000 -0.305997
v 0.047600 -0.110000 -0.305600
v 0.047600 -0.110000 0.164000
v 0.146000 -0.110000 0.164000
v 0.146465 -0.110000 0.164010
v 0.146928 -0.110000 0.164039
v 0.147387 -0.110000 0.164087
v 0.147844 -0.110000 0.164156
v 0.148299 -0.110000 0.164243
v 0.148750 -0.110000 0.164350
v 0.149199 -0.110000 0.164476
v 0.149644 -0.110000 0.164622
v 0.150088 -0.110000 0.164787
v 0.150528 -0.110000 0.164972
v 0.150965 -0.110000 0.165176
v 0.151400 -0.110000 0.165400
v 0.151828 -0.110000 0.165642
v 0.152244 -0.110000 0.165900
v 0.152650 -0.110000 0.166175
v 0.153044 -0.110000 0.166467
v 0.153428 -0.110000 0.166775
v 0.153800 -0.110000 0.167100
v 0.154161 -0.110000 0.167442
v 0.154511 -0.110000 0.167800
v 0.154850 -0.110000 0.168175
v 0.155178 -0.110000 0.168567
v 0.155494 -0.110000 0.168975
v 0.155800 -0.110000 0.169400
v 0.156094 -0.110000 0.169843
v 0.156378 -0.110000 0.170306
v 0.156650 -0.110000 0.170787
v 0.156911 -0.110000 0.171289
v 0.157161 -0.110000 0.171810
v 0.157400 -0.110000 0.172350
v 0.157628 -0.110000 0.172910
v 0.157844 -0.110000 0.173489
v 0.158050 -0.110000 0.174087
v 0.158244 -0.110000 0.174706
v 0.158428 -0.110000 0.175343
v 0.158600 -0.110000 0.176000
v 0.162142 -0.106350 0.175115
v 0.165314 -0.103080 0.174322
v 0.168302 -0.100000 0.173576
v 0.171290 -0.096920 0.172829
v 0.174463 -0.093650 0.172037
v 0.178005 -0.090000 0.171152
v 0.178005 0.090000 0.171152
v 0.174463 0.093650 0.172037
v 0.171290 0.096920 0.172829
v 0.168302 0.100000 0.173576
v 0.165314 0.103080 0.174322
v 0.162142 0.106350 0.175115
v 0.158600 0.110000 0.176000
v 0.158760 -0.110000 0.176672
v 0.162321 -0.106350 0.175869
v 0.165511 -0.103080 0.175150
v 0.168515 -0.100000 0.174472
v 0.171520 -0.096920 0.173795
v 0.174710 -0.093650 0.173076
v 0.178271 -0.090000 0.172273
v 0.178271 0.090000 0.172273
v 0.174710 0.093650 0.173076
v 0.171520 0.096920 0.173795
v 0.168515 0.100000 0.174472
v 0.165511 0.103080 0.175150
v 0.162321 0.106350 0.175869
v 0.158760 0.110000 0.176672
v 0.158906 -0.110000 0.177356
v 0.162484 -0.106350 0.176634
v 0.165690 -0.103080 0.175987
v 0.168709 -0.100000 0.175378
v 0.171728 -0.096920 0.174769
v 0.174933 -0.093650 0.174123
v 0.178512 -0.090000 0.173401
v 0.178512 0.090000 0.173401
v 0.174933 0.093650 0.174123
v 0.171728 0.096920 0.174769
v 0.168709 0.100000 0.175378
v 0.165690 0.103080 0.175987
v 0.162484 0.106350 0.176634
v 0.158906 0.110000 0.177356
v 0.159038 -0.110000 0.178050
v 0.162631 -0.106350 0.177408
v 0.165850 -0.103080 0.176833
v 0.168882 -0.100000 0.176291
v 0.171914 -0.096920 0.175750
v 0.175133 -0.093650 0.175175
v 0.178727 -0.090000 0.174532
v 0.178727 0.090000 0.174532
v 0.175133 0.093650 0.175175
v 0.171914 0.096920 0.175750
v 0.168882 0.100000 0.176291
v 0.165850 0.103080 0.176833
v 0.162631 0.106350 0.177408
v 0.159038 0.110000 0.178050
v 0.159156 -0.110000 0.178756
v 0.162762 -0.106350 0.178192
v 0.165993 -0.103080 0.177687
v 0.169036 -0.100000 0.177211
v 0.172079 -0.096920 0.176735
v 0.175310 -0.093650 0.176230
v 0.178917 -0.090000 0.175667
v 0.178917 0.090000 0.175667
v 0.175310 0.093650 0.176230
v 0.172079 0.096920 0.176735
v 0.169036 0.100000 0.177211
v 0.165993 0.103080 0.177687
v 0.162762 0.106350 0.178192
v 0.159156 0.110000 0.178756
v 0.159260 -0.110000 0.179472
v 0.162878 -0.106350 0.178985
v 0.166119 -0.103080 0.178549
v 0.169171 -0.100000 0.178137
v 0.172223 -0.096920 0.177726
v 0.175464 -0.093650 0.177290
v 0.179082 -0.090000 0.176803
v 0.179082 0.090000 0.176803
v 0.175464 0.093650 0.177290
v 0.172223 0.096920 0.177726
v 0.169171 0.100000 0.178137
v 0.166119 0.103080 0.178549
v 0.162878 0.106350 0.178985
v 0.159260 0.110000 0.179472
v 0.159350 -0.110000 0.180200
v 0.162977 -0.106350 0.179788
v 0.166226 -0.103080 0.179418
v 0.169287 -0.100000 0.179070
v 0.172347 -0.096920 0.178722
v 0.175596 -0.093650 0.178353
v 0.179223 -0.090000 0.177941
v 0.179223 0.090000 0.177941
v 0.175596 0.093650 0.178353
v 0.172347 0.096920 0.178722
v 0.169287 0.100000 0.179070
v 0.166226 0.103080 0.179418
v 0.162977 0.106350 0.179788
v 0.159350 0.110000 0.180200
v 0.159426 -0.110000 0.180939
v 0.163061 -0.106350 0.180600
v 0.166317 -0.103080 0.180296
v 0.169384 -0.100000 0.180009
v 0.172450 -0.096920 0.179723
v 0.175706 -0.093650 0.179419
v 0.179341 -0.090000 0.179080
v 0.179341 0.090000 0.179080
v 0.175706 0.093650 0.179419
v 0.172450 0.096920 0.179723
v 0.169384 0.100000 0.180009
v 0.166317 0.103080 0.180296
v 0.163061 0.106350 0.180600
v 0.159426 0.110000 0.180939
v 0.159489 -0.110000 0.181689
v 0.163130 -0.106350 0.181421
v 0.166391 -0.103080 0.181181
v 0.169462 -0.100000 0.180955
v 0.172534 -0.096920 0.180729
v 0.175795 -0.093650 0.180489
v 0.179436 -0.090000 0.180221
v 0.179436 0.090000 0.180221
v 0.175795 0.093650 0.180489
v 0.172534 0.096920 0.180729
v 0.169462 0.100000 0.180955
v 0.166391 0.103080 0.181181
v 0.163130 0.106350 0.181421
v 0.159489 0.110000 0.181689
v 0.159537 -0.110000 0.182450
v 0.163183 -0.106350 0.182252
v 0.166448 -0.103080 0.182074
v 0.169523 -0.100000 0.181907
v 0.172598 -0.096920 0.181739
v 0.175864 -0.093650 0.181562
v 0.179509 -0.090000 0.181363
v 0.179509 0.090000 0.181363
v 0.175864 0.093650 0.181562
v 0.172598 0.096920 0.181739
v 0.169523 0.100000 0.181907
v 0.166448 0.103080 0.182074
v 0.163183 0.106350 0.182252
v 0.159537 0.110000 0.182450
v 0.159572 -0.110000 0.183222
v 0.163220 -0.106350 0.183092
v 0.166488 -0.103080 0.182975
v 0.169566 -0.100000 0.182865
v 0.172644 -0.096920 0.182755
v 0.175912 -0.093650 0.182638
v 0.179560 -0.090000 0.182507
v 0.179560 0.090000 0.182507
v 0.175912 0.093650 0.182638
v 0.172644 0.096920 0.182755
v 0.169566 0.100000 0.182865
v 0.166488 0.103080 0.182975
v 0.163220 0.106350 0.183092
v 0.159572 0.110000 0.183222
v 0.159593 -0.110000 0.184006
v 0.163243 -0.106350 0.183941
v 0.166513 -0.103080 0.183883
v 0.169592 -0.100000 0.183829
v 0.172671 -0.096920 0.183775
v 0.175941 -0.093650 0.183717
v 0.179591 -0.090000 0.183652
v 0.179591 0.090000 0.183652
v 0.175941 0.093650 0.183717
v 0.172671 0.096920 0.183775
v 0.169592 0.100000 0.183829
v 0.166513 0.103080 0.183883
v 0.163243 0.106350 0.183941
v 0.159593 0.110000 0.184006
v 0.159600 -0.110000 0.184800
v 0.163251 -0.106350 0.184801
v 0.166521 -0.103080 0.184801
v 0.169600 -0.100000 0.184802
v 0.172680 -0.096920 0.184802
v 0.175950 -0.093650 0.184802
v 0.179601 -0.090000 0.184803
v 0.179601 0.090000 0.184803
v 0.175950 0.093650 0.184802
v 0.172680 0.096920 0.184802
v 0.169600 0.100000 0.184802
v 0.166521 0.103080 0.184801
v 0.163251 0.106350 0.184801
v 0.159600 0.110000 0.184800
v 0.159592 -0.110000 0.185721
v 0.163242 -0.106350 0.185788
v 0.166511 -0.103080 0.185849
v 0.169590 -0.100000 0.185906
v 0.172670 -0.096920 0.185962
v 0.175939 -0.093650 0.186023
v 0.179589 -0.090000 0.186090
v 0.179589 0.090000 0.186090
v 0.175939 0.093650 0.186023
v 0.172670 0.096920 0.185962
v 0.169590 0.100000 0.185906
v 0.166511 0.103080 0.185849
v 0.163242 0.106350 0.185788
v 0.159592 0.110000 0.185721
v 0.159567 -0.110000 0.186617
v 0.163215 -0.106350 0.186755
v 0.166482 -0.103080 0.186879
v 0.169560 -0.100000 0.186995
v 0.172638 -0.096920 0.187112
v 0.175905 -0.093650 0.187235
v 0.179553 -0.090000 0.187374
v 0.179553 0.090000 0.187374
v 0.175905 0.093650 0.187235
v 0.172638 0.096920 0.187112
v 0.169560 0.100000 0.186995
v 0.166482 0.103080 0.186879
v 0.163215 0.106350 0.186755
v 0.159567 0.110000 0.186617
v 0.159525 -0.110000 0.187487
v 0.163169 -0.106350 0.187700
v 0.166434 -0.103080 0.187891
v 0.169509 -0.100000 0.188071
v 0.172583 -0.096920 0.188250
v 0.175848 -0.093650 0.188441
v 0.179492 -0.090000 0.188654
v 0.179492 0.090000 0.188654
v 0.175848 0.093650 0.188441
v 0.172583 0.096920 0.188250
v 0.169509 0.100000 0.188071
v 0.166434 0.103080 0.187891
v 0.163169 0.106350 0.187700
v 0.159525 0.110000 0.187487
v 0.159467 -0.110000 0.188333
v 0.163106 -0.106350 0.188625
v 0.166365 -0.103080 0.188886
v 0.169435 -0.100000 0.189132
v 0.172505 -0.096920 0.189378
v 0.175765 -0.093650 0.189640
v 0.179404 -0.090000 0.189931
v 0.179404 0.090000 0.189931
v 0.175765 0.093650 0.189640
v 0.172505 0.096920 0.189378
v 0.169435 0.100000 0.189132
v 0.166365 0.103080 0.188886
v 0.163106 0.106350 0.188625
v 0.159467 0.110000 0.188333
v 0.159392 -0.110000 0.189154
v 0.163023 -0.106350 0.189529
v 0.166276 -0.103080 0.189865
v 0.169339 -0.100000 0.190181
v 0.172403 -0.096920 0.190498
v 0.175656 -0.093650 0.190834
v 0.179287 -0.090000 0.191209
v 0.179287 0.090000 0.191209
v 0.175656 0.093650 0.190834
v 0.172403 0.096920 0.190498
v 0.169339 0.100000 0.190181
v 0.166276 0.103080 0.189865
v 0.163023 0.106350 0.189529
v 0.159392 0.110000 0.189154
v 0.159300 -0.110000 0.189950
v 0.162921 -0.106350 0.190413
v 0.166165 -0.103080 0.190828
v 0.169220 -0.100000 0.191218
v 0.172275 -0.096920 0.191609
v 0.175519 -0.093650 0.192023
v 0.179140 -0.090000 0.192486
v 0.179140 0.090000 0.192486
v 0.175519 0.093650 0.192023
v 0.172275 0.096920 0.191609
v 0.169220 0.100000 0.191218
v 0.166165 0.103080 0.190828
v 0.162921 0.106350 0.190413
v 0.159300 0.110000 0.189950
v 0.159192 -0.110000 0.190721
v 0.162800 -0.106350 0.191277
v 0.166032 -0.103080 0.191775
v 0.169076 -0.100000 0.192243
v 0.172120 -0.096920 0.192712
v 0.175352 -0.093650 0.193210
v 0.178960 -0.090000 0.193766
v 0.178960 0.090000 0.193766
v 0.175352 0.093650 0.193210
v 0.172120 0.096920 0.192712
v 0.169076 0.100000 0.192243
v 0.166032 0.103080 0.191775
v 0.162800 0.106350 0.191277
v 0.159192 0.110000 0.190721
v 0.159067 -0.110000 0.191467
v 0.162658 -0.106350 0.192120
v 0.165876 -0.103080 0.192706
v 0.168906 -0.100000 0.193258
v 0.171936 -0.096920 0.193809
v 0.175153 -0.093650 0.194395
v 0.178745 -0.090000 0.195049
v 0.178745 0.090000 0.195049
v 0.175153 0.093650 0.194395
v 0.171936 0.096920 0.193809
v 0.168906 0.100000 0.193258
v 0.165876 0.103080 0.192706
v 0.162658 0.106350 0.192120
v 0.159067 0.110000 0.191467
v 0.158925 -0.110000 0.192187
v 0.162496 -0.106350 0.192945
v 0.165696 -0.103080 0.193623
v 0.168709 -0.100000 0.194261
v 0.171722 -0.096920 0.194900
v 0.174921 -0.093650 0.195578
v 0.178492 -0.090000 0.196335
v 0.178492 0.090000 0.196335
v 0.174921 0.093650 0.195578
v 0.171722 0.096920 0.194900
v 0.168709 0.100000 0.194261
v 0.165696 0.103080 0.193623
v 0.162496 0.106350 0.192945
v 0.158925 0.110000 0.192187
v 0.158767 -0.110000 0.192883
v 0.162313 -0.106350 0.193749
v 0.165490 -0.103080 0.194525
v 0.168483 -0.100000 0.195255
v 0.171475 -0.096920 0.195986
v 0.174652 -0.093650 0.196761
v 0.178198 -0.090000 0.197627
v 0.178198 0.090000 0.197627
v 0.174652 0.093650 0.196761
v 0.171475 0.096920 0.195986
v 0.168483 0.100000 0.195255
v 0.165490 0.103080 0.194525
v 0.162313 0.106350 0.193749
v 0.158767 0.110000 0.192883
v 0.158592 -0.110000 0.193554
v 0.162109 -0.106350 0.194534
v 0.165259 -0.103080 0.195413
v 0.168226 -0.100000 0.196239
v 0.171193 -0.096920 0.197066
v 0.174343 -0.093650 0.197945
v 0.177860 -0.090000 0.198925
v 0.177860 0.090000 0.198925
v 0.174343 0.093650 0.197945
v 0.171193 0.096920 0.197066
v 0.168226 0.100000 0.196239
v 0.165259 0.103080 0.195413
v 0.162109 0.106350 0.194534
v 0.158592 0.110000 0.193554
v 0.158400 -0.110000 0.194200
v 0.161884 -0.106350 0.195291
v 0.165005 -0.103080 0.196268
v 0.167944 -0.100000 0.197188
v 0.170883 -0.096920 0.198109
v 0.174004 -0.093650 0.199086
v 0.177488 -0.090000 0.200177
v 0.177488 0.090000 0.200177
v 0.174004 0.093650 0.199086
v 0.170883 0.096920 0.198109
v 0.167944 0.100000 0.197188
v 0.165005 0.103080 0.196268
v 0.161884 0.106350 0.195291
v 0.158400 0.110000 0.194200
v 0.158194 -0.110000 0.194824
v 0.161647 -0.106350 0.196011
v 0.164739 -0.103080 0.197075
v 0.167651 -0.100000 0.198077
v 0.170564 -0.096920 0.199079
v 0.173656 -0.093650 0.200143
v 0.177108 -0.090000 0.201331
v 0.177108 0.090000 0.201331
v 0.173656 0.093650 0.200143
v 0.170564 0.096920 0.199079
v 0.167651 0.100000 0.198077
v 0.164739 0.103080 0.197075
v 0.161647 0.106350 0.196011
v 0.158194 0.110000 0.194824
v 0.157978 -0.110000 0.195428
v 0.161397 -0.106350 0.196707
v 0.164460 -0.103080 0.197852
v 0.167345 -0.100000 0.198931
v 0.170230 -0.096920 0.200010
v 0.173293 -0.093650 0.201156
v 0.176712 -0.090000 0.202435
v 0.176712 0.090000 0.202435
v 0.173293 0.093650 0.201156
v 0.170230 0.096920 0.200010
v 0.167345 0.100000 0.198931
v 0.164460 0.103080 0.197852
v 0.161397 0.106350 0.196707
v 0.157978 0.110000 0.195428
v 0.157750 -0.110000 0.196012
v 0.161133 -0.106350 0.197386
v 0.164163 -0.103080 0.198616
v 0.167016 -0.100000 0.199775
v 0.169870 -0.096920 0.200933
v 0.172900 -0.093650 0.202163
v 0.176283 -0.090000 0.203537
v 0.176283 0.090000 0.203537
v 0.172900 0.093650 0.202163
v 0.169870 0.096920 0.200933
v 0.167016 0.100000 0.199775
v 0.164163 0.103080 0.198616
v 0.161133 0.106350 0.197386
v 0.157750 0.110000 0.196012
v 0.157511 -0.110000 0.196578
v 0.160853 -0.106350 0.198049
v 0.163846 -0.103080 0.199366
v 0.166665 -0.100000 0.200607
v 0.169484 -0.096920 0.201848
v 0.172477 -0.093650 0.203166
v 0.175818 -0.090000 0.204636
v 0.175818 0.090000 0.204636
v 0.172477 0.093650 0.203166
v 0.169484 0.096920 0.201848
v 0.166665 0.100000 0.200607
v 0.163846 0.103080 0.199366
v 0.160853 0.106350 0.198049
v 0.157511 0.110000 0.196578
v 0.157261 -0.110000 0.197124
v 0.160556 -0.106350 0.198695
v 0.163508 -0.103080 0.200103
v 0.166288 -0.100000 0.201429
v 0.169068 -0.096920 0.202754
v 0.172020 -0.093650 0.204162
v 0.175316 -0.090000 0.205734
v 0.175316 0.090000 0.205734
v 0.172020 0.093650 0.204162
v 0.169068 0.096920 0.202754
v 0.166288 0.100000 0.201429
v 0.163508 0.103080 0.200103
v 0.160556 0.106350 0.198695
v 0.157261 0.110000 0.197124
v 0.157000 -0.110000 0.197650
v 0.160244 -0.106350 0.199325
v 0.163150 -0.103080 0.200825
v 0.165887 -0.100000 0.202239
v 0.168623 -0.096920 0.203652
v 0.171529 -0.093650 0.205152
v 0.174773 -0.090000 0.206827
v 0.174773 0.090000 0.206827
v 0.171529 0.093650 0.205152
v 0.168623 0.096920 0.203652
v 0.165887 0.100000 0.202239
v 0.163150 0.103080 0.200825
v 0.160244 0.106350 0.199325
v 0.157000 0.110000 0.197650
v 0.156728 -0.110000 0.198157
v 0.159915 -0.106350 0.199938
v 0.162770 -0.103080 0.201534
v 0.165458 -0.100000 0.203036
v 0.168147 -0.096920 0.204539
v 0.171002 -0.093650 0.206134
v 0.174189 -0.090000 0.207915
v 0.174189 0.090000 0.207915
v 0.171002 0.093650 0.206134
v 0.168147 0.096920 0.204539
v 0.165458 0.100000 0.203036
v 0.162770 0.103080 0.201534
v 0.159915 0.106350 0.199938
v 0.156728 0.110000 0.198157
v 0.156444 -0.110000 0.198644
v 0.159568 -0.106350 0.200534
v 0.162367 -0.103080 0.202227
v 0.165002 -0.100000 0.203821
v 0.167638 -0.096920 0.205415
v 0.170436 -0.093650 0.207108
v 0.173560 -0.090000 0.208997
v 0.173560 0.090000 0.208997
v 0.170436 0.093650 0.207108
v 0.167638 0.096920 0.205415
v 0.165002 0.100000 0.203821
v 0.162367 0.103080 0.202227
v 0.159568 0.106350 0.200534
v 0.156444 0.110000 0.198644
v 0.156150 -0.110000 0.199112
v 0.159204 -0.106350 0.201112
v 0.161941 -0.103080 0.202904
v 0.164517 -0.100000 0.204591
v 0.167094 -0.096920 0.206279
v 0.169831 -0.093650 0.208070
v 0.172885 -0.090000 0.210070
v 0.172885 0.090000 0.210070
v 0.169831 0.093650 0.208070
v 0.167094 0.096920 0.206279
v 0.164517 0.100000 0.204591
v 0.161941 0.103080 0.202904
v 0.159204 0.106350 0.201112
v 0.156150 0.110000 0.199112
v 0.155844 -0.110000 0.199561
v 0.158823 -0.106350 0.201673
v 0.161491 -0.103080 0.203565
v 0.164003 -0.100000 0.205346
v 0.166516 -0.096920 0.207128
v 0.169184 -0.093650 0.209020
v 0.172162 -0.090000 0.211132
v 0.172162 0.090000 0.211132
v 0.169184 0.093650 0.209020
v 0.166516 0.096920 0.207128
v 0.164003 0.100000 0.205346
v 0.161491 0.103080 0.203565
v 0.158823 0.106350 0.201673
v 0.155844 0.110000 0.199561
v 0.155528 -0.110000 0.199990
v 0.158423 -0.106350 0.202215
v 0.161016 -0.103080 0.204208
v 0.163459 -0.100000 0.206085
v 0.165901 -0.096920 0.207961
v 0.168494 -0.093650 0.209954
v 0.171389 -0.090000 0.212179
v 0.171389 0.090000 0.212179
v 0.168494 0.093650 0.209954
v 0.165901 0.096920 0.207961
v 0.163459 0.100000 0.206085
v 0.161016 0.103080 0.204208
v 0.158423 0.106350 0.202215
v 0.155528 0.110000 0.199990
v 0.155200 -0.110000 0.200400
v 0.158009 -0.106350 0.202732
v 0.160526 -0.103080 0.204821
v 0.162896 -0.100000 0.206788
v 0.165266 -0.096920 0.208756
v 0.167782 -0.093650 0.210845
v 0.170591 -0.090000 0.213177
v 0.170591 0.090000 0.213177
v 0.167782 0.093650 0.210845
v 0.165266 0.096920 0.208756
v 0.162896 0.100000 0.206788
v 0.160526 0.103080 0.204821
v 0.158009 0.106350 0.202732
v 0.155200 0.110000 0.200400
v 0.154864 -0.110000 0.200790
v 0.157590 -0.106350 0.203219
v 0.160032 -0.103080 0.205394
v 0.162332 -0.100000 0.207443
v 0.164632 -0.096920 0.209492
v 0.167074 -0.093650 0.211667
v 0.169800 -0.090000 0.214096
v 0.169800 0.090000 0.214096
v 0.167074 0.093650 0.211667
v 0.164632 0.096920 0.209492
v 0.162332 0.100000 0.207443
v 0.160032 0.103080 0.205394
v 0.157590 0.106350 0.203219
v 0.154864 0.110000 0.200790
v 0.154522 -0.110000 0.201161
v 0.157164 -0.106350 0.203682
v 0.159530 -0.103080 0.205939
v 0.161758 -0.100000 0.208066
v 0.163987 -0.096920 0.210192
v 0.166353 -0.093650 0.212450
v 0.168994 -0.090000 0.214970
v 0.168994 0.090000 0.214970
v 0.166353 0.093650 0.212450
v 0.163987 0.096920 0.210192
v 0.161758 0.100000 0.208066
v 0.159530 0.103080 0.205939
v 0.157164 0.106350 0.203682
v 0.154522 0.110000 0.201161
v 0.154175 -0.110000 0.201512
v 0.156725 -0.106350 0.204126
v 0.159009 -0.103080 0.206466
v 0.161160 -0.100000 0.208671
v 0.163311 -0.096920 0.210875
v 0.165595 -0.093650 0.213216
v 0.168145 -0.090000 0.215829
v 0.168145 0.090000 0.215829
v 0.165595 0.093650 0.213216
v 0.163311 0.096920 0.210875
v 0.161160 0.100000 0.208671
v 0.159009 0.103080 0.206466
v 0.156725 0.106350 0.204126
v 0.154175 0.110000 0.201512
v 0.153822 -0.110000 0.201844
v 0.156274 -0.106350 0.204550
v 0.158469 -0.103080 0.206974
v 0.160537 -0.100000 0.209257
v 0.162605 -0.096920 0.211540
v 0.164801 -0.093650 0.213963
v 0.167252 -0.090000 0.216669
v 0.167252 0.090000 0.216669
v 0.164801 0.093650 0.213963
v 0.162605 0.096920 0.211540
v 0.160537 0.100000 0.209257
v 0.158469 0.103080 0.206974
v 0.156274 0.106350 0.204550
v 0.153822 0.110000 0.201844
v 0.153464 -0.110000 0.202157
v 0.155809 -0.106350 0.204955
v 0.157910 -0.103080 0.207462
v 0.159889 -0.100000 0.209822
v 0.161868 -0.096920 0.212183
v 0.163969 -0.093650 0.214689
v 0.166314 -0.090000 0.217488
v 0.166314 0.090000 0.217488
v 0.163969 0.093650 0.214689
v 0.161868 0.096920 0.212183
v 0.159889 0.100000 0.209822
v 0.157910 0.103080 0.207462
v 0.155809 0.106350 0.204955
v 0.153464 0.110000 0.202157
v 0.153100 -0.110000 0.202450
v 0.155332 -0.106350 0.205339
v 0.157331 -0.103080 0.207928
v 0.159215 -0.100000 0.210365
v 0.161098 -0.096920 0.212803
v 0.163097 -0.093650 0.215391
v 0.165329 -0.090000 0.218281
v 0.165329 0.090000 0.218281
v 0.163097 0.093650 0.215391
v 0.161098 0.096920 0.212803
v 0.159215 0.100000 0.210365
v 0.157331 0.103080 0.207928
v 0.155332 0.106350 0.205339
v 0.153100 0.110000 0.202450
v 0.152731 -0.110000 0.202724
v 0.154842 -0.106350 0.205703
v 0.156733 -0.103080 0.208371
v 0.158514 -0.100000 0.210884
v 0.160295 -0.096920 0.213397
v 0.162186 -0.093650 0.216066
v 0.164298 -0.090000 0.219045
v 0.164298 0.090000 0.219045
v 0.162186 0.093650 0.216066
v 0.160295 0.096920 0.213397
v 0.158514 0.100000 0.210884
v 0.156733 0.103080 0.208371
v 0.154842 0.106350 0.205703
v 0.152731 0.110000 0.202724
v 0.152356 -0.110000 0.202978
v 0.154339 -0.106350 0.206044
v 0.156115 -0.103080 0.208790
v 0.157788 -0.100000 0.211376
v 0.159461 -0.096920 0.213963
v 0.161238 -0.093650 0.216709
v 0.163221 -0.090000 0.219775
v 0.163221 0.090000 0.219775
v 0.161238 0.093650 0.216709
v 0.159461 0.096920 0.213963
v 0.157788 0.100000 0.211376
v 0.156115 0.103080 0.208790
v 0.154339 0.106350 0.206044
v 0.152356 0.110000 0.202978
v 0.151975 -0.110000 0.203212
v 0.153823 -0.106350 0.206362
v 0.155478 -0.103080 0.209183
v 0.157037 -0.100000 0.211839
v 0.158596 -0.096920 0.214496
v 0.160251 -0.093650 0.217317
v 0.162099 -0.090000 0.220466
v 0.162099 0.090000 0.220466
v 0.160251 0.093650 0.217317
v 0.158596 0.096920 0.214496
v 0.157037 0.100000 0.211839
v 0.155478 0.103080 0.209183
v 0.153823 0.106350 0.206362
v 0.151975 0.110000 0.203212
v 0.151589 -0.110000 0.203428
v 0.153295 -0.106350 0.206656
v 0.154823 -0.103080 0.209548
v 0.156262 -0.100000 0.212271
v 0.157701 -0.096920 0.214995
v 0.159230 -0.093650 0.217887
v 0.160936 -0.090000 0.221115
v 0.160936 0.090000 0.221115
v 0.159230 0.093650 0.217887
v 0.157701 0.096920 0.214995
v 0.156262 0.100000 0.212271
v 0.154823 0.103080 0.209548
v 0.153295 0.106350 0.206656
v 0.151589 0.110000 0.203428
v 0.151197 -0.110000 0.203624
v 0.152755 -0.106350 0.206926
v 0.154150 -0.103080 0.209884
v 0.155465 -0.100000 0.212670
v 0.156779 -0.096920 0.215456
v 0.158174 -0.093650 0.218414
v 0.159732 -0.090000 0.221717
v 0.159732 0.090000 0.221717
v 0.158174 0.093650 0.218414
v 0.156779 0.096920 0.215456
v 0.155465 0.100000 0.212670
v 0.154150 0.103080 0.209884
v 0.152755 0.106350 0.206926
v 0.151197 0.110000 0.203624
v 0.150800 -0.110000 0.203800
v 0.152218 -0.106350 0.207164
v 0.153488 -0.103080 0.210178
v 0.154685 -0.100000 0.213017
v 0.155881 -0.096920 0.215855
v 0.157151 -0.093650 0.218869
v 0.158569 -0.090000 0.222233
v 0.158569 0.090000 0.222233
v 0.157151 0.093650 0.218869
v 0.155881 0.096920 0.215855
v 0.154685 0.100000 0.213017
v 0.153488 0.103080 0.210178
v 0.152218 0.106350 0.207164
v 0.150800 0.110000 0.203800
v 0.150400 -0.110000 0.203960
v 0.151702 -0.106350 0.207370
v 0.152869 -0.103080 0.210425
v 0.153968 -0.100000 0.213303
v 0.155066 -0.096920 0.216180
v 0.156233 -0.093650 0.219235
v 0.157535 -0.090000 0.222646
v 0.157535 0.090000 0.222646
v 0.156233 0.093650 0.219235
v 0.155066 0.096920 0.216180
v 0.153968 0.100000 0.213303
v 0.152869 0.103080 0.210425
v 0.151702 0.106350 0.207370
v 0.150400 0.110000 0.203960
v 0.150000 -0.110000 0.204106
v 0.151197 -0.106350 0.207555
v 0.152270 -0.103080 0.210644
v 0.153280 -0.100000 0.213554
v 0.154290 -0.096920 0.216463
v 0.155362 -0.093650 0.219553
v 0.156560 -0.090000 0.223002
v 0.156560 0.090000 0.223002
v 0.155362 0.093650 0.219553
v 0.154290 0.096920 0.216463
v 0.153280 0.100000 0.213554
v 0.152270 0.103080 0.210644
v 0.151197 0.106350 0.207555
v 0.150000 0.110000 0.204106
v 0.149600 -0.110000 0.204237
v 0.150689 -0.106350 0.207722
v 0.151664 -0.103080 0.210844
v 0.152582 -0.100000 0.213784
v 0.153501 -0.096920 0.216724
v 0.154476 -0.093650 0.219845
v 0.155565 -0.090000 0.223330
v 0.155565 0.090000 0.223330
v 0.154476 0.093650 0.219845
v 0.153501 0.096920 0.216724
v 0.152582 0.100000 0.213784
v 0.151664 0.103080 0.210844
v 0.150689 0.106350 0.207722
v 0.149600 0.110000 0.204237
v 0.149200 -0.110000 0.204356
v 0.150177 -0.106350 0.207873
v 0.151052 -0.103080 0.211024
v 0.151876 -0.100000 0.213992
v 0.152700 -0.096920 0.216960
v 0.153575 -0.093650 0.220111
v 0.154552 -0.090000 0.223629
v 0.154552 0.090000 0.223629
v 0.153575 0.093650 0.220111
v 0.152700 0.096920 0.216960
v 0.151876 0.100000 0.213992
v 0.151052 0.103080 0.211024
v 0.150177 0.106350 0.207873
v 0.149200 0.110000 0.204356
v 0.148800 -0.110000 0.204460
v 0.149662 -0.106350 0.208007
v 0.150434 -0.103080 0.211185
v 0.151161 -0.100000 0.214178
v 0.151889 -0.096920 0.217171
v 0.152661 -0.093650 0.220349
v 0.153523 -0.090000 0.223897
v 0.153523 0.090000 0.223897
v 0.152661 0.093650 0.220349
v 0.151889 0.096920 0.217171
v 0.151161 0.100000 0.214178
v 0.150434 0.103080 0.211185
v 0.149662 0.106350 0.208007
v 0.148800 0.110000 0.204460
v 0.148400 -0.110000 0.204550
v 0.149144 -0.106350 0.208124
v 0.149811 -0.103080 0.211326
v 0.150439 -0.100000 0.214341
v 0.151067 -0.096920 0.217357
v 0.151734 -0.093650 0.220558
v 0.152478 -0.090000 0.224133
v 0.152478 0.090000 0.224133
v 0.151734 0.093650 0.220558
v 0.151067 0.096920 0.217357
v 0.150439 0.100000 0.214341
v 0.149811 0.103080 0.211326
v 0.149144 0.106350 0.208124
v 0.148400 0.110000 0.204550
v 0.148000 -0.110000 0.204626
v 0.148624 -0.106350 0.208224
v 0.149183 -0.103080 0.211446
v 0.149710 -0.100000 0.214481
v 0.150237 -0.096920 0.217515
v 0.150796 -0.093650 0.220737
v 0.151420 -0.090000 0.224335
v 0.151420 0.090000 0.224335
v 0.150796 0.093650 0.220737
v 0.150237 0.096920 0.217515
v 0.149710 0.100000 0.214481
v 0.149183 0.103080 0.211446
v 0.148624 0.106350 0.208224
v 0.148000 0.110000 0.204626
v 0.147600 -0.110000 0.204689
v 0.148102 -0.106350 0.208305
v 0.148552 -0.103080 0.211544
v 0.148975 -0.100000 0.214595
v 0.149399 -0.096920 0.217646
v 0.149849 -0.093650 0.220885
v 0.150351 -0.090000 0.224502
v 0.150351 0.090000 0.224502
v 0.149849 0.093650 0.220885
v 0.149399 0.096920 0.217646
v 0.148975 0.100000 0.214595
v 0.148552 0.103080 0.211544
v 0.148102 0.106350 0.208305
v 0.147600 0.110000 0.204689
v 0.147200 -0.110000 0.204737
v 0.147578 -0.106350 0.208369
v 0.147917 -0.103080 0.211622
v 0.148236 -0.100000 0.214685
v 0.148555 -0.096920 0.217749
v 0.148894 -0.093650 0.221002
v 0.149272 -0.090000 0.224633
v 0.149272 0.090000 0.224633
v 0.148894 0.093650 0.221002
v 0.148555 0.096920 0.217749
v 0.148236 0.100000 0.214685
v 0.147917 0.103080 0.211622
v 0.147578 0.106350 0.208369
v 0.147200 0.110000 0.204737
v 0.146800 -0.110000 0.204772
v 0.147053 -0.106350 0.208414
v 0.147279 -0.103080 0.211677
v 0.147493 -0.100000 0.214750
v 0.147706 -0.096920 0.217822
v 0.147932 -0.093650 0.221085
v 0.148185 -0.090000 0.224727
v 0.148185 0.090000 0.224727
v 0.147932 0.093650 0.221085
v 0.147706 0.096920 0.217822
v 0.147493 0.100000 0.214750
v 0.147279 0.103080 0.211677
v 0.147053 0.106350 0.208414
v 0.146800 0.110000 0.204772
v 0.146400 -0.110000 0.204793
v 0.146527 -0.106350 0.208442
v 0.146640 -0.103080 0.211710
v 0.146747 -0.100000 0.214789
v 0.146854 -0.096920 0.217867
v 0.146967 -0.093650 0.221135
v 0.147094 -0.090000 0.224784
v 0.147094 0.090000 0.224784
v 0.146967 0.093650 0.221135
v 0.146854 0.096920 0.217867
v 0.146747 0.100000 0.214789
v 0.146640 0.103080 0.211710
v 0.146527 0.106350 0.208442
v 0.146400 0.110000 0.204793
v 0.146000 -0.110000 0.204800
v 0.146032 -0.106350 0.208450
v 0.146060 -0.103080 0.211720
v 0.146087 -0.100000 0.214800
v 0.146114 -0.096920 0.217880
v 0.146142 -0.093650 0.221150
v 0.146174 -0.090000 0.224800
v 0.146174 0.090000 0.224800
v 0.146142 0.093650 0.221150
v 0.146114 0.096920 0.217880
v 0.146087 0.100000 0.214800
v 0.146060 0.103080 0.211720
v 0.146032 0.106350 0.208450
v 0.146000 0.110000 0.204800
v -0.116400 -0.110000 0.204800
v -0.116432 -0.106350 0.208450
v -0.116460 -0.103080 0.211720
v -0.116487 -0.100000 0.214800
v -0.116514 -0.096920 0.217880
v -0.116542 -0.093650 0.221150
v -0.116574 -0.090000 0.224800
v -0.116574 0.090000 0.224800
v -0.116542 0.093650 0.221150
v -0.116514 0.096920 0.217880
v -0.116487 0.100000 0.214800
v -0.116460 0.103080 0.211720
v -0.116432 0.106350 0.208450
v -0.116400 0.110000 0.204800
v -0.116799 -0.110000 0.204793
v -0.116926 -0.106350 0.208442
v -0.117041 -0.103080 0.211710
v -0.117149 -0.100000 0.214788
v -0.117256 -0.096920 0.217867
v -0.117371 -0.093650 0.221135
v -0.117499 -0.090000 0.224784
v -0.117499 0.090000 0.224784
v -0.117371 0.093650 0.221135
v -0.117256 0.096920 0.217867
v -0.117149 0.100000 0.214788
v -0.117041 0.103080 0.211710
v -0.116926 0.106350 0.208442
v -0.116799 0.110000 0.204793
v -0.117194 -0.110000 0.204772
v -0.117451 -0.106350 0.208414
v -0.117681 -0.103080 0.211677
v -0.117897 -0.100000 0.214749
v -0.118114 -0.096920 0.217822
v -0.118344 -0.093650 0.221084
v -0.118600 -0.090000 0.224726
v -0.118600 0.090000 0.224726
v -0.118344 0.093650 0.221084
v -0.118114 0.096920 0.217822
v -0.117897 0.100000 0.214749
v -0.117681 0.103080 0.211677
v -0.117451 0.106350 0.208414
v -0.117194 0.110000 0.204772
v -0.117588 -0.110000 0.204737
v -0.117974 -0.106350 0.208368
v -0.118320 -0.103080 0.211620
v -0.118646 -0.100000 0.214683
v -0.118972 -0.096920 0.217746
v -0.119318 -0.093650 0.220998
v -0.119704 -0.090000 0.224628
v -0.119704 0.090000 0.224628
v -0.119318 0.093650 0.220998
v -0.118972 0.096920 0.217746
v -0.118646 0.100000 0.214683
v -0.118320 0.103080 0.211620
v -0.117974 0.106350 0.208368
v -0.117588 0.110000 0.204737
v -0.117978 -0.110000 0.204689
v -0.118494 -0.106350 0.208303
v -0.118957 -0.103080 0.211541
v -0.119392 -0.100000 0.214590
v -0.119828 -0.096920 0.217639
v -0.120290 -0.093650 0.220877
v -0.120807 -0.090000 0.224491
v -0.120807 0.090000 0.224491
v -0.120290 0.093650 0.220877
v -0.119828 0.096920 0.217639
v -0.119392 0.100000 0.214590
v -0.118957 0.103080 0.211541
v -0.118494 0.106350 0.208303
v -0.117978 0.110000 0.204689
v -0.118365 -0.110000 0.204626
v -0.119012 -0.106350 0.208220
v -0.119590 -0.103080 0.211439
v -0.120136 -0.100000 0.214470
v -0.120681 -0.096920 0.217502
v -0.121260 -0.093650 0.220720
v -0.121906 -0.090000 0.224314
v -0.121906 0.090000 0.224314
v -0.121260 0.093650 0.220720
v -0.120681 0.096920 0.217502
v -0.120136 0.100000 0.214470
v -0.119590 0.103080 0.211439
v -0.119012 0.106350 0.208220
v -0.118365 0.110000 0.204626
v -0.118750 -0.110000 0.204550
v -0.119526 -0.106350 0.208118
v -0.120220 -0.103080 0.211314
v -0.120874 -0.100000 0.214323
v -0.121529 -0.096920 0.217333
v -0.122223 -0.093650 0.220529
v -0.122999 -0.090000 0.224097
v -0.122999 0.090000 0.224097
v -0.122223 0.093650 0.220529
v -0.121529 0.096920 0.217333
v -0.120874 0.100000 0.214323
v -0.120220 0.103080 0.211314
v -0.119526 0.106350 0.208118
v -0.118750 0.110000 0.204550
v -0.119132 -0.110000 0.204460
v -0.120036 -0.106350 0.207997
v -0.120845 -0.103080 0.211166
v -0.121607 -0.100000 0.214150
v -0.122370 -0.096920 0.217134
v -0.123179 -0.093650 0.220303
v -0.124083 -0.090000 0.223841
v -0.124083 0.090000 0.223841
v -0.123179 0.093650 0.220303
v -0.122370 0.096920 0.217134
v -0.121607 0.100000 0.214150
v -0.120845 0.103080 0.211166
v -0.120036 0.106350 0.207997
v -0.119132 0.110000 0.204460
v -0.119511 -0.110000 0.204356
v -0.120541 -0.106350 0.207858
v -0.121464 -0.103080 0.210996
v -0.122333 -0.100000 0.213951
v -0.123202 -0.096920 0.216906
v -0.124125 -0.093650 0.220043
v -0.125155 -0.090000 0.223546
v -0.125155 0.090000 0.223546
v -0.124125 0.093650 0.220043
v -0.123202 0.096920 0.216906
v -0.122333 0.100000 0.213951
v -0.121464 0.103080 0.210996
v -0.120541 0.106350 0.207858
v -0.119511 0.110000 0.204356
v -0.119888 -0.110000 0.204237
v -0.121042 -0.106350 0.207701
v -0.122076 -0.103080 0.210804
v -0.123050 -0.100000 0.213726
v -0.124024 -0.096920 0.216648
v -0.125058 -0.093650 0.219751
v -0.126213 -0.090000 0.223214
v -0.126213 0.090000 0.223214
v -0.125058 0.093650 0.219751
v -0.124024 0.096920 0.216648
v -0.123050 0.100000 0.213726
v -0.122076 0.103080 0.210804
v -0.121042 0.106350 0.207701
v -0.119888 0.110000 0.204237
v -0.120261 -0.110000 0.204106
v -0.121537 -0.106350 0.207526
v -0.122681 -0.103080 0.210590
v -0.123757 -0.100000 0.213476
v -0.124834 -0.096920 0.216362
v -0.125977 -0.093650 0.219426
v -0.127253 -0.090000 0.222847
v -0.127253 0.090000 0.222847
v -0.125977 0.093650 0.219426
v -0.124834 0.096920 0.216362
v -0.123757 0.100000 0.213476
v -0.122681 0.103080 0.210590
v -0.121537 0.106350 0.207526
v -0.120261 0.110000 0.204106
v -0.120632 -0.110000 0.203960
v -0.122027 -0.106350 0.207334
v -0.123277 -0.103080 0.210356
v -0.124454 -0.100000 0.213202
v -0.125630 -0.096920 0.216049
v -0.126880 -0.093650 0.219071
v -0.128275 -0.090000 0.222445
v -0.128275 0.090000 0.222445
v -0.126880 0.093650 0.219071
v -0.125630 0.096920 0.216049
v -0.124454 0.100000 0.213202
v -0.123277 0.103080 0.210356
v -0.122027 0.106350 0.207334
v -0.120632 0.110000 0.203960
v -0.121000 -0.110000 0.203800
v -0.122521 -0.106350 0.207119
v -0.123883 -0.103080 0.210093
v -0.125166 -0.100000 0.212893
v -0.126449 -0.096920 0.215693
v -0.127812 -0.093650 0.218667
v -0.129333 -0.090000 0.221986
v -0.129333 0.090000 0.221986
v -0.127812 0.093650 0.218667
v -0.126449 0.096920 0.215693
v -0.125166 0.100000 0.212893
v -0.123883 0.103080 0.210093
v -0.122521 0.106350 0.207119
v -0.121000 0.110000 0.203800
v -0.121365 -0.110000 0.203624
v -0.123027 -0.106350 0.206875
v -0.124516 -0.103080 0.209787
v -0.125918 -0.100000 0.212530
v -0.127320 -0.096920 0.215273
v -0.128809 -0.093650 0.218185
v -0.130471 -0.090000 0.221436
v -0.130471 0.090000 0.221436
v -0.128809 0.093650 0.218185
v -0.127320 0.096920 0.215273
v -0.125918 0.100000 0.212530
v -0.124516 0.103080 0.209787
v -0.123027 0.106350 0.206875
v -0.121365 0.110000 0.203624
v -0.121728 -0.110000 0.203428
v -0.123533 -0.106350 0.206601
v -0.125151 -0.103080 0.209444
v -0.126674 -0.100000 0.212121
v -0.128198 -0.096920 0.214799
v -0.129815 -0.093650 0.217642
v -0.131621 -0.090000 0.220815
v -0.131621 0.090000 0.220815
v -0.129815 0.093650 0.217642
v -0.128198 0.096920 0.214799
v -0.126674 0.100000 0.212121
v -0.125151 0.103080 0.209444
v -0.123533 0.106350 0.206601
v -0.121728 0.110000 0.203428
v -0.122088 -0.110000 0.203212
v -0.124029 -0.106350 0.206305
v -0.125767 -0.103080 0.209075
v -0.127405 -0.100000 0.211684
v -0.129042 -0.096920 0.214293
v -0.130781 -0.093650 0.217064
v -0.132722 -0.090000 0.220156
v -0.132722 0.090000 0.220156
v -0.130781 0.093650 0.217064
v -0.129042 0.096920 0.214293
v -0.127405 0.100000 0.211684
v -0.125767 0.103080 0.209075
v -0.124029 0.106350 0.206305
v -0.122088 0.110000 0.203212
v -0.122444 -0.110000 0.202978
v -0.124512 -0.106350 0.205987
v -0.126365 -0.103080 0.208682
v -0.128109 -0.100000 0.211221
v -0.129854 -0.096920 0.213760
v -0.131706 -0.093650 0.216455
v -0.133774 -0.090000 0.219464
v -0.133774 0.090000 0.219464
v -0.131706 0.093650 0.216455
v -0.129854 0.096920 0.213760
v -0.128109 0.100000 0.211221
v -0.126365 0.103080 0.208682
v -0.124512 0.106350 0.205987
v -0.122444 0.110000 0.202978
v -0.122799 -0.110000 0.202724
v -0.124985 -0.106350 0.205648
v -0.126943 -0.103080 0.208267
v -0.128788 -0.100000 0.210734
v -0.130633 -0.096920 0.213201
v -0.132591 -0.093650 0.215820
v -0.134777 -0.090000 0.218744
v -0.134777 0.090000 0.218744
v -0.132591 0.093650 0.215820
v -0.130633 0.096920 0.213201
v -0.128788 0.100000 0.210734
v -0.126943 0.103080 0.208267
v -0.124985 0.106350 0.205648
v -0.122799 0.110000 0.202724
v -0.123150 -0.110000 0.202450
v -0.125447 -0.106350 0.205288
v -0.127504 -0.103080 0.207831
v -0.129441 -0.100000 0.210225
v -0.131379 -0.096920 0.212620
v -0.133436 -0.093650 0.215162
v -0.135733 -0.090000 0.218000
v -0.135733 0.090000 0.218000
v -0.133436 0.093650 0.215162
v -0.131379 0.096920 0.212620
v -0.129441 0.100000 0.210225
v -0.127504 0.103080 0.207831
v -0.125447 0.106350 0.205288
v -0.123150 0.110000 0.202450
v -0.123499 -0.110000 0.202157
v -0.125898 -0.106350 0.204909
v -0.128047 -0.103080 0.207374
v -0.130070 -0.100000 0.209696
v -0.132094 -0.096920 0.212018
v -0.134243 -0.093650 0.214484
v -0.136642 -0.090000 0.217236
v -0.136642 0.090000 0.217236
v -0.134243 0.093650 0.214484
v -0.132094 0.096920 0.212018
v -0.130070 0.100000 0.209696
v -0.128047 0.103080 0.207374
v -0.125898 0.106350 0.204909
v -0.123499 0.110000 0.202157
v -0.123844 -0.110000 0.201844
v -0.126338 -0.106350 0.204511
v -0.128572 -0.103080 0.206900
v -0.130676 -0.100000 0.209150
v -0.132779 -0.096920 0.211399
v -0.135013 -0.093650 0.213788
v -0.137507 -0.090000 0.216455
v -0.137507 0.090000 0.216455
v -0.135013 0.093650 0.213788
v -0.132779 0.096920 0.211399
v -0.130676 0.100000 0.209150
v -0.128572 0.103080 0.206900
v -0.126338 0.106350 0.204511
v -0.123844 0.110000 0.201844
v -0.124188 -0.110000 0.201512
v -0.126769 -0.106350 0.204095
v -0.129081 -0.103080 0.206408
v -0.131258 -0.100000 0.208586
v -0.133436 -0.096920 0.210764
v -0.135748 -0.093650 0.213077
v -0.138329 -0.090000 0.215659
v -0.138329 0.090000 0.215659
v -0.135748 0.093650 0.213077
v -0.133436 0.096920 0.210764
v -0.131258 0.100000 0.208586
v -0.129081 0.103080 0.206408
v -0.126769 0.106350 0.204095
v -0.124188 0.110000 0.201512
v -0.124528 -0.110000 0.201161
v -0.127189 -0.106350 0.203660
v -0.129574 -0.103080 0.205898
v -0.131819 -0.100000 0.208007
v -0.134065 -0.096920 0.210115
v -0.136449 -0.093650 0.212353
v -0.139111 -0.090000 0.214852
v -0.139111 0.090000 0.214852
v -0.136449 0.093650 0.212353
v -0.134065 0.096920 0.210115
v -0.131819 0.100000 0.208007
v -0.129574 0.103080 0.205898
v -0.127189 0.106350 0.203660
v -0.124528 0.110000 0.201161
v -0.124865 -0.110000 0.200790
v -0.127601 -0.106350 0.203208
v -0.130052 -0.103080 0.205373
v -0.132360 -0.100000 0.207412
v -0.134668 -0.096920 0.209452
v -0.137119 -0.093650 0.211617
v -0.139855 -0.090000 0.214034
v -0.139855 0.090000 0.214034
v -0.137119 0.093650 0.211617
v -0.134668 0.096920 0.209452
v -0.132360 0.100000 0.207412
v -0.130052 0.103080 0.205373
v -0.127601 0.106350 0.203208
v -0.124865 0.110000 0.200790
v -0.125200 -0.110000 0.200400
v -0.128012 -0.106350 0.202729
v -0.130530 -0.103080 0.204815
v -0.132902 -0.100000 0.206780
v -0.135274 -0.096920 0.208745
v -0.137792 -0.093650 0.210832
v -0.140604 -0.090000 0.213161
v -0.140604 0.090000 0.213161
v -0.137792 0.093650 0.210832
v -0.135274 0.096920 0.208745
v -0.132902 0.100000 0.206780
v -0.130530 0.103080 0.204815
v -0.128012 0.106350 0.202729
v -0.125200 0.110000 0.200400
v -0.125528 -0.110000 0.199990
v -0.128423 -0.106350 0.202215
v -0.131016 -0.103080 0.204208
v -0.133458 -0.100000 0.206085
v -0.135901 -0.096920 0.207962
v -0.138494 -0.093650 0.209954
v -0.141389 -0.090000 0.212179
v -0.141389 0.090000 0.212179
v -0.138494 0.093650 0.209954
v -0.135901 0.096920 0.207962
v -0.133458 0.100000 0.206085
v -0.131016 0.103080 0.204208
v -0.128423 0.106350 0.202215
v -0.125528 0.110000 0.199990
v -0.125844 -0.110000 0.199561
v -0.128823 -0.106350 0.201673
v -0.131491 -0.103080 0.203565
v -0.134003 -0.100000 0.205346
v -0.136516 -0.096920 0.207128
v -0.139184 -0.093650 0.209020
v -0.142162 -0.090000 0.211132
v -0.142162 0.090000 0.211132
v -0.139184 0.093650 0.209020
v -0.136516 0.096920 0.207128
v -0.134003 0.100000 0.205346
v -0.131491 0.103080 0.203565
v -0.128823 0.106350 0.201673
v -0.125844 0.110000 0.199561
v -0.126150 -0.110000 0.199112
v -0.129204 -0.106350 0.201112
v -0.131941 -0.103080 0.202904
v -0.134518 -0.100000 0.204591
v -0.137094 -0.096920 0.206279
v -0.139831 -0.093650 0.208070
v -0.142885 -0.090000 0.210070
v -0.142885 0.090000 0.210070
v -0.139831 0.093650 0.208070
v -0.137094 0.096920 0.206279
v -0.134518 0.100000 0.204591
v -0.131941 0.103080 0.202904
v -0.129204 0.106350 0.201112
v -0.126150 0.110000 0.199112
v -0.126444 -0.110000 0.198644
v -0.129568 -0.106350 0.200534
v -0.132367 -0.103080 0.202227
v -0.135002 -0.100000 0.203821
v -0.137638 -0.096920 0.205415
v -0.140436 -0.093650 0.207108
v -0.143560 -0.090000 0.208997
v -0.143560 0.090000 0.208997
v -0.140436 0.093650 0.207108
v -0.137638 0.096920 0.205415
v -0.135002 0.100000 0.203821
v -0.132367 0.103080 0.202227
v -0.129568 0.106350 0.200534
v -0.126444 0.110000 0.198644
v -0.126728 -0.110000 0.198157
v -0.129915 -0.106350 0.199938
v -0.132770 -0.103080 0.201534
v -0.135458 -0.100000 0.203036
v -0.138147 -0.096920 0.204539
v -0.141002 -0.093650 0.206134
v -0.144189 -0.090000 0.207916
v -0.144189 0.090000 0.207916
v -0.141002 0.093650 0.206134
v -0.138147 0.096920 0.204539
v -0.135458 0.100000 0.203036
v -0.132770 0.103080 0.201534
v -0.129915 0.106350 0.199938
v -0.126728 0.110000 0.198157
v -0.127000 -0.110000 0.197650
v -0.130244 -0.106350 0.199325
v -0.133150 -0.103080 0.200825
v -0.135887 -0.100000 0.202239
v -0.138623 -0.096920 0.203652
v -0.141529 -0.093650 0.205152
v -0.144773 -0.090000 0.206827
v -0.144773 0.090000 0.206827
v -0.141529 0.093650 0.205152
v -0.138623 0.096920 0.203652
v -0.135887 0.100000 0.202239
v -0.133150 0.103080 0.200825
v -0.130244 0.106350 0.199325
v -0.127000 0.110000 0.197650
v -0.127261 -0.110000 0.197124
v -0.130556 -0.106350 0.198695
v -0.133508 -0.103080 0.200103
v -0.136288 -0.100000 0.201429
v -0.139068 -0.096920 0.202754
v -0.142020 -0.093650 0.204162
v -0.145316 -0.090000 0.205734
v -0.145316 0.090000 0.205734
v -0.142020 0.093650 0.204162
v -0.139068 0.096920 0.202754
v -0.136288 0.100000 0.201429
v -0.133508 0.103080 0.200103
v -0.130556 0.106350 0.198695
v -0.127261 0.110000 0.197124
v -0.127511 -0.110000 0.196578
v -0.130853 -0.106350 0.198049
v -0.133846 -0.103080 0.199366
v -0.136665 -0.100000 0.200607
v -0.139484 -0.096920 0.201848
v -0.142477 -0.093650 0.203166
v -0.145818 -0.090000 0.204636
v -0.145818 0.090000 0.204636
v -0.142477 0.093650 0.203166
v -0.139484 0.096920 0.201848
v -0.136665 0.100000 0.200607
v -0.133846 0.103080 0.199366
v -0.130853 0.106350 0.198049
v -0.127511 0.110000 0.196578
v -0.127750 -0.110000 0.196012
v -0.131133 -0.106350 0.197386
v -0.134163 -0.103080 0.198616
v -0.137016 -0.100000 0.199775
v -0.139870 -0.096920 0.200933
v -0.142900 -0.093650 0.202163
v -0.146283 -0.090000 0.203537
v -0.146283 0.090000 0.203537
v -0.142900 0.093650 0.202163
v -0.139870 0.096920 0.200933
v -0.137016 0.100000 0.199775
v -0.134163 0.103080 0.198616
v -0.131133 0.106350 0.197386
v -0.127750 0.110000 0.196012
v -0.127978 -0.110000 0.195428
v -0.131397 -0.106350 0.196707
v -0.134460 -0.103080 0.197852
v -0.137345 -0.100000 0.198931
v -0.140230 -0.096920 0.200010
v -0.143293 -0.093650 0.201156
v -0.146712 -0.090000 0.202435
v -0.146712 0.090000 0.202435
v -0.143293 0.093650 0.201156
v -0.140230 0.096920 0.200010
v -0.137345 0.100000 0.198931
v -0.134460 0.103080 0.197852
v -0.131397 0.106350 0.196707
v -0.127978 0.110000 0.195428
v -0.128194 -0.110000 0.194824
v -0.131647 -0.106350 0.196011
v -0.134739 -0.103080 0.197075
v -0.137651 -0.100000 0.198077
v -0.140564 -0.096920 0.199079
v -0.143656 -0.093650 0.200143
v -0.147108 -0.090000 0.201331
v -0.147108 0.090000 0.201331
v -0.143656 0.093650 0.200143
v -0.140564 0.096920 0.199079
v -0.137651 0.100000 0.198077
v -0.134739 0.103080 0.197075
v -0.131647 0.106350 0.196011
v -0.128194 0.110000 0.194824
v -0.128400 -0.110000 0.194200
v -0.131884 -0.106350 0.195291
v -0.135005 -0.103080 0.196268
v -0.137944 -0.100000 0.197188
v -0.140883 -0.096920 0.198109
v -0.144004 -0.093650 0.199086
v -0.147488 -0.090000 0.200177
v -0.147488 0.090000 0.200177
v -0.144004 0.093650 0.199086
v -0.140883 0.096920 0.198109
v -0.137944 0.100000 0.197188
v -0.135005 0.103080 0.196268
v -0.131884 0.106350 0.195291
v -0.128400 0.110000 0.194200
v -0.128592 -0.110000 0.193554
v -0.132109 -0.106350 0.194534
v -0.135259 -0.103080 0.195413
v -0.138226 -0.100000 0.196240
v -0.141193 -0.096920 0.197067
v -0.144343 -0.093650 0.197945
v -0.147860 -0.090000 0.198925
v -0.147860 0.090000 0.198925
v -0.144343 0.093650 0.197945
v -0.141193 0.096920 0.197067
v -0.138226 0.100000 0.196240
v -0.135259 0.103080 0.195413
v -0.132109 0.106350 0.194534
v -0.128592 0.110000 0.193554
v -0.128767 -0.110000 0.192883
v -0.132313 -0.106350 0.193749
v -0.135490 -0.103080 0.194525
v -0.138483 -0.100000 0.195255
v -0.141475 -0.096920 0.195986
v -0.144652 -0.093650 0.196762
v -0.148198 -0.090000 0.197627
v -0.148198 0.090000 0.197627
v -0.144652 0.093650 0.196762
v -0.141475 0.096920 0.195986
v -0.138483 0.100000 0.195255
v -0.135490 0.103080 0.194525
v -0.132313 0.106350 0.193749
v -0.128767 0.110000 0.192883
v -0.128925 -0.110000 0.192187
v -0.132496 -0.106350 0.192945
v -0.135696 -0.103080 0.193623
v -0.138709 -0.100000 0.194262
v -0.141722 -0.096920 0.194900
v -0.144921 -0.093650 0.195578
v -0.148492 -0.090000 0.196336
v -0.148492 0.090000 0.196336
v -0.144921 0.093650 0.195578
v -0.141722 0.096920 0.194900
v -0.138709 0.100000 0.194262
v -0.135696 0.103080 0.193623
v -0.132496 0.106350 0.192945
v -0.128925 0.110000 0.192187
v -0.129067 -0.110000 0.191467
v -0.132658 -0.106350 0.192120
v -0.135876 -0.103080 0.192706
v -0.138906 -0.100000 0.193258
v -0.141936 -0.096920 0.193809
v -0.145153 -0.093650 0.194395
v -0.148745 -0.090000 0.195049
v -0.148745 0.090000 0.195049
v -0.145153 0.093650 0.194395
v -0.141936 0.096920 0.193809
v -0.138906 0.100000 0.193258
v -0.135876 0.103080 0.192706
v -0.132658 0.106350 0.192120
v -0.129067 0.110000 0.191467
v -0.129192 -0.110000 0.190721
v -0.132800 -0.106350 0.191277
v -0.136032 -0.103080 0.191775
v -0.139076 -0.100000 0.192243
v -0.142120 -0.096920 0.192712
v -0.145352 -0.093650 0.193210
v -0.148960 -0.090000 0.193766
v -0.148960 0.090000 0.193766
v -0.145352 0.093650 0.193210
v -0.142120 0.096920 0.192712
v -0.139076 0.100000 0.192243
v -0.136032 0.103080 0.191775
v -0.132800 0.106350 0.191277
v -0.129192 0.110000 0.190721
v -0.129300 -0.110000 0.189950
v -0.132921 -0.106350 0.190413
v -0.136165 -0.103080 0.190828
v -0.139220 -0.100000 0.191218
v -0.142275 -0.096920 0.191609
v -0.145519 -0.093650 0.192023
v -0.149140 -0.090000 0.192486
v -0.149140 0.090000 0.192486
v -0.145519 0.093650 0.192023
v -0.142275 0.096920 0.191609
v -0.139220 0.100000 0.191218
v -0.136165 0.103080 0.190828
v -0.132921 0.106350 0.190413
v -0.129300 0.110000 0.189950
v -0.129392 -0.110000 0.189154
v -0.133023 -0.106350 0.189529
v -0.136276 -0.103080 0.189865
v -0.139339 -0.100000 0.190181
v -0.142403 -0.096920 0.190498
v -0.145656 -0.093650 0.190834
v -0.149287 -0.090000 0.191209
v -0.149287 0.090000 0.191209
v -0.145656 0.093650 0.190834
v -0.142403 0.096920 0.190498
v -0.139339 0.100000 0.190181
v -0.136276 0.103080 0.189865
v -0.133023 0.106350 0.189529
v -0.129392 0.110000 0.189154
v -0.129467 -0.110000 0.188333
v -0.133106 -0.106350 0.188625
v -0.136365 -0.103080 0.188886
v -0.139435 -0.100000 0.189132
v -0.142505 -0.096920 0.189378
v -0.145765 -0.093650 0.189640
v -0.149404 -0.090000 0.189931
v -0.149404 0.090000 0.189931
v -0.145765 0.093650 0.189640
v -0.142505 0.096920 0.189378
v -0.139435 0.100000 0.189132
v -0.136365 0.103080 0.188886
v -0.133106 0.106350 0.188625
v -0.129467 0.110000 0.188333
v -0.129525 -0.110000 0.187487
v -0.133169 -0.106350 0.187700
v -0.136434 -0.103080 0.187891
v -0.139509 -0.100000 0.188071
v -0.142583 -0.096920 0.188250
v -0.145848 -0.093650 0.188441
v -0.149492 -0.090000 0.188654
v -0.149492 0.090000 0.188654
v -0.145848 0.093650 0.188441
v -0.142583 0.096920 0.188250
v -0.139509 0.100000 0.188071
v -0.136434 0.103080 0.187891
v -0.133169 0.106350 0.187700
v -0.129525 0.110000 0.187487
v -0.129567 -0.110000 0.186617
v -0.133215 -0.106350 0.186755
v -0.136482 -0.103080 0.186879
v -0.139560 -0.100000 0.186995
v -0.142638 -0.096920 0.187112
v -0.145905 -0.093650 0.187235
v -0.149553 -0.090000 0.187374
v -0.149553 0.090000 0.187374
v -0.145905 0.093650 0.187235
v -0.142638 0.096920 0.187112
v -0.139560 0.100000 0.186995
v -0.136482 0.103080 0.186879
v -0.133215 0.106350 0.186755
v -0.129567 0.110000 0.186617
v -0.129592 -0.110000 0.185721
v -0.133242 -0.106350 0.185788
v -0.136511 -0.103080 0.185849
v -0.139590 -0.100000 0.185905
v -0.142670 -0.096920 0.185962
v -0.145939 -0.093650 0.186023
v -0.149589 -0.090000 0.186090
v -0.149589 0.090000 0.186090
v -0.145939 0.093650 0.186023
v -0.142670 0.096920 0.185962
v -0.139590 0.100000 0.185905
v -0.136511 0.103080 0.185849
v -0.133242 0.106350 0.185788
v -0.129592 0.110000 0.185721
v -0.129600 -0.110000 0.184800
v -0.133251 -0.106350 0.184800
v -0.136521 -0.103080 0.184801
v -0.139600 -0.100000 0.184801
v -0.142680 -0.096920 0.184802
v -0.145950 -0.093650 0.184802
v -0.149601 -0.090000 0.184803
v -0.149601 0.090000 0.184803
v -0.145950 0.093650 0.184802
v -0.142680 0.096920 0.184802
v -0.139600 0.100000 0.184801
v -0.136521 0.103080 0.184801
v -0.133251 0.106350 0.184800
v -0.129600 0.110000 0.184800
v -0.129593 -0.110000 0.184006
v -0.133243 -0.106350 0.183941
v -0.136513 -0.103080 0.183883
v -0.139592 -0.100000 0.183829
v -0.142671 -0.096920 0.183775
v -0.145941 -0.093650 0.183717
v -0.149591 -0.090000 0.183652
v -0.149591 0.090000 0.183652
v -0.145941 0.093650 0.183717
v -0.142671 0.096920 0.183775
v -0.139592 0.100000 0.183829
v -0.136513 0.103080 0.183883
v -0.133243 0.106350 0.183941
v -0.129593 0.110000 0.184006
v -0.129572 -0.110000 0.183222
v -0.133220 -0.106350 0.183092
v -0.136488 -0.103080 0.182975
v -0.139566 -0.100000 0.182865
v -0.142644 -0.096920 0.182755
v -0.145912 -0.093650 0.182638
v -0.149560 -0.090000 0.182507
v -0.149560 0.090000 0.182507
v -0.145912 0.093650 0.182638
v -0.142644 0.096920 0.182755
v -0.139566 0.100000 0.182865
v -0.136488 0.103080 0.182975
v -0.133220 0.106350 0.183092
v -0.129572 0.110000 0.183222
v -0.129537 -0.110000 0.182450
v -0.133183 -0.106350 0.182252
v -0.136448 -0.103080 0.182074
v -0.139523 -0.100000 0.181907
v -0.142598 -0.096920 0.181739
v -0.145864 -0.093650 0.181562
v -0.149509 -0.090000 0.181363
v -0.149509 0.090000 0.181363
v -0.145864 0.093650 0.181562
v -0.142598 0.096920 0.181739
v -0.139523 0.100000 0.181907
v -0.136448 0.103080 0.182074
v -0.133183 0.106350 0.182252
v -0.129537 0.110000 0.182450
v -0.129489 -0.110000 0.181689
v -0.133130 -0.106350 0.181421
v -0.136391 -0.103080 0.181181
v -0.139462 -0.100000 0.180955
v -0.142534 -0.096920 0.180729
v -0.145795 -0.093650 0.180489
v -0.149436 -0.090000 0.180221
v -0.149436 0.090000 0.180221
v -0.145795 0.093650 0.180489
v -0.142534 0.096920 0.180729
v -0.139462 0.100000 0.180955
v -0.136391 0.103080 0.181181
v -0.133130 0.106350 0.181421
v -0.129489 0.110000 0.181689
v -0.129426 -0.110000 0.180939
v -0.133061 -0.106350 0.180600
v -0.136317 -0.103080 0.180296
v -0.139384 -0.100000 0.180009
v -0.142450 -0.096920 0.179723
v -0.145706 -0.093650 0.179419
v -0.149341 -0.090000 0.179080
v -0.149341 0.090000 0.179080
v -0.145706 0.093650 0.179419
v -0.142450 0.096920 0.179723
v -0.139384 0.100000 0.180009
v -0.136317 0.103080 0.180296
v -0.133061 0.106350 0.180600
v -0.129426 0.110000 0.180939
v -0.129350 -0.110000 0.180200
v -0.132977 -0.106350 0.179788
v -0.136226 -0.103080 0.179418
v -0.139287 -0.100000 0.179070
v -0.142347 -0.096920 0.178722
v -0.145596 -0.093650 0.178353
v -0.149223 -0.090000 0.177941
v -0.149223 0.090000 0.177941
v -0.145596 0.093650 0.178353
v -0.142347 0.096920 0.178722
v -0.139287 0.100000 0.179070
v -0.136226 0.103080 0.179418
v -0.132977 0.106350 0.179788
v -0.129350 0.110000 0.180200
v -0.129260 -0.110000 0.179472
v -0.132878 -0.106350 0.178985
v -0.136119 -0.103080 0.178549
v -0.139171 -0.100000 0.178137
v -0.142223 -0.096920 0.177726
v -0.145464 -0.093650 0.177290
v -0.149082 -0.090000 0.176803
v -0.149082 0.090000 0.176803
v -0.145464 0.093650 0.177290
v -0.142223 0.096920 0.177726
v -0.139171 0.100000 0.178137
v -0.136119 0.103080 0.178549
v -0.132878 0.106350 0.178985
v -0.129260 0.110000 0.179472
v -0.129156 -0.110000 0.178756
v -0.132762 -0.106350 0.178192
v -0.135993 -0.103080 0.177687
v -0.139036 -0.100000 0.177211
v -0.142079 -0.096920 0.176736
v -0.145310 -0.093650 0.176231
v -0.148917 -0.090000 0.175667
v -0.148917 0.090000 0.175667
v -0.145310 0.093650 0.176231
v -0.142079 0.096920 0.176736
v -0.139036 0.100000 0.177211
v -0.135993 0.103080 0.177687
v -0.132762 0.106350 0.178192
v -0.129156 0.110000 0.178756
v -0.129038 -0.110000 0.178050
v -0.132631 -0.106350 0.177408
v -0.135850 -0.103080 0.176833
v -0.138882 -0.100000 0.176291
v -0.141914 -0.096920 0.175750
v -0.145133 -0.093650 0.175175
v -0.148727 -0.090000 0.174533
v -0.148727 0.090000 0.174533
v -0.145133 0.093650 0.175175
v -0.141914 0.096920 0.175750
v -0.138882 0.100000 0.176291
v -0.135850 0.103080 0.176833
v -0.132631 0.106350 0.177408
v -0.129038 0.110000 0.178050
v -0.128906 -0.110000 0.177356
v -0.132484 -0.106350 0.176634
v -0.135690 -0.103080 0.175987
v -0.138709 -0.100000 0.175378
v -0.141728 -0.096920 0.174769
v -0.144933 -0.093650 0.174123
v -0.148512 -0.090000 0.173401
v -0.148512 0.090000 0.173401
v -0.144933 0.093650 0.174123
v -0.141728 0.096920 0.174769
v -0.138709 0.100000 0.175378
v -0.135690 0.103080 0.175987
v -0.132484 0.106350 0.176634
v -0.128906 0.110000 0.177356
v -0.128760 -0.110000 0.176672
v -0.132321 -0.106350 0.175869
v -0.135511 -0.103080 0.175150
v -0.138515 -0.100000 0.174472
v -0.141520 -0.096920 0.173795
v -0.144710 -0.093650 0.173076
v -0.148271 -0.090000 0.172273
v -0.148271 0.090000 0.172273
v -0.144710 0.093650 0.173076
v -0.141520 0.096920 0.173795
v -0.138515 0.100000 0.174472
v -0.135511 0.103080 0.175150
v -0.132321 0.106350 0.175869
v -0.128760 0.110000 0.176672
v -0.128600 -0.110000 0.176000
v -0.132142 -0.106350 0.175115
v -0.135314 -0.103080 0.174322
v -0.138302 -0.100000 0.173576
v -0.141290 -0.096920 0.172829
v -0.144463 -0.093650 0.172036
v -0.148005 -0.090000 0.171151
v -0.148005 0.090000 0.171151
v -0.144463 0.093650 0.172036
v -0.141290 0.096920 0.172829
v -0.138302 0.100000 0.173576
v -0.135314 0.103080 0.174322
v -0.132142 0.106350 0.175115
v -0.128600 0.110000 0.176000
v -0.128428 -0.110000 0.175343
v -0.131948 -0.106350 0.174376
v -0.135101 -0.103080 0.173509
v -0.138071 -0.100000 0.172693
v -0.141041 -0.096920 0.171877
v -0.144194 -0.093650 0.171010
v -0.147714 -0.090000 0.170043
v -0.147714 0.090000 0.170043
v -0.144194 0.093650 0.171010
v -0.141041 0.096920 0.171877
v -0.138071 0.100000 0.172693
v -0.135101 0.103080 0.173509
v -0.131948 0.106350 0.174376
v -0.128428 0.110000 0.175343
v -0.128244 -0.110000 0.174706
v -0.131740 -0.106350 0.173653
v -0.134872 -0.103080 0.172711
v -0.137821 -0.100000 0.171823
v -0.140770 -0.096920 0.170935
v -0.143901 -0.093650 0.169992
v -0.147397 -0.090000 0.168940
v -0.147397 0.090000 0.168940
v -0.143901 0.093650 0.169992
v -0.140770 0.096920 0.170935
v -0.137821 0.100000 0.171823
v -0.134872 0.103080 0.172711
v -0.131740 0.106350 0.173653
v -0.128244 0.110000 0.174706
v -0.128050 -0.110000 0.174087
v -0.131518 -0.106350 0.172947
v -0.134624 -0.103080 0.171925
v -0.137550 -0.100000 0.170963
v -0.140476 -0.096920 0.170000
v -0.143582 -0.093650 0.168978
v -0.147050 -0.090000 0.167838
v -0.147050 0.090000 0.167838
v -0.143582 0.093650 0.168978
v -0.140476 0.096920 0.170000
v -0.137550 0.100000 0.170963
v -0.134624 0.103080 0.171925
v -0.131518 0.106350 0.172947
v -0.128050 0.110000 0.174087
v -0.127844 -0.110000 0.173489
v -0.131281 -0.106350 0.172256
v -0.134359 -0.103080 0.171152
v -0.137258 -0.100000 0.170112
v -0.140157 -0.096920 0.169073
v -0.143235 -0.093650 0.167969
v -0.146672 -0.090000 0.166736
v -0.146672 0.090000 0.166736
v -0.143235 0.093650 0.167969
v -0.140157 0.096920 0.169073
v -0.137258 0.100000 0.170112
v -0.134359 0.103080 0.171152
v -0.131281 0.106350 0.172256
v -0.127844 0.110000 0.173489
v -0.127628 -0.110000 0.172910
v -0.131029 -0.106350 0.171582
v -0.134075 -0.103080 0.170393
v -0.136944 -0.100000 0.169272
v -0.139813 -0.096920 0.168152
v -0.142859 -0.093650 0.166963
v -0.146260 -0.090000 0.165635
v -0.146260 0.090000 0.165635
v -0.142859 0.093650 0.166963
v -0.139813 0.096920 0.168152
v -0.136944 0.100000 0.169272
v -0.134075 0.103080 0.170393
v -0.131029 0.106350 0.171582
v -0.127628 0.110000 0.172910
v -0.127400 -0.110000 0.172350
v -0.130761 -0.106350 0.170924
v -0.133771 -0.103080 0.169646
v -0.136606 -0.100000 0.168442
v -0.139441 -0.096920 0.167239
v -0.142452 -0.093650 0.165961
v -0.145812 -0.090000 0.164535
v -0.145812 0.090000 0.164535
v -0.142452 0.093650 0.165961
v -0.139441 0.096920 0.167239
v -0.136606 0.100000 0.168442
v -0.133771 0.103080 0.169646
v -0.130761 0.106350 0.170924
v -0.127400 0.110000 0.172350
v -0.127161 -0.110000 0.171810
v -0.130477 -0.106350 0.170281
v -0.133447 -0.103080 0.168912
v -0.136244 -0.100000 0.167623
v -0.139041 -0.096920 0.166334
v -0.142011 -0.093650 0.164965
v -0.145327 -0.090000 0.163436
v -0.145327 0.090000 0.163436
v -0.142011 0.093650 0.164965
v -0.139041 0.096920 0.166334
v -0.136244 0.100000 0.167623
v -0.133447 0.103080 0.168912
v -0.130477 0.106350 0.170281
v -0.127161 0.110000 0.171810
v -0.126911 -0.110000 0.171289
v -0.130176 -0.106350 0.169656
v -0.133101 -0.103080 0.168193
v -0.135856 -0.100000 0.166815
v -0.138610 -0.096920 0.165437
v -0.141535 -0.093650 0.163974
v -0.144800 -0.090000 0.162340
v -0.144800 0.090000 0.162340
v -0.141535 0.093650 0.163974
v -0.138610 0.096920 0.165437
v -0.135856 0.100000 0.166815
v -0.133101 0.103080 0.168193
v -0.130176 0.106350 0.169656
v -0.126911 0.110000 0.171289
v -0.126650 -0.110000 0.170787
v -0.129859 -0.106350 0.169046
v -0.132733 -0.103080 0.167487
v -0.135441 -0.100000 0.166018
v -0.138148 -0.096920 0.164549
v -0.141022 -0.093650 0.162989
v -0.144231 -0.090000 0.161248
v -0.144231 0.090000 0.161248
v -0.141022 0.093650 0.162989
v -0.138148 0.096920 0.164549
v -0.135441 0.100000 0.166018
v -0.132733 0.103080 0.167487
v -0.129859 0.106350 0.169046
v -0.126650 0.110000 0.170787
v -0.126378 -0.110000 0.170306
v -0.129524 -0.106350 0.168454
v -0.132343 -0.103080 0.166795
v -0.134998 -0.100000 0.165233
v -0.137652 -0.096920 0.163671
v -0.140471 -0.093650 0.162012
v -0.143617 -0.090000 0.160160
v -0.143617 0.090000 0.160160
v -0.140471 0.093650 0.162012
v -0.137652 0.096920 0.163671
v -0.134998 0.100000 0.165233
v -0.132343 0.103080 0.166795
v -0.129524 0.106350 0.168454
v -0.126378 0.110000 0.170306
v -0.126094 -0.110000 0.169843
v -0.129172 -0.106350 0.167879
v -0.131929 -0.103080 0.166119
v -0.134525 -0.100000 0.164462
v -0.137122 -0.096920 0.162805
v -0.139878 -0.093650 0.161045
v -0.142956 -0.090000 0.159081
v -0.142956 0.090000 0.159081
v -0.139878 0.093650 0.161045
v -0.137122 0.096920 0.162805
v -0.134525 0.100000 0.164462
v -0.131929 0.103080 0.166119
v -0.129172 0.106350 0.167879
v -0.126094 0.110000 0.169843
v -0.125800 -0.110000 0.169400
v -0.128805 -0.106350 0.167327
v -0.131497 -0.103080 0.165470
v -0.134033 -0.100000 0.163721
v -0.136568 -0.096920 0.161972
v -0.139260 -0.093650 0.160115
v -0.142266 -0.090000 0.158042
v -0.142266 0.090000 0.158042
v -0.139260 0.093650 0.160115
v -0.136568 0.096920 0.161972
v -0.134033 0.100000 0.163721
v -0.131497 0.103080 0.165470
v -0.128805 0.106350 0.167327
v -0.125800 0.110000 0.169400
v -0.125496 -0.110000 0.168975
v -0.128430 -0.106350 0.166803
v -0.131059 -0.103080 0.164857
v -0.133535 -0.100000 0.163025
v -0.136010 -0.096920 0.161192
v -0.138639 -0.093650 0.159247
v -0.141573 -0.090000 0.157075
v -0.141573 0.090000 0.157075
v -0.138639 0.093650 0.159247
v -0.136010 0.096920 0.161192
v -0.133535 0.100000 0.163025
v -0.131059 0.103080 0.164857
v -0.128430 0.106350 0.166803
v -0.125496 0.110000 0.168975
v -0.125183 -0.110000 0.168567
v -0.128046 -0.106350 0.166300
v -0.130609 -0.103080 0.164270
v -0.133024 -0.100000 0.162358
v -0.135439 -0.096920 0.160446
v -0.138003 -0.093650 0.158415
v -0.140865 -0.090000 0.156149
v -0.140865 0.090000 0.156149
v -0.138003 0.093650 0.158415
v -0.135439 0.096920 0.160446
v -0.133024 0.100000 0.162358
v -0.130609 0.103080 0.164270
v -0.128046 0.106350 0.166300
v -0.125183 0.110000 0.168567
v -0.124863 -0.110000 0.168175
v -0.127647 -0.106350 0.165814
v -0.130141 -0.103080 0.163698
v -0.132490 -0.100000 0.161706
v -0.134840 -0.096920 0.159714
v -0.137334 -0.093650 0.157599
v -0.140118 -0.090000 0.155238
v -0.140118 0.090000 0.155238
v -0.137334 0.093650 0.157599
v -0.134840 0.096920 0.159714
v -0.132490 0.100000 0.161706
v -0.130141 0.103080 0.163698
v -0.127647 0.106350 0.165814
v -0.124863 0.110000 0.168175
v -0.124533 -0.110000 0.167800
v -0.127235 -0.106350 0.165344
v -0.129654 -0.103080 0.163144
v -0.131933 -0.100000 0.161071
v -0.134212 -0.096920 0.158999
v -0.136632 -0.093650 0.156799
v -0.139333 -0.090000 0.154343
v -0.139333 0.090000 0.154343
v -0.136632 0.093650 0.156799
v -0.134212 0.096920 0.158999
v -0.131933 0.100000 0.161071
v -0.129654 0.103080 0.163144
v -0.127235 0.106350 0.165344
v -0.124533 0.110000 0.167800
v -0.124196 -0.110000 0.167442
v -0.126808 -0.106350 0.164891
v -0.129148 -0.103080 0.162606
v -0.131352 -0.100000 0.160454
v -0.133556 -0.096920 0.158303
v -0.135896 -0.093650 0.156018
v -0.138508 -0.090000 0.153467
v -0.138508 0.090000 0.153467
v -0.135896 0.093650 0.156018
v -0.133556 0.096920 0.158303
v -0.131352 0.100000 0.160454
v -0.129148 0.103080 0.162606
v -0.126808 0.106350 0.164891
v -0.124196 0.110000 0.167442
v -0.123850 -0.110000 0.167100
v -0.126368 -0.106350 0.164456
v -0.128623 -0.103080 0.162087
v -0.130747 -0.100000 0.159857
v -0.132871 -0.096920 0.157626
v -0.135126 -0.093650 0.155257
v -0.137644 -0.090000 0.152613
v -0.137644 0.090000 0.152613
v -0.135126 0.093650 0.155257
v -0.132871 0.096920 0.157626
v -0.130747 0.100000 0.159857
v -0.128623 0.103080 0.162087
v -0.126368 0.106350 0.164456
v -0.123850 0.110000 0.167100
v -0.123496 -0.110000 0.166775
v -0.125913 -0.106350 0.164039
v -0.128079 -0.103080 0.161588
v -0.130118 -0.100000 0.159280
v -0.132158 -0.096920 0.156971
v -0.134323 -0.093650 0.154521
v -0.136741 -0.090000 0.151784
v -0.136741 0.090000 0.151784
v -0.134323 0.093650 0.154521
v -0.132158 0.096920 0.156971
v -0.130118 0.100000 0.159280
v -0.128079 0.103080 0.161588
v -0.125913 0.106350 0.164039
v -0.123496 0.110000 0.166775
v -0.123133 -0.110000 0.166467
v -0.125445 -0.106350 0.163641
v -0.127516 -0.103080 0.161109
v -0.129466 -0.100000 0.158725
v -0.131417 -0.096920 0.156341
v -0.133487 -0.093650 0.153810
v -0.135799 -0.090000 0.150984
v -0.135799 0.090000 0.150984
v -0.133487 0.093650 0.153810
v -0.131417 0.096920 0.156341
v -0.129466 0.100000 0.158725
v -0.127516 0.103080 0.161109
v -0.125445 0.106350 0.163641
v -0.123133 0.110000 0.166467
v -0.122763 -0.110000 0.166175
v -0.124963 -0.106350 0.163262
v -0.126935 -0.103080 0.160652
v -0.128791 -0.100000 0.158194
v -0.130648 -0.096920 0.155737
v -0.132620 -0.093650 0.153127
v -0.134820 -0.090000 0.150214
v -0.134820 0.090000 0.150214
v -0.132620 0.093650 0.153127
v -0.130648 0.096920 0.155737
v -0.128791 0.100000 0.158194
v -0.126935 0.103080 0.160652
v -0.124963 0.106350 0.163262
v -0.122763 0.110000 0.166175
v -0.122383 -0.110000 0.165900
v -0.124468 -0.106350 0.162903
v -0.126336 -0.103080 0.160218
v -0.128095 -0.100000 0.157689
v -0.129853 -0.096920 0.155160
v -0.131721 -0.093650 0.152475
v -0.133806 -0.090000 0.149478
v -0.133806 0.090000 0.149478
v -0.131721 0.093650 0.152475
v -0.129853 0.096920 0.155160
v -0.128095 0.100000 0.157689
v -0.126336 0.103080 0.160218
v -0.124468 0.106350 0.162903
v -0.122383 0.110000 0.165900
v -0.121996 -0.110000 0.165642
v -0.123960 -0.106350 0.162564
v -0.125720 -0.103080 0.159807
v -0.127377 -0.100000 0.157211
v -0.129034 -0.096920 0.154614
v -0.130794 -0.093650 0.151857
v -0.132758 -0.090000 0.148779
v -0.132758 0.090000 0.148779
v -0.130794 0.093650 0.151857
v -0.129034 0.096920 0.154614
v -0.127377 0.100000 0.157211
v -0.125720 0.103080 0.159807
v -0.123960 0.106350 0.162564
v -0.121996 0.110000 0.165642
v -0.121600 -0.110000 0.165400
v -0.123438 -0.106350 0.162245
v -0.125084 -0.103080 0.159419
v -0.126634 -0.100000 0.156757
v -0.128185 -0.096920 0.154096
v -0.129831 -0.093650 0.151270
v -0.131669 -0.090000 0.148115
v -0.131669 0.090000 0.148115
v -0.129831 0.093650 0.151270
v -0.128185 0.096920 0.154096
v -0.126634 0.100000 0.156757
v -0.125084 0.103080 0.159419
v -0.123438 0.106350 0.162245
v -0.121600 0.110000 0.165400
v -0.121197 -0.110000 0.165176
v -0.122900 -0.106350 0.161947
v -0.124426 -0.103080 0.159053
v -0.125862 -0.100000 0.156329
v -0.127299 -0.096920 0.153604
v -0.128824 -0.093650 0.150711
v -0.130527 -0.090000 0.147481
v -0.130527 0.090000 0.147481
v -0.128824 0.093650 0.150711
v -0.127299 0.096920 0.153604
v -0.125862 0.100000 0.156329
v -0.124426 0.103080 0.159053
v -0.122900 0.106350 0.161947
v -0.121197 0.110000 0.165176
v -0.120789 -0.110000 0.164972
v -0.122350 -0.106350 0.161671
v -0.123748 -0.103080 0.158715
v -0.125065 -0.100000 0.155930
v -0.126382 -0.096920 0.153145
v -0.127780 -0.093650 0.150188
v -0.129341 -0.090000 0.146887
v -0.129341 0.090000 0.146887
v -0.127780 0.093650 0.150188
v -0.126382 0.096920 0.153145
v -0.125065 0.100000 0.155930
v -0.123748 0.103080 0.158715
v -0.122350 0.106350 0.161671
v -0.120789 0.110000 0.164972
v -0.120375 -0.110000 0.164787
v -0.121789 -0.106350 0.161421
v -0.123055 -0.103080 0.158405
v -0.124248 -0.100000 0.155565
v -0.125441 -0.096920 0.152725
v -0.126707 -0.093650 0.149709
v -0.128121 -0.090000 0.146343
v -0.128121 0.090000 0.146343
v -0.126707 0.093650 0.149709
v -0.125441 0.096920 0.152725
v -0.124248 0.100000 0.155565
v -0.123055 0.103080 0.158405
v -0.121789 0.106350 0.161421
v -0.120375 0.110000 0.164787
v -0.119956 -0.110000 0.164622
v -0.121218 -0.106350 0.161196
v -0.122348 -0.103080 0.158127
v -0.123413 -0.100000 0.155236
v -0.124478 -0.096920 0.152346
v -0.125609 -0.093650 0.149277
v -0.126871 -0.090000 0.145850
v -0.126871 0.090000 0.145850
v -0.125609 0.093650 0.149277
v -0.124478 0.096920 0.152346
v -0.123413 0.100000 0.155236
v -0.122348 0.103080 0.158127
v -0.121218 0.106350 0.161196
v -0.119956 0.110000 0.164622
v -0.119531 -0.110000 0.164476
v -0.120638 -0.106350 0.160997
v -0.121629 -0.103080 0.157880
v -0.122563 -0.100000 0.154945
v -0.123497 -0.096920 0.152009
v -0.124489 -0.093650 0.148892
v -0.125596 -0.090000 0.145413
v -0.125596 0.090000 0.145413
v -0.124489 0.093650 0.148892
v -0.123497 0.096920 0.152009
v -0.122563 0.100000 0.154945
v -0.121629 0.103080 0.157880
v -0.120638 0.106350 0.160997
v -0.119531 0.110000 0.164476
v -0.119100 -0.110000 0.164350
v -0.120049 -0.106350 0.160824
v -0.120900 -0.103080 0.157666
v -0.121701 -0.100000 0.154691
v -0.122501 -0.096920 0.151717
v -0.123352 -0.093650 0.148559
v -0.124301 -0.090000 0.145033
v -0.124301 0.090000 0.145033
v -0.123352 0.093650 0.148559
v -0.122501 0.096920 0.151717
v -0.121701 0.100000 0.154691
v -0.120900 0.103080 0.157666
v -0.120049 0.106350 0.160824
v -0.119100 0.110000 0.164350
v -0.118664 -0.110000 0.164243
v -0.119454 -0.106350 0.160678
v -0.120161 -0.103080 0.157485
v -0.120827 -0.100000 0.154477
v -0.121494 -0.096920 0.151470
v -0.122201 -0.093650 0.148277
v -0.122991 -0.090000 0.144712
v -0.122991 0.090000 0.144712
v -0.122201 0.093650 0.148277
v -0.121494 0.096920 0.151470
v -0.120827 0.100000 0.154477
v -0.120161 0.103080 0.157485
v -0.119454 0.106350 0.160678
v -0.118664 0.110000 0.164243
v -0.118222 -0.110000 0.164156
v -0.118852 -0.106350 0.160559
v -0.119416 -0.103080 0.157337
v -0.119947 -0.100000 0.154303
v -0.120478 -0.096920 0.151269
v -0.121042 -0.093650 0.148047
v -0.121672 -0.090000 0.144450
v -0.121672 0.090000 0.144450
v -0.121042 0.093650 0.148047
v -0.120478 0.096920 0.151269
v -0.119947 0.100000 0.154303
v -0.119416 0.103080 0.157337
v -0.118852 0.106350 0.160559
v -0.118222 0.110000 0.164156
v -0.117775 -0.110000 0.164087
v -0.118245 -0.106350 0.160466
v -0.118665 -0.103080 0.157223
v -0.119062 -0.100000 0.154168
v -0.119458 -0.096920 0.151113
v -0.119878 -0.093650 0.147870
v -0.120348 -0.090000 0.144249
v -0.120348 0.090000 0.144249
v -0.119878 0.093650 0.147870
v -0.119458 0.096920 0.151113
v -0.119062 0.100000 0.154168
v -0.118665 0.103080 0.157223
v -0.118245 0.106350 0.160466
v -0.117775 0.110000 0.164087
v -0.117322 -0.110000 0.164039
v -0.117633 -0.106350 0.160401
v -0.117912 -0.103080 0.157142
v -0.118174 -0.100000 0.154073
v -0.118436 -0.096920 0.151004
v -0.118715 -0.093650 0.147745
v -0.119025 -0.090000 0.144107
v -0.119025 0.090000 0.144107
v -0.118715 0.093650 0.147745
v -0.118436 0.096920 0.151004
v -0.118174 0.100000 0.154073
v -0.117912 0.103080 0.157142
v -0.117633 0.106350 0.160401
v -0.117322 0.110000 0.164039
v -0.116864 -0.110000 0.164010
v -0.117018 -0.106350 0.160362
v -0.117156 -0.103080 0.157094
v -0.117286 -0.100000 0.154016
v -0.117417 -0.096920 0.150939
v -0.117555 -0.093650 0.147671
v -0.117709 -0.090000 0.144023
v -0.117709 0.090000 0.144023
v -0.117555 0.093650 0.147671
v -0.117417 0.096920 0.150939
v -0.117286 0.100000 0.154016
v -0.117156 0.103080 0.157094
v -0.117018 0.106350 0.160362
v -0.116864 0.110000 0.164010
v -0.116400 -0.110000 0.164000
v -0.116438 -0.106350 0.160350
v -0.116473 -0.103080 0.157080
v -0.116505 -0.100000 0.154000
v -0.116537 -0.096920 0.150920
v -0.116571 -0.093650 0.147650
v -0.116610 -0.090000 0.144000
v -0.116610 0.090000 0.144000
v -0.116571 0.093650 0.147650
v -0.116537 0.096920 0.150920
v -0.116505 0.100000 0.154000
v -0.116473 0.103080 0.157080
v -0.116438 0.106350 0.160350
v -0.116400 0.110000 0.164000
v -0.001600 -0.110000 0.164000
v -0.005250 -0.106350 0.160350
v -0.008520 -0.103080 0.157080
v -0.011600 -0.100000 0.154000
v -0.014680 -0.096920 0.150920
v -0.017950 -0.093650 0.147650
v -0.021600 -0.090000 0.144000
v -0.021600 0.090000 0.144000
v -0.017950 0.093650 0.147650
v -0.014680 0.096920 0.150920
v -0.011600 0.100000 0.154000
v -0.008520 0.103080 0.157080
v -0.005250 0.106350 0.160350
v -0.001600 0.110000 0.164000
v -0.001600 -0.110000 -0.260800
v -0.005250 -0.106350 -0.254300
v -0.008520 -0.103080 -0.248478
v -0.011600 -0.100000 -0.242994
v -0.014680 -0.096920 -0.237511
v -0.017950 -0.093650 -0.231688
v -0.021600 -0.090000 -0.225188
v -0.021600 0.090000 -0.225188
v -0.017950 0.093650 -0.231688
v -0.014680 0.096920 -0.237511
v -0.011600 0.100000 -0.242994
v -0.008520 0.103080 -0.248478
v -0.005250 0.106350 -0.254300
v -0.001600 0.110000 -0.260800
v -0.111200 -0.110000 -0.194000
v -0.109297 -0.106350 -0.190885
v -0.107592 -0.103080 -0.188095
v -0.105986 -0.100000 -0.185467
v -0.104381 -0.096920 -0.182839
v -0.102676 -0.093650 -0.180048
v -0.100773 -0.090000 -0.176933
v -0.100773 0.090000 -0.176933
v -0.102676 0.093650 -0.180048
v -0.104381 0.096920 -0.182839
v -0.105986 0.100000 -0.185467
v -0.107592 0.103080 -0.188095
v -0.109297 0.106350 -0.190885
v -0.111200 0.110000 -0.194000
v -0.112250 -0.110000 -0.193357
v -0.110374 -0.106350 -0.190225
v -0.108693 -0.103080 -0.187420
v -0.107110 -0.100000 -0.184778
v -0.105527 -0.096920 -0.182137
v -0.103846 -0.093650 -0.179332
v -0.101970 -0.090000 -0.176200
v -0.101970 0.090000 -0.176200
v -0.103846 0.093650 -0.179332
v -0.105527 0.096920 -0.182137
v -0.107110 0.100000 -0.184778
v -0.108693 0.103080 -0.187420
v -0.110374 0.106350 -0.190225
v -0.112250 0.110000 -0.193357
v -0.113267 -0.110000 -0.192761
v -0.111454 -0.106350 -0.189592
v -0.109831 -0.103080 -0.186753
v -0.108302 -0.100000 -0.184080
v -0.106773 -0.096920 -0.181406
v -0.105149 -0.093650 -0.178568
v -0.103337 -0.090000 -0.175399
v -0.103337 0.090000 -0.175399
v -0.105149 0.093650 -0.178568
v -0.106773 0.096920 -0.181406
v -0.108302 0.100000 -0.184080
v -0.109831 0.103080 -0.186753
v -0.111454 0.106350 -0.189592
v -0.113267 0.110000 -0.192761
v -0.114250 -0.110000 -0.192212
v -0.112509 -0.106350 -0.189004
v -0.110949 -0.103080 -0.186130
v -0.109479 -0.100000 -0.183423
v -0.108010 -0.096920 -0.180716
v -0.106450 -0.093650 -0.177842
v -0.104709 -0.090000 -0.174633
v -0.104709 0.090000 -0.174633
v -0.106450 0.093650 -0.177842
v -0.108010 0.096920 -0.180716
v -0.109479 0.100000 -0.183423
v -0.110949 0.103080 -0.186130
v -0.112509 0.106350 -0.189004
v -0.114250 0.110000 -0.192212
v -0.115200 -0.110000 -0.191711
v -0.113537 -0.106350 -0.188461
v -0.112048 -0.103080 -0.185549
v -0.110646 -0.100000 -0.182807
v -0.109243 -0.096920 -0.180065
v -0.107754 -0.093650 -0.177154
v -0.106091 -0.090000 -0.173904
v -0.106091 0.090000 -0.173904
v -0.107754 0.093650 -0.177154
v -0.109243 0.096920 -0.180065
v -0.110646 0.100000 -0.182807
v -0.112048 0.103080 -0.185549
v -0.113537 0.106350 -0.188461
v -0.115200 0.110000 -0.191711
v -0.116117 -0.110000 -0.191257
v -0.114542 -0.106350 -0.187963
v -0.113132 -0.103080 -0.185012
v -0.111804 -0.100000 -0.182234
v -0.110476 -0.096920 -0.179455
v -0.109066 -0.093650 -0.176504
v -0.107491 -0.090000 -0.173210
v -0.107491 0.090000 -0.173210
v -0.109066 0.093650 -0.176504
v -0.110476 0.096920 -0.179455
v -0.111804 0.100000 -0.182234
v -0.113132 0.103080 -0.185012
v -0.114542 0.106350 -0.187963
v -0.116117 0.110000 -0.191257
v -0.117000 -0.110000 -0.190850
v -0.115525 -0.106350 -0.187511
v -0.114203 -0.103080 -0.184519
v -0.112958 -0.100000 -0.181702
v -0.111714 -0.096920 -0.178885
v -0.110392 -0.093650 -0.175893
v -0.108917 -0.090000 -0.172554
v -0.108917 0.090000 -0.172554
v -0.110392 0.093650 -0.175893
v -0.111714 0.096920 -0.178885
v -0.112958 0.100000 -0.181702
v -0.114203 0.103080 -0.184519
v -0.115525 0.106350 -0.187511
v -0.117000 0.110000 -0.190850
v -0.117850 -0.110000 -0.190490
v -0.116486 -0.106350 -0.187104
v -0.115264 -0.103080 -0.184070
v -0.114113 -0.100000 -0.181213
v -0.112963 -0.096920 -0.178356
v -0.111741 -0.093650 -0.175322
v -0.110377 -0.090000 -0.171936
v -0.110377 0.090000 -0.171936
v -0.111741 0.093650 -0.175322
v -0.112963 0.096920 -0.178356
v -0.114113 0.100000 -0.181213
v -0.115264 0.103080 -0.184070
v -0.116486 0.106350 -0.187104
v -0.117850 0.110000 -0.190490
v -0.118667 -0.110000 -0.190178
v -0.117428 -0.106350 -0.186743
v -0.116319 -0.103080 -0.183666
v -0.115275 -0.100000 -0.180769
v -0.114230 -0.096920 -0.177871
v -0.113121 -0.093650 -0.174794
v -0.111883 -0.090000 -0.171359
v -0.111883 0.090000 -0.171359
v -0.113121 0.093650 -0.174794
v -0.114230 0.096920 -0.177871
v -0.115275 0.100000 -0.180769
v -0.116319 0.103080 -0.183666
v -0.117428 0.106350 -0.186743
v -0.118667 0.110000 -0.190178
v -0.119450 -0.110000 -0.189913
v -0.118354 -0.106350 -0.186429
v -0.117373 -0.103080 -0.183309
v -0.116449 -0.100000 -0.180371
v -0.115525 -0.096920 -0.177433
v -0.114543 -0.093650 -0.174313
v -0.113448 -0.090000 -0.170829
v -0.113448 0.090000 -0.170829
v -0.114543 0.093650 -0.174313
v -0.115525 0.096920 -0.177433
v -0.116449 0.100000 -0.180371
v -0.117373 0.103080 -0.183309
v -0.118354 0.106350 -0.186429
v -0.119450 0.110000 -0.189913
v -0.120200 -0.110000 -0.189694
v -0.119267 -0.106350 -0.186164
v -0.118431 -0.103080 -0.183002
v -0.117643 -0.100000 -0.180024
v -0.116856 -0.096920 -0.177046
v -0.116020 -0.093650 -0.173883
v -0.115087 -0.090000 -0.170353
v -0.115087 0.090000 -0.170353
v -0.116020 0.093650 -0.173883
v -0.116856 0.096920 -0.177046
v -0.117643 0.100000 -0.180024
v -0.118431 0.103080 -0.183002
v -0.119267 0.106350 -0.186164
v -0.120200 0.110000 -0.189694
v -0.120917 -0.110000 -0.189524
v -0.120168 -0.106350 -0.185949
v -0.119497 -0.103080 -0.182748
v -0.118866 -0.100000 -0.179732
v -0.118234 -0.096920 -0.176717
v -0.117563 -0.093650 -0.173515
v -0.116815 -0.090000 -0.169941
v -0.116815 0.090000 -0.169941
v -0.117563 0.093650 -0.173515
v -0.118234 0.096920 -0.176717
v -0.118866 0.100000 -0.179732
v -0.119497 0.103080 -0.182748
v -0.120168 0.106350 -0.185949
v -0.120917 0.110000 -0.189524
v -0.121600 -0.110000 -0.189400
v -0.121048 -0.106350 -0.185790
v -0.120554 -0.103080 -0.182557
v -0.120089 -0.100000 -0.179511
v -0.119623 -0.096920 -0.176466
v -0.119129 -0.093650 -0.173232
v -0.118577 -0.090000 -0.169622
v -0.118577 0.090000 -0.169622
v -0.119129 0.093650 -0.173232
v -0.119623 0.096920 -0.176466
v -0.120089 0.100000 -0.179511
v -0.120554 0.103080 -0.182557
v -0.121048 0.106350 -0.185790
v -0.121600 0.110000 -0.189400
v -0.122256 -0.110000 -0.189318
v -0.121897 -0.106350 -0.185684
v -0.121576 -0.103080 -0.182429
v -0.121274 -0.100000 -0.179363
v -0.120971 -0.096920 -0.176297
v -0.120650 -0.093650 -0.173042
v -0.120292 -0.090000 -0.169408
v -0.120292 0.090000 -0.169408
v -0.120650 0.093650 -0.173042
v -0.120971 0.096920 -0.176297
v -0.121274 0.100000 -0.179363
v -0.121576 0.103080 -0.182429
v -0.121897 0.106350 -0.185684
v -0.122256 0.110000 -0.189318
v -0.122889 -0.110000 -0.189272
v -0.122728 -0.106350 -0.185624
v -0.122584 -0.103080 -0.182356
v -0.122448 -0.100000 -0.179278
v -0.122312 -0.096920 -0.176200
v -0.122168 -0.093650 -0.172932
v -0.122007 -0.090000 -0.169284
v -0.122007 0.090000 -0.169284
v -0.122168 0.093650 -0.172932
v -0.122312 0.096920 -0.176200
v -0.122448 0.100000 -0.179278
v -0.122584 0.103080 -0.182356
v -0.122728 0.106350 -0.185624
v -0.122889 0.110000 -0.189272
v -0.123500 -0.110000 -0.189263
v -0.123553 -0.106350 -0.185611
v -0.123600 -0.103080 -0.182340
v -0.123644 -0.100000 -0.179259
v -0.123689 -0.096920 -0.176178
v -0.123736 -0.093650 -0.172907
v -0.123789 -0.090000 -0.169255
v -0.123789 0.090000 -0.169255
v -0.123736 0.093650 -0.172907
v -0.123689 0.096920 -0.176178
v -0.123644 0.100000 -0.179259
v -0.123600 0.103080 -0.182340
v -0.123553 0.106350 -0.185611
v -0.123500 0.110000 -0.189263
v -0.124089 -0.110000 -0.189289
v -0.124371 -0.106350 -0.185647
v -0.124624 -0.103080 -0.182386
v -0.124862 -0.100000 -0.179313
v -0.125100 -0.096920 -0.176241
v -0.125352 -0.093650 -0.172980
v -0.125634 -0.090000 -0.169338
v -0.125634 0.090000 -0.169338
v -0.125352 0.093650 -0.172980
v -0.125100 0.096920 -0.176241
v -0.124862 0.100000 -0.179313
v -0.124624 0.103080 -0.182386
v -0.124371 0.106350 -0.185647
v -0.124089 0.110000 -0.189289
v -0.124656 -0.110000 -0.189351
v -0.125182 -0.106350 -0.185737
v -0.125653 -0.103080 -0.182499
v -0.126097 -0.100000 -0.179450
v -0.126540 -0.096920 -0.176400
v -0.127012 -0.093650 -0.173163
v -0.127538 -0.090000 -0.169548
v -0.127538 0.090000 -0.169548
v -0.127012 0.093650 -0.173163
v -0.126540 0.096920 -0.176400
v -0.126097 0.100000 -0.179450
v -0.125653 0.103080 -0.182499
v -0.125182 0.106350 -0.185737
v -0.124656 0.110000 -0.189351
v -0.125200 -0.110000 -0.189450
v -0.125982 -0.106350 -0.185882
v -0.126683 -0.103080 -0.182686
v -0.127343 -0.100000 -0.179675
v -0.128003 -0.096920 -0.176665
v -0.128704 -0.093650 -0.173469
v -0.129486 -0.090000 -0.169901
v -0.129486 0.090000 -0.169901
v -0.128704 0.093650 -0.173469
v -0.128003 0.096920 -0.176665
v -0.127343 0.100000 -0.179675
v -0.126683 0.103080 -0.182686
v -0.125982 0.106350 -0.185882
v -0.125200 0.110000 -0.189450
v -0.125722 -0.110000 -0.189585
v -0.126770 -0.106350 -0.186085
v -0.127708 -0.103080 -0.182950
v -0.128592 -0.100000 -0.179998
v -0.129476 -0.096920 -0.177045
v -0.130414 -0.093650 -0.173910
v -0.131462 -0.090000 -0.170411
v -0.131462 0.090000 -0.170411
v -0.130414 0.093650 -0.173910
v -0.129476 0.096920 -0.177045
v -0.128592 0.100000 -0.179998
v -0.127708 0.103080 -0.182950
v -0.126770 0.106350 -0.186085
v -0.125722 0.110000 -0.189585
v -0.126222 -0.110000 -0.189756
v -0.127540 -0.106350 -0.186348
v -0.128720 -0.103080 -0.183296
v -0.129832 -0.100000 -0.180421
v -0.130943 -0.096920 -0.177547
v -0.132124 -0.093650 -0.174494
v -0.133441 -0.090000 -0.171087
v -0.133441 0.090000 -0.171087
v -0.132124 0.093650 -0.174494
v -0.130943 0.096920 -0.177547
v -0.129832 0.100000 -0.180421
v -0.128720 0.103080 -0.183296
v -0.127540 0.106350 -0.186348
v -0.126222 0.110000 -0.189756
v -0.126700 -0.110000 -0.189963
v -0.128287 -0.106350 -0.186672
v -0.129709 -0.103080 -0.183724
v -0.131048 -0.100000 -0.180948
v -0.132387 -0.096920 -0.178172
v -0.133809 -0.093650 -0.175224
v -0.135396 -0.090000 -0.171934
v -0.135396 0.090000 -0.171934
v -0.133809 0.093650 -0.175224
v -0.132387 0.096920 -0.178172
v -0.131048 0.100000 -0.180948
v -0.129709 0.103080 -0.183724
v -0.128287 0.106350 -0.186672
v -0.126700 0.110000 -0.189963
v -0.127156 -0.110000 -0.190206
v -0.129006 -0.106350 -0.187056
v -0.130664 -0.103080 -0.184234
v -0.132226 -0.100000 -0.181576
v -0.133787 -0.096920 -0.178919
v -0.135445 -0.093650 -0.176097
v -0.137296 -0.090000 -0.172947
v -0.137296 0.090000 -0.172947
v -0.135445 0.093650 -0.176097
v -0.133787 0.096920 -0.178919
v -0.132226 0.100000 -0.181576
v -0.130664 0.103080 -0.184234
v -0.129006 0.106350 -0.187056
v -0.127156 0.110000 -0.190206
v -0.127589 -0.110000 -0.190485
v -0.129692 -0.106350 -0.187497
v -0.131575 -0.103080 -0.184821
v -0.133349 -0.100000 -0.182300
v -0.135123 -0.096920 -0.179780
v -0.137007 -0.093650 -0.177103
v -0.139110 -0.090000 -0.174116
v -0.139110 0.090000 -0.174116
v -0.137007 0.093650 -0.177103
v -0.135123 0.096920 -0.179780
v -0.133349 0.100000 -0.182300
v -0.131575 0.103080 -0.184821
v -0.129692 0.106350 -0.187497
v -0.127589 0.110000 -0.190485
v -0.128000 -0.110000 -0.190800
v -0.130338 -0.106350 -0.187993
v -0.132433 -0.103080 -0.185478
v -0.134405 -0.100000 -0.183110
v -0.136378 -0.096920 -0.180742
v -0.138472 -0.093650 -0.178227
v -0.140810 -0.090000 -0.175420
v -0.140810 0.090000 -0.175420
v -0.138472 0.093650 -0.178227
v -0.136378 0.096920 -0.180742
v -0.134405 0.100000 -0.183110
v -0.132433 0.103080 -0.185478
v -0.130338 0.106350 -0.187993
v -0.128000 0.110000 -0.190800
v -0.128389 -0.110000 -0.191151
v -0.130942 -0.106350 -0.188539
v -0.133229 -0.103080 -0.186198
v -0.135383 -0.100000 -0.183994
v -0.137538 -0.096920 -0.181790
v -0.139825 -0.093650 -0.179449
v -0.142378 -0.090000 -0.176837
v -0.142378 0.090000 -0.176837
v -0.139825 0.093650 -0.179449
v -0.137538 0.096920 -0.181790
v -0.135383 0.100000 -0.183994
v -0.133229 0.103080 -0.186198
v -0.130942 0.106350 -0.188539
v -0.128389 0.110000 -0.191151
v -0.128756 -0.110000 -0.191539
v -0.131501 -0.106350 -0.189130
v -0.133961 -0.103080 -0.186971
v -0.136277 -0.100000 -0.184939
v -0.138594 -0.096920 -0.182906
v -0.141053 -0.093650 -0.180748
v -0.143799 -0.090000 -0.178338
v -0.143799 0.090000 -0.178338
v -0.141053 0.093650 -0.180748
v -0.138594 0.096920 -0.182906
v -0.136277 0.100000 -0.184939
v -0.133961 0.103080 -0.186971
v -0.131501 0.106350 -0.189130
v -0.128756 0.110000 -0.191539
v -0.129100 -0.110000 -0.191963
v -0.132014 -0.106350 -0.189761
v -0.134625 -0.103080 -0.187788
v -0.137084 -0.100000 -0.185931
v -0.139543 -0.096920 -0.184073
v -0.142153 -0.093650 -0.182101
v -0.145068 -0.090000 -0.179899
v -0.145068 0.090000 -0.179899
v -0.142153 0.093650 -0.182101
v -0.139543 0.096920 -0.184073
v -0.137084 0.100000 -0.185931
v -0.134625 0.103080 -0.187788
v -0.132014 0.106350 -0.189761
v -0.129100 0.110000 -0.191963
v -0.129422 -0.110000 -0.192422
v -0.132482 -0.106350 -0.190427
v -0.135223 -0.103080 -0.188641
v -0.137804 -0.100000 -0.186958
v -0.140385 -0.096920 -0.185275
v -0.143126 -0.093650 -0.183488
v -0.146186 -0.090000 -0.181494
v -0.146186 0.090000 -0.181494
v -0.143126 0.093650 -0.183488
v -0.140385 0.096920 -0.185275
v -0.137804 0.100000 -0.186958
v -0.135223 0.103080 -0.188641
v -0.132482 0.106350 -0.190427
v -0.129422 0.110000 -0.192422
v -0.129722 -0.110000 -0.192918
v -0.132905 -0.106350 -0.191127
v -0.135756 -0.103080 -0.189522
v -0.138441 -0.100000 -0.188010
v -0.141126 -0.096920 -0.186499
v -0.143977 -0.093650 -0.184894
v -0.147159 -0.090000 -0.183103
v -0.147159 0.090000 -0.183103
v -0.143977 0.093650 -0.184894
v -0.141126 0.096920 -0.186499
v -0.138441 0.100000 -0.188010
v -0.135756 0.103080 -0.189522
v -0.132905 0.106350 -0.191127
v -0.129722 0.110000 -0.192918
v -0.130000 -0.110000 -0.193450
v -0.133285 -0.106350 -0.191855
v -0.136228 -0.103080 -0.190426
v -0.139000 -0.100000 -0.189081
v -0.141771 -0.096920 -0.187735
v -0.144714 -0.093650 -0.186306
v -0.147999 -0.090000 -0.184711
v -0.147999 0.090000 -0.184711
v -0.144714 0.093650 -0.186306
v -0.141771 0.096920 -0.187735
v -0.139000 0.100000 -0.189081
v -0.136228 0.103080 -0.190426
v -0.133285 0.106350 -0.191855
v -0.130000 0.110000 -0.193450
v -0.130256 -0.110000 -0.194018
v -0.133625 -0.106350 -0.192611
v -0.136644 -0.103080 -0.191350
v -0.139486 -0.100000 -0.190163
v -0.142329 -0.096920 -0.188975
v -0.145348 -0.093650 -0.187714
v -0.148717 -0.090000 -0.186307
v -0.148717 0.090000 -0.186307
v -0.145348 0.093650 -0.187714
v -0.142329 0.096920 -0.188975
v -0.139486 0.100000 -0.190163
v -0.136644 0.103080 -0.191350
v -0.133625 0.106350 -0.192611
v -0.130256 0.110000 -0.194018
v -0.130489 -0.110000 -0.194622
v -0.133927 -0.106350 -0.193392
v -0.137007 -0.103080 -0.192291
v -0.139908 -0.100000 -0.191253
v -0.142808 -0.096920 -0.190216
v -0.145888 -0.093650 -0.189114
v -0.149326 -0.090000 -0.187884
v -0.149326 0.090000 -0.187884
v -0.145888 0.093650 -0.189114
v -0.142808 0.096920 -0.190216
v -0.139908 0.100000 -0.191253
v -0.137007 0.103080 -0.192291
v -0.133927 0.106350 -0.193392
v -0.130489 0.110000 -0.194622
v -0.130700 -0.110000 -0.195263
v -0.134193 -0.106350 -0.194199
v -0.137322 -0.103080 -0.193247
v -0.140269 -0.100000 -0.192350
v -0.143216 -0.096920 -0.191454
v -0.146346 -0.093650 -0.190501
v -0.149839 -0.090000 -0.189438
v -0.149839 0.090000 -0.189438
v -0.146346 0.093650 -0.190501
v -0.143216 0.096920 -0.191454
v -0.140269 0.100000 -0.192350
v -0.137322 0.103080 -0.193247
v -0.134193 0.106350 -0.194199
v -0.130700 0.110000 -0.195263
v -0.130889 -0.110000 -0.195939
v -0.134426 -0.106350 -0.195032
v -0.137594 -0.103080 -0.194219
v -0.140578 -0.100000 -0.193454
v -0.143561 -0.096920 -0.192689
v -0.146729 -0.093650 -0.191876
v -0.150266 -0.090000 -0.190969
v -0.150266 0.090000 -0.190969
v -0.146729 0.093650 -0.191876
v -0.143561 0.096920 -0.192689
v -0.140578 0.100000 -0.193454
v -0.137594 0.103080 -0.194219
v -0.134426 0.106350 -0.195032
v -0.130889 0.110000 -0.195939
v -0.131056 -0.110000 -0.196651
v -0.134626 -0.106350 -0.195890
v -0.137825 -0.103080 -0.195207
v -0.140837 -0.100000 -0.194564
v -0.143850 -0.096920 -0.193922
v -0.147048 -0.093650 -0.193239
v -0.150619 -0.090000 -0.192477
v -0.150619 0.090000 -0.192477
v -0.147048 0.093650 -0.193239
v -0.143850 0.096920 -0.193922
v -0.140837 0.100000 -0.194564
v -0.137825 0.103080 -0.195207
v -0.134626 0.106350 -0.195890
v -0.131056 0.110000 -0.196651
v -0.131200 -0.110000 -0.197400
v -0.134794 -0.106350 -0.196759
v -0.138013 -0.103080 -0.196184
v -0.141045 -0.100000 -0.195643
v -0.144078 -0.096920 -0.195102
v -0.147297 -0.093650 -0.194528
v -0.150891 -0.090000 -0.193886
v -0.150891 0.090000 -0.193886
v -0.147297 0.093650 -0.194528
v -0.144078 0.096920 -0.195102
v -0.141045 0.100000 -0.195643
v -0.138013 0.103080 -0.196184
v -0.134794 0.106350 -0.196759
v -0.131200 0.110000 -0.197400
v -0.131328 -0.110000 -0.198179
v -0.134936 -0.106350 -0.197622
v -0.138167 -0.103080 -0.197122
v -0.141211 -0.100000 -0.196652
v -0.144255 -0.096920 -0.196182
v -0.147486 -0.093650 -0.195682
v -0.151094 -0.090000 -0.195125
v -0.151094 0.090000 -0.195125
v -0.147486 0.093650 -0.195682
v -0.144255 0.096920 -0.196182
v -0.141211 0.100000 -0.196652
v -0.138167 0.103080 -0.197122
v -0.134936 0.106350 -0.197622
v -0.131328 0.110000 -0.198179
v -0.131444 -0.110000 -0.198983
v -0.135062 -0.106350 -0.198491
v -0.138302 -0.103080 -0.198050
v -0.141353 -0.100000 -0.197634
v -0.144405 -0.096920 -0.197218
v -0.147645 -0.093650 -0.196777
v -0.151262 -0.090000 -0.196285
v -0.151262 0.090000 -0.196285
v -0.147645 0.093650 -0.196777
v -0.144405 0.096920 -0.197218
v -0.141353 0.100000 -0.197634
v -0.138302 0.103080 -0.198050
v -0.135062 0.106350 -0.198491
v -0.131444 0.110000 -0.198983
v -0.131550 -0.110000 -0.199813
v -0.135175 -0.106350 -0.199381
v -0.138422 -0.103080 -0.198995
v -0.141480 -0.100000 -0.198632
v -0.144539 -0.096920 -0.198268
v -0.147786 -0.093650 -0.197882
v -0.151411 -0.090000 -0.197450
v -0.151411 0.090000 -0.197450
v -0.147786 0.093650 -0.197882
v -0.144539 0.096920 -0.198268
v -0.141480 0.100000 -0.198632
v -0.138422 0.103080 -0.198995
v -0.135175 0.106350 -0.199381
v -0.131550 0.110000 -0.199813
v -0.131644 -0.110000 -0.200667
v -0.135276 -0.106350 -0.200294
v -0.138529 -0.103080 -0.199960
v -0.141592 -0.100000 -0.199645
v -0.144656 -0.096920 -0.199331
v -0.147909 -0.093650 -0.198997
v -0.151540 -0.090000 -0.198624
v -0.151540 0.090000 -0.198624
v -0.147909 0.093650 -0.198997
v -0.144656 0.096920 -0.199331
v -0.141592 0.100000 -0.199645
v -0.138529 0.103080 -0.199960
v -0.135276 0.106350 -0.200294
v -0.131644 0.110000 -0.200667
v -0.131728 -0.110000 -0.201546
v -0.135364 -0.106350 -0.201228
v -0.138622 -0.103080 -0.200944
v -0.141690 -0.100000 -0.200676
v -0.144758 -0.096920 -0.200408
v -0.148016 -0.093650 -0.200123
v -0.151652 -0.090000 -0.199806
v -0.151652 0.090000 -0.199806
v -0.148016 0.093650 -0.200123
v -0.144758 0.096920 -0.200408
v -0.141690 0.100000 -0.200676
v -0.138622 0.103080 -0.200944
v -0.135364 0.106350 -0.201228
v -0.131728 0.110000 -0.201546
v -0.131800 -0.110000 -0.202450
v -0.135441 -0.106350 -0.202185
v -0.138702 -0.103080 -0.201947
v -0.141774 -0.100000 -0.201724
v -0.144845 -0.096920 -0.201500
v -0.148107 -0.093650 -0.201263
v -0.151748 -0.090000 -0.200997
v -0.151748 0.090000 -0.200997
v -0.148107 0.093650 -0.201263
v -0.144845 0.096920 -0.201500
v -0.141774 0.100000 -0.201724
v -0.138702 0.103080 -0.201947
v -0.135441 0.106350 -0.202185
v -0.131800 0.110000 -0.202450
v -0.131861 -0.110000 -0.203379
v -0.135505 -0.106350 -0.203164
v -0.138770 -0.103080 -0.202971
v -0.141844 -0.100000 -0.202789
v -0.144918 -0.096920 -0.202608
v -0.148183 -0.093650 -0.202415
v -0.151827 -0.090000 -0.202200
v -0.151827 0.090000 -0.202200
v -0.148183 0.093650 -0.202415
v -0.144918 0.096920 -0.202608
v -0.141844 0.100000 -0.202789
v -0.138770 0.103080 -0.202971
v -0.135505 0.106350 -0.203164
v -0.131861 0.110000 -0.203379
v -0.131911 -0.110000 -0.204333
v -0.135558 -0.106350 -0.204165
v -0.138824 -0.103080 -0.204015
v -0.141901 -0.100000 -0.203873
v -0.144977 -0.096920 -0.203732
v -0.148244 -0.093650 -0.203581
v -0.151890 -0.090000 -0.203413
v -0.151890 0.090000 -0.203413
v -0.148244 0.093650 -0.203581
v -0.144977 0.096920 -0.203732
v -0.141901 0.100000 -0.203873
v -0.138824 0.103080 -0.204015
v -0.135558 0.106350 -0.204165
v -0.131911 0.110000 -0.204333
v -0.131950 -0.110000 -0.205313
v -0.135598 -0.106350 -0.205190
v -0.138867 -0.103080 -0.205080
v -0.141944 -0.100000 -0.204976
v -0.145022 -0.096920 -0.204872
v -0.148291 -0.093650 -0.204762
v -0.151939 -0.090000 -0.204639
v -0.151939 0.090000 -0.204639
v -0.148291 0.093650 -0.204762
v -0.145022 0.096920 -0.204872
v -0.141944 0.100000 -0.204976
v -0.138867 0.103080 -0.205080
v -0.135598 0.106350 -0.205190
v -0.131950 0.110000 -0.205313
v -0.131978 -0.110000 -0.206317
v -0.135627 -0.106350 -0.206237
v -0.138897 -0.103080 -0.206165
v -0.141976 -0.100000 -0.206097
v -0.145054 -0.096920 -0.206030
v -0.148324 -0.093650 -0.205958
v -0.151973 -0.090000 -0.205878
v -0.151973 0.090000 -0.205878
v -0.148324 0.093650 -0.205958
v -0.145054 0.096920 -0.206030
v -0.141976 0.100000 -0.206097
v -0.138897 0.103080 -0.206165
v -0.135627 0.106350 -0.206237
v -0.131978 0.110000 -0.206317
v -0.131994 -0.110000 -0.207346
v -0.135645 -0.106350 -0.207307
v -0.138914 -0.103080 -0.207272
v -0.141994 -0.100000 -0.207238
v -0.145074 -0.096920 -0.207205
v -0.148343 -0.093650 -0.207170
v -0.151994 -0.090000 -0.207131
v -0.151994 0.090000 -0.207131
v -0.148343 0.093650 -0.207170
v -0.145074 0.096920 -0.207205
v -0.141994 0.100000 -0.207238
v -0.138914 0.103080 -0.207272
v -0.135645 0.106350 -0.207307
v -0.131994 0.110000 -0.207346
v -0.132000 -0.110000 -0.208400
v -0.135650 -0.106350 -0.208396
v -0.138920 -0.103080 -0.208393
v -0.142000 -0.100000 -0.208390
v -0.145080 -0.096920 -0.208387
v -0.148350 -0.093650 -0.208383
v -0.152000 -0.090000 -0.208379
v -0.152000 0.090000 -0.208379
v -0.148350 0.093650 -0.208383
v -0.145080 0.096920 -0.208387
v -0.142000 0.100000 -0.208390
v -0.138920 0.103080 -0.208393
v -0.135650 0.106350 -0.208396
v -0.132000 0.110000 -0.208400
v -0.131997 -0.110000 -0.209257
v -0.135648 -0.106350 -0.209281
v -0.138917 -0.103080 -0.209303
v -0.141997 -0.100000 -0.209323
v -0.145077 -0.096920 -0.209343
v -0.148347 -0.093650 -0.209365
v -0.151997 -0.090000 -0.209389
v -0.151997 0.090000 -0.209389
v -0.148347 0.093650 -0.209365
v -0.145077 0.096920 -0.209343
v -0.141997 0.100000 -0.209323
v -0.138917 0.103080 -0.209303
v -0.135648 0.106350 -0.209281
v -0.131997 0.110000 -0.209257
v -0.131989 -0.110000 -0.210094
v -0.135639 -0.106350 -0.210144
v -0.138909 -0.103080 -0.210188
v -0.141988 -0.100000 -0.210229
v -0.145067 -0.096920 -0.210271
v -0.148337 -0.093650 -0.210315
v -0.151987 -0.090000 -0.210364
v -0.151987 0.090000 -0.210364
v -0.148337 0.093650 -0.210315
v -0.145067 0.096920 -0.210271
v -0.141988 0.100000 -0.210229
v -0.138909 0.103080 -0.210188
v -0.135639 0.106350 -0.210144
v -0.131989 0.110000 -0.210094
v -0.131975 -0.110000 -0.210913
v -0.135625 -0.106350 -0.210988
v -0.138894 -0.103080 -0.211055
v -0.141973 -0.100000 -0.211119
v -0.145052 -0.096920 -0.211183
v -0.148321 -0.093650 -0.211250
v -0.151971 -0.090000 -0.211326
v -0.151971 0.090000 -0.211326
v -0.148321 0.093650 -0.211250
v -0.145052 0.096920 -0.211183
v -0.141973 0.100000 -0.211119
v -0.138894 0.103080 -0.211055
v -0.135625 0.106350 -0.210988
v -0.131975 0.110000 -0.210913
v -0.131956 -0.110000 -0.211711
v -0.135605 -0.106350 -0.211814
v -0.138873 -0.103080 -0.211906
v -0.141952 -0.100000 -0.211993
v -0.145030 -0.096920 -0.212080
v -0.148299 -0.093650 -0.212172
v -0.151948 -0.090000 -0.212275
v -0.151948 0.090000 -0.212275
v -0.148299 0.093650 -0.212172
v -0.145030 0.096920 -0.212080
v -0.141952 0.100000 -0.211993
v -0.138873 0.103080 -0.211906
v -0.135605 0.106350 -0.211814
v -0.131956 0.110000 -0.211711
v -0.131931 -0.110000 -0.212490
v -0.135579 -0.106350 -0.212622
v -0.138846 -0.103080 -0.212740
v -0.141924 -0.100000 -0.212852
v -0.145002 -0.096920 -0.212963
v -0.148270 -0.093650 -0.213081
v -0.151918 -0.090000 -0.213213
v -0.151918 0.090000 -0.213213
v -0.148270 0.093650 -0.213081
v -0.145002 0.096920 -0.212963
v -0.141924 0.100000 -0.212852
v -0.138846 0.103080 -0.212740
v -0.135579 0.106350 -0.212622
v -0.131931 0.110000 -0.212490
v -0.131900 -0.110000 -0.213250
v -0.135547 -0.106350 -0.213412
v -0.138814 -0.103080 -0.213558
v -0.141890 -0.100000 -0.213695
v -0.144967 -0.096920 -0.213831
v -0.148234 -0.093650 -0.213977
v -0.151880 -0.090000 -0.214139
v -0.151880 0.090000 -0.214139
v -0.148234 0.093650 -0.213977
v -0.144967 0.096920 -0.213831
v -0.141890 0.100000 -0.213695
v -0.138814 0.103080 -0.213558
v -0.135547 0.106350 -0.213412
v -0.131900 0.110000 -0.213250
v -0.131864 -0.110000 -0.213990
v -0.135509 -0.106350 -0.214185
v -0.138774 -0.103080 -0.214359
v -0.141850 -0.100000 -0.214522
v -0.144925 -0.096920 -0.214686
v -0.148190 -0.093650 -0.214860
v -0.151836 -0.090000 -0.215055
v -0.151836 0.090000 -0.215055
v -0.148190 0.093650 -0.214860
v -0.144925 0.096920 -0.214686
v -0.141850 0.100000 -0.214522
v -0.138774 0.103080 -0.214359
v -0.135509 0.106350 -0.214185
v -0.131864 0.110000 -0.213990
v -0.131822 -0.110000 -0.214711
v -0.135466 -0.106350 -0.214939
v -0.138729 -0.103080 -0.215143
v -0.141803 -0.100000 -0.215336
v -0.144877 -0.096920 -0.215528
v -0.148140 -0.093650 -0.215732
v -0.151783 -0.090000 -0.215960
v -0.151783 0.090000 -0.215960
v -0.148140 0.093650 -0.215732
v -0.144877 0.096920 -0.215528
v -0.141803 0.100000 -0.215336
v -0.138729 0.103080 -0.215143
v -0.135466 0.106350 -0.214939
v -0.131822 0.110000 -0.214711
v -0.131775 -0.110000 -0.215413
v -0.135416 -0.106350 -0.215676
v -0.138677 -0.103080 -0.215912
v -0.141749 -0.100000 -0.216134
v -0.144821 -0.096920 -0.216356
v -0.148082 -0.093650 -0.216592
v -0.151723 -0.090000 -0.216856
v -0.151723 0.090000 -0.216856
v -0.148082 0.093650 -0.216592
v -0.144821 0.096920 -0.216356
v -0.141749 0.100000 -0.216134
v -0.138677 0.103080 -0.215912
v -0.135416 0.106350 -0.215676
v -0.131775 0.110000 -0.215413
v -0.131722 -0.110000 -0.216094
v -0.135360 -0.106350 -0.216395
v -0.138619 -0.103080 -0.216665
v -0.141688 -0.100000 -0.216919
v -0.144758 -0.096920 -0.217173
v -0.148016 -0.093650 -0.217442
v -0.151654 -0.090000 -0.217743
v -0.151654 0.090000 -0.217743
v -0.148016 0.093650 -0.217442
v -0.144758 0.096920 -0.217173
v -0.141688 0.100000 -0.216919
v -0.138619 0.103080 -0.216665
v -0.135360 0.106350 -0.216395
v -0.131722 0.110000 -0.216094
v -0.131664 -0.110000 -0.216757
v -0.135298 -0.106350 -0.217098
v -0.138554 -0.103080 -0.217403
v -0.141620 -0.100000 -0.217690
v -0.144687 -0.096920 -0.217977
v -0.147942 -0.093650 -0.218282
v -0.151577 -0.090000 -0.218623
v -0.151577 0.090000 -0.218623
v -0.147942 0.093650 -0.218282
v -0.144687 0.096920 -0.217977
v -0.141620 0.100000 -0.217690
v -0.138554 0.103080 -0.217403
v -0.135298 0.106350 -0.217098
v -0.131664 0.110000 -0.216757
v -0.131600 -0.110000 -0.217400
v -0.135230 -0.106350 -0.217790
v -0.138481 -0.103080 -0.218139
v -0.141543 -0.100000 -0.218467
v -0.144605 -0.096920 -0.218796
v -0.147857 -0.093650 -0.219145
v -0.151486 -0.090000 -0.219534
v -0.151486 0.090000 -0.219534
v -0.147857 0.093650 -0.219145
v -0.144605 0.096920 -0.218796
v -0.141543 0.100000 -0.218467
v -0.138481 0.103080 -0.218139
v -0.135230 0.106350 -0.217790
v -0.131600 0.110000 -0.217400
v -0.131528 -0.110000 -0.218026
v -0.135150 -0.106350 -0.218482
v -0.138394 -0.103080 -0.218889
v -0.141450 -0.100000 -0.219273
v -0.144506 -0.096920 -0.219657
v -0.147751 -0.093650 -0.220065
v -0.151373 -0.090000 -0.220520
v -0.151373 0.090000 -0.220520
v -0.147751 0.093650 -0.220065
v -0.144506 0.096920 -0.219657
v -0.141450 0.100000 -0.219273
v -0.138394 0.103080 -0.218889
v -0.135150 0.106350 -0.218482
v -0.131528 0.110000 -0.218026
v -0.131444 -0.110000 -0.218639
v -0.135056 -0.106350 -0.219169
v -0.138292 -0.103080 -0.219645
v -0.141339 -0.100000 -0.220092
v -0.144386 -0.096920 -0.220540
v -0.147621 -0.093650 -0.221015
v -0.151233 -0.090000 -0.221546
v -0.151233 0.090000 -0.221546
v -0.147621 0.093650 -0.221015
v -0.144386 0.096920 -0.220540
v -0.141339 0.100000 -0.220092
v -0.138292 0.103080 -0.219645
v -0.135056 0.106350 -0.219169
v -0.131444 0.110000 -0.218639
v -0.131350 -0.110000 -0.219238
v -0.134950 -0.106350 -0.219846
v -0.138174 -0.103080 -0.220392
v -0.141211 -0.100000 -0.220905
v -0.144247 -0.096920 -0.221419
v -0.147472 -0.093650 -0.221964
v -0.151071 -0.090000 -0.222573
v -0.151071 0.090000 -0.222573
v -0.147472 0.093650 -0.221964
v -0.144247 0.096920 -0.221419
v -0.141211 0.100000 -0.220905
v -0.138174 0.103080 -0.220392
v -0.134950 0.106350 -0.219846
v -0.131350 0.110000 -0.219238
v -0.131244 -0.110000 -0.219822
v -0.134829 -0.106350 -0.220512
v -0.138041 -0.103080 -0.221130
v -0.141065 -0.100000 -0.221712
v -0.144089 -0.096920 -0.222294
v -0.147301 -0.093650 -0.222912
v -0.150885 -0.090000 -0.223602
v -0.150885 0.090000 -0.223602
v -0.147301 0.093650 -0.222912
v -0.144089 0.096920 -0.222294
v -0.141065 0.100000 -0.221712
v -0.138041 0.103080 -0.221130
v -0.134829 0.106350 -0.220512
v -0.131244 0.110000 -0.219822
v -0.131128 -0.110000 -0.220393
v -0.134696 -0.106350 -0.221167
v -0.137891 -0.103080 -0.221860
v -0.140901 -0.100000 -0.222513
v -0.143911 -0.096920 -0.223165
v -0.147107 -0.093650 -0.223858
v -0.150675 -0.090000 -0.224632
v -0.150675 0.090000 -0.224632
v -0.147107 0.093650 -0.223858
v -0.143911 0.096920 -0.223165
v -0.140901 0.100000 -0.222513
v -0.137891 0.103080 -0.221860
v -0.134696 0.106350 -0.221167
v -0.131128 0.110000 -0.220393
v -0.131000 -0.110000 -0.220950
v -0.134548 -0.106350 -0.221811
v -0.137726 -0.103080 -0.222581
v -0.140719 -0.100000 -0.223307
v -0.143712 -0.096920 -0.224033
v -0.146890 -0.093650 -0.224804
v -0.150438 -0.090000 -0.225665
v -0.150438 0.090000 -0.225665
v -0.146890 0.093650 -0.224804
v -0.143712 0.096920 -0.224033
v -0.140719 0.100000 -0.223307
v -0.137726 0.103080 -0.222581
v -0.134548 0.106350 -0.221811
v -0.131000 0.110000 -0.220950
v -0.130861 -0.110000 -0.221493
v -0.134386 -0.106350 -0.222443
v -0.137543 -0.103080 -0.223294
v -0.140517 -0.100000 -0.224096
v -0.143491 -0.096920 -0.224898
v -0.146649 -0.093650 -0.225749
v -0.150173 -0.090000 -0.226699
v -0.150173 0.090000 -0.226699
v -0.146649 0.093650 -0.225749
v -0.143491 0.096920 -0.224898
v -0.140517 0.100000 -0.224096
v -0.137543 0.103080 -0.223294
v -0.134386 0.106350 -0.222443
v -0.130861 0.110000 -0.221493
v -0.130711 -0.110000 -0.222022
v -0.134210 -0.106350 -0.223065
v -0.137344 -0.103080 -0.223999
v -0.140295 -0.100000 -0.224878
v -0.143247 -0.096920 -0.225758
v -0.146381 -0.093650 -0.226692
v -0.149880 -0.090000 -0.227735
v -0.149880 0.090000 -0.227735
v -0.146381 0.093650 -0.226692
v -0.143247 0.096920 -0.225758
v -0.140295 0.100000 -0.224878
v -0.137344 0.103080 -0.223999
v -0.134210 0.106350 -0.223065
v -0.130711 0.110000 -0.222022
v -0.130550 -0.110000 -0.222538
v -0.134019 -0.106350 -0.223675
v -0.137126 -0.103080 -0.224695
v -0.140053 -0.100000 -0.225655
v -0.142979 -0.096920 -0.226614
v -0.146087 -0.093650 -0.227634
v -0.149556 -0.090000 -0.228772
v -0.149556 0.090000 -0.228772
v -0.146087 0.093650 -0.227634
v -0.142979 0.096920 -0.226614
v -0.140053 0.100000 -0.225655
v -0.137126 0.103080 -0.224695
v -0.134019 0.106350 -0.223675
v -0.130550 0.110000 -0.222538
v -0.130378 -0.110000 -0.223039
v -0.133813 -0.106350 -0.224275
v -0.136890 -0.103080 -0.225381
v -0.139789 -0.100000 -0.226424
v -0.142687 -0.096920 -0.227466
v -0.145764 -0.093650 -0.228573
v -0.149199 -0.090000 -0.229809
v -0.149199 0.090000 -0.229809
v -0.145764 0.093650 -0.228573
v -0.142687 0.096920 -0.227466
v -0.139789 0.100000 -0.226424
v -0.136890 0.103080 -0.225381
v -0.133813 0.106350 -0.224275
v -0.130378 0.110000 -0.223039
v -0.130194 -0.110000 -0.223526
v -0.133592 -0.106350 -0.224862
v -0.136635 -0.103080 -0.226059
v -0.139502 -0.100000 -0.227186
v -0.142368 -0.096920 -0.228313
v -0.145412 -0.093650 -0.229510
v -0.148809 -0.090000 -0.230846
v -0.148809 0.090000 -0.230846
v -0.145412 0.093650 -0.229510
v -0.142368 0.096920 -0.228313
v -0.139502 0.100000 -0.227186
v -0.136635 0.103080 -0.226059
v -0.133592 0.106350 -0.224862
v -0.130194 0.110000 -0.223526
v -0.130000 -0.110000 -0.224000
v -0.133358 -0.106350 -0.225432
v -0.136366 -0.103080 -0.226716
v -0.139199 -0.100000 -0.227924
v -0.142032 -0.096920 -0.229132
v -0.145040 -0.093650 -0.230416
v -0.148398 -0.090000 -0.231848
v -0.148398 0.090000 -0.231848
v -0.145040 0.093650 -0.230416
v -0.142032 0.096920 -0.229132
v -0.139199 0.100000 -0.227924
v -0.136366 0.103080 -0.226716
v -0.133358 0.106350 -0.225432
v -0.130000 0.110000 -0.224000
v -0.129796 -0.110000 -0.224461
v -0.133116 -0.106350 -0.225980
v -0.136090 -0.103080 -0.227340
v -0.138890 -0.100000 -0.228621
v -0.141691 -0.096920 -0.229902
v -0.144665 -0.093650 -0.231262
v -0.147985 -0.090000 -0.232781
v -0.147985 0.090000 -0.232781
v -0.144665 0.093650 -0.231262
v -0.141691 0.096920 -0.229902
v -0.138890 0.100000 -0.228621
v -0.136090 0.103080 -0.227340
v -0.133116 0.106350 -0.225980
v -0.129796 0.110000 -0.224461
v -0.129583 -0.110000 -0.224911
v -0.132865 -0.106350 -0.226511
v -0.135804 -0.103080 -0.227944
v -0.138572 -0.100000 -0.229294
v -0.141341 -0.096920 -0.230644
v -0.144280 -0.093650 -0.232077
v -0.147562 -0.090000 -0.233677
v -0.147562 0.090000 -0.233677
v -0.144280 0.093650 -0.232077
v -0.141341 0.096920 -0.230644
v -0.138572 0.100000 -0.229294
v -0.135804 0.103080 -0.227944
v -0.132865 0.106350 -0.226511
v -0.129583 0.110000 -0.224911
v -0.129363 -0.110000 -0.225350
v -0.132602 -0.106350 -0.227033
v -0.135505 -0.103080 -0.228540
v -0.138238 -0.100000 -0.229959
v -0.140971 -0.096920 -0.231379
v -0.143873 -0.093650 -0.232886
v -0.147113 -0.090000 -0.234568
v -0.147113 0.090000 -0.234568
v -0.143873 0.093650 -0.232886
v -0.140971 0.096920 -0.231379
v -0.138238 0.100000 -0.229959
v -0.135505 0.103080 -0.228540
v -0.132602 0.106350 -0.227033
v -0.129363 0.110000 -0.225350
v -0.129133 -0.110000 -0.225778
v -0.132329 -0.106350 -0.227544
v -0.135191 -0.103080 -0.229126
v -0.137886 -0.100000 -0.230616
v -0.140582 -0.096920 -0.232106
v -0.143444 -0.093650 -0.233688
v -0.146639 -0.090000 -0.235454
v -0.146639 0.090000 -0.235454
v -0.143444 0.093650 -0.233688
v -0.140582 0.096920 -0.232106
v -0.137886 0.100000 -0.230616
v -0.135191 0.103080 -0.229126
v -0.132329 0.106350 -0.227544
v -0.129133 0.110000 -0.225778
v -0.128896 -0.110000 -0.226194
v -0.132043 -0.106350 -0.228045
v -0.134862 -0.103080 -0.229702
v -0.137517 -0.100000 -0.231263
v -0.140172 -0.096920 -0.232824
v -0.142991 -0.093650 -0.234482
v -0.146138 -0.090000 -0.236332
v -0.146138 0.090000 -0.236332
v -0.142991 0.093650 -0.234482
v -0.140172 0.096920 -0.232824
v -0.137517 0.100000 -0.231263
v -0.134862 0.103080 -0.229702
v -0.132043 0.106350 -0.228045
v -0.128896 0.110000 -0.226194
v -0.128650 -0.110000 -0.226600
v -0.131746 -0.106350 -0.228535
v -0.134519 -0.103080 -0.230269
v -0.137130 -0.100000 -0.231901
v -0.139742 -0.096920 -0.233534
v -0.142515 -0.093650 -0.235267
v -0.145611 -0.090000 -0.237202
v -0.145611 0.090000 -0.237202
v -0.142515 0.093650 -0.235267
v -0.139742 0.096920 -0.233534
v -0.137130 0.100000 -0.231901
v -0.134519 0.103080 -0.230269
v -0.131746 0.106350 -0.228535
v -0.128650 0.110000 -0.226600
v -0.128396 -0.110000 -0.226994
v -0.131437 -0.106350 -0.229015
v -0.134161 -0.103080 -0.230824
v -0.136726 -0.100000 -0.232529
v -0.139291 -0.096920 -0.234233
v -0.142015 -0.093650 -0.236043
v -0.145056 -0.090000 -0.238063
v -0.145056 0.090000 -0.238063
v -0.142015 0.093650 -0.236043
v -0.139291 0.096920 -0.234233
v -0.136726 0.100000 -0.232529
v -0.134161 0.103080 -0.230824
v -0.131437 0.106350 -0.229015
v -0.128396 0.110000 -0.226994
v -0.128133 -0.110000 -0.227378
v -0.131116 -0.106350 -0.229483
v -0.133787 -0.103080 -0.231369
v -0.136303 -0.100000 -0.233146
v -0.138820 -0.096920 -0.234922
v -0.141491 -0.093650 -0.236808
v -0.144474 -0.090000 -0.238914
v -0.144474 0.090000 -0.238914
v -0.141491 0.093650 -0.236808
v -0.138820 0.096920 -0.234922
v -0.136303 0.100000 -0.233146
v -0.133787 0.103080 -0.231369
v -0.131116 0.106350 -0.229483
v -0.128133 0.110000 -0.227378
v -0.127863 -0.110000 -0.227750
v -0.130783 -0.106350 -0.229941
v -0.133399 -0.103080 -0.231903
v -0.135863 -0.100000 -0.233751
v -0.138327 -0.096920 -0.235599
v -0.140943 -0.093650 -0.237562
v -0.143863 -0.090000 -0.239752
v -0.143863 0.090000 -0.239752
v -0.140943 0.093650 -0.237562
v -0.138327 0.096920 -0.235599
v -0.135863 0.100000 -0.233751
v -0.133399 0.103080 -0.231903
v -0.130783 0.106350 -0.229941
v -0.127863 0.110000 -0.227750
v -0.127583 -0.110000 -0.228111
v -0.130438 -0.106350 -0.230387
v -0.132996 -0.103080 -0.232425
v -0.135404 -0.100000 -0.234344
v -0.137813 -0.096920 -0.236264
v -0.140370 -0.093650 -0.238302
v -0.143225 -0.090000 -0.240578
v -0.143225 0.090000 -0.240578
v -0.140370 0.093650 -0.238302
v -0.137813 0.096920 -0.236264
v -0.135404 0.100000 -0.234344
v -0.132996 0.103080 -0.232425
v -0.130438 0.106350 -0.230387
v -0.127583 0.110000 -0.228111
v -0.127296 -0.110000 -0.228461
v -0.130082 -0.106350 -0.230821
v -0.132577 -0.103080 -0.232934
v -0.134928 -0.100000 -0.234924
v -0.137278 -0.096920 -0.236915
v -0.139774 -0.093650 -0.239028
v -0.142560 -0.090000 -0.241388
v -0.142560 0.090000 -0.241388
v -0.139774 0.093650 -0.239028
v -0.137278 0.096920 -0.236915
v -0.134928 0.100000 -0.234924
v -0.132577 0.103080 -0.232934
v -0.130082 0.106350 -0.230821
v -0.127296 0.110000 -0.228461
v -0.127000 -0.110000 -0.228800
v -0.129718 -0.106350 -0.231237
v -0.132153 -0.103080 -0.233420
v -0.134446 -0.100000 -0.235476
v -0.136739 -0.096920 -0.237532
v -0.139174 -0.093650 -0.239715
v -0.141892 -0.090000 -0.242153
v -0.141892 0.090000 -0.242153
v -0.139174 0.093650 -0.239715
v -0.136739 0.096920 -0.237532
v -0.134446 0.100000 -0.235476
v -0.132153 0.103080 -0.233420
v -0.129718 0.106350 -0.231237
v -0.127000 0.110000 -0.228800
v -0.126693 -0.110000 -0.229133
v -0.129351 -0.106350 -0.231636
v -0.131732 -0.103080 -0.233877
v -0.133975 -0.100000 -0.235988
v -0.136217 -0.096920 -0.238100
v -0.138598 -0.093650 -0.240341
v -0.141256 -0.090000 -0.242844
v -0.141256 0.090000 -0.242844
v -0.138598 0.093650 -0.240341
v -0.136217 0.096920 -0.238100
v -0.133975 0.100000 -0.235988
v -0.131732 0.103080 -0.233877
v -0.129351 0.106350 -0.231636
v -0.126693 0.110000 -0.229133
v -0.126372 -0.110000 -0.229467
v -0.128975 -0.106350 -0.232026
v -0.131307 -0.103080 -0.234319
v -0.133504 -0.100000 -0.236478
v -0.135700 -0.096920 -0.238637
v -0.138032 -0.093650 -0.240929
v -0.140635 -0.090000 -0.243489
v -0.140635 0.090000 -0.243489
v -0.138032 0.093650 -0.240929
v -0.135700 0.096920 -0.238637
v -0.133504 0.100000 -0.236478
v -0.131307 0.103080 -0.234319
v -0.128975 0.106350 -0.232026
v -0.126372 0.110000 -0.229467
v -0.126037 -0.110000 -0.229800
v -0.128587 -0.106350 -0.232413
v -0.130871 -0.103080 -0.234753
v -0.133022 -0.100000 -0.236957
v -0.135173 -0.096920 -0.239162
v -0.137457 -0.093650 -0.241502
v -0.140006 -0.090000 -0.244115
v -0.140006 0.090000 -0.244115
v -0.137457 0.093650 -0.241502
v -0.135173 0.096920 -0.239162
v -0.133022 0.100000 -0.236957
v -0.130871 0.103080 -0.234753
v -0.128587 0.106350 -0.232413
v -0.126037 0.110000 -0.229800
v -0.125689 -0.110000 -0.230133
v -0.128186 -0.106350 -0.232796
v -0.130423 -0.103080 -0.235182
v -0.132529 -0.100000 -0.237428
v -0.134636 -0.096920 -0.239675
v -0.136873 -0.093650 -0.242060
v -0.139370 -0.090000 -0.244723
v -0.139370 0.090000 -0.244723
v -0.136873 0.093650 -0.242060
v -0.134636 0.096920 -0.239675
v -0.132529 0.100000 -0.237428
v -0.130423 0.103080 -0.235182
v -0.128186 0.106350 -0.232796
v -0.125689 0.110000 -0.230133
v -0.125326 -0.110000 -0.230467
v -0.127772 -0.106350 -0.233177
v -0.129963 -0.103080 -0.235605
v -0.132026 -0.100000 -0.237891
v -0.134090 -0.096920 -0.240177
v -0.136281 -0.093650 -0.242605
v -0.138726 -0.090000 -0.245315
v -0.138726 0.090000 -0.245315
v -0.136281 0.093650 -0.242605
v -0.134090 0.096920 -0.240177
v -0.132026 0.100000 -0.237891
v -0.129963 0.103080 -0.235605
v -0.127772 0.106350 -0.233177
v -0.125326 0.110000 -0.230467
v -0.124950 -0.110000 -0.230800
v -0.127346 -0.106350 -0.233555
v -0.129492 -0.103080 -0.236022
v -0.131513 -0.100000 -0.238346
v -0.133534 -0.096920 -0.240670
v -0.135680 -0.093650 -0.243137
v -0.138076 -0.090000 -0.245891
v -0.138076 0.090000 -0.245891
v -0.135680 0.093650 -0.243137
v -0.133534 0.096920 -0.240670
v -0.131513 0.100000 -0.238346
v -0.129492 0.103080 -0.236022
v -0.127346 0.106350 -0.233555
v -0.124950 0.110000 -0.230800
v -0.124560 -0.110000 -0.231133
v -0.126907 -0.106350 -0.233930
v -0.129009 -0.103080 -0.236434
v -0.130989 -0.100000 -0.238793
v -0.132969 -0.096920 -0.241152
v -0.135071 -0.093650 -0.243657
v -0.137418 -0.090000 -0.246453
v -0.137418 0.090000 -0.246453
v -0.135071 0.093650 -0.243657
v -0.132969 0.096920 -0.241152
v -0.130989 0.100000 -0.238793
v -0.129009 0.103080 -0.236434
v -0.126907 0.106350 -0.233930
v -0.124560 0.110000 -0.231133
v -0.124156 -0.110000 -0.231467
v -0.126455 -0.106350 -0.234302
v -0.128515 -0.103080 -0.236842
v -0.130455 -0.100000 -0.239234
v -0.132394 -0.096920 -0.241626
v -0.134454 -0.093650 -0.244166
v -0.136754 -0.090000 -0.247001
v -0.136754 0.090000 -0.247001
v -0.134454 0.093650 -0.244166
v -0.132394 0.096920 -0.241626
v -0.130455 0.100000 -0.239234
v -0.128515 0.103080 -0.236842
v -0.126455 0.106350 -0.234302
v -0.124156 0.110000 -0.231467
v -0.123737 -0.110000 -0.231800
v -0.125991 -0.106350 -0.234672
v -0.128009 -0.103080 -0.237245
v -0.129910 -0.100000 -0.239668
v -0.131811 -0.096920 -0.242091
v -0.133829 -0.093650 -0.244664
v -0.136082 -0.090000 -0.247536
v -0.136082 0.090000 -0.247536
v -0.133829 0.093650 -0.244664
v -0.131811 0.096920 -0.242091
v -0.129910 0.100000 -0.239668
v -0.128009 0.103080 -0.237245
v -0.125991 0.106350 -0.234672
v -0.123737 0.110000 -0.231800
v -0.123306 -0.110000 -0.232133
v -0.125514 -0.106350 -0.235040
v -0.127492 -0.103080 -0.237644
v -0.129355 -0.100000 -0.240097
v -0.131218 -0.096920 -0.242549
v -0.133196 -0.093650 -0.245153
v -0.135404 -0.090000 -0.248060
v -0.135404 0.090000 -0.248060
v -0.133196 0.093650 -0.245153
v -0.131218 0.096920 -0.242549
v -0.129355 0.100000 -0.240097
v -0.127492 0.103080 -0.237644
v -0.125514 0.106350 -0.235040
v -0.123306 0.110000 -0.232133
v -0.122860 -0.110000 -0.232467
v -0.125024 -0.106350 -0.235406
v -0.126963 -0.103080 -0.238040
v -0.128789 -0.100000 -0.240520
v -0.130615 -0.096920 -0.243000
v -0.132554 -0.093650 -0.245633
v -0.134718 -0.090000 -0.248573
v -0.134718 0.090000 -0.248573
v -0.132554 0.093650 -0.245633
v -0.130615 0.096920 -0.243000
v -0.128789 0.100000 -0.240520
v -0.126963 0.103080 -0.238040
v -0.125024 0.106350 -0.235406
v -0.122860 0.110000 -0.232467
v -0.122400 -0.110000 -0.232800
v -0.124456 -0.106350 -0.235819
v -0.126297 -0.103080 -0.238523
v -0.128031 -0.100000 -0.241069
v -0.129765 -0.096920 -0.243616
v -0.131606 -0.093650 -0.246320
v -0.133662 -0.090000 -0.249338
v -0.133662 0.090000 -0.249338
v -0.131606 0.093650 -0.246320
v -0.129765 0.096920 -0.243616
v -0.128031 0.100000 -0.241069
v -0.126297 0.103080 -0.238523
v -0.124456 0.106350 -0.235819
v -0.122400 0.110000 -0.232800
v 0.001600 -0.110000 -0.312000
v -0.000376 -0.106350 -0.315070
v -0.002146 -0.103080 -0.317819
v -0.003812 -0.100000 -0.320409
v -0.005479 -0.096920 -0.322998
v -0.007249 -0.093650 -0.325748
v -0.009225 -0.090000 -0.328817
v -0.009225 0.090000 -0.328817
v -0.007249 0.093650 -0.325748
v -0.005479 0.096920 -0.322998
v -0.003812 0.100000 -0.320409
v -0.002146 0.103080 -0.317819
v -0.000376 0.106350 -0.315070
v 0.001600 0.110000 -0.312000
v 0.001806 -0.110000 -0.312133
v -0.000145 -0.106350 -0.315220
v -0.001891 -0.103080 -0.317984
v -0.003537 -0.100000 -0.320588
v -0.005182 -0.096920 -0.323191
v -0.006929 -0.093650 -0.325956
v -0.008879 -0.090000 -0.329042
v -0.008879 0.090000 -0.329042
v -0.006929 0.093650 -0.325956
v -0.005182 0.096920 -0.323191
v -0.003537 0.100000 -0.320588
v -0.001891 0.103080 -0.317984
v -0.000145 0.106350 -0.315220
v 0.001806 0.110000 -0.312133
v 0.002022 -0.110000 -0.312267
v 0.000143 -0.106350 -0.315397
v -0.001540 -0.103080 -0.318200
v -0.003125 -0.100000 -0.320841
v -0.004710 -0.096920 -0.323482
v -0.006393 -0.093650 -0.326285
v -0.008272 -0.090000 -0.329415
v -0.008272 0.090000 -0.329415
v -0.006393 0.093650 -0.326285
v -0.004710 0.096920 -0.323482
v -0.003125 0.100000 -0.320841
v -0.001540 0.103080 -0.318200
v 0.000143 0.106350 -0.315397
v 0.002022 0.110000 -0.312267
v 0.002250 -0.110000 -0.312400
v 0.000438 -0.106350 -0.315569
v -0.001185 -0.103080 -0.318408
v -0.002713 -0.100000 -0.321082
v -0.004242 -0.096920 -0.323756
v -0.005865 -0.093650 -0.326595
v -0.007677 -0.090000 -0.329764
v -0.007677 0.090000 -0.329764
v -0.005865 0.093650 -0.326595
v -0.004242 0.096920 -0.323756
v -0.002713 0.100000 -0.321082
v -0.001185 0.103080 -0.318408
v 0.000438 0.106350 -0.315569
v 0.002250 0.110000 -0.312400
v 0.002489 -0.110000 -0.312533
v 0.000740 -0.106350 -0.315738
v -0.000826 -0.103080 -0.318608
v -0.002301 -0.100000 -0.321312
v -0.003777 -0.096920 -0.324015
v -0.005343 -0.093650 -0.326886
v -0.007092 -0.090000 -0.330090
v -0.007092 0.090000 -0.330090
v -0.005343 0.093650 -0.326886
v -0.003777 0.096920 -0.324015
v -0.002301 0.100000 -0.321312
v -0.000826 0.103080 -0.318608
v 0.000740 0.106350 -0.315738
v 0.002489 0.110000 -0.312533
v 0.002739 -0.110000 -0.312667
v 0.001050 -0.106350 -0.315903
v -0.000463 -0.103080 -0.318802
v -0.001888 -0.100000 -0.321532
v -0.003313 -0.096920 -0.324262
v -0.004826 -0.093650 -0.327161
v -0.006516 -0.090000 -0.330398
v -0.006516 0.090000 -0.330398
v -0.004826 0.093650 -0.327161
v -0.003313 0.096920 -0.324262
v -0.001888 0.100000 -0.321532
v -0.000463 0.103080 -0.318802
v 0.001050 0.106350 -0.315903
v 0.002739 0.110000 -0.312667
v 0.003000 -0.110000 -0.312800
v 0.001367 -0.106350 -0.316065
v -0.000096 -0.103080 -0.318990
v -0.001474 -0.100000 -0.321744
v -0.002851 -0.096920 -0.324498
v -0.004314 -0.093650 -0.327423
v -0.005947 -0.090000 -0.330688
v -0.005947 0.090000 -0.330688
v -0.004314 0.093650 -0.327423
v -0.002851 0.096920 -0.324498
v -0.001474 0.100000 -0.321744
v -0.000096 0.103080 -0.318990
v 0.001367 0.106350 -0.316065
v 0.003000 0.110000 -0.312800
v 0.003272 -0.110000 -0.312933
v 0.001692 -0.106350 -0.316224
v 0.000277 -0.103080 -0.319172
v -0.001056 -0.100000 -0.321948
v -0.002390 -0.096920 -0.324725
v -0.003805 -0.093650 -0.327672
v -0.005385 -0.090000 -0.330963
v -0.005385 0.090000 -0.330963
v -0.003805 0.093650 -0.327672
v -0.002390 0.096920 -0.324725
v -0.001056 0.100000 -0.321948
v 0.000277 0.103080 -0.319172
v 0.001692 0.106350 -0.316224
v 0.003272 0.110000 -0.312933
v 0.003556 -0.110000 -0.313067
v 0.002025 -0.106350 -0.316381
v 0.000655 -0.103080 -0.319350
v -0.000636 -0.100000 -0.322146
v -0.001927 -0.096920 -0.324942
v -0.003298 -0.093650 -0.327911
v -0.004828 -0.090000 -0.331225
v -0.004828 0.090000 -0.331225
v -0.003298 0.093650 -0.327911
v -0.001927 0.096920 -0.324942
v -0.000636 0.100000 -0.322146
v 0.000655 0.103080 -0.319350
v 0.002025 0.106350 -0.316381
v 0.003556 0.110000 -0.313067
v 0.003850 -0.110000 -0.313200
v 0.002367 -0.106350 -0.316536
v 0.001039 -0.103080 -0.319524
v -0.000213 -0.100000 -0.322338
v -0.001464 -0.096920 -0.325152
v -0.002792 -0.093650 -0.328140
v -0.004275 -0.090000 -0.331476
v -0.004275 0.090000 -0.331476
v -0.002792 0.093650 -0.328140
v -0.001464 0.096920 -0.325152
v -0.000213 0.100000 -0.322338
v 0.001039 0.103080 -0.319524
v 0.002367 0.106350 -0.316536
v 0.003850 0.110000 -0.313200
v 0.004156 -0.110000 -0.313333
v 0.002717 -0.106350 -0.316689
v 0.001429 -0.103080 -0.319694
v 0.000215 -0.100000 -0.322525
v -0.000998 -0.096920 -0.325355
v -0.002287 -0.093650 -0.328361
v -0.003725 -0.090000 -0.331716
v -0.003725 0.090000 -0.331716
v -0.002287 0.093650 -0.328361
v -0.000998 0.096920 -0.325355
v 0.000215 0.100000 -0.322525
v 0.001429 0.103080 -0.319694
v 0.002717 0.106350 -0.316689
v 0.004156 0.110000 -0.313333
v 0.004472 -0.110000 -0.313467
v 0.003076 -0.106350 -0.316840
v 0.001826 -0.103080 -0.319861
v 0.000648 -0.100000 -0.322707
v -0.000530 -0.096920 -0.325552
v -0.001781 -0.093650 -0.328574
v -0.003177 -0.090000 -0.331947
v -0.003177 0.090000 -0.331947
v -0.001781 0.093650 -0.328574
v -0.000530 0.096920 -0.325552
v 0.000648 0.100000 -0.322707
v 0.001826 0.103080 -0.319861
v 0.003076 0.106350 -0.316840
v 0.004472 0.110000 -0.313467
v 0.004800 -0.110000 -0.313600
v 0.003450 -0.106350 -0.316992
v 0.002241 -0.103080 -0.320030
v 0.001102 -0.100000 -0.322891
v -0.000037 -0.096920 -0.325753
v -0.001246 -0.093650 -0.328791
v -0.002596 -0.090000 -0.332183
v -0.002596 0.090000 -0.332183
v -0.001246 0.093650 -0.328791
v -0.000037 0.096920 -0.325753
v 0.001102 0.100000 -0.322891
v 0.002241 0.103080 -0.320030
v 0.003450 0.106350 -0.316992
v 0.004800 0.110000 -0.313600
v 0.005139 -0.110000 -0.313732
v 0.003845 -0.106350 -0.317145
v 0.002685 -0.103080 -0.320203
v 0.001594 -0.100000 -0.323083
v 0.000502 -0.096920 -0.325963
v -0.000658 -0.093650 -0.329020
v -0.001952 -0.090000 -0.332434
v -0.001952 0.090000 -0.332434
v -0.000658 0.093650 -0.329020
v 0.000502 0.096920 -0.325963
v 0.001594 0.100000 -0.323083
v 0.002685 0.103080 -0.320203
v 0.003845 0.106350 -0.317145
v 0.005139 0.110000 -0.313732
v 0.005489 -0.110000 -0.313861
v 0.004254 -0.106350 -0.317296
v 0.003148 -0.103080 -0.320374
v 0.002106 -0.100000 -0.323272
v 0.001064 -0.096920 -0.326170
v -0.000042 -0.093650 -0.329247
v -0.001277 -0.090000 -0.332683
v -0.001277 0.090000 -0.332683
v -0.000042 0.093650 -0.329247
v 0.001064 0.096920 -0.326170
v 0.002106 0.100000 -0.323272
v 0.003148 0.103080 -0.320374
v 0.004254 0.106350 -0.317296
v 0.005489 0.110000 -0.313861
v 0.005850 -0.110000 -0.313988
v 0.004672 -0.106350 -0.317443
v 0.003616 -0.103080 -0.320538
v 0.002622 -0.100000 -0.323453
v 0.001628 -0.096920 -0.326368
v 0.000573 -0.093650 -0.329463
v -0.000605 -0.090000 -0.332918
v -0.000605 0.090000 -0.332918
v 0.000573 0.093650 -0.329463
v 0.001628 0.096920 -0.326368
v 0.002622 0.100000 -0.323453
v 0.003616 0.103080 -0.320538
v 0.004672 0.106350 -0.317443
v 0.005850 0.110000 -0.313988
v 0.006222 -0.110000 -0.314111
v 0.005098 -0.106350 -0.317584
v 0.004092 -0.103080 -0.320696
v 0.003143 -0.100000 -0.323626
v 0.002195 -0.096920 -0.326556
v 0.001189 -0.093650 -0.329667
v 0.000065 -0.090000 -0.333140
v 0.000065 0.090000 -0.333140
v 0.001189 0.093650 -0.329667
v 0.002195 0.096920 -0.326556
v 0.003143 0.100000 -0.323626
v 0.004092 0.103080 -0.320696
v 0.005098 0.106350 -0.317584
v 0.006222 0.110000 -0.314111
v 0.006606 -0.110000 -0.314232
v 0.005534 -0.106350 -0.317722
v 0.004573 -0.103080 -0.320847
v 0.003669 -0.100000 -0.323791
v 0.002764 -0.096920 -0.326735
v 0.001804 -0.093650 -0.329861
v 0.000732 -0.090000 -0.333351
v 0.000732 0.090000 -0.333351
v 0.001804 0.093650 -0.329861
v 0.002764 0.096920 -0.326735
v 0.003669 0.100000 -0.323791
v 0.004573 0.103080 -0.320847
v 0.005534 0.106350 -0.317722
v 0.006606 0.110000 -0.314232
v 0.007000 -0.110000 -0.314350
v 0.005978 -0.106350 -0.317854
v 0.005062 -0.103080 -0.320994
v 0.004199 -0.100000 -0.323950
v 0.003337 -0.096920 -0.326907
v 0.002421 -0.093650 -0.330046
v 0.001399 -0.090000 -0.333550
v 0.001399 0.090000 -0.333550
v 0.002421 0.093650 -0.330046
v 0.003337 0.096920 -0.326907
v 0.004199 0.100000 -0.323950
v 0.005062 0.103080 -0.320994
v 0.005978 0.106350 -0.317854
v 0.007000 0.110000 -0.314350
v 0.007406 -0.110000 -0.314465
v 0.006431 -0.106350 -0.317983
v 0.005557 -0.103080 -0.321134
v 0.004735 -0.100000 -0.324102
v 0.003913 -0.096920 -0.327070
v 0.003039 -0.093650 -0.330221
v 0.002064 -0.090000 -0.333739
v 0.002064 0.090000 -0.333739
v 0.003039 0.093650 -0.330221
v 0.003913 0.096920 -0.327070
v 0.004735 0.100000 -0.324102
v 0.005557 0.103080 -0.321134
v 0.006431 0.106350 -0.317983
v 0.007406 0.110000 -0.314465
v 0.007822 -0.110000 -0.314578
v 0.006893 -0.106350 -0.318108
v 0.006060 -0.103080 -0.321270
v 0.005276 -0.100000 -0.324248
v 0.004492 -0.096920 -0.327227
v 0.003660 -0.093650 -0.330389
v 0.002731 -0.090000 -0.333919
v 0.002731 0.090000 -0.333919
v 0.003660 0.093650 -0.330389
v 0.004492 0.096920 -0.327227
v 0.005276 0.100000 -0.324248
v 0.006060 0.103080 -0.321270
v 0.006893 0.106350 -0.318108
v 0.007822 0.110000 -0.314578
v 0.008250 -0.110000 -0.314687
v 0.007364 -0.106350 -0.318229
v 0.006571 -0.103080 -0.321401
v 0.005824 -0.100000 -0.324389
v 0.005076 -0.096920 -0.327377
v 0.004283 -0.093650 -0.330549
v 0.003397 -0.090000 -0.334090
v 0.003397 0.090000 -0.334090
v 0.004283 0.093650 -0.330549
v 0.005076 0.096920 -0.327377
v 0.005824 0.100000 -0.324389
v 0.006571 0.103080 -0.321401
v 0.007364 0.106350 -0.318229
v 0.008250 0.110000 -0.314687
v 0.008689 -0.110000 -0.314794
v 0.007845 -0.106350 -0.318346
v 0.007089 -0.103080 -0.321527
v 0.006377 -0.100000 -0.324524
v 0.005665 -0.096920 -0.327520
v 0.004909 -0.093650 -0.330701
v 0.004065 -0.090000 -0.334253
v 0.004065 0.090000 -0.334253
v 0.004909 0.093650 -0.330701
v 0.005665 0.096920 -0.327520
v 0.006377 0.100000 -0.324524
v 0.007089 0.103080 -0.321527
v 0.007845 0.106350 -0.318346
v 0.008689 0.110000 -0.314794
v 0.009139 -0.110000 -0.314899
v 0.008335 -0.106350 -0.318460
v 0.007615 -0.103080 -0.321649
v 0.006937 -0.100000 -0.324653
v 0.006259 -0.096920 -0.327658
v 0.005539 -0.093650 -0.330847
v 0.004736 -0.090000 -0.334408
v 0.004736 0.090000 -0.334408
v 0.005539 0.093650 -0.330847
v 0.006259 0.096920 -0.327658
v 0.006937 0.100000 -0.324653
v 0.007615 0.103080 -0.321649
v 0.008335 0.106350 -0.318460
v 0.009139 0.110000 -0.314899
v 0.009600 -0.110000 -0.315000
v 0.008838 -0.106350 -0.318570
v 0.008155 -0.103080 -0.321768
v 0.007512 -0.100000 -0.324780
v 0.006869 -0.096920 -0.327792
v 0.006187 -0.093650 -0.330990
v 0.005425 -0.090000 -0.334560
v 0.005425 0.090000 -0.334560
v 0.006187 0.093650 -0.330990
v 0.006869 0.096920 -0.327792
v 0.007512 0.100000 -0.324780
v 0.008155 0.103080 -0.321768
v 0.008838 0.106350 -0.318570
v 0.009600 0.110000 -0.315000
v 0.010069 -0.110000 -0.315097
v 0.009353 -0.106350 -0.318677
v 0.008712 -0.103080 -0.321883
v 0.008108 -0.100000 -0.324903
v 0.007504 -0.096920 -0.327923
v 0.006862 -0.093650 -0.331130
v 0.006146 -0.090000 -0.334709
v 0.006146 0.090000 -0.334709
v 0.006862 0.093650 -0.331130
v 0.007504 0.096920 -0.327923
v 0.008108 0.100000 -0.324903
v 0.008712 0.103080 -0.321883
v 0.009353 0.106350 -0.318677
v 0.010069 0.110000 -0.315097
v 0.010544 -0.110000 -0.315189
v 0.009877 -0.106350 -0.318778
v 0.009278 -0.103080 -0.321993
v 0.008715 -0.100000 -0.325020
v 0.008152 -0.096920 -0.328048
v 0.007554 -0.093650 -0.331263
v 0.006886 -0.090000 -0.334852
v 0.006886 0.090000 -0.334852
v 0.007554 0.093650 -0.331263
v 0.008152 0.096920 -0.328048
v 0.008715 0.100000 -0.325020
v 0.009278 0.103080 -0.321993
v 0.009877 0.106350 -0.318778
v 0.010544 0.110000 -0.315189
v 0.011025 -0.110000 -0.315275
v 0.010405 -0.106350 -0.318872
v 0.009849 -0.103080 -0.322095
v 0.009326 -0.100000 -0.325130
v 0.008802 -0.096920 -0.328165
v 0.008247 -0.093650 -0.331387
v 0.007626 -0.090000 -0.334985
v 0.007626 0.090000 -0.334985
v 0.008247 0.093650 -0.331387
v 0.008802 0.096920 -0.328165
v 0.009326 0.100000 -0.325130
v 0.009849 0.103080 -0.322095
v 0.010405 0.106350 -0.318872
v 0.011025 0.110000 -0.315275
v 0.011511 -0.110000 -0.315356
v 0.010938 -0.106350 -0.318961
v 0.010424 -0.103080 -0.322190
v 0.009940 -0.100000 -0.325232
v 0.009456 -0.096920 -0.328273
v 0.008942 -0.093650 -0.331502
v 0.008368 -0.090000 -0.335108
v 0.008368 0.090000 -0.335108
v 0.008942 0.093650 -0.331502
v 0.009456 0.096920 -0.328273
v 0.009940 0.100000 -0.325232
v 0.010424 0.103080 -0.322190
v 0.010938 0.106350 -0.318961
v 0.011511 0.110000 -0.315356
v 0.012003 -0.110000 -0.315431
v 0.011475 -0.106350 -0.319043
v 0.011002 -0.103080 -0.322278
v 0.010557 -0.100000 -0.325326
v 0.010112 -0.096920 -0.328373
v 0.009640 -0.093650 -0.331609
v 0.009112 -0.090000 -0.335221
v 0.009112 0.090000 -0.335221
v 0.009640 0.093650 -0.331609
v 0.010112 0.096920 -0.328373
v 0.010557 0.100000 -0.325326
v 0.011002 0.103080 -0.322278
v 0.011475 0.106350 -0.319043
v 0.012003 0.110000 -0.315431
v 0.012500 -0.110000 -0.315500
v 0.012017 -0.106350 -0.319118
v 0.011585 -0.103080 -0.322360
v 0.011178 -0.100000 -0.325412
v 0.010771 -0.096920 -0.328465
v 0.010339 -0.093650 -0.331706
v 0.009856 -0.090000 -0.335325
v 0.009856 0.090000 -0.335325
v 0.010339 0.093650 -0.331706
v 0.010771 0.096920 -0.328465
v 0.011178 0.100000 -0.325412
v 0.011585 0.103080 -0.322360
v 0.012017 0.106350 -0.319118
v 0.012500 0.110000 -0.315500
v 0.013003 -0.110000 -0.315564
v 0.012565 -0.106350 -0.319188
v 0.012172 -0.103080 -0.322434
v 0.011802 -0.100000 -0.325492
v 0.011433 -0.096920 -0.328549
v 0.011040 -0.093650 -0.331796
v 0.010602 -0.090000 -0.335420
v 0.010602 0.090000 -0.335420
v 0.011040 0.093650 -0.331796
v 0.011433 0.096920 -0.328549
v 0.011802 0.100000 -0.325492
v 0.012172 0.103080 -0.322434
v 0.012565 0.106350 -0.319188
v 0.013003 0.110000 -0.315564
v 0.013511 -0.110000 -0.315622
v 0.013117 -0.106350 -0.319251
v 0.012763 -0.103080 -0.322502
v 0.012430 -0.100000 -0.325564
v 0.012097 -0.096920 -0.328625
v 0.011744 -0.093650 -0.331876
v 0.011349 -0.090000 -0.335505
v 0.011349 0.090000 -0.335505
v 0.011744 0.093650 -0.331876
v 0.012097 0.096920 -0.328625
v 0.012430 0.100000 -0.325564
v 0.012763 0.103080 -0.322502
v 0.013117 0.106350 -0.319251
v 0.013511 0.110000 -0.315622
v 0.014025 -0.110000 -0.315675
v 0.013673 -0.106350 -0.319309
v 0.013358 -0.103080 -0.322563
v 0.013062 -0.100000 -0.325629
v 0.012765 -0.096920 -0.328694
v 0.012450 -0.093650 -0.331949
v 0.012098 -0.090000 -0.335582
v 0.012098 0.090000 -0.335582
v 0.012450 0.093650 -0.331949
v 0.012765 0.096920 -0.328694
v 0.013062 0.100000 -0.325629
v 0.013358 0.103080 -0.322563
v 0.013673 0.106350 -0.319309
v 0.014025 0.110000 -0.315675
v 0.014544 -0.110000 -0.315722
v 0.014235 -0.106350 -0.319360
v 0.013958 -0.103080 -0.322618
v 0.013696 -0.100000 -0.325686
v 0.013435 -0.096920 -0.328755
v 0.013158 -0.093650 -0.332013
v 0.012848 -0.090000 -0.335650
v 0.012848 0.090000 -0.335650
v 0.013158 0.093650 -0.332013
v 0.013435 0.096920 -0.328755
v 0.013696 0.100000 -0.325686
v 0.013958 0.103080 -0.322618
v 0.014235 0.106350 -0.319360
v 0.014544 0.110000 -0.315722
v 0.015069 -0.110000 -0.315764
v 0.014801 -0.106350 -0.319404
v 0.014561 -0.103080 -0.322666
v 0.014334 -0.100000 -0.325737
v 0.014108 -0.096920 -0.328808
v 0.013867 -0.093650 -0.332069
v 0.013599 -0.090000 -0.335710
v 0.013599 0.090000 -0.335710
v 0.013867 0.093650 -0.332069
v 0.014108 0.096920 -0.328808
v 0.014334 0.100000 -0.325737
v 0.014561 0.103080 -0.322666
v 0.014801 0.106350 -0.319404
v 0.015069 0.110000 -0.315764
v 0.015600 -0.110000 -0.315800
v 0.015369 -0.106350 -0.319443
v 0.015161 -0.103080 -0.322706
v 0.014966 -0.100000 -0.325780
v 0.014771 -0.096920 -0.328853
v 0.014563 -0.093650 -0.332117
v 0.014332 -0.090000 -0.335760
v 0.014332 0.090000 -0.335760
v 0.014563 0.093650 -0.332117
v 0.014771 0.096920 -0.328853
v 0.014966 0.100000 -0.325780
v 0.015161 0.103080 -0.322706
v 0.015369 0.106350 -0.319443
v 0.015600 0.110000 -0.315800
v 0.016142 -0.110000 -0.315832
v 0.015939 -0.106350 -0.319477
v 0.015757 -0.103080 -0.322742
v 0.015586 -0.100000 -0.325817
v 0.015415 -0.096920 -0.328891
v 0.015234 -0.093650 -0.332156
v 0.015031 -0.090000 -0.335801
v 0.015031 0.090000 -0.335801
v 0.015234 0.093650 -0.332156
v 0.015415 0.096920 -0.328891
v 0.015586 0.100000 -0.325817
v 0.015757 0.103080 -0.322742
v 0.015939 0.106350 -0.319477
v 0.016142 0.110000 -0.315832
v 0.016700 -0.110000 -0.315861
v 0.016521 -0.106350 -0.319507
v 0.016361 -0.103080 -0.322773
v 0.016210 -0.100000 -0.325849
v 0.016059 -0.096920 -0.328925
v 0.015898 -0.093650 -0.332191
v 0.015719 -0.090000 -0.335837
v 0.015719 0.090000 -0.335837
v 0.015898 0.093650 -0.332191
v 0.016059 0.096920 -0.328925
v 0.016210 0.100000 -0.325849
v 0.016361 0.103080 -0.322773
v 0.016521 0.106350 -0.319507
v 0.016700 0.110000 -0.315861
v 0.017275 -0.110000 -0.315888
v 0.017119 -0.106350 -0.319535
v 0.016978 -0.103080 -0.322802
v 0.016846 -0.100000 -0.325878
v 0.016714 -0.096920 -0.328955
v 0.016574 -0.093650 -0.332222
v 0.016418 -0.090000 -0.335869
v 0.016418 0.090000 -0.335869
v 0.016574 0.093650 -0.332222
v 0.016714 0.096920 -0.328955
v 0.016846 0.100000 -0.325878
v 0.016978 0.103080 -0.322802
v 0.017119 0.106350 -0.319535
v 0.017275 0.110000 -0.315888
v 0.017867 -0.110000 -0.315911
v 0.017731 -0.106350 -0.319559
v 0.017610 -0.103080 -0.322827
v 0.017496 -0.100000 -0.325904
v 0.017382 -0.096920 -0.328982
v 0.017261 -0.093650 -0.332250
v 0.017126 -0.090000 -0.335897
v 0.017126 0.090000 -0.335897
v 0.017261 0.093650 -0.332250
v 0.017382 0.096920 -0.328982
v 0.017496 0.100000 -0.325904
v 0.017610 0.103080 -0.322827
v 0.017731 0.106350 -0.319559
v 0.017867 0.110000 -0.315911
v 0.018475 -0.110000 -0.315932
v 0.018360 -0.106350 -0.319581
v 0.018257 -0.103080 -0.322849
v 0.018159 -0.100000 -0.325927
v 0.018062 -0.096920 -0.329005
v 0.017959 -0.093650 -0.332273
v 0.017844 -0.090000 -0.335922
v 0.017844 0.090000 -0.335922
v 0.017959 0.093650 -0.332273
v 0.018062 0.096920 -0.329005
v 0.018159 0.100000 -0.325927
v 0.018257 0.103080 -0.322849
v 0.018360 0.106350 -0.319581
v 0.018475 0.110000 -0.315932
v 0.019100 -0.110000 -0.315950
v 0.019004 -0.106350 -0.319599
v 0.018918 -0.103080 -0.322868
v 0.018836 -0.100000 -0.325947
v 0.018755 -0.096920 -0.329025
v 0.018669 -0.093650 -0.332294
v 0.018573 -0.090000 -0.335943
v 0.018573 0.090000 -0.335943
v 0.018669 0.093650 -0.332294
v 0.018755 0.096920 -0.329025
v 0.018836 0.100000 -0.325947
v 0.018918 0.103080 -0.322868
v 0.019004 0.106350 -0.319599
v 0.019100 0.110000 -0.315950
v 0.019742 -0.110000 -0.315965
v 0.019663 -0.106350 -0.319615
v 0.019593 -0.103080 -0.322884
v 0.019528 -0.100000 -0.325963
v 0.019462 -0.096920 -0.329042
v 0.019392 -0.093650 -0.332311
v 0.019313 -0.090000 -0.335961
v 0.019313 0.090000 -0.335961
v 0.019392 0.093650 -0.332311
v 0.019462 0.096920 -0.329042
v 0.019528 0.100000 -0.325963
v 0.019593 0.103080 -0.322884
v 0.019663 0.106350 -0.319615
v 0.019742 0.110000 -0.315965
v 0.020400 -0.110000 -0.315978
v 0.020339 -0.106350 -0.319628
v 0.020284 -0.103080 -0.322897
v 0.020233 -0.100000 -0.325976
v 0.020182 -0.096920 -0.329056
v 0.020127 -0.093650 -0.332325
v 0.020066 -0.090000 -0.335975
v 0.020066 0.090000 -0.335975
v 0.020127 0.093650 -0.332325
v 0.020182 0.096920 -0.329056
v 0.020233 0.100000 -0.325976
v 0.020284 0.103080 -0.322897
v 0.020339 0.106350 -0.319628
v 0.020400 0.110000 -0.315978
v 0.021075 -0.110000 -0.315988
v 0.021030 -0.106350 -0.319638
v 0.020990 -0.103080 -0.322907
v 0.020953 -0.100000 -0.325987
v 0.020915 -0.096920 -0.329066
v 0.020875 -0.093650 -0.332336
v 0.020831 -0.090000 -0.335986
v 0.020831 0.090000 -0.335986
v 0.020875 0.093650 -0.332336
v 0.020915 0.096920 -0.329066
v 0.020953 0.100000 -0.325987
v 0.020990 0.103080 -0.322907
v 0.021030 0.106350 -0.319638
v 0.021075 0.110000 -0.315988
v 0.021767 -0.110000 -0.315994
v 0.021738 -0.106350 -0.319645
v 0.021712 -0.103080 -0.322915
v 0.021687 -0.100000 -0.325994
v 0.021662 -0.096920 -0.329074
v 0.021636 -0.093650 -0.332344
v 0.021607 -0.090000 -0.335994
v 0.021607 0.090000 -0.335994
v 0.021636 0.093650 -0.332344
v 0.021662 0.096920 -0.329074
v 0.021687 0.100000 -0.325994
v 0.021712 0.103080 -0.322915
v 0.021738 0.106350 -0.319645
v 0.021767 0.110000 -0.315994
v 0.022475 -0.110000 -0.315999
v 0.022461 -0.106350 -0.319649
v 0.022448 -0.103080 -0.322919
v 0.022436 -0.100000 -0.325999
v 0.022424 -0.096920 -0.329078
v 0.022411 -0.093650 -0.332348
v 0.022397 -0.090000 -0.335999
v 0.022397 0.090000 -0.335999
v 0.022411 0.093650 -0.332348
v 0.022424 0.096920 -0.329078
v 0.022436 0.100000 -0.325999
v 0.022448 0.103080 -0.322919
v 0.022461 0.106350 -0.319649
v 0.022475 0.110000 -0.315999
v 0.023200 -0.110000 -0.316000
v 0.023206 -0.106350 -0.319650
v 0.023211 -0.103080 -0.322920
v 0.023215 -0.100000 -0.326000
v 0.023220 -0.096920 -0.329080
v 0.023225 -0.093650 -0.332350
v 0.023231 -0.090000 -0.336000
v 0.023231 0.090000 -0.336000
v 0.023225 0.093650 -0.332350
v 0.023220 0.096920 -0.329080
v 0.023215 0.100000 -0.326000
v 0.023211 0.103080 -0.322920
v 0.023206 0.106350 -0.319650
v 0.023200 0.110000 -0.316000
v 0.024319 -0.110000 -0.315994
v 0.024356 -0.106350 -0.319645
v 0.024389 -0.103080 -0.322915
v 0.024420 -0.100000 -0.325994
v 0.024452 -0.096920 -0.329074
v 0.024485 -0.093650 -0.332343
v 0.024522 -0.090000 -0.335994
v 0.024522 0.090000 -0.335994
v 0.024485 0.093650 -0.332343
v 0.024452 0.096920 -0.329074
v 0.024420 0.100000 -0.325994
v 0.024389 0.103080 -0.322915
v 0.024356 0.106350 -0.319645
v 0.024319 0.110000 -0.315994
v 0.025411 -0.110000 -0.315978
v 0.025487 -0.106350 -0.319628
v 0.025554 -0.103080 -0.322897
v 0.025618 -0.100000 -0.325976
v 0.025682 -0.096920 -0.329055
v 0.025749 -0.093650 -0.332324
v 0.025825 -0.090000 -0.335974
v 0.025825 0.090000 -0.335974
v 0.025749 0.093650 -0.332324
v 0.025682 0.096920 -0.329055
v 0.025618 0.100000 -0.325976
v 0.025554 0.103080 -0.322897
v 0.025487 0.106350 -0.319628
v 0.025411 0.110000 -0.315978
v 0.026475 -0.110000 -0.315950
v 0.026591 -0.106350 -0.319599
v 0.026695 -0.103080 -0.322867
v 0.026793 -0.100000 -0.325945
v 0.026891 -0.096920 -0.329023
v 0.026995 -0.093650 -0.332292
v 0.027111 -0.090000 -0.335940
v 0.027111 0.090000 -0.335940
v 0.026995 0.093650 -0.332292
v 0.026891 0.096920 -0.329023
v 0.026793 0.100000 -0.325945
v 0.026695 0.103080 -0.322867
v 0.026591 0.106350 -0.319599
v 0.026475 0.110000 -0.315950
v 0.027511 -0.110000 -0.315911
v 0.027670 -0.106350 -0.319558
v 0.027812 -0.103080 -0.322825
v 0.027946 -0.100000 -0.325902
v 0.028080 -0.096920 -0.328979
v 0.028223 -0.093650 -0.332246
v 0.028382 -0.090000 -0.335893
v 0.028382 0.090000 -0.335893
v 0.028223 0.093650 -0.332246
v 0.028080 0.096920 -0.328979
v 0.027946 0.100000 -0.325902
v 0.027812 0.103080 -0.322825
v 0.027670 0.106350 -0.319558
v 0.027511 0.110000 -0.315911
v 0.028519 -0.110000 -0.315861
v 0.028723 -0.106350 -0.319506
v 0.028906 -0.103080 -0.322771
v 0.029078 -0.100000 -0.325846
v 0.029250 -0.096920 -0.328921
v 0.029433 -0.093650 -0.332185
v 0.029637 -0.090000 -0.335830
v 0.029637 0.090000 -0.335830
v 0.029433 0.093650 -0.332185
v 0.029250 0.096920 -0.328921
v 0.029078 0.100000 -0.325846
v 0.028906 0.103080 -0.322771
v 0.028723 0.106350 -0.319506
v 0.028519 0.110000 -0.315861
v 0.029500 -0.110000 -0.315800
v 0.029751 -0.106350 -0.319442
v 0.029977 -0.103080 -0.322704
v 0.030189 -0.100000 -0.325776
v 0.030401 -0.096920 -0.328849
v 0.030626 -0.093650 -0.332111
v 0.030878 -0.090000 -0.335753
v 0.030878 0.090000 -0.335753
v 0.030626 0.093650 -0.332111
v 0.030401 0.096920 -0.328849
v 0.030189 0.100000 -0.325776
v 0.029977 0.103080 -0.322704
v 0.029751 0.106350 -0.319442
v 0.029500 0.110000 -0.315800
v 0.030453 -0.110000 -0.315728
v 0.030754 -0.106350 -0.319366
v 0.031025 -0.103080 -0.322625
v 0.031279 -0.100000 -0.325694
v 0.031534 -0.096920 -0.328763
v 0.031804 -0.093650 -0.332022
v 0.032106 -0.090000 -0.335660
v 0.032106 0.090000 -0.335660
v 0.031804 0.093650 -0.332022
v 0.031534 0.096920 -0.328763
v 0.031279 0.100000 -0.325694
v 0.031025 0.103080 -0.322625
v 0.030754 0.106350 -0.319366
v 0.030453 0.110000 -0.315728
v 0.031378 -0.110000 -0.315644
v 0.031733 -0.106350 -0.319278
v 0.032050 -0.103080 -0.322532
v 0.032350 -0.100000 -0.325597
v 0.032649 -0.096920 -0.328663
v 0.032967 -0.093650 -0.331917
v 0.033322 -0.090000 -0.335550
v 0.033322 0.090000 -0.335550
v 0.032967 0.093650 -0.331917
v 0.032649 0.096920 -0.328663
v 0.032350 0.100000 -0.325597
v 0.032050 0.103080 -0.322532
v 0.031733 0.106350 -0.319278
v 0.031378 0.110000 -0.315644
v 0.032275 -0.110000 -0.315550
v 0.032686 -0.106350 -0.319177
v 0.033054 -0.103080 -0.322427
v 0.033401 -0.100000 -0.325487
v 0.033748 -0.096920 -0.328547
v 0.034116 -0.093650 -0.331796
v 0.034527 -0.090000 -0.335423
v 0.034527 0.090000 -0.335423
v 0.034116 0.093650 -0.331796
v 0.033748 0.096920 -0.328547
v 0.033401 0.100000 -0.325487
v 0.033054 0.103080 -0.322427
v 0.032686 0.106350 -0.319177
v 0.032275 0.110000 -0.315550
v 0.033144 -0.110000 -0.315444
v 0.033615 -0.106350 -0.319065
v 0.034037 -0.103080 -0.322307
v 0.034434 -0.100000 -0.325361
v 0.034831 -0.096920 -0.328415
v 0.035252 -0.093650 -0.331658
v 0.035723 -0.090000 -0.335278
v 0.035723 0.090000 -0.335278
v 0.035252 0.093650 -0.331658
v 0.034831 0.096920 -0.328415
v 0.034434 0.100000 -0.325361
v 0.034037 0.103080 -0.322307
v 0.033615 0.106350 -0.319065
v 0.033144 0.110000 -0.315444
v 0.033986 -0.110000 -0.315328
v 0.034520 -0.106350 -0.318939
v 0.034998 -0.103080 -0.322174
v 0.035448 -0.100000 -0.325221
v 0.035899 -0.096920 -0.328267
v 0.036377 -0.093650 -0.331502
v 0.036911 -0.090000 -0.335114
v 0.036911 0.090000 -0.335114
v 0.036377 0.093650 -0.331502
v 0.035899 0.096920 -0.328267
v 0.035448 0.100000 -0.325221
v 0.034998 0.103080 -0.322174
v 0.034520 0.106350 -0.318939
v 0.033986 0.110000 -0.315328
v 0.034800 -0.110000 -0.315200
v 0.035395 -0.106350 -0.318802
v 0.035927 -0.103080 -0.322028
v 0.036429 -0.100000 -0.325067
v 0.036930 -0.096920 -0.328105
v 0.037463 -0.093650 -0.331332
v 0.038057 -0.090000 -0.334934
v 0.038057 0.090000 -0.334934
v 0.037463 0.093650 -0.331332
v 0.036930 0.096920 -0.328105
v 0.036429 0.100000 -0.325067
v 0.035927 0.103080 -0.322028
v 0.035395 0.106350 -0.318802
v 0.034800 0.110000 -0.315200
v 0.035586 -0.110000 -0.315064
v 0.036233 -0.106350 -0.318657
v 0.036812 -0.103080 -0.321875
v 0.037357 -0.100000 -0.324906
v 0.037903 -0.096920 -0.327937
v 0.038482 -0.093650 -0.331155
v 0.039129 -0.090000 -0.334748
v 0.039129 0.090000 -0.334748
v 0.038482 0.093650 -0.331155
v 0.037903 0.096920 -0.327937
v 0.037357 0.100000 -0.324906
v 0.036812 0.103080 -0.321875
v 0.036233 0.106350 -0.318657
v 0.035586 0.110000 -0.315064
v 0.036344 -0.110000 -0.314922
v 0.037040 -0.106350 -0.318506
v 0.037664 -0.103080 -0.321716
v 0.038251 -0.100000 -0.324739
v 0.038838 -0.096920 -0.327762
v 0.039461 -0.093650 -0.330972
v 0.040157 -0.090000 -0.334556
v 0.040157 0.090000 -0.334556
v 0.039461 0.093650 -0.330972
v 0.038838 0.096920 -0.327762
v 0.038251 0.100000 -0.324739
v 0.037664 0.103080 -0.321716
v 0.037040 0.106350 -0.318506
v 0.036344 0.110000 -0.314922
v 0.037075 -0.110000 -0.314775
v 0.037823 -0.106350 -0.318348
v 0.038494 -0.103080 -0.321549
v 0.039125 -0.100000 -0.324563
v 0.039756 -0.096920 -0.327577
v 0.040427 -0.093650 -0.330778
v 0.041175 -0.090000 -0.334351
v 0.041175 0.090000 -0.334351
v 0.040427 0.093650 -0.330778
v 0.039756 0.096920 -0.327577
v 0.039125 0.100000 -0.324563
v 0.038494 0.103080 -0.321549
v 0.037823 0.106350 -0.318348
v 0.037075 0.110000 -0.314775
v 0.037778 -0.110000 -0.314622
v 0.038582 -0.106350 -0.318183
v 0.039303 -0.103080 -0.321373
v 0.039982 -0.100000 -0.324377
v 0.040661 -0.096920 -0.327381
v 0.041381 -0.093650 -0.330570
v 0.042186 -0.090000 -0.334131
v 0.042186 0.090000 -0.334131
v 0.041381 0.093650 -0.330570
v 0.040661 0.096920 -0.327381
v 0.039982 0.100000 -0.324377
v 0.039303 0.103080 -0.321373
v 0.038582 0.106350 -0.318183
v 0.037778 0.110000 -0.314622
v 0.038453 -0.110000 -0.314464
v 0.039318 -0.106350 -0.318011
v 0.040092 -0.103080 -0.321187
v 0.040822 -0.100000 -0.324180
v 0.041552 -0.096920 -0.327172
v 0.042327 -0.093650 -0.330349
v 0.043192 -0.090000 -0.333895
v 0.043192 0.090000 -0.333895
v 0.042327 0.093650 -0.330349
v 0.041552 0.096920 -0.327172
v 0.040822 0.100000 -0.324180
v 0.040092 0.103080 -0.321187
v 0.039318 0.106350 -0.318011
v 0.038453 0.110000 -0.314464
v 0.039100 -0.110000 -0.314300
v 0.040030 -0.106350 -0.317830
v 0.040863 -0.103080 -0.320992
v 0.041647 -0.100000 -0.323971
v 0.042431 -0.096920 -0.326949
v 0.043264 -0.093650 -0.330111
v 0.044194 -0.090000 -0.333641
v 0.044194 0.090000 -0.333641
v 0.043264 0.093650 -0.330111
v 0.042431 0.096920 -0.326949
v 0.041647 0.100000 -0.323971
v 0.040863 0.103080 -0.320992
v 0.040030 0.106350 -0.317830
v 0.039100 0.110000 -0.314300
v 0.039719 -0.110000 -0.314131
v 0.040719 -0.106350 -0.317642
v 0.041614 -0.103080 -0.320787
v 0.042457 -0.100000 -0.323749
v 0.043300 -0.096920 -0.326711
v 0.044196 -0.093650 -0.329856
v 0.045195 -0.090000 -0.333368
v 0.045195 0.090000 -0.333368
v 0.044196 0.093650 -0.329856
v 0.043300 0.096920 -0.326711
v 0.042457 0.100000 -0.323749
v 0.041614 0.103080 -0.320787
v 0.040719 0.106350 -0.317642
v 0.039719 0.110000 -0.314131
v 0.040311 -0.110000 -0.313956
v 0.041385 -0.106350 -0.317445
v 0.042348 -0.103080 -0.320570
v 0.043254 -0.100000 -0.323513
v 0.044161 -0.096920 -0.326457
v 0.045123 -0.093650 -0.329582
v 0.046197 -0.090000 -0.333071
v 0.046197 0.090000 -0.333071
v 0.045123 0.093650 -0.329582
v 0.044161 0.096920 -0.326457
v 0.043254 0.100000 -0.323513
v 0.042348 0.103080 -0.320570
v 0.041385 0.106350 -0.317445
v 0.040311 0.110000 -0.313956
v 0.040875 -0.110000 -0.313775
v 0.042030 -0.106350 -0.317238
v 0.043065 -0.103080 -0.320340
v 0.044040 -0.100000 -0.323262
v 0.045015 -0.096920 -0.326183
v 0.046049 -0.093650 -0.329285
v 0.047205 -0.090000 -0.332748
v 0.047205 0.090000 -0.332748
v 0.046049 0.093650 -0.329285
v 0.045015 0.096920 -0.326183
v 0.044040 0.100000 -0.323262
v 0.043065 0.103080 -0.320340
v 0.042030 0.106350 -0.317238
v 0.040875 0.110000 -0.313775
v 0.041411 -0.110000 -0.313589
v 0.042654 -0.106350 -0.317022
v 0.043767 -0.103080 -0.320097
v 0.044815 -0.100000 -0.322993
v 0.045864 -0.096920 -0.325888
v 0.046977 -0.093650 -0.328963
v 0.048220 -0.090000 -0.332396
v 0.048220 0.090000 -0.332396
v 0.046977 0.093650 -0.328963
v 0.045864 0.096920 -0.325888
v 0.044815 0.100000 -0.322993
v 0.043767 0.103080 -0.320097
v 0.042654 0.106350 -0.317022
v 0.041411 0.110000 -0.313589
v 0.041919 -0.110000 -0.313397
v 0.043257 -0.106350 -0.316794
v 0.044454 -0.103080 -0.319837
v 0.045582 -0.100000 -0.322703
v 0.046710 -0.096920 -0.325569
v 0.047908 -0.093650 -0.328612
v 0.049245 -0.090000 -0.332009
v 0.049245 0.090000 -0.332009
v 0.047908 0.093650 -0.328612
v 0.046710 0.096920 -0.325569
v 0.045582 0.100000 -0.322703
v 0.044454 0.103080 -0.319837
v 0.043257 0.106350 -0.316794
v 0.041919 0.110000 -0.313397
v 0.042400 -0.110000 -0.313200
v 0.043844 -0.106350 -0.316553
v 0.045138 -0.103080 -0.319557
v 0.046356 -0.100000 -0.322386
v 0.047574 -0.096920 -0.325215
v 0.048867 -0.093650 -0.328219
v 0.050312 -0.090000 -0.331572
v 0.050312 0.090000 -0.331572
v 0.048867 0.093650 -0.328219
v 0.047574 0.096920 -0.325215
v 0.046356 0.100000 -0.322386
v 0.045138 0.103080 -0.319557
v 0.043844 0.106350 -0.316553
v 0.042400 0.110000 -0.313200
v 0.042856 -0.110000 -0.312994
v 0.044423 -0.106350 -0.316292
v 0.045827 -0.103080 -0.319246
v 0.047150 -0.100000 -0.322028
v 0.048472 -0.096920 -0.324810
v 0.049876 -0.093650 -0.327763
v 0.051444 -0.090000 -0.331061
v 0.051444 0.090000 -0.331061
v 0.049876 0.093650 -0.327763
v 0.048472 0.096920 -0.324810
v 0.047150 0.100000 -0.322028
v 0.045827 0.103080 -0.319246
v 0.044423 0.106350 -0.316292
v 0.042856 0.110000 -0.312994
v 0.043289 -0.110000 -0.312778
v 0.044990 -0.106350 -0.316008
v 0.046515 -0.103080 -0.318902
v 0.047950 -0.100000 -0.321627
v 0.049386 -0.096920 -0.324353
v 0.050910 -0.093650 -0.327247
v 0.052612 -0.090000 -0.330477
v 0.052612 0.090000 -0.330477
v 0.050910 0.093650 -0.327247
v 0.049386 0.096920 -0.324353
v 0.047950 0.100000 -0.321627
v 0.046515 0.103080 -0.318902
v 0.044990 0.106350 -0.316008
v 0.043289 0.110000 -0.312778
v 0.043700 -0.110000 -0.312550
v 0.045541 -0.106350 -0.315703
v 0.047190 -0.103080 -0.318528
v 0.048743 -0.100000 -0.321188
v 0.050296 -0.096920 -0.323849
v 0.051945 -0.093650 -0.326673
v 0.053786 -0.090000 -0.329827
v 0.053786 0.090000 -0.329827
v 0.051945 0.093650 -0.326673
v 0.050296 0.096920 -0.323849
v 0.048743 0.100000 -0.321188
v 0.047190 0.103080 -0.318528
v 0.045541 0.106350 -0.315703
v 0.043700 0.110000 -0.312550
v 0.044089 -0.110000 -0.312311
v 0.046074 -0.106350 -0.315376
v 0.047851 -0.103080 -0.318122
v 0.049526 -0.100000 -0.320707
v 0.051200 -0.096920 -0.323293
v 0.052978 -0.093650 -0.326039
v 0.054963 -0.090000 -0.329103
v 0.054963 0.090000 -0.329103
v 0.052978 0.093650 -0.326039
v 0.051200 0.096920 -0.323293
v 0.049526 0.100000 -0.320707
v 0.047851 0.103080 -0.318122
v 0.046074 0.106350 -0.315376
v 0.044089 0.110000 -0.312311
v 0.044456 -0.110000 -0.312061
v 0.046588 -0.106350 -0.315026
v 0.048498 -0.103080 -0.317681
v 0.050296 -0.100000 -0.320182
v 0.052095 -0.096920 -0.322683
v 0.054005 -0.093650 -0.325338
v 0.056137 -0.090000 -0.328303
v 0.056137 0.090000 -0.328303
v 0.054005 0.093650 -0.325338
v 0.052095 0.096920 -0.322683
v 0.050296 0.100000 -0.320182
v 0.048498 0.103080 -0.317681
v 0.046588 0.106350 -0.315026
v 0.044456 0.110000 -0.312061
v 0.044800 -0.110000 -0.311800
v 0.047082 -0.106350 -0.314651
v 0.049126 -0.103080 -0.317205
v 0.051052 -0.100000 -0.319610
v 0.052977 -0.096920 -0.322015
v 0.055021 -0.093650 -0.324568
v 0.057303 -0.090000 -0.327419
v 0.057303 0.090000 -0.327419
v 0.055021 0.093650 -0.324568
v 0.052977 0.096920 -0.322015
v 0.051052 0.100000 -0.319610
v 0.049126 0.103080 -0.317205
v 0.047082 0.106350 -0.314651
v 0.044800 0.110000 -0.311800
v 0.045122 -0.110000 -0.311528
v 0.047555 -0.106350 -0.314251
v 0.049735 -0.103080 -0.316691
v 0.051787 -0.100000 -0.318988
v 0.053840 -0.096920 -0.321286
v 0.056019 -0.093650 -0.323725
v 0.058452 -0.090000 -0.326448
v 0.058452 0.090000 -0.326448
v 0.056019 0.093650 -0.323725
v 0.053840 0.096920 -0.321286
v 0.051787 0.100000 -0.318988
v 0.049735 0.103080 -0.316691
v 0.047555 0.106350 -0.314251
v 0.045122 0.110000 -0.311528
v 0.045422 -0.110000 -0.311244
v 0.048005 -0.106350 -0.313826
v 0.050319 -0.103080 -0.316139
v 0.052498 -0.100000 -0.318317
v 0.054677 -0.096920 -0.320495
v 0.056991 -0.093650 -0.322807
v 0.059574 -0.090000 -0.325389
v 0.059574 0.090000 -0.325389
v 0.056991 0.093650 -0.322807
v 0.054677 0.096920 -0.320495
v 0.052498 0.100000 -0.318317
v 0.050319 0.103080 -0.316139
v 0.048005 0.106350 -0.313826
v 0.045422 0.110000 -0.311244
v 0.045700 -0.110000 -0.310950
v 0.048430 -0.106350 -0.313376
v 0.050876 -0.103080 -0.315548
v 0.053179 -0.100000 -0.317595
v 0.055482 -0.096920 -0.319641
v 0.057928 -0.093650 -0.321814
v 0.060658 -0.090000 -0.324240
v 0.060658 0.090000 -0.324240
v 0.057928 0.093650 -0.321814
v 0.055482 0.096920 -0.319641
v 0.053179 0.100000 -0.317595
v 0.050876 0.103080 -0.315548
v 0.048430 0.106350 -0.313376
v 0.045700 0.110000 -0.310950
v 0.045956 -0.110000 -0.310644
v 0.048828 -0.106350 -0.312900
v 0.051401 -0.103080 -0.314921
v 0.053824 -0.100000 -0.316824
v 0.056247 -0.096920 -0.318727
v 0.058819 -0.093650 -0.320748
v 0.061692 -0.090000 -0.323004
v 0.061692 0.090000 -0.323004
v 0.058819 0.093650 -0.320748
v 0.056247 0.096920 -0.318727
v 0.053824 0.100000 -0.316824
v 0.051401 0.103080 -0.314921
v 0.048828 0.106350 -0.312900
v 0.045956 0.110000 -0.310644
v 0.046189 -0.110000 -0.310328
v 0.049196 -0.106350 -0.312401
v 0.051889 -0.103080 -0.314258
v 0.054426 -0.100000 -0.316007
v 0.056963 -0.096920 -0.317756
v 0.059656 -0.093650 -0.319613
v 0.062663 -0.090000 -0.321686
v 0.062663 0.090000 -0.321686
v 0.059656 0.093650 -0.319613
v 0.056963 0.096920 -0.317756
v 0.054426 0.100000 -0.316007
v 0.051889 0.103080 -0.314258
v 0.049196 0.106350 -0.312401
v 0.046189 0.110000 -0.310328
v 0.046400 -0.110000 -0.310000
v 0.049522 -0.106350 -0.311894
v 0.052319 -0.103080 -0.313590
v 0.054953 -0.100000 -0.315188
v 0.057587 -0.096920 -0.316786
v 0.060384 -0.093650 -0.318482
v 0.063507 -0.090000 -0.320376
v 0.063507 0.090000 -0.320376
v 0.060384 0.093650 -0.318482
v 0.057587 0.096920 -0.316786
v 0.054953 0.100000 -0.315188
v 0.052319 0.103080 -0.313590
v 0.049522 0.106350 -0.311894
v 0.046400 0.110000 -0.310000
v 0.046592 -0.110000 -0.309664
v 0.049803 -0.106350 -0.311401
v 0.052680 -0.103080 -0.312957
v 0.055390 -0.100000 -0.314422
v 0.058099 -0.096920 -0.315888
v 0.060976 -0.093650 -0.317444
v 0.064188 -0.090000 -0.319181
v 0.064188 0.090000 -0.319181
v 0.060976 0.093650 -0.317444
v 0.058099 0.096920 -0.315888
v 0.055390 0.100000 -0.314422
v 0.052680 0.103080 -0.312957
v 0.049803 0.106350 -0.311401
v 0.046592 0.110000 -0.309664
v 0.046767 -0.110000 -0.309322
v 0.050054 -0.106350 -0.310912
v 0.052998 -0.103080 -0.312337
v 0.055771 -0.100000 -0.313678
v 0.058544 -0.096920 -0.315020
v 0.061488 -0.093650 -0.316444
v 0.064775 -0.090000 -0.318034
v 0.064775 0.090000 -0.318034
v 0.061488 0.093650 -0.316444
v 0.058544 0.096920 -0.315020
v 0.055771 0.100000 -0.313678
v 0.052998 0.103080 -0.312337
v 0.050054 0.106350 -0.310912
v 0.046767 0.110000 -0.309322
v 0.046925 -0.110000 -0.308975
v 0.050281 -0.106350 -0.310413
v 0.053288 -0.103080 -0.311702
v 0.056119 -0.100000 -0.312915
v 0.058951 -0.096920 -0.314128
v 0.061957 -0.093650 -0.315416
v 0.065313 -0.090000 -0.316855
v 0.065313 0.090000 -0.316855
v 0.061957 0.093650 -0.315416
v 0.058951 0.096920 -0.314128
v 0.056119 0.100000 -0.312915
v 0.053288 0.103080 -0.311702
v 0.050281 0.106350 -0.310413
v 0.046925 0.110000 -0.308975
v 0.047067 -0.110000 -0.308622
v 0.050486 -0.106350 -0.309904
v 0.053548 -0.103080 -0.311053
v 0.056433 -0.100000 -0.312134
v 0.059317 -0.096920 -0.313216
v 0.062379 -0.093650 -0.314364
v 0.065798 -0.090000 -0.315646
v 0.065798 0.090000 -0.315646
v 0.062379 0.093650 -0.314364
v 0.059317 0.096920 -0.313216
v 0.056433 0.100000 -0.312134
v 0.053548 0.103080 -0.311053
v 0.050486 0.106350 -0.309904
v 0.047067 0.110000 -0.308622
v 0.047192 -0.110000 -0.308264
v 0.050666 -0.106350 -0.309386
v 0.053779 -0.103080 -0.310392
v 0.056710 -0.100000 -0.311339
v 0.059641 -0.096920 -0.312286
v 0.062754 -0.093650 -0.313292
v 0.066228 -0.090000 -0.314414
v 0.066228 0.090000 -0.314414
v 0.062754 0.093650 -0.313292
v 0.059641 0.096920 -0.312286
v 0.056710 0.100000 -0.311339
v 0.053779 0.103080 -0.310392
v 0.050666 0.106350 -0.309386
v 0.047192 0.110000 -0.308264
v 0.047300 -0.110000 -0.307900
v 0.050823 -0.106350 -0.308861
v 0.053978 -0.103080 -0.309722
v 0.056950 -0.100000 -0.310532
v 0.059922 -0.096920 -0.311343
v 0.063078 -0.093650 -0.312204
v 0.066600 -0.090000 -0.313164
v 0.066600 0.090000 -0.313164
v 0.063078 0.093650 -0.312204
v 0.059922 0.096920 -0.311343
v 0.056950 0.100000 -0.310532
v 0.053978 0.103080 -0.309722
v 0.050823 0.106350 -0.308861
v 0.047300 0.110000 -0.307900
v 0.047392 -0.110000 -0.307531
v 0.050955 -0.106350 -0.308329
v 0.054147 -0.103080 -0.309043
v 0.057153 -0.100000 -0.309716
v 0.060159 -0.096920 -0.310390
v 0.063350 -0.093650 -0.311104
v 0.066913 -0.090000 -0.311902
v 0.066913 0.090000 -0.311902
v 0.063350 0.093650 -0.311104
v 0.060159 0.096920 -0.310390
v 0.057153 0.100000 -0.309716
v 0.054147 0.103080 -0.309043
v 0.050955 0.106350 -0.308329
v 0.047392 0.110000 -0.307531
v 0.047467 -0.110000 -0.307156
v 0.051062 -0.106350 -0.307790
v 0.054283 -0.103080 -0.308359
v 0.057317 -0.100000 -0.308895
v 0.060350 -0.096920 -0.309430
v 0.063571 -0.093650 -0.309999
v 0.067167 -0.090000 -0.310634
v 0.067167 0.090000 -0.310634
v 0.063571 0.093650 -0.309999
v 0.060350 0.096920 -0.309430
v 0.057317 0.100000 -0.308895
v 0.054283 0.103080 -0.308359
v 0.051062 0.106350 -0.307790
v 0.047467 0.110000 -0.307156
v 0.047525 -0.110000 -0.306775
v 0.051146 -0.106350 -0.307248
v 0.054389 -0.103080 -0.307671
v 0.057443 -0.100000 -0.308070
v 0.060498 -0.096920 -0.308468
v 0.063741 -0.093650 -0.308892
v 0.067362 -0.090000 -0.309364
v 0.067362 0.090000 -0.309364
v 0.063741 0.093650 -0.308892
v 0.060498 0.096920 -0.308468
v 0.057443 0.100000 -0.308070
v 0.054389 0.103080 -0.307671
v 0.051146 0.106350 -0.307248
v 0.047525 0.110000 -0.306775
v 0.047567 -0.110000 -0.306389
v 0.051205 -0.106350 -0.306701
v 0.054463 -0.103080 -0.306981
v 0.057532 -0.100000 -0.307244
v 0.060602 -0.096920 -0.307508
v 0.063860 -0.093650 -0.307787
v 0.067498 -0.090000 -0.308100
v 0.067498 0.090000 -0.308100
v 0.063860 0.093650 -0.307787
v 0.060602 0.096920 -0.307508
v 0.057532 0.100000 -0.307244
v 0.054463 0.103080 -0.306981
v 0.051205 0.106350 -0.306701
v 0.047567 0.110000 -0.306389
v 0.047592 -0.110000 -0.305997
v 0.051240 -0.106350 -0.306152
v 0.054507 -0.103080 -0.306290
v 0.057585 -0.100000 -0.306421
v 0.060663 -0.096920 -0.306551
v 0.063930 -0.093650 -0.306690
v 0.067578 -0.090000 -0.306844
v 0.067578 0.090000 -0.306844
v 0.063930 0.093650 -0.306690
v 0.060663 0.096920 -0.306551
v 0.057585 0.100000 -0.306421
v 0.054507 0.103080 -0.306290
v 0.051240 0.106350 -0.306152
v 0.047592 0.110000 -0.305997
v 0.047600 -0.110000 -0.305600
v 0.051250 -0.106350 -0.305638
v 0.054520 -0.103080 -0.305673
v 0.057600 -0.100000 -0.305705
v 0.060680 -0.096920 -0.305737
v 0.063950 -0.093650 -0.305771
v 0.067600 -0.090000 -0.305810
v 0.067600 0.090000 -0.305810
v 0.063950 0.093650 -0.305771
v 0.060680 0.096920 -0.305737
v 0.057600 0.100000 -0.305705
v 0.054520 0.103080 -0.305673
v 0.051250 0.106350 -0.305638
v 0.047600 0.110000 -0.305600
v 0.047600 -0.110000 0.164000
v 0.051250 -0.106350 0.160350
v 0.054520 -0.103080 0.157080
v 0.057600 -0.100000 0.154000
v 0.060680 -0.096920 0.150920
v 0.063950 -0.093650 0.147650
v 0.067600 -0.090000 0.144000
v 0.067600 0.090000 0.144000
v 0.063950 0.093650 0.147650
v 0.060680 0.096920 0.150920
v 0.057600 0.100000 0.154000
v 0.054520 0.103080 0.157080
v 0.051250 0.106350 0.160350
v 0.047600 0.110000 0.164000
v 0.146000 -0.110000 0.164000
v 0.146038 -0.106350 0.160350
v 0.146072 -0.103080 0.157080
v 0.146104 -0.100000 0.154000
v 0.146137 -0.096920 0.150920
v 0.146171 -0.093650 0.147650
v 0.146209 -0.090000 0.144000
v 0.146209 0.090000 0.144000
v 0.146171 0.093650 0.147650
v 0.146137 0.096920 0.150920
v 0.146104 0.100000 0.154000
v 0.146072 0.103080 0.157080
v 0.146038 0.106350 0.160350
v 0.146000 0.110000 0.164000
v 0.146465 -0.110000 0.164010
v 0.146618 -0.106350 0.160362
v 0.146755 -0.103080 0.157094
v 0.146884 -0.100000 0.154016
v 0.147014 -0.096920 0.150939
v 0.147151 -0.093650 0.147671
v 0.147304 -0.090000 0.144023
v 0.147304 0.090000 0.144023
v 0.147151 0.093650 0.147671
v 0.147014 0.096920 0.150939
v 0.146884 0.100000 0.154016
v 0.146755 0.103080 0.157094
v 0.146618 0.106350 0.160362
v 0.146465 0.110000 0.164010
v 0.146928 -0.110000 0.164039
v 0.147235 -0.106350 0.160401
v 0.147510 -0.103080 0.157141
v 0.147769 -0.100000 0.154072
v 0.148027 -0.096920 0.151003
v 0.148302 -0.093650 0.147743
v 0.148609 -0.090000 0.144105
v 0.148609 0.090000 0.144105
v 0.148302 0.093650 0.147743
v 0.148027 0.096920 0.151003
v 0.147769 0.100000 0.154072
v 0.147510 0.103080 0.157141
v 0.147235 0.106350 0.160401
v 0.146928 0.110000 0.164039
v 0.147387 -0.110000 0.164087
v 0.147848 -0.106350 0.160465
v 0.148261 -0.103080 0.157221
v 0.148650 -0.100000 0.154165
v 0.149039 -0.096920 0.151110
v 0.149452 -0.093650 0.147865
v 0.149913 -0.090000 0.144243
v 0.149913 0.090000 0.144243
v 0.149452 0.093650 0.147865
v 0.149039 0.096920 0.151110
v 0.148650 0.100000 0.154165
v 0.148261 0.103080 0.157221
v 0.147848 0.106350 0.160465
v 0.147387 0.110000 0.164087
v 0.147844 -0.110000 0.164156
v 0.148459 -0.106350 0.160556
v 0.149009 -0.103080 0.157332
v 0.149528 -0.100000 0.154296
v 0.150046 -0.096920 0.151259
v 0.150596 -0.093650 0.148035
v 0.151211 -0.090000 0.144436
v 0.151211 0.090000 0.144436
v 0.150596 0.093650 0.148035
v 0.150046 0.096920 0.151259
v 0.149528 0.100000 0.154296
v 0.149009 0.103080 0.157332
v 0.148459 0.106350 0.160556
v 0.147844 0.110000 0.164156
v 0.148299 -0.110000 0.164243
v 0.149065 -0.106350 0.160673
v 0.149752 -0.103080 0.157475
v 0.150398 -0.100000 0.154464
v 0.151045 -0.096920 0.151452
v 0.151731 -0.093650 0.148254
v 0.152498 -0.090000 0.144684
v 0.152498 0.090000 0.144684
v 0.151731 0.093650 0.148254
v 0.151045 0.096920 0.151452
v 0.150398 0.100000 0.154464
v 0.149752 0.103080 0.157475
v 0.149065 0.106350 0.160673
v 0.148299 0.110000 0.164243
v 0.148750 -0.110000 0.164350
v 0.149666 -0.106350 0.160816
v 0.150487 -0.103080 0.157650
v 0.151260 -0.100000 0.154668
v 0.152033 -0.096920 0.151686
v 0.152853 -0.093650 0.148520
v 0.153769 -0.090000 0.144986
v 0.153769 0.090000 0.144986
v 0.152853 0.093650 0.148520
v 0.152033 0.096920 0.151686
v 0.151260 0.100000 0.154668
v 0.150487 0.103080 0.157650
v 0.149666 0.106350 0.160816
v 0.148750 0.110000 0.164350
v 0.149199 -0.110000 0.164476
v 0.150261 -0.106350 0.160983
v 0.151214 -0.103080 0.157854
v 0.152110 -0.100000 0.154907
v 0.153007 -0.096920 0.151960
v 0.153959 -0.093650 0.148831
v 0.155022 -0.090000 0.145338
v 0.155022 0.090000 0.145338
v 0.153959 0.093650 0.148831
v 0.153007 0.096920 0.151960
v 0.152110 0.100000 0.154907
v 0.151214 0.103080 0.157854
v 0.150261 0.106350 0.160983
v 0.149199 0.110000 0.164476
v 0.149644 -0.110000 0.164622
v 0.150850 -0.106350 0.161176
v 0.151931 -0.103080 0.158089
v 0.152948 -0.100000 0.155181
v 0.153965 -0.096920 0.152274
v 0.155045 -0.093650 0.149187
v 0.156251 -0.090000 0.145741
v 0.156251 0.090000 0.145741
v 0.155045 0.093650 0.149187
v 0.153965 0.096920 0.152274
v 0.152948 0.100000 0.155181
v 0.151931 0.103080 0.158089
v 0.150850 0.106350 0.161176
v 0.149644 0.110000 0.164622
v 0.150088 -0.110000 0.164787
v 0.151432 -0.106350 0.161393
v 0.152637 -0.103080 0.158352
v 0.153771 -0.100000 0.155488
v 0.154905 -0.096920 0.152625
v 0.156110 -0.093650 0.149584
v 0.157455 -0.090000 0.146189
v 0.157455 0.090000 0.146189
v 0.156110 0.093650 0.149584
v 0.154905 0.096920 0.152625
v 0.153771 0.100000 0.155488
v 0.152637 0.103080 0.158352
v 0.151432 0.106350 0.161393
v 0.150088 0.110000 0.164787
v 0.150528 -0.110000 0.164972
v 0.152006 -0.106350 0.161634
v 0.153331 -0.103080 0.158643
v 0.154578 -0.100000 0.155827
v 0.155826 -0.096920 0.153011
v 0.157150 -0.093650 0.150020
v 0.158629 -0.090000 0.146682
v 0.158629 0.090000 0.146682
v 0.157150 0.093650 0.150020
v 0.155826 0.096920 0.153011
v 0.154578 0.100000 0.155827
v 0.153331 0.103080 0.158643
v 0.152006 0.106350 0.161634
v 0.150528 0.110000 0.164972
v 0.150965 -0.110000 0.165176
v 0.152573 -0.106350 0.161898
v 0.154012 -0.103080 0.158962
v 0.155368 -0.100000 0.156196
v 0.156725 -0.096920 0.153430
v 0.158164 -0.093650 0.150494
v 0.159772 -0.090000 0.147215
v 0.159772 0.090000 0.147215
v 0.158164 0.093650 0.150494
v 0.156725 0.096920 0.153430
v 0.155368 0.100000 0.156196
v 0.154012 0.103080 0.158962
v 0.152573 0.106350 0.161898
v 0.150965 0.110000 0.165176
v 0.151400 -0.110000 0.165400
v 0.153133 -0.106350 0.162187
v 0.154686 -0.103080 0.159308
v 0.156148 -0.100000 0.156597
v 0.157611 -0.096920 0.153886
v 0.159163 -0.093650 0.151008
v 0.160897 -0.090000 0.147794
v 0.160897 0.090000 0.147794
v 0.159163 0.093650 0.151008
v 0.157611 0.096920 0.153886
v 0.156148 0.100000 0.156597
v 0.154686 0.103080 0.159308
v 0.153133 0.106350 0.162187
v 0.151400 0.110000 0.165400
v 0.151828 -0.110000 0.165642
v 0.153688 -0.106350 0.162500
v 0.155354 -0.103080 0.159686
v 0.156924 -0.100000 0.157035
v 0.158493 -0.096920 0.154385
v 0.160160 -0.093650 0.151571
v 0.162020 -0.090000 0.148429
v 0.162020 0.090000 0.148429
v 0.160160 0.093650 0.151571
v 0.158493 0.096920 0.154385
v 0.156924 0.100000 0.157035
v 0.155354 0.103080 0.159686
v 0.153688 0.106350 0.162500
v 0.151828 0.110000 0.165642
v 0.152244 -0.110000 0.165900
v 0.154231 -0.106350 0.162837
v 0.156011 -0.103080 0.160093
v 0.157688 -0.100000 0.157509
v 0.159364 -0.096920 0.154924
v 0.161144 -0.093650 0.152180
v 0.163131 -0.090000 0.149117
v 0.163131 0.090000 0.149117
v 0.161144 0.093650 0.152180
v 0.159364 0.096920 0.154924
v 0.157688 0.100000 0.157509
v 0.156011 0.103080 0.160093
v 0.154231 0.106350 0.162837
v 0.152244 0.110000 0.165900
v 0.152650 -0.110000 0.166175
v 0.154760 -0.106350 0.163195
v 0.156651 -0.103080 0.160527
v 0.158431 -0.100000 0.158013
v 0.160212 -0.096920 0.155499
v 0.162102 -0.093650 0.152830
v 0.164212 -0.090000 0.149851
v 0.164212 0.090000 0.149851
v 0.162102 0.093650 0.152830
v 0.160212 0.096920 0.155499
v 0.158431 0.100000 0.158013
v 0.156651 0.103080 0.160527
v 0.154760 0.106350 0.163195
v 0.152650 0.110000 0.166175
v 0.153044 -0.110000 0.166467
v 0.155274 -0.106350 0.163576
v 0.157272 -0.103080 0.160986
v 0.159153 -0.100000 0.158547
v 0.161035 -0.096920 0.156108
v 0.163032 -0.093650 0.153518
v 0.165262 -0.090000 0.150627
v 0.165262 0.090000 0.150627
v 0.163032 0.093650 0.153518
v 0.161035 0.096920 0.156108
v 0.159153 0.100000 0.158547
v 0.157272 0.103080 0.160986
v 0.155274 0.106350 0.163576
v 0.153044 0.110000 0.166467
v 0.153428 -0.110000 0.166775
v 0.155773 -0.106350 0.163977
v 0.157874 -0.103080 0.161470
v 0.159853 -0.100000 0.159109
v 0.161831 -0.096920 0.156749
v 0.163932 -0.093650 0.154242
v 0.166278 -0.090000 0.151444
v 0.166278 0.090000 0.151444
v 0.163932 0.093650 0.154242
v 0.161831 0.096920 0.156749
v 0.159853 0.100000 0.159109
v 0.157874 0.103080 0.161470
v 0.155773 0.106350 0.163977
v 0.153428 0.110000 0.166775
v 0.153800 -0.110000 0.167100
v 0.156256 -0.106350 0.164398
v 0.158456 -0.103080 0.161978
v 0.160528 -0.100000 0.159699
v 0.162599 -0.096920 0.157419
v 0.164799 -0.093650 0.154999
v 0.167255 -0.090000 0.152297
v 0.167255 0.090000 0.152297
v 0.164799 0.093650 0.154999
v 0.162599 0.096920 0.157419
v 0.160528 0.100000 0.159699
v 0.158456 0.103080 0.161978
v 0.156256 0.106350 0.164398
v 0.153800 0.110000 0.167100
v 0.154161 -0.110000 0.167442
v 0.156722 -0.106350 0.164839
v 0.159016 -0.103080 0.162509
v 0.161177 -0.100000 0.160313
v 0.163338 -0.096920 0.158118
v 0.165632 -0.093650 0.155787
v 0.168193 -0.090000 0.153185
v 0.168193 0.090000 0.153185
v 0.165632 0.093650 0.155787
v 0.163338 0.096920 0.158118
v 0.161177 0.100000 0.160313
v 0.159016 0.103080 0.162509
v 0.156722 0.106350 0.164839
v 0.154161 0.110000 0.167442
v 0.154511 -0.110000 0.167800
v 0.157172 -0.106350 0.165300
v 0.159556 -0.103080 0.163060
v 0.161800 -0.100000 0.160951
v 0.164045 -0.096920 0.158842
v 0.166429 -0.093650 0.156603
v 0.169090 -0.090000 0.154103
v 0.169090 0.090000 0.154103
v 0.166429 0.093650 0.156603
v 0.164045 0.096920 0.158842
v 0.161800 0.100000 0.160951
v 0.159556 0.103080 0.163060
v 0.157172 0.106350 0.165300
v 0.154511 0.110000 0.167800
v 0.154850 -0.110000 0.168175
v 0.157605 -0.106350 0.165779
v 0.160073 -0.103080 0.163633
v 0.162397 -0.100000 0.161611
v 0.164721 -0.096920 0.159590
v 0.167189 -0.093650 0.157444
v 0.169944 -0.090000 0.155048
v 0.169944 0.090000 0.155048
v 0.167189 0.093650 0.157444
v 0.164721 0.096920 0.159590
v 0.162397 0.100000 0.161611
v 0.160073 0.103080 0.163633
v 0.157605 0.106350 0.165779
v 0.154850 0.110000 0.168175
v 0.155178 -0.110000 0.168567
v 0.158021 -0.106350 0.166276
v 0.160567 -0.103080 0.164224
v 0.162966 -0.100000 0.162291
v 0.165364 -0.096920 0.160359
v 0.167911 -0.093650 0.158307
v 0.170754 -0.090000 0.156016
v 0.170754 0.090000 0.156016
v 0.167911 0.093650 0.158307
v 0.165364 0.096920 0.160359
v 0.162966 0.100000 0.162291
v 0.160567 0.103080 0.164224
v 0.158021 0.106350 0.166276
v 0.155178 0.110000 0.168567
v 0.155494 -0.110000 0.168975
v 0.158420 -0.106350 0.166790
v 0.161040 -0.103080 0.164833
v 0.163508 -0.100000 0.162990
v 0.165976 -0.096920 0.161147
v 0.168596 -0.093650 0.159190
v 0.171521 -0.090000 0.157005
v 0.171521 0.090000 0.157005
v 0.168596 0.093650 0.159190
v 0.165976 0.096920 0.161147
v 0.163508 0.100000 0.162990
v 0.161040 0.103080 0.164833
v 0.158420 0.106350 0.166790
v 0.155494 0.110000 0.168975
v 0.155800 -0.110000 0.169400
v 0.158803 -0.106350 0.167324
v 0.161493 -0.103080 0.165464
v 0.164027 -0.100000 0.163712
v 0.166560 -0.096920 0.161960
v 0.169250 -0.093650 0.160100
v 0.172253 -0.090000 0.158024
v 0.172253 0.090000 0.158024
v 0.169250 0.093650 0.160100
v 0.166560 0.096920 0.161960
v 0.164027 0.100000 0.163712
v 0.161493 0.103080 0.165464
v 0.158803 0.106350 0.167324
v 0.155800 0.110000 0.169400
v 0.156094 -0.110000 0.169843
v 0.159172 -0.106350 0.167879
v 0.161929 -0.103080 0.166119
v 0.164525 -0.100000 0.164462
v 0.167121 -0.096920 0.162805
v 0.169878 -0.093650 0.161045
v 0.172956 -0.090000 0.159081
v 0.172956 0.090000 0.159081
v 0.169878 0.093650 0.161045
v 0.167121 0.096920 0.162805
v 0.164525 0.100000 0.164462
v 0.161929 0.103080 0.166119
v 0.159172 0.106350 0.167879
v 0.156094 0.110000 0.169843
v 0.156378 -0.110000 0.170306
v 0.159524 -0.106350 0.168454
v 0.162343 -0.103080 0.166795
v 0.164998 -0.100000 0.165233
v 0.167652 -0.096920 0.163671
v 0.170471 -0.093650 0.162012
v 0.173617 -0.090000 0.160160
v 0.173617 0.090000 0.160160
v 0.170471 0.093650 0.162012
v 0.167652 0.096920 0.163671
v 0.164998 0.100000 0.165233
v 0.162343 0.103080 0.166795
v 0.159524 0.106350 0.168454
v 0.156378 0.110000 0.170306
v 0.156650 -0.110000 0.170787
v 0.159859 -0.106350 0.169046
v 0.162733 -0.103080 0.167487
v 0.165441 -0.100000 0.166018
v 0.168148 -0.096920 0.164549
v 0.171022 -0.093650 0.162989
v 0.174231 -0.090000 0.161248
v 0.174231 0.090000 0.161248
v 0.171022 0.093650 0.162989
v 0.168148 0.096920 0.164549
v 0.165441 0.100000 0.166018
v 0.162733 0.103080 0.167487
v 0.159859 0.106350 0.169046
v 0.156650 0.110000 0.170787
v 0.156911 -0.110000 0.171289
v 0.160176 -0.106350 0.169656
v 0.163101 -0.103080 0.168193
v 0.165856 -0.100000 0.166815
v 0.168610 -0.096920 0.165437
v 0.171535 -0.093650 0.163974
v 0.174801 -0.090000 0.162340
v 0.174801 0.090000 0.162340
v 0.171535 0.093650 0.163974
v 0.168610 0.096920 0.165437
v 0.165856 0.100000 0.166815
v 0.163101 0.103080 0.168193
v 0.160176 0.106350 0.169656
v 0.156911 0.110000 0.171289
v 0.157161 -0.110000 0.171810
v 0.160477 -0.106350 0.170281
v 0.163447 -0.103080 0.168912
v 0.166244 -0.100000 0.167623
v 0.169041 -0.096920 0.166334
v 0.172011 -0.093650 0.164965
v 0.175327 -0.090000 0.163436
v 0.175327 0.090000 0.163436
v 0.172011 0.093650 0.164965
v 0.169041 0.096920 0.166334
v 0.166244 0.100000 0.167623
v 0.163447 0.103080 0.168912
v 0.160477 0.106350 0.170281
v 0.157161 0.110000 0.171810
v 0.157400 -0.110000 0.172350
v 0.160761 -0.106350 0.170924
v 0.163771 -0.103080 0.169646
v 0.166606 -0.100000 0.168442
v 0.169441 -0.096920 0.167239
v 0.172452 -0.093650 0.165961
v 0.175812 -0.090000 0.164535
v 0.175812 0.090000 0.164535
v 0.172452 0.093650 0.165961
v 0.169441 0.096920 0.167239
v 0.166606 0.100000 0.168442
v 0.163771 0.103080 0.169646
v 0.160761 0.106350 0.170924
v 0.157400 0.110000 0.172350
v 0.157628 -0.110000 0.172910
v 0.161029 -0.106350 0.171582
v 0.164075 -0.103080 0.170393
v 0.166944 -0.100000 0.169272
v 0.169813 -0.096920 0.168152
v 0.172859 -0.093650 0.166963
v 0.176260 -0.090000 0.165635
v 0.176260 0.090000 0.165635
v 0.172859 0.093650 0.166963
v 0.169813 0.096920 0.168152
v 0.166944 0.100000 0.169272
v 0.164075 0.103080 0.170393
v 0.161029 0.106350 0.171582
v 0.157628 0.110000 0.172910
v 0.157844 -0.110000 0.173489
v 0.161281 -0.106350 0.172256
v 0.164359 -0.103080 0.171152
v 0.167258 -0.100000 0.170112
v 0.170157 -0.096920 0.169073
v 0.173235 -0.093650 0.167969
v 0.176672 -0.090000 0.166736
v 0.176672 0.090000 0.166736
v 0.173235 0.093650 0.167969
v 0.170157 0.096920 0.169073
v 0.167258 0.100000 0.170112
v 0.164359 0.103080 0.171152
v 0.161281 0.106350 0.172256
v 0.157844 0.110000 0.173489
v 0.158050 -0.110000 0.174087
v 0.161518 -0.106350 0.172947
v 0.164624 -0.103080 0.171925
v 0.167550 -0.100000 0.170963
v 0.170476 -0.096920 0.170000
v 0.173582 -0.093650 0.168978
v 0.177050 -0.090000 0.167838
v 0.177050 0.090000 0.167838
v 0.173582 0.093650 0.168978
v 0.170476 0.096920 0.170000
v 0.167550 0.100000 0.170963
v 0.164624 0.103080 0.171925
v 0.161518 0.106350 0.172947
v 0.158050 0.110000 0.174087
v 0.158244 -0.110000 0.174706
v 0.161740 -0.106350 0.173653
v 0.164872 -0.103080 0.172711
v 0.167821 -0.100000 0.171823
v 0.170770 -0.096920 0.170935
v 0.173901 -0.093650 0.169992
v 0.177397 -0.090000 0.168940
v 0.177397 0.090000 0.168940
v 0.173901 0.093650 0.169992
v 0.170770 0.096920 0.170935
v 0.167821 0.100000 0.171823
v 0.164872 0.103080 0.172711
v 0.161740 0.106350 0.173653
v 0.158244 0.110000 0.174706
v 0.158428 -0.110000 0.175343
v 0.161948 -0.106350 0.174376
v 0.165101 -0.103080 0.173509
v 0.168071 -0.100000 0.172693
v 0.171041 -0.096920 0.171877
v 0.174194 -0.093650 0.171010
v 0.177714 -0.090000 0.170043
v 0.177714 0.090000 0.170043
v 0.174194 0.093650 0.171010
v 0.171041 0.096920 0.171877
v 0.168071 0.100000 0.172693
v 0.165101 0.103080 0.173509
v 0.161948 0.106350 0.174376
v 0.158428 0.110000 0.175343
vn -0.0000 1.0000 -0.0000
vn 0.0018 1.0000 -0.0000
vn -0.0003 1.0000 -0.0000
vn 0.0002 1.0000 -0.0000
vn 0.0001 1.0000 -0.0000
vn -0.0001 1.0000 -0.0000
vn -0.0002 1.0000 -0.0000
vn 0.0008 1.0000 -0.0000
vn -0.0008 1.0000 -0.0000
vn -0.0007 1.0000 -0.0000
vn -0.0015 1.0000 -0.0000
vn 0.0005 1.0000 -0.0000
vn -0.0000 -1.0000 -0.0000
vn 0.0018 -1.0000 -0.0000
vn -0.0003 -1.0000 -0.0000
vn 0.0002 -1.0000 -0.0000
vn 0.0001 -1.0000 -0.0000
vn -0.0001 -1.0000 -0.0000
vn -0.0002 -1.0000 -0.0000
vn 0.0008 -1.0000 -0.0000
vn -0.0008 -1.0000 -0.0000
vn -0.0007 -1.0000 -0.0000
vn -0.0015 -1.0000 -0.0000
vn 0.0005 -1.0000 -0.0000
vn 0.6898 -0.7071 -0.1555
vn 0.6860 -0.7071 -0.1714
vn 0.9016 -0.3817 -0.2033
vn 0.8967 -0.3817 -0.2241
vn 0.9016 0.3817 -0.2033
vn 0.8967 0.3817 -0.2240
vn 0.6860 0.7071 -0.1714
vn 0.6898 0.7071 -0.1555
vn 0.6931 -0.7071 -0.1398
vn 0.6898 -0.7071 -0.1556
vn 0.9060 -0.3817 -0.1827
vn 0.9060 0.3817 -0.1827
vn 0.6931 0.7071 -0.1398
vn 0.6898 0.7071 -0.1556
vn 0.6961 -0.7071 -0.1244
vn 0.6961 -0.7071 -0.1243
vn 0.9099 -0.3818 -0.1625
vn 0.9099 0.3818 -0.1625
vn 0.6961 0.7071 -0.1244
vn 0.6961 0.7071 -0.1243
vn 0.6986 -0.7071 -0.1092
vn 0.9132 -0.3818 -0.1427
vn 0.9132 0.3818 -0.1427
vn 0.6986 0.7071 -0.1092
vn 0.7008 -0.7071 -0.0944
vn 0.9160 -0.3818 -0.1234
vn 0.9160 0.3818 -0.1234
vn 0.7008 0.7071 -0.0944
vn 0.7026 -0.7071 -0.0799
vn 0.9183 -0.3818 -0.1044
vn 0.9183 0.3818 -0.1044
vn 0.7026 0.7071 -0.0799
vn 0.7040 -0.7071 -0.0657
vn 0.9202 -0.3818 -0.0859
vn 0.9202 0.3818 -0.0859
vn 0.7040 0.7071 -0.0657
vn 0.7052 -0.7071 -0.0519
vn 0.9217 -0.3819 -0.0678
vn 0.9217 0.3819 -0.0678
vn 0.7052 0.7071 -0.0519
vn 0.7060 -0.7071 -0.0384
vn 0.7061 -0.7071 -0.0384
vn 0.9228 -0.3819 -0.0502
vn 0.9228 0.3819 -0.0502
vn 0.7060 0.7071 -0.0384
vn 0.7061 0.7071 -0.0384
vn 0.7066 -0.7071 -0.0253
vn 0.9236 -0.3819 -0.0330
vn 0.9236 0.3819 -0.0330
vn 0.7066 0.7071 -0.0253
vn 0.7070 -0.7071 -0.0125
vn 0.9240 -0.3819 -0.0163
vn 0.9240 0.3819 -0.0163
vn 0.7070 0.7071 -0.0125
vn 0.7071 -0.7071 0.0001
vn 0.9242 -0.3819 0.0001
vn 0.9242 0.3819 0.0001
vn 0.7071 0.7071 0.0001
vn 0.7070 -0.7071 0.0131
vn 0.9241 0.3819 0.0171
vn 0.7070 0.7071 0.0131
vn 0.7066 -0.7071 0.0268
vn 0.9241 -0.3819 0.0171
vn 0.9236 0.3818 0.0350
vn 0.7066 0.7071 0.0268
vn 0.7059 -0.7071 0.0412
vn 0.9236 -0.3818 0.0350
vn 0.9227 0.3818 0.0539
vn 0.7059 0.7071 0.0412
vn 0.7048 -0.7071 0.0565
vn 0.9227 -0.3818 0.0539
vn 0.9213 0.3817 0.0739
vn 0.7048 0.7071 0.0565
vn 0.7033 -0.7071 0.0726
vn 0.9213 -0.3817 0.0739
vn 0.9194 0.3817 0.0949
vn 0.7033 0.7071 0.0726
vn 0.7014 -0.7071 0.0897
vn 0.7014 -0.7071 0.0896
vn 0.9194 -0.3817 0.0949
vn 0.9169 0.3816 0.1172
vn 0.7014 0.7071 0.0897
vn 0.7014 0.7071 0.0896
vn 0.6988 -0.7071 0.1076
vn 0.6988 -0.7071 0.1077
vn 0.9169 -0.3816 0.1172
vn 0.9136 0.3816 0.1407
vn 0.6988 0.7071 0.1076
vn 0.6988 0.7071 0.1077
vn 0.6957 -0.7071 0.1266
vn 0.6956 -0.7071 0.1266
vn 0.9136 -0.3816 0.1407
vn 0.9094 0.3815 0.1655
vn 0.6956 0.7071 0.1266
vn 0.6957 0.7071 0.1266
vn 0.6917 -0.7071 0.1466
vn 0.6917 -0.7072 0.1466
vn 0.9094 -0.3815 0.1655
vn 0.9043 0.3814 0.1917
vn 0.6917 0.7071 0.1466
vn 0.6917 0.7072 0.1466
vn 0.6869 -0.7072 0.1677
vn 0.6869 -0.7071 0.1677
vn 0.9043 -0.3814 0.1917
vn 0.8980 0.3814 0.2193
vn 0.6869 0.7071 0.1677
vn 0.6869 0.7072 0.1677
vn 0.6811 -0.7072 0.1898
vn 0.6811 -0.7071 0.1898
vn 0.8981 -0.3814 0.2192
vn 0.8905 0.3813 0.2482
vn 0.6811 0.7072 0.1898
vn 0.6748 -0.7071 0.2113
vn 0.8822 -0.3814 0.2762
vn 0.8905 -0.3813 0.2482
vn 0.8822 0.3814 0.2762
vn 0.6748 0.7071 0.2113
vn 0.6748 0.7072 0.2113
vn 0.6686 -0.7071 0.2301
vn 0.6748 -0.7072 0.2113
vn 0.6686 -0.7071 0.2300
vn 0.8740 -0.3816 0.3007
vn 0.8740 0.3816 0.3007
vn 0.6686 0.7071 0.2301
vn 0.6686 0.7071 0.2300
vn 0.6623 -0.7071 0.2477
vn 0.8658 0.3815 0.3238
vn 0.6623 0.7071 0.2477
vn 0.6551 -0.7071 0.2660
vn 0.6551 -0.7072 0.2660
vn 0.8658 -0.3815 0.3238
vn 0.8565 0.3815 0.3477
vn 0.6551 0.7071 0.2660
vn 0.6471 -0.7071 0.2849
vn 0.6471 -0.7072 0.2849
vn 0.6472 -0.7071 0.2849
vn 0.8565 -0.3815 0.3477
vn 0.8460 0.3814 0.3724
vn 0.6471 0.7071 0.2849
vn 0.6471 0.7072 0.2849
vn 0.6472 0.7071 0.2849
vn 0.6382 -0.7071 0.3044
vn 0.6382 -0.7072 0.3044
vn 0.8461 -0.3814 0.3724
vn 0.8344 0.3814 0.3979
vn 0.6382 0.7072 0.3044
vn 0.6382 0.7071 0.3044
vn 0.6283 -0.7071 0.3244
vn 0.6283 -0.7072 0.3244
vn 0.6282 -0.7072 0.3244
vn 0.8344 -0.3814 0.3979
vn 0.8214 0.3813 0.4241
vn 0.6283 0.7072 0.3244
vn 0.6282 0.7072 0.3244
vn 0.6283 0.7071 0.3244
vn 0.6172 -0.7072 0.3450
vn 0.6172 -0.7072 0.3449
vn 0.8214 -0.3813 0.4241
vn 0.8070 0.3813 0.4510
vn 0.6172 0.7072 0.3449
vn 0.6172 0.7072 0.3450
vn 0.6050 -0.7072 0.3660
vn 0.6050 -0.7072 0.3659
vn 0.8070 -0.3813 0.4510
vn 0.7910 0.3812 0.4785
vn 0.6050 0.7072 0.3659
vn 0.5915 -0.7072 0.3873
vn 0.7910 -0.3812 0.4785
vn 0.7735 0.3812 0.5064
vn 0.5915 0.7072 0.3873
vn 0.5768 -0.7072 0.4090
vn 0.7734 -0.3812 0.5065
vn 0.7542 0.3811 0.5348
vn 0.5768 0.7072 0.4090
vn 0.5606 -0.7072 0.4308
vn 0.7542 -0.3811 0.5348
vn 0.7331 0.3811 0.5633
vn 0.5606 0.7072 0.4308
vn 0.5606 0.7071 0.4308
vn 0.5440 -0.7072 0.4516
vn 0.7113 -0.3812 0.5905
vn 0.7331 -0.3811 0.5633
vn 0.7113 0.3812 0.5905
vn 0.5440 0.7072 0.4516
vn 0.5280 -0.7072 0.4703
vn 0.5279 -0.7072 0.4703
vn 0.6903 -0.3813 0.6149
vn 0.6903 0.3813 0.6149
vn 0.5279 0.7072 0.4703
vn 0.5280 0.7072 0.4703
vn 0.5115 -0.7072 0.4881
vn 0.6688 0.3812 0.6382
vn 0.5115 0.7072 0.4881
vn 0.4938 -0.7072 0.5060
vn 0.4938 -0.7072 0.5061
vn 0.6688 -0.3812 0.6382
vn 0.6457 0.3812 0.6617
vn 0.4938 0.7072 0.5060
vn 0.4938 0.7072 0.5061
vn 0.4747 -0.7072 0.5240
vn 0.6457 -0.3812 0.6617
vn 0.6207 0.3811 0.6852
vn 0.4747 0.7072 0.5240
vn 0.4542 -0.7072 0.5418
vn 0.4542 -0.7072 0.5419
vn 0.6207 -0.3811 0.6852
vn 0.5939 0.3811 0.7086
vn 0.4542 0.7072 0.5419
vn 0.4542 0.7072 0.5418
vn 0.4322 -0.7072 0.5595
vn 0.5939 -0.3811 0.7086
vn 0.5652 0.3810 0.7317
vn 0.4322 0.7072 0.5595
vn 0.4088 -0.7072 0.5768
vn 0.4088 -0.7072 0.5769
vn 0.5652 -0.3810 0.7317
vn 0.5346 0.3809 0.7544
vn 0.4088 0.7072 0.5768
vn 0.4088 0.7072 0.5769
vn 0.3840 -0.7072 0.5936
vn 0.3840 -0.7072 0.5937
vn 0.5346 -0.3809 0.7544
vn 0.5022 0.3809 0.7764
vn 0.3840 0.7072 0.5936
vn 0.3840 0.7072 0.5937
vn 0.3578 -0.7072 0.6098
vn 0.5022 -0.3809 0.7764
vn 0.4680 0.3809 0.7975
vn 0.3578 0.7072 0.6098
vn 0.3303 -0.7072 0.6251
vn 0.4680 -0.3809 0.7975
vn 0.4320 0.3808 0.8175
vn 0.3303 0.7072 0.6251
vn 0.3016 -0.7072 0.6394
vn 0.4320 -0.3808 0.8175
vn 0.3945 0.3808 0.8363
vn 0.3016 0.7072 0.6394
vn 0.2746 -0.7072 0.6515
vn 0.3591 -0.3811 0.8520
vn 0.3945 -0.3808 0.8363
vn 0.3591 0.3811 0.8520
vn 0.2746 0.7072 0.6515
vn 0.2522 -0.7072 0.6605
vn 0.2522 -0.7071 0.6606
vn 0.2522 -0.7071 0.6605
vn 0.3298 -0.3814 0.8636
vn 0.3298 0.3814 0.8636
vn 0.2522 0.7071 0.6605
vn 0.2522 0.7071 0.6606
vn 0.2522 0.7072 0.6605
vn 0.2319 -0.7071 0.6680
vn 0.2319 -0.7072 0.6680
vn 0.3032 0.3814 0.8733
vn 0.2319 0.7071 0.6680
vn 0.2319 0.7072 0.6680
vn 0.2109 -0.7071 0.6749
vn 0.2108 -0.7072 0.6749
vn 0.2108 -0.7071 0.6749
vn 0.2109 -0.7072 0.6749
vn 0.3032 -0.3814 0.8733
vn 0.2757 0.3814 0.8824
vn 0.2109 0.7072 0.6749
vn 0.2109 0.7071 0.6749
vn 0.2108 0.7071 0.6749
vn 0.2108 0.7072 0.6749
vn 0.1892 -0.7071 0.6813
vn 0.1892 -0.7072 0.6813
vn 0.2757 -0.3814 0.8824
vn 0.2474 0.3813 0.8907
vn 0.1892 0.7071 0.6813
vn 0.1892 0.7072 0.6813
vn 0.1670 -0.7072 0.6871
vn 0.1669 -0.7072 0.6871
vn 0.2474 -0.3813 0.8907
vn 0.2183 0.3813 0.8983
vn 0.1669 0.7072 0.6871
vn 0.1670 0.7071 0.6871
vn 0.1442 -0.7072 0.6922
vn 0.2183 -0.3813 0.8983
vn 0.1885 0.3813 0.9050
vn 0.1442 0.7072 0.6922
vn 0.1209 -0.7072 0.6966
vn 0.1885 -0.3813 0.9050
vn 0.1581 0.3813 0.9108
vn 0.1209 0.7072 0.6966
vn 0.0972 -0.7072 0.7003
vn 0.1581 -0.3813 0.9108
vn 0.1271 0.3813 0.9157
vn 0.0972 0.7072 0.7003
vn 0.0732 -0.7072 0.7032
vn 0.0732 -0.7072 0.7033
vn 0.1271 -0.3813 0.9157
vn 0.0957 0.3812 0.9195
vn 0.0732 0.7072 0.7033
vn 0.0732 0.7072 0.7032
vn 0.0490 -0.7072 0.7054
vn 0.0490 -0.7072 0.7053
vn 0.0958 -0.3812 0.9195
vn 0.0640 0.3812 0.9223
vn 0.0490 0.7072 0.7054
vn 0.0490 0.7072 0.7053
vn 0.0245 -0.7072 0.7066
vn 0.0640 -0.3812 0.9223
vn 0.0321 0.3812 0.9239
vn 0.0245 0.7072 0.7066
vn 0.0061 -0.7071 0.7071
vn 0.0080 -0.3819 0.9241
vn 0.0321 -0.3812 0.9239
vn 0.0080 0.3819 0.9241
vn 0.0061 0.7071 0.7071
vn -0.0062 -0.7071 0.7071
vn -0.0081 0.3819 0.9242
vn -0.0062 0.7071 0.7071
vn -0.0247 -0.7072 0.7066
vn -0.0081 -0.3819 0.9241
vn -0.0324 0.3812 0.9239
vn -0.0247 0.7072 0.7066
vn -0.0497 -0.7072 0.7053
vn -0.0324 -0.3812 0.9239
vn -0.0650 0.3812 0.9222
vn -0.0497 0.7072 0.7053
vn -0.0748 -0.7072 0.7031
vn -0.0650 -0.3812 0.9222
vn -0.0978 0.3812 0.9193
vn -0.0748 0.7072 0.7031
vn -0.1000 -0.7071 0.7000
vn -0.1000 -0.7072 0.6999
vn -0.0978 -0.3812 0.9193
vn -0.1308 0.3812 0.9152
vn -0.1000 0.7072 0.6999
vn -0.1000 0.7071 0.7000
vn -0.1252 -0.7072 0.6959
vn -0.1308 -0.3812 0.9152
vn -0.1636 0.3812 0.9099
vn -0.1252 0.7072 0.6959
vn -0.1251 0.7072 0.6959
vn -0.1502 -0.7072 0.6909
vn -0.1636 -0.3812 0.9099
vn -0.1964 0.3812 0.9034
vn -0.1502 0.7072 0.6909
vn -0.1750 -0.7072 0.6851
vn -0.1750 -0.7072 0.6850
vn -0.2288 -0.3812 0.8957
vn -0.1964 -0.3812 0.9034
vn -0.2288 0.3812 0.8957
vn -0.1750 0.7072 0.6850
vn -0.1750 0.7072 0.6851
vn -0.1995 -0.7072 0.6783
vn -0.2609 -0.3812 0.8869
vn -0.2609 0.3812 0.8869
vn -0.1995 0.7072 0.6783
vn -0.2236 -0.7072 0.6708
vn -0.2923 -0.3812 0.8771
vn -0.2923 0.3812 0.8771
vn -0.2236 0.7072 0.6708
vn -0.2472 -0.7072 0.6624
vn -0.3232 -0.3812 0.8662
vn -0.3232 0.3812 0.8662
vn -0.2472 0.7072 0.6624
vn -0.2702 -0.7072 0.6534
vn -0.2472 -0.7072 0.6625
vn -0.3532 -0.3812 0.8543
vn -0.3532 0.3812 0.8543
vn -0.2702 0.7072 0.6534
vn -0.2472 0.7072 0.6625
vn -0.2945 -0.7072 0.6428
vn -0.3851 0.3810 0.8405
vn -0.2945 0.7072 0.6428
vn -0.2702 0.7071 0.6534
vn -0.3218 -0.7072 0.6295
vn -0.3851 -0.3810 0.8405
vn -0.4209 0.3808 0.8233
vn -0.3218 0.7072 0.6295
vn -0.3496 -0.7072 0.6145
vn -0.3497 -0.7072 0.6145
vn -0.4573 -0.3809 0.8037
vn -0.4209 -0.3808 0.8233
vn -0.4573 0.3809 0.8037
vn -0.3496 0.7072 0.6145
vn -0.3497 0.7072 0.6145
vn -0.3759 -0.7072 0.5988
vn -0.3759 -0.7072 0.5989
vn -0.4915 -0.3809 0.7831
vn -0.4915 0.3809 0.7831
vn -0.3759 0.7072 0.5988
vn -0.3759 0.7072 0.5989
vn -0.4004 -0.7072 0.5827
vn -0.5236 -0.3810 0.7620
vn -0.5236 0.3810 0.7620
vn -0.4004 0.7072 0.5827
vn -0.4234 -0.7072 0.5663
vn -0.5536 -0.3811 0.7405
vn -0.5536 0.3811 0.7405
vn -0.4234 0.7072 0.5663
vn -0.4448 -0.7072 0.5496
vn -0.4234 -0.7072 0.5662
vn -0.5816 -0.3811 0.7187
vn -0.5816 0.3811 0.7187
vn -0.4448 0.7072 0.5496
vn -0.4234 0.7072 0.5662
vn -0.4646 -0.7072 0.5330
vn -0.6075 -0.3812 0.6969
vn -0.6075 0.3812 0.6969
vn -0.4646 0.7072 0.5330
vn -0.4829 -0.7072 0.5165
vn -0.4829 -0.7072 0.5164
vn -0.6314 -0.3813 0.6752
vn -0.6314 0.3813 0.6752
vn -0.4829 0.7072 0.5164
vn -0.4829 0.7072 0.5165
vn -0.4999 -0.7071 0.5001
vn -0.4999 -0.7072 0.5001
vn -0.6535 -0.3813 0.6538
vn -0.6535 0.3813 0.6538
vn -0.4999 0.7071 0.5001
vn -0.4999 0.7072 0.5001
vn -0.5155 -0.7071 0.4840
vn -0.5155 -0.7072 0.4839
vn -0.5155 -0.7072 0.4840
vn -0.6739 -0.3814 0.6327
vn -0.6739 0.3814 0.6327
vn -0.5155 0.7071 0.4840
vn -0.5155 0.7072 0.4840
vn -0.5155 0.7072 0.4839
vn -0.5299 -0.7071 0.4682
vn -0.6927 -0.3814 0.6121
vn -0.6927 0.3814 0.6121
vn -0.5299 0.7071 0.4682
vn -0.5299 0.7072 0.4682
vn -0.5445 -0.7072 0.4511
vn -0.7119 0.3813 0.5898
vn -0.5445 0.7072 0.4511
vn -0.5445 0.7071 0.4511
vn -0.5606 -0.7072 0.4308
vn -0.7119 -0.3813 0.5898
vn -0.7331 0.3811 0.5634
vn -0.5606 0.7072 0.4308
vn -0.5768 -0.7072 0.4090
vn -0.7542 -0.3811 0.5348
vn -0.7331 -0.3811 0.5634
vn -0.7542 0.3811 0.5348
vn -0.5768 0.7072 0.4090
vn -0.5915 -0.7072 0.3873
vn -0.5768 -0.7071 0.4090
vn -0.7735 -0.3812 0.5064
vn -0.7735 0.3812 0.5064
vn -0.5915 0.7072 0.3873
vn -0.5768 0.7071 0.4090
vn -0.6050 -0.7072 0.3659
vn -0.7910 -0.3812 0.4785
vn -0.7910 0.3812 0.4785
vn -0.6050 0.7072 0.3659
vn -0.6172 -0.7072 0.3449
vn -0.6172 -0.7072 0.3450
vn -0.8070 -0.3813 0.4510
vn -0.8070 0.3813 0.4510
vn -0.6172 0.7072 0.3449
vn -0.6172 0.7071 0.3450
vn -0.6282 -0.7072 0.3244
vn -0.6283 -0.7071 0.3244
vn -0.6283 -0.7072 0.3244
vn -0.8214 -0.3813 0.4241
vn -0.8214 0.3813 0.4241
vn -0.6282 0.7072 0.3244
vn -0.6283 0.7072 0.3244
vn -0.6283 0.7071 0.3244
vn -0.6382 -0.7072 0.3043
vn -0.6282 -0.7071 0.3244
vn -0.6382 -0.7071 0.3044
vn -0.6382 -0.7072 0.3044
vn -0.8344 -0.3814 0.3979
vn -0.8344 0.3814 0.3979
vn -0.6382 0.7072 0.3044
vn -0.6382 0.7071 0.3044
vn -0.6382 0.7072 0.3043
vn -0.6471 -0.7072 0.2849
vn -0.6472 -0.7071 0.2849
vn -0.6471 -0.7071 0.2849
vn -0.8461 -0.3814 0.3724
vn -0.8461 0.3814 0.3724
vn -0.6471 0.7072 0.2849
vn -0.6471 0.7071 0.2849
vn -0.6472 0.7071 0.2849
vn -0.6551 -0.7071 0.2660
vn -0.8565 -0.3815 0.3477
vn -0.8565 0.3815 0.3477
vn -0.6551 0.7071 0.2660
vn -0.6623 -0.7071 0.2477
vn -0.8658 -0.3815 0.3238
vn -0.8658 0.3815 0.3238
vn -0.6623 0.7071 0.2477
vn -0.6686 -0.7071 0.2300
vn -0.8740 -0.3816 0.3007
vn -0.8741 0.3816 0.3007
vn -0.6686 0.7071 0.2300
vn -0.6748 -0.7071 0.2113
vn -0.8822 0.3814 0.2762
vn -0.6748 0.7071 0.2113
vn -0.6748 0.7072 0.2113
vn -0.6811 -0.7072 0.1898
vn -0.6811 -0.7072 0.1899
vn -0.8822 -0.3814 0.2762
vn -0.8905 0.3813 0.2482
vn -0.6811 0.7072 0.1898
vn -0.6811 0.7072 0.1899
vn -0.6869 -0.7071 0.1677
vn -0.6869 -0.7072 0.1677
vn -0.8980 -0.3814 0.2193
vn -0.8905 -0.3813 0.2482
vn -0.8980 0.3814 0.2193
vn -0.6869 0.7072 0.1677
vn -0.6869 0.7071 0.1677
vn -0.6917 -0.7071 0.1466
vn -0.6917 -0.7072 0.1466
vn -0.9043 -0.3814 0.1917
vn -0.9043 0.3814 0.1917
vn -0.6917 0.7071 0.1466
vn -0.6917 0.7072 0.1466
vn -0.6956 -0.7071 0.1266
vn -0.6917 -0.7071 0.1467
vn -0.9094 -0.3815 0.1655
vn -0.9094 0.3815 0.1655
vn -0.6956 0.7071 0.1266
vn -0.6917 0.7071 0.1467
vn -0.6988 -0.7071 0.1077
vn -0.6957 -0.7071 0.1266
vn -0.6988 -0.7071 0.1076
vn -0.9136 -0.3816 0.1407
vn -0.9136 0.3816 0.1407
vn -0.6988 0.7071 0.1076
vn -0.6988 0.7071 0.1077
vn -0.6957 0.7071 0.1266
vn -0.7014 -0.7071 0.0897
vn -0.9169 -0.3816 0.1172
vn -0.9169 0.3816 0.1172
vn -0.7014 0.7071 0.0897
vn -0.7033 -0.7071 0.0726
vn -0.9194 -0.3817 0.0949
vn -0.9194 0.3817 0.0949
vn -0.7033 0.7071 0.0726
vn -0.7048 -0.7071 0.0565
vn -0.9213 -0.3817 0.0739
vn -0.9213 0.3817 0.0739
vn -0.7048 0.7071 0.0565
vn -0.7059 -0.7071 0.0412
vn -0.9227 -0.3818 0.0539
vn -0.9227 0.3818 0.0539
vn -0.7059 0.7071 0.0412
vn -0.7066 -0.7071 0.0268
vn -0.9236 -0.3818 0.0350
vn -0.9236 0.3818 0.0350
vn -0.7066 0.7071 0.0268
vn -0.7070 -0.7071 0.0130
vn -0.7070 -0.7071 0.0131
vn -0.9241 -0.3819 0.0171
vn -0.9241 0.3819 0.0171
vn -0.7070 0.7071 0.0130
vn -0.7070 0.7071 0.0131
vn -0.7071 -0.7071 0.0001
vn -0.9242 -0.3819 0.0001
vn -0.9242 0.3819 0.0001
vn -0.7071 0.7071 0.0001
vn -0.7070 -0.7071 -0.0125
vn -0.9240 0.3819 -0.0163
vn -0.7070 0.7071 -0.0125
vn -0.7066 -0.7071 -0.0253
vn -0.9240 -0.3819 -0.0163
vn -0.9236 0.3819 -0.0330
vn -0.7066 0.7071 -0.0253
vn -0.7061 -0.7071 -0.0384
vn -0.7060 -0.7071 -0.0384
vn -0.9236 -0.3819 -0.0330
vn -0.9228 0.3819 -0.0502
vn -0.7060 0.7071 -0.0384
vn -0.7061 0.7071 -0.0384
vn -0.7052 -0.7071 -0.0519
vn -0.9228 -0.3819 -0.0502
vn -0.9217 0.3819 -0.0678
vn -0.7052 0.7071 -0.0519
vn -0.7040 -0.7071 -0.0657
vn -0.9217 -0.3819 -0.0678
vn -0.9202 0.3818 -0.0859
vn -0.7040 0.7071 -0.0657
vn -0.7026 -0.7071 -0.0799
vn -0.9202 -0.3818 -0.0859
vn -0.9183 0.3818 -0.1044
vn -0.7026 0.7071 -0.0799
vn -0.7008 -0.7071 -0.0944
vn -0.9183 -0.3818 -0.1044
vn -0.9160 0.3818 -0.1234
vn -0.7008 0.7071 -0.0944
vn -0.6986 -0.7071 -0.1092
vn -0.9160 -0.3818 -0.1234
vn -0.9132 0.3818 -0.1427
vn -0.6986 0.7071 -0.1092
vn -0.6961 -0.7071 -0.1243
vn -0.6961 -0.7071 -0.1244
vn -0.9132 -0.3818 -0.1427
vn -0.9099 0.3817 -0.1625
vn -0.6961 0.7071 -0.1243
vn -0.6961 0.7071 -0.1244
vn -0.6931 -0.7071 -0.1398
vn -0.9099 -0.3817 -0.1625
vn -0.9060 0.3817 -0.1827
vn -0.6931 0.7071 -0.1398
vn -0.6898 -0.7071 -0.1555
vn -0.9060 -0.3817 -0.1827
vn -0.9016 0.3817 -0.2033
vn -0.6898 0.7071 -0.1555
vn -0.6860 -0.7071 -0.1714
vn -0.9016 -0.3817 -0.2033
vn -0.8967 0.3817 -0.2241
vn -0.6860 0.7071 -0.1714
vn -0.6818 -0.7071 -0.1874
vn -0.8967 -0.3817 -0.2241
vn -0.8912 0.3817 -0.2449
vn -0.6818 0.7071 -0.1874
vn -0.6771 -0.7071 -0.2038
vn -0.8912 -0.3817 -0.2449
vn -0.8851 0.3816 -0.2664
vn -0.6771 0.7071 -0.2038
vn -0.6717 -0.7071 -0.2209
vn -0.6717 -0.7071 -0.2210
vn -0.8851 -0.3816 -0.2664
vn -0.8781 0.3816 -0.2888
vn -0.6717 0.7071 -0.2209
vn -0.6656 -0.7071 -0.2387
vn -0.8780 -0.3816 -0.2888
vn -0.8701 0.3815 -0.3121
vn -0.6656 0.7071 -0.2387
vn -0.6586 -0.7072 -0.2571
vn -0.6586 -0.7071 -0.2572
vn -0.6587 -0.7071 -0.2572
vn -0.8701 -0.3815 -0.3121
vn -0.8611 0.3815 -0.3362
vn -0.6587 0.7071 -0.2572
vn -0.6586 0.7071 -0.2572
vn -0.6586 0.7072 -0.2571
vn -0.6509 -0.7071 -0.2762
vn -0.6509 -0.7071 -0.2763
vn -0.8611 -0.3815 -0.3362
vn -0.8509 0.3814 -0.3612
vn -0.6509 0.7071 -0.2763
vn -0.6509 0.7071 -0.2762
vn -0.6421 -0.7071 -0.2960
vn -0.6421 -0.7072 -0.2960
vn -0.8509 -0.3814 -0.3612
vn -0.8395 0.3814 -0.3870
vn -0.6421 0.7072 -0.2960
vn -0.6421 0.7071 -0.2960
vn -0.6324 -0.7071 -0.3163
vn -0.6324 -0.7072 -0.3163
vn -0.8395 -0.3814 -0.3870
vn -0.8268 0.3813 -0.4136
vn -0.6324 0.7072 -0.3163
vn -0.6324 0.7071 -0.3163
vn -0.6215 -0.7072 -0.3372
vn -0.8268 -0.3813 -0.4136
vn -0.8126 0.3813 -0.4409
vn -0.6215 0.7072 -0.3372
vn -0.6094 -0.7072 -0.3586
vn -0.8126 -0.3813 -0.4409
vn -0.7968 0.3812 -0.4689
vn -0.6094 0.7072 -0.3586
vn -0.5960 -0.7072 -0.3804
vn -0.7968 -0.3812 -0.4689
vn -0.7793 0.3811 -0.4974
vn -0.5960 0.7072 -0.3804
vn -0.5820 -0.7072 -0.4015
vn -0.7610 -0.3812 -0.5249
vn -0.7793 -0.3811 -0.4974
vn -0.7610 0.3812 -0.5249
vn -0.5820 0.7072 -0.4015
vn -0.5683 -0.7071 -0.4207
vn -0.5683 -0.7072 -0.4207
vn -0.7430 -0.3813 -0.5500
vn -0.7430 0.3813 -0.5500
vn -0.5683 0.7072 -0.4207
vn -0.5683 0.7071 -0.4207
vn -0.5543 -0.7071 -0.4389
vn -0.5543 -0.7072 -0.4389
vn -0.7247 0.3813 -0.5739
vn -0.5543 0.7072 -0.4389
vn -0.5543 0.7071 -0.4390
vn -0.5393 -0.7072 -0.4573
vn -0.5392 -0.7072 -0.4573
vn -0.7247 -0.3813 -0.5739
vn -0.7051 0.3813 -0.5979
vn -0.5393 0.7072 -0.4573
vn -0.5392 0.7072 -0.4573
vn -0.5231 -0.7072 -0.4757
vn -0.7051 -0.3813 -0.5979
vn -0.6840 0.3812 -0.6220
vn -0.5231 0.7072 -0.4757
vn -0.5059 -0.7072 -0.4940
vn -0.6840 -0.3812 -0.6220
vn -0.6615 0.3812 -0.6459
vn -0.5059 0.7072 -0.4940
vn -0.4876 -0.7072 -0.5121
vn -0.4876 -0.7072 -0.5120
vn -0.6615 -0.3812 -0.6459
vn -0.6375 0.3811 -0.6695
vn -0.4876 0.7072 -0.5120
vn -0.4876 0.7072 -0.5121
vn -0.4682 -0.7072 -0.5299
vn -0.4681 -0.7072 -0.5299
vn -0.6375 -0.3811 -0.6695
vn -0.6122 0.3811 -0.6928
vn -0.4682 0.7072 -0.5299
vn -0.4681 0.7072 -0.5299
vn -0.4477 -0.7072 -0.5473
vn -0.6122 -0.3811 -0.6928
vn -0.5854 0.3811 -0.7156
vn -0.4477 0.7072 -0.5473
vn -0.4262 -0.7072 -0.5642
vn -0.5854 -0.3811 -0.7156
vn -0.5573 0.3811 -0.7377
vn -0.4262 0.7072 -0.5642
vn -0.4037 -0.7072 -0.5804
vn -0.5573 -0.3811 -0.7377
vn -0.5279 0.3810 -0.7590
vn -0.4037 0.7072 -0.5804
vn -0.3804 -0.7072 -0.5960
vn -0.5279 -0.3810 -0.7590
vn -0.4974 0.3810 -0.7794
vn -0.3804 0.7072 -0.5960
vn -0.3559 -0.7072 -0.6109
vn -0.4974 -0.3810 -0.7794
vn -0.4654 0.3810 -0.7989
vn -0.3559 0.7072 -0.6109
vn -0.3298 -0.7072 -0.6254
vn -0.4654 -0.3810 -0.7989
vn -0.4312 0.3809 -0.8179
vn -0.3298 0.7072 -0.6254
vn -0.3022 -0.7072 -0.6392
vn -0.3023 -0.7072 -0.6392
vn -0.4312 -0.3809 -0.8179
vn -0.3953 0.3809 -0.8359
vn -0.3022 0.7072 -0.6392
vn -0.3023 0.7072 -0.6392
vn -0.2737 -0.7072 -0.6519
vn -0.2738 -0.7072 -0.6519
vn -0.3953 -0.3809 -0.8359
vn -0.3580 0.3808 -0.8525
vn -0.2738 0.7072 -0.6519
vn -0.2737 0.7072 -0.6519
vn -0.2444 -0.7072 -0.6634
vn -0.3580 -0.3808 -0.8525
vn -0.3196 0.3808 -0.8676
vn -0.2444 0.7072 -0.6634
vn -0.2144 -0.7072 -0.6737
vn -0.3196 -0.3808 -0.8676
vn -0.2804 0.3808 -0.8811
vn -0.2144 0.7072 -0.6737
vn -0.1838 -0.7072 -0.6827
vn -0.2404 -0.3808 -0.8929
vn -0.2804 -0.3808 -0.8811
vn -0.2404 0.3808 -0.8929
vn -0.1838 0.7072 -0.6827
vn -0.1529 -0.7072 -0.6903
vn -0.2000 -0.3808 -0.9028
vn -0.2000 0.3808 -0.9028
vn -0.1529 0.7072 -0.6903
vn -0.1219 -0.7072 -0.6964
vn -0.1594 -0.3808 -0.9108
vn -0.1594 0.3808 -0.9108
vn -0.1219 0.7072 -0.6964
vn -0.0909 -0.7072 -0.7011
vn -0.0909 -0.7072 -0.7012
vn -0.1189 -0.3809 -0.9170
vn -0.1189 0.3809 -0.9170
vn -0.0909 0.7072 -0.7011
vn -0.0602 -0.7072 -0.7045
vn -0.0787 -0.3809 -0.9213
vn -0.0787 0.3809 -0.9213
vn -0.0602 0.7072 -0.7045
vn -0.0299 -0.7072 -0.7064
vn -0.0602 -0.7072 -0.7044
vn -0.0391 -0.3809 -0.9238
vn -0.0391 0.3809 -0.9238
vn -0.0299 0.7072 -0.7064
vn -0.0602 0.7072 -0.7044
vn -0.0074 -0.7071 -0.7070
vn -0.0074 -0.7071 -0.7071
vn -0.0097 -0.3818 -0.9242
vn -0.0097 0.3818 -0.9242
vn -0.0074 0.7071 -0.7070
vn -0.0074 0.7071 -0.7071
vn -0.4082 -0.8165 -0.4082
vn -0.5789 -0.5743 -0.5789
vn -0.5789 0.5743 -0.5789
vn -0.4082 0.8165 -0.4082
vn -0.2153 -0.8981 0.3834
vn -0.3335 -0.7323 0.5938
vn -0.3335 0.7323 0.5938
vn -0.2153 0.8981 0.3834
vn 0.3687 -0.7071 0.6034
vn 0.4817 0.3828 0.7883
vn 0.3687 0.7071 0.6034
vn 0.3686 0.7071 0.6034
vn 0.3634 -0.7071 0.6065
vn 0.4817 -0.3828 0.7884
vn 0.4750 0.3819 0.7928
vn 0.3634 0.7071 0.6065
vn 0.3634 0.7071 0.6066
vn 0.3510 -0.7071 0.6138
vn 0.4750 -0.3819 0.7928
vn 0.4588 0.3818 0.8023
vn 0.3510 0.7071 0.6138
vn 0.3373 -0.7071 0.6214
vn 0.4588 -0.3818 0.8023
vn 0.3373 -0.7071 0.6215
vn 0.4409 0.3817 0.8123
vn 0.3373 0.7071 0.6215
vn 0.3373 0.7071 0.6214
vn 0.3220 -0.7071 0.6295
vn 0.4409 -0.3817 0.8123
vn 0.4209 0.3816 0.8229
vn 0.3220 0.7071 0.6295
vn 0.3049 -0.7071 0.6379
vn 0.3049 -0.7071 0.6380
vn 0.4209 -0.3816 0.8229
vn 0.3986 0.3815 0.8340
vn 0.3049 0.7071 0.6380
vn 0.3049 0.7071 0.6379
vn 0.2857 -0.7072 0.6467
vn 0.2857 -0.7071 0.6468
vn 0.2857 -0.7072 0.6468
vn 0.3986 -0.3815 0.8340
vn 0.3736 0.3814 0.8456
vn 0.2857 0.7072 0.6468
vn 0.2857 0.7071 0.6468
vn 0.2857 0.7072 0.6467
vn 0.2642 -0.7072 0.6558
vn 0.2642 -0.7072 0.6559
vn 0.3736 -0.3814 0.8456
vn 0.3454 0.3812 0.8575
vn 0.2642 0.7072 0.6559
vn 0.2642 0.7072 0.6558
vn 0.2398 -0.7072 0.6651
vn 0.3454 -0.3812 0.8575
vn 0.3135 0.3811 0.8698
vn 0.2398 0.7072 0.6651
vn 0.2121 -0.7072 0.6744
vn 0.2121 -0.7072 0.6745
vn 0.3135 -0.3811 0.8698
vn 0.2774 0.3809 0.8820
vn 0.2121 0.7072 0.6745
vn 0.2121 0.7072 0.6744
vn 0.1807 -0.7072 0.6835
vn 0.2774 -0.3809 0.8820
vn 0.2364 0.3807 0.8940
vn 0.1807 0.7072 0.6835
vn 0.1449 -0.7072 0.6920
vn 0.1450 -0.7072 0.6920
vn 0.2364 -0.3807 0.8940
vn 0.1896 0.3804 0.9052
vn 0.1450 0.7072 0.6920
vn 0.1449 0.7072 0.6920
vn 0.1068 -0.7072 0.6989
vn 0.1397 -0.3804 0.9142
vn 0.1896 -0.3804 0.9052
vn 0.1397 0.3804 0.9142
vn 0.1068 0.7072 0.6989
vn 0.0694 -0.7072 0.7036
vn 0.0908 -0.3805 0.9203
vn 0.0908 0.3805 0.9203
vn 0.0694 0.7072 0.7036
vn 0.0312 -0.7073 0.7063
vn 0.0312 -0.7072 0.7063
vn 0.0408 0.3804 0.9239
vn 0.0312 0.7072 0.7063
vn 0.0311 0.7073 0.7063
vn -0.0102 -0.7073 0.7069
vn 0.0408 -0.3804 0.9239
vn -0.0133 0.3802 0.9248
vn -0.0102 0.7073 0.7069
vn -0.0546 -0.7073 0.7048
vn -0.0133 -0.3802 0.9248
vn -0.0714 0.3800 0.9222
vn -0.0546 0.7073 0.7048
vn -0.1018 -0.7073 0.6995
vn -0.0714 -0.3800 0.9222
vn -0.1332 0.3799 0.9154
vn -0.1018 0.7073 0.6995
vn -0.1514 -0.7074 0.6905
vn -0.1514 -0.7073 0.6905
vn -0.1332 -0.3799 0.9154
vn -0.1981 0.3797 0.9036
vn -0.1514 0.7073 0.6905
vn -0.1514 0.7074 0.6905
vn -0.2027 -0.7074 0.6772
vn -0.1981 -0.3797 0.9036
vn -0.2653 0.3796 0.8863
vn -0.2027 0.7074 0.6772
vn -0.2549 -0.7074 0.6592
vn -0.2549 -0.7074 0.6593
vn -0.2653 -0.3796 0.8863
vn -0.3337 0.3795 0.8629
vn -0.2549 0.7074 0.6593
vn -0.2549 0.7074 0.6592
vn -0.3071 -0.7074 0.6366
vn -0.3337 -0.3795 0.8629
vn -0.4020 0.3794 0.8333
vn -0.3071 0.7074 0.6366
vn -0.3581 -0.7074 0.6094
vn -0.4020 -0.3794 0.8333
vn -0.4687 0.3794 0.7977
vn -0.3581 0.7074 0.6094
vn -0.4068 -0.7074 0.5780
vn -0.5325 -0.3794 0.7566
vn -0.4687 -0.3794 0.7977
vn -0.5325 0.3794 0.7566
vn -0.4068 0.7074 0.5780
vn -0.4524 -0.7074 0.5431
vn -0.5921 -0.3794 0.7109
vn -0.5921 0.3794 0.7109
vn -0.4524 0.7074 0.5431
vn -0.4940 -0.7074 0.5055
vn -0.6466 -0.3795 0.6617
vn -0.6466 0.3795 0.6617
vn -0.4940 0.7074 0.5055
vn -0.5313 -0.7074 0.4662
vn -0.6954 -0.3796 0.6102
vn -0.6954 0.3796 0.6102
vn -0.5313 0.7074 0.4662
vn -0.5640 -0.7073 0.4261
vn -0.7381 -0.3798 0.5576
vn -0.7381 0.3798 0.5576
vn -0.5640 0.7073 0.4261
vn -0.5922 -0.7073 0.3861
vn -0.7749 -0.3799 0.5052
vn -0.7749 0.3799 0.5052
vn -0.5922 0.7073 0.3861
vn -0.6160 -0.7073 0.3468
vn -0.6161 -0.7073 0.3468
vn -0.8060 -0.3801 0.4537
vn -0.8060 0.3801 0.4537
vn -0.6160 0.7073 0.3468
vn -0.6161 0.7073 0.3468
vn -0.6360 -0.7073 0.3088
vn -0.8320 -0.3803 0.4039
vn -0.8320 0.3803 0.4039
vn -0.6360 0.7073 0.3088
vn -0.6524 -0.7072 0.2725
vn -0.8534 -0.3804 0.3564
vn -0.8534 0.3804 0.3564
vn -0.6524 0.7072 0.2725
vn -0.6657 -0.7072 0.2381
vn -0.8707 -0.3806 0.3115
vn -0.8707 0.3806 0.3115
vn -0.6657 0.7072 0.2381
vn -0.6764 -0.7072 0.2058
vn -0.8846 -0.3808 0.2692
vn -0.8846 0.3808 0.2692
vn -0.6764 0.7072 0.2058
vn -0.6849 -0.7072 0.1756
vn -0.8956 -0.3809 0.2297
vn -0.8956 0.3809 0.2297
vn -0.6849 0.7072 0.1756
vn -0.6915 -0.7072 0.1475
vn -0.9042 -0.3810 0.1929
vn -0.9042 0.3810 0.1929
vn -0.6915 0.7072 0.1475
vn -0.6961 -0.7071 0.1242
vn -0.9100 -0.3815 0.1624
vn -0.9100 0.3815 0.1624
vn -0.6961 0.7071 0.1242
vn -0.6988 -0.7071 0.1080
vn -0.6961 -0.7072 0.1242
vn -0.9134 -0.3819 0.1411
vn -0.9134 0.3819 0.1411
vn -0.6988 0.7071 0.1080
vn -0.6961 0.7072 0.1242
vn -0.7006 -0.7071 0.0954
vn -0.9157 -0.3819 0.1247
vn -0.9157 0.3819 0.1247
vn -0.7006 0.7071 0.0954
vn -0.7022 -0.7071 0.0835
vn -0.7021 -0.7071 0.0835
vn -0.9177 -0.3820 0.1092
vn -0.9177 0.3820 0.1091
vn -0.7021 0.7071 0.0835
vn -0.7022 0.7071 0.0835
vn -0.7034 -0.7071 0.0722
vn -0.9193 -0.3820 0.0944
vn -0.9193 0.3820 0.0944
vn -0.7034 0.7071 0.0722
vn -0.7044 -0.7071 0.0615
vn -0.9206 -0.3821 0.0804
vn -0.9206 0.3821 0.0804
vn -0.7044 0.7071 0.0615
vn -0.7052 -0.7071 0.0514
vn -0.7052 -0.7071 0.0513
vn -0.9217 -0.3821 0.0671
vn -0.9217 0.3821 0.0671
vn -0.7052 0.7071 0.0514
vn -0.7052 0.7071 0.0513
vn -0.7059 -0.7071 0.0417
vn -0.9225 -0.3821 0.0545
vn -0.9225 0.3821 0.0545
vn -0.7059 0.7071 0.0417
vn -0.7064 -0.7071 0.0325
vn -0.7063 -0.7071 0.0325
vn -0.9231 -0.3821 0.0425
vn -0.9231 0.3821 0.0425
vn -0.7064 0.7071 0.0325
vn -0.7063 0.7071 0.0325
vn -0.7067 -0.7071 0.0238
vn -0.9236 -0.3822 0.0311
vn -0.9236 0.3822 0.0311
vn -0.7067 0.7071 0.0238
vn -0.7069 -0.7071 0.0155
vn -0.9239 -0.3822 0.0203
vn -0.9239 0.3822 0.0203
vn -0.7069 0.7071 0.0155
vn -0.7071 -0.7071 0.0076
vn -0.9240 -0.3822 0.0099
vn -0.9240 0.3822 0.0099
vn -0.7071 0.7071 0.0076
vn -0.7071 -0.7071 0.0007
vn -0.9240 -0.3823 0.0009
vn -0.9240 0.3823 0.0009
vn -0.7071 0.7071 0.0007
vn -0.7071 -0.7071 -0.0047
vn -0.9240 -0.3824 -0.0061
vn -0.9240 0.3824 -0.0061
vn -0.7071 0.7071 -0.0047
vn -0.7070 -0.7071 -0.0095
vn -0.9239 0.3824 -0.0124
vn -0.7070 0.7071 -0.0095
vn -0.7070 -0.7071 -0.0146
vn -0.7069 -0.7071 -0.0146
vn -0.9239 -0.3824 -0.0124
vn -0.9238 0.3824 -0.0191
vn -0.7070 0.7071 -0.0146
vn -0.7069 0.7071 -0.0146
vn -0.7068 -0.7071 -0.0199
vn -0.7068 -0.7071 -0.0200
vn -0.9238 -0.3824 -0.0191
vn -0.9236 0.3824 -0.0261
vn -0.7068 0.7071 -0.0199
vn -0.7068 0.7071 -0.0200
vn -0.7066 -0.7071 -0.0255
vn -0.7066 -0.7071 -0.0256
vn -0.9236 -0.3824 -0.0261
vn -0.9234 0.3823 -0.0334
vn -0.7066 0.7071 -0.0255
vn -0.7066 0.7071 -0.0256
vn -0.7064 -0.7071 -0.0314
vn -0.9234 -0.3823 -0.0334
vn -0.9231 0.3823 -0.0411
vn -0.7064 0.7071 -0.0314
vn -0.7061 -0.7071 -0.0376
vn -0.9231 -0.3823 -0.0411
vn -0.9227 0.3823 -0.0492
vn -0.7061 0.7071 -0.0376
vn -0.7057 -0.7071 -0.0441
vn -0.7057 -0.7071 -0.0442
vn -0.9227 -0.3823 -0.0492
vn -0.9222 0.3823 -0.0577
vn -0.7057 0.7071 -0.0442
vn -0.7057 0.7071 -0.0441
vn -0.7052 -0.7071 -0.0510
vn -0.7053 -0.7071 -0.0510
vn -0.9222 -0.3823 -0.0577
vn -0.9216 0.3823 -0.0667
vn -0.7053 0.7071 -0.0510
vn -0.7052 0.7071 -0.0510
vn -0.7047 -0.7071 -0.0583
vn -0.9216 -0.3823 -0.0667
vn -0.9209 0.3822 -0.0762
vn -0.7047 0.7071 -0.0583
vn -0.7040 -0.7071 -0.0660
vn -0.9209 -0.3822 -0.0762
vn -0.9200 0.3822 -0.0862
vn -0.7040 0.7071 -0.0660
vn -0.7030 -0.7071 -0.0754
vn -0.7031 -0.7071 -0.0755
vn -0.9200 -0.3822 -0.0862
vn -0.9189 0.3820 -0.0986
vn -0.7031 0.7071 -0.0755
vn -0.7030 0.7071 -0.0754
vn -0.7016 -0.7071 -0.0881
vn -0.7016 -0.7071 -0.0882
vn -0.9189 -0.3820 -0.0986
vn -0.9170 0.3818 -0.1152
vn -0.7016 0.7071 -0.0882
vn -0.7016 0.7071 -0.0881
vn -0.6996 -0.7071 -0.1028
vn -0.9170 -0.3818 -0.1152
vn -0.9144 0.3818 -0.1343
vn -0.6996 0.7071 -0.1028
vn -0.6972 -0.7071 -0.1179
vn -0.9144 -0.3818 -0.1343
vn -0.9113 0.3817 -0.1541
vn -0.6972 0.7071 -0.1179
vn -0.6943 -0.7071 -0.1336
vn -0.9113 -0.3817 -0.1542
vn -0.9076 0.3817 -0.1746
vn -0.6943 0.7071 -0.1336
vn -0.6910 -0.7071 -0.1499
vn -0.6910 -0.7071 -0.1498
vn -0.9076 -0.3817 -0.1747
vn -0.9033 0.3817 -0.1959
vn -0.6910 0.7071 -0.1498
vn -0.6910 0.7071 -0.1499
vn -0.6872 -0.7071 -0.1667
vn -0.9033 -0.3817 -0.1959
vn -0.8983 0.3816 -0.2179
vn -0.6872 0.7071 -0.1667
vn -0.6827 -0.7071 -0.1840
vn -0.8983 -0.3816 -0.2179
vn -0.8925 0.3816 -0.2406
vn -0.6827 0.7071 -0.1840
vn -0.6776 -0.7071 -0.2019
vn -0.8925 -0.3816 -0.2406
vn -0.8859 0.3816 -0.2640
vn -0.6776 0.7071 -0.2019
vn -0.6719 -0.7071 -0.2204
vn -0.6718 -0.7071 -0.2204
vn -0.8859 -0.3815 -0.2640
vn -0.8783 0.3815 -0.2881
vn -0.6719 0.7071 -0.2204
vn -0.6718 0.7071 -0.2204
vn -0.6653 -0.7071 -0.2393
vn -0.8783 -0.3815 -0.2881
vn -0.8698 0.3815 -0.3129
vn -0.6653 0.7071 -0.2393
vn -0.6653 0.7072 -0.2393
vn -0.6580 -0.7071 -0.2588
vn -0.6580 -0.7072 -0.2587
vn -0.6580 -0.7071 -0.2587
vn -0.8698 -0.3815 -0.3129
vn -0.8603 0.3814 -0.3383
vn -0.6580 0.7072 -0.2587
vn -0.6580 0.7071 -0.2587
vn -0.6580 0.7071 -0.2588
vn -0.6504 -0.7072 -0.2774
vn -0.6504 -0.7071 -0.2774
vn -0.8502 -0.3815 -0.3627
vn -0.8603 -0.3814 -0.3383
vn -0.8502 0.3815 -0.3627
vn -0.6504 0.7071 -0.2774
vn -0.6504 0.7072 -0.2774
vn -0.6430 -0.7071 -0.2941
vn -0.8405 -0.3817 -0.3845
vn -0.8405 0.3817 -0.3845
vn -0.6430 0.7071 -0.2941
vn -0.6504 0.7071 -0.2775
vn -0.6356 -0.7071 -0.3099
vn -0.6355 -0.7071 -0.3099
vn -0.8308 0.3816 -0.4051
vn -0.6355 0.7071 -0.3099
vn -0.6356 0.7071 -0.3099
vn -0.6275 -0.7071 -0.3259
vn -0.8308 -0.3816 -0.4051
vn -0.8203 0.3816 -0.4260
vn -0.6275 0.7071 -0.3259
vn -0.6188 -0.7071 -0.3421
vn -0.6188 -0.7071 -0.3420
vn -0.8203 -0.3816 -0.4260
vn -0.8090 0.3816 -0.4472
vn -0.6188 0.7071 -0.3420
vn -0.6188 0.7071 -0.3421
vn -0.6095 -0.7071 -0.3584
vn -0.8090 -0.3816 -0.4472
vn -0.7968 0.3815 -0.4685
vn -0.6095 0.7071 -0.3584
vn -0.5996 -0.7072 -0.3748
vn -0.5996 -0.7071 -0.3748
vn -0.7968 -0.3815 -0.4685
vn -0.7838 0.3815 -0.4900
vn -0.5996 0.7071 -0.3748
vn -0.5996 0.7072 -0.3748
vn -0.5889 -0.7071 -0.3913
vn -0.7838 -0.3815 -0.4900
vn -0.7699 0.3815 -0.5115
vn -0.5889 0.7071 -0.3913
vn -0.5776 -0.7071 -0.4078
vn -0.5776 -0.7072 -0.4078
vn -0.7699 -0.3815 -0.5115
vn -0.7551 0.3815 -0.5331
vn -0.5776 0.7071 -0.4078
vn -0.5656 -0.7071 -0.4243
vn -0.7551 -0.3815 -0.5331
vn -0.7395 0.3815 -0.5547
vn -0.5656 0.7071 -0.4243
vn -0.5656 0.7072 -0.4243
vn -0.5529 -0.7071 -0.4407
vn -0.7395 -0.3815 -0.5547
vn -0.7229 0.3814 -0.5761
vn -0.5529 0.7071 -0.4407
vn -0.5529 0.7072 -0.4407
vn -0.5396 -0.7071 -0.4570
vn -0.5396 -0.7071 -0.4569
vn -0.5396 -0.7072 -0.4569
vn -0.7229 -0.3814 -0.5761
vn -0.7054 0.3814 -0.5974
vn -0.5396 0.7071 -0.4570
vn -0.5396 0.7071 -0.4569
vn -0.5265 -0.7071 -0.4720
vn -0.5264 -0.7071 -0.4720
vn -0.6882 -0.3816 -0.6171
vn -0.7054 -0.3814 -0.5974
vn -0.6882 0.3816 -0.6171
vn -0.5265 0.7071 -0.4720
vn -0.5264 0.7071 -0.4720
vn -0.5148 -0.7071 -0.4847
vn -0.6730 -0.3817 -0.6336
vn -0.6730 0.3817 -0.6336
vn -0.5148 0.7071 -0.4847
vn -0.5042 -0.7071 -0.4957
vn -0.6591 -0.3818 -0.6480
vn -0.6591 0.3818 -0.6480
vn -0.5042 0.7071 -0.4957
vn -0.4938 -0.7071 -0.5061
vn -0.6455 -0.3818 -0.6615
vn -0.6455 0.3818 -0.6615
vn -0.4938 0.7071 -0.5061
vn -0.4837 -0.7071 -0.5158
vn -0.6322 -0.3819 -0.6742
vn -0.6322 0.3819 -0.6742
vn -0.4837 0.7071 -0.5158
vn -0.4737 -0.7071 -0.5249
vn -0.6192 -0.3819 -0.6861
vn -0.6192 0.3819 -0.6861
vn -0.4737 0.7071 -0.5249
vn -0.4640 -0.7071 -0.5335
vn -0.6065 -0.3819 -0.6973
vn -0.6065 0.3819 -0.6973
vn -0.4640 0.7071 -0.5335
vn -0.4546 -0.7071 -0.5416
vn -0.5942 -0.3819 -0.7079
vn -0.5941 0.3820 -0.7079
vn -0.4546 0.7071 -0.5416
vn -0.4454 -0.7071 -0.5492
vn -0.5821 -0.3820 -0.7178
vn -0.5821 0.3820 -0.7178
vn -0.4454 0.7071 -0.5492
vn -0.4364 -0.7071 -0.5563
vn -0.5704 -0.3820 -0.7271
vn -0.5704 0.3820 -0.7271
vn -0.4364 0.7071 -0.5563
vn -0.4277 -0.7071 -0.5631
vn -0.5590 -0.3820 -0.7359
vn -0.5590 0.3820 -0.7359
vn -0.4277 0.7071 -0.5631
vn -0.4192 -0.7071 -0.5694
vn -0.5479 -0.3821 -0.7442
vn -0.5479 0.3821 -0.7442
vn -0.4192 0.7071 -0.5694
vn -0.3979 -0.7073 -0.5843
vn -0.5206 0.3803 -0.7645
vn -0.3979 0.7073 -0.5843
vn -0.3827 -0.7071 -0.5946
vn -0.3827 -0.7071 -0.5945
vn -0.5000 -0.3830 -0.7768
vn -0.5206 -0.3803 -0.7645
vn -0.5000 0.3830 -0.7768
vn -0.3827 0.7071 -0.5946
vn -0.3777 -0.7071 -0.5978
vn -0.3777 -0.7071 -0.5977
vn -0.4937 0.3817 -0.7814
vn -0.3777 0.7071 -0.5977
vn -0.3777 0.7071 -0.5978
vn -0.3639 -0.7071 -0.6062
vn -0.3639 -0.7071 -0.6063
vn -0.4757 -0.3818 -0.7925
vn -0.4937 -0.3817 -0.7814
vn -0.4757 0.3818 -0.7924
vn -0.3639 0.7071 -0.6062
vn -0.3639 0.7071 -0.6063
vn -0.3509 -0.7071 -0.6138
vn -0.3509 -0.7071 -0.6139
vn -0.4587 -0.3818 -0.8024
vn -0.4587 0.3818 -0.8024
vn -0.3509 0.7071 -0.6139
vn -0.3509 0.7071 -0.6138
vn -0.3387 -0.7071 -0.6207
vn -0.4427 -0.3819 -0.8113
vn -0.4427 0.3819 -0.8113
vn -0.3387 0.7071 -0.6207
vn -0.3272 -0.7071 -0.6268
vn -0.3272 -0.7071 -0.6269
vn -0.4276 -0.3819 -0.8193
vn -0.4276 0.3819 -0.8193
vn -0.3272 0.7071 -0.6268
vn -0.3272 0.7071 -0.6269
vn -0.3163 -0.7071 -0.6324
vn -0.4134 -0.3820 -0.8265
vn -0.4134 0.3820 -0.8265
vn -0.3163 0.7071 -0.6324
vn -0.3061 -0.7071 -0.6374
vn -0.4000 -0.3820 -0.8331
vn -0.4000 0.3820 -0.8331
vn -0.3061 0.7071 -0.6374
vn -0.3163 0.7072 -0.6324
vn -0.2964 -0.7071 -0.6420
vn -0.3874 -0.3821 -0.8390
vn -0.3874 0.3821 -0.8390
vn -0.2964 0.7071 -0.6420
vn -0.2873 -0.7071 -0.6461
vn -0.2872 -0.7071 -0.6461
vn -0.3754 -0.3821 -0.8444
vn -0.3754 0.3821 -0.8444
vn -0.2872 0.7071 -0.6461
vn -0.2873 0.7071 -0.6461
vn -0.2786 -0.7071 -0.6499
vn -0.3641 -0.3821 -0.8493
vn -0.3641 0.3821 -0.8493
vn -0.2786 0.7071 -0.6499
vn -0.2704 -0.7071 -0.6534
vn -0.2704 -0.7071 -0.6533
vn -0.3534 -0.3822 -0.8538
vn -0.3534 0.3822 -0.8538
vn -0.2704 0.7071 -0.6533
vn -0.2704 0.7071 -0.6534
vn -0.2615 -0.7071 -0.6570
vn -0.3417 0.3820 -0.8586
vn -0.2615 0.7071 -0.6570
vn -0.2507 -0.7071 -0.6612
vn -0.3417 -0.3820 -0.8586
vn -0.3276 0.3819 -0.8642
vn -0.2507 0.7071 -0.6612
vn -0.2392 -0.7071 -0.6654
vn -0.3127 -0.3820 -0.8697
vn -0.3276 -0.3819 -0.8642
vn -0.3127 0.3820 -0.8697
vn -0.2392 0.7071 -0.6654
vn -0.2282 -0.7071 -0.6693
vn -0.2983 -0.3820 -0.8747
vn -0.2983 0.3820 -0.8747
vn -0.2282 0.7071 -0.6693
vn -0.2177 -0.7071 -0.6728
vn -0.2177 -0.7071 -0.6727
vn -0.2845 -0.3820 -0.8793
vn -0.2845 0.3820 -0.8793
vn -0.2177 0.7071 -0.6728
vn -0.2177 0.7071 -0.6727
vn -0.2076 -0.7071 -0.6759
vn -0.2077 -0.7071 -0.6759
vn -0.2714 -0.3821 -0.8834
vn -0.2714 0.3821 -0.8834
vn -0.2076 0.7071 -0.6759
vn -0.2077 0.7071 -0.6759
vn -0.1980 -0.7071 -0.6788
vn -0.2588 -0.3821 -0.8871
vn -0.2588 0.3821 -0.8871
vn -0.1980 0.7071 -0.6788
vn -0.1888 -0.7071 -0.6814
vn -0.2468 -0.3821 -0.8906
vn -0.2468 0.3821 -0.8906
vn -0.1888 0.7071 -0.6814
vn -0.1800 -0.7071 -0.6838
vn -0.2353 -0.3821 -0.8937
vn -0.2353 0.3821 -0.8937
vn -0.1800 0.7071 -0.6838
vn -0.1715 -0.7071 -0.6860
vn -0.1716 -0.7071 -0.6860
vn -0.2242 -0.3822 -0.8965
vn -0.2242 0.3822 -0.8965
vn -0.1716 0.7071 -0.6860
vn -0.1715 0.7071 -0.6860
vn -0.1635 -0.7071 -0.6879
vn -0.1635 -0.7071 -0.6880
vn -0.2136 -0.3822 -0.8991
vn -0.2136 0.3822 -0.8991
vn -0.1635 0.7071 -0.6880
vn -0.1635 0.7071 -0.6879
vn -0.1557 -0.7071 -0.6898
vn -0.1557 -0.7071 -0.6897
vn -0.2035 -0.3822 -0.9014
vn -0.2035 0.3822 -0.9014
vn -0.1557 0.7071 -0.6898
vn -0.1557 0.7071 -0.6897
vn -0.1476 -0.7071 -0.6915
vn -0.1929 0.3822 -0.9037
vn -0.1476 0.7071 -0.6915
vn -0.1387 -0.7071 -0.6934
vn -0.1929 -0.3822 -0.9037
vn -0.1812 0.3821 -0.9062
vn -0.1387 0.7071 -0.6934
vn -0.1293 -0.7071 -0.6952
vn -0.1294 -0.7071 -0.6952
vn -0.1690 -0.3821 -0.9085
vn -0.1812 -0.3821 -0.9062
vn -0.1690 0.3821 -0.9085
vn -0.1294 0.7071 -0.6952
vn -0.1293 0.7071 -0.6952
vn -0.1201 -0.7071 -0.6968
vn -0.1202 -0.7071 -0.6968
vn -0.1570 -0.3821 -0.9107
vn -0.1570 0.3821 -0.9107
vn -0.1202 0.7071 -0.6968
vn -0.1201 0.7071 -0.6968
vn -0.1111 -0.7071 -0.6983
vn -0.1452 -0.3821 -0.9126
vn -0.1452 0.3821 -0.9126
vn -0.1111 0.7071 -0.6983
vn -0.1022 -0.7071 -0.6997
vn -0.1336 -0.3821 -0.9144
vn -0.1336 0.3821 -0.9144
vn -0.1022 0.7071 -0.6997
vn -0.0935 -0.7071 -0.7009
vn -0.1221 -0.3822 -0.9160
vn -0.1221 0.3822 -0.9160
vn -0.0935 0.7071 -0.7009
vn -0.0849 -0.7071 -0.7020
vn -0.1109 -0.3822 -0.9174
vn -0.1109 0.3822 -0.9174
vn -0.0849 0.7071 -0.7020
vn -0.0764 -0.7071 -0.7030
vn -0.0999 -0.3822 -0.9187
vn -0.0999 0.3822 -0.9187
vn -0.0764 0.7071 -0.7030
vn -0.0681 -0.7071 -0.7038
vn -0.0890 -0.3822 -0.9198
vn -0.0890 0.3822 -0.9198
vn -0.0681 0.7071 -0.7038
vn -0.0600 -0.7071 -0.7046
vn -0.0784 -0.3822 -0.9208
vn -0.0784 0.3822 -0.9208
vn -0.0600 0.7071 -0.7046
vn -0.0520 -0.7071 -0.7052
vn -0.0679 -0.3822 -0.9216
vn -0.0679 0.3822 -0.9216
vn -0.0520 0.7071 -0.7052
vn -0.0448 -0.7071 -0.7057
vn -0.0586 -0.3823 -0.9222
vn -0.0586 0.3823 -0.9222
vn -0.0448 0.7071 -0.7057
vn -0.0393 -0.7071 -0.7060
vn -0.0392 -0.7071 -0.7060
vn -0.0513 -0.3824 -0.9226
vn -0.0513 0.3824 -0.9226
vn -0.0393 0.7071 -0.7060
vn -0.0392 0.7071 -0.7060
vn -0.0347 -0.7071 -0.7063
vn -0.0453 -0.3824 -0.9229
vn -0.0453 0.3824 -0.9229
vn -0.0347 0.7071 -0.7063
vn -0.0303 -0.7071 -0.7065
vn -0.0396 -0.3824 -0.9231
vn -0.0396 0.3824 -0.9231
vn -0.0303 0.7071 -0.7065
vn -0.0262 -0.7071 -0.7066
vn -0.0342 -0.3824 -0.9233
vn -0.0342 0.3824 -0.9233
vn -0.0262 0.7071 -0.7066
vn -0.0223 -0.7071 -0.7068
vn -0.0292 -0.3825 -0.9235
vn -0.0292 0.3825 -0.9235
vn -0.0223 0.7071 -0.7068
vn -0.0186 -0.7071 -0.7069
vn -0.0244 -0.3825 -0.9236
vn -0.0244 0.3825 -0.9236
vn -0.0186 0.7071 -0.7069
vn -0.0151 -0.7071 -0.7069
vn -0.0152 -0.7071 -0.7069
vn -0.0198 -0.3825 -0.9238
vn -0.0198 0.3825 -0.9238
vn -0.0151 0.7071 -0.7069
vn -0.0118 -0.7071 -0.7070
vn -0.0154 -0.3825 -0.9238
vn -0.0154 0.3825 -0.9238
vn -0.0118 0.7071 -0.7070
vn -0.0086 -0.7071 -0.7071
vn -0.0086 -0.7071 -0.7070
vn -0.0113 -0.3825 -0.9239
vn -0.0113 0.3825 -0.9239
vn -0.0086 0.7071 -0.7071
vn -0.0086 0.7071 -0.7070
vn -0.0056 -0.7071 -0.7071
vn -0.0074 -0.3825 -0.9239
vn -0.0074 0.3825 -0.9239
vn -0.0056 0.7071 -0.7071
vn -0.0028 -0.7071 -0.7071
vn -0.0027 -0.7071 -0.7071
vn -0.0036 -0.3825 -0.9239
vn -0.0036 0.3825 -0.9239
vn -0.0028 0.7071 -0.7071
vn -0.0027 0.7071 -0.7071
vn 0.0011 -0.7071 -0.7071
vn 0.0014 0.3824 -0.9240
vn 0.0011 0.7071 -0.7071
vn 0.0071 -0.7071 -0.7071
vn 0.0014 -0.3824 -0.9240
vn 0.0093 0.3822 -0.9240
vn 0.0071 0.7071 -0.7071
vn 0.0146 -0.7071 -0.7070
vn 0.0146 -0.7071 -0.7069
vn 0.0093 -0.3822 -0.9240
vn 0.0191 0.3822 -0.9239
vn 0.0146 0.7071 -0.7070
vn 0.0146 0.7071 -0.7069
vn 0.0225 -0.7071 -0.7067
vn 0.0191 -0.3822 -0.9239
vn 0.0294 0.3822 -0.9236
vn 0.0225 0.7071 -0.7067
vn 0.0308 -0.7071 -0.7064
vn 0.0294 -0.3822 -0.9236
vn 0.0402 0.3822 -0.9232
vn 0.0308 0.7071 -0.7064
vn 0.0395 -0.7071 -0.7060
vn 0.0402 -0.3822 -0.9232
vn 0.0516 0.3821 -0.9227
vn 0.0395 0.7071 -0.7060
vn 0.0487 -0.7071 -0.7054
vn 0.0516 -0.3821 -0.9227
vn 0.0637 0.3821 -0.9219
vn 0.0487 0.7071 -0.7054
vn 0.0584 -0.7071 -0.7047
vn 0.0637 -0.3821 -0.9219
vn 0.0764 0.3821 -0.9210
vn 0.0584 0.7071 -0.7047
vn 0.0687 -0.7071 -0.7037
vn 0.0764 -0.3821 -0.9210
vn 0.0687 -0.7071 -0.7038
vn 0.0898 0.3820 -0.9198
vn 0.0687 0.7071 -0.7037
vn 0.0796 -0.7071 -0.7026
vn 0.0898 -0.3820 -0.9198
vn 0.1041 0.3820 -0.9183
vn 0.0796 0.7071 -0.7026
vn 0.0912 -0.7071 -0.7012
vn 0.1041 -0.3820 -0.9183
vn 0.1191 0.3820 -0.9165
vn 0.0912 0.7071 -0.7012
vn 0.1034 -0.7071 -0.6995
vn 0.1191 -0.3820 -0.9165
vn 0.1351 0.3819 -0.9143
vn 0.1034 0.7071 -0.6995
vn 0.1152 -0.7071 -0.6977
vn 0.1505 -0.3820 -0.9118
vn 0.1351 -0.3819 -0.9143
vn 0.1505 0.3820 -0.9118
vn 0.1152 0.7071 -0.6977
vn 0.1252 -0.7071 -0.6959
vn 0.1253 -0.7071 -0.6959
vn 0.1637 -0.3821 -0.9095
vn 0.1637 0.3821 -0.9095
vn 0.1253 0.7071 -0.6959
vn 0.1252 0.7071 -0.6959
vn 0.1348 -0.7071 -0.6941
vn 0.1761 0.3821 -0.9072
vn 0.1348 0.7071 -0.6941
vn 0.1449 -0.7071 -0.6921
vn 0.1450 -0.7071 -0.6921
vn 0.1761 -0.3821 -0.9072
vn 0.1894 0.3820 -0.9045
vn 0.1449 0.7071 -0.6921
vn 0.1450 0.7071 -0.6921
vn 0.1558 -0.7071 -0.6897
vn 0.1559 -0.7071 -0.6897
vn 0.1894 -0.3820 -0.9045
vn 0.2037 0.3820 -0.9014
vn 0.1558 0.7071 -0.6897
vn 0.1559 0.7071 -0.6897
vn 0.1675 -0.7071 -0.6870
vn 0.2037 -0.3820 -0.9014
vn 0.2190 0.3819 -0.8979
vn 0.1675 0.7071 -0.6870
vn 0.1801 -0.7071 -0.6838
vn 0.2190 -0.3819 -0.8979
vn 0.2354 0.3819 -0.8937
vn 0.1801 0.7071 -0.6838
vn 0.1936 -0.7071 -0.6801
vn 0.2354 -0.3819 -0.8937
vn 0.2530 0.3818 -0.8889
vn 0.1936 0.7071 -0.6801
vn 0.2081 -0.7071 -0.6758
vn 0.2530 -0.3818 -0.8889
vn 0.2720 0.3817 -0.8833
vn 0.2081 0.7071 -0.6758
vn 0.2238 -0.7071 -0.6707
vn 0.2720 -0.3817 -0.8833
vn 0.2925 0.3817 -0.8768
vn 0.2238 0.7071 -0.6707
vn 0.2407 -0.7071 -0.6649
vn 0.2407 -0.7071 -0.6648
vn 0.2925 -0.3817 -0.8768
vn 0.3146 0.3816 -0.8691
vn 0.2407 0.7071 -0.6648
vn 0.2407 0.7071 -0.6649
vn 0.2590 -0.7071 -0.6579
vn 0.3146 -0.3816 -0.8691
vn 0.3386 0.3815 -0.8602
vn 0.2590 0.7071 -0.6579
vn 0.2796 -0.7072 -0.6494
vn 0.2797 -0.7072 -0.6494
vn 0.3386 -0.3815 -0.8602
vn 0.3657 0.3812 -0.8491
vn 0.2797 0.7072 -0.6494
vn 0.2796 0.7072 -0.6494
vn 0.3035 -0.7072 -0.6386
vn 0.3657 -0.3812 -0.8491
vn 0.3969 0.3810 -0.8350
vn 0.3035 0.7072 -0.6386
vn 0.3036 0.7072 -0.6386
vn 0.3295 -0.7072 -0.6256
vn 0.3969 -0.3810 -0.8350
vn 0.4309 0.3809 -0.8181
vn 0.3295 0.7072 -0.6256
vn 0.3565 -0.7072 -0.6106
vn 0.3564 -0.7072 -0.6106
vn 0.4309 -0.3809 -0.8181
vn 0.4662 0.3808 -0.7985
vn 0.3565 0.7072 -0.6106
vn 0.3564 0.7072 -0.6106
vn 0.3843 -0.7072 -0.5934
vn 0.3843 -0.7072 -0.5935
vn 0.4662 -0.3808 -0.7985
vn 0.5026 0.3807 -0.7762
vn 0.3843 0.7072 -0.5934
vn 0.3843 0.7072 -0.5935
vn 0.4128 -0.7072 -0.5739
vn 0.4128 -0.7072 -0.5740
vn 0.5026 -0.3807 -0.7762
vn 0.5400 0.3806 -0.7507
vn 0.4128 0.7072 -0.5740
vn 0.4128 0.7072 -0.5739
vn 0.4418 -0.7073 -0.5519
vn 0.4418 -0.7072 -0.5519
vn 0.5400 -0.3806 -0.7507
vn 0.5779 0.3805 -0.7220
vn 0.4418 0.7072 -0.5519
vn 0.4418 0.7073 -0.5519
vn 0.4710 -0.7073 -0.5272
vn 0.4710 -0.7072 -0.5272
vn 0.5779 -0.3805 -0.7220
vn 0.6161 0.3804 -0.6897
vn 0.4710 0.7072 -0.5272
vn 0.4710 0.7073 -0.5272
vn 0.5000 -0.7073 -0.4998
vn 0.5000 -0.7072 -0.4998
vn 0.6161 -0.3804 -0.6897
vn 0.6542 0.3803 -0.6538
vn 0.5000 0.7072 -0.4998
vn 0.5000 0.7073 -0.4998
vn 0.5285 -0.7073 -0.4695
vn 0.6542 -0.3803 -0.6538
vn 0.6914 0.3802 -0.6143
vn 0.5285 0.7073 -0.4695
vn 0.5560 -0.7073 -0.4367
vn 0.6914 -0.3802 -0.6143
vn 0.7274 0.3802 -0.5713
vn 0.5560 0.7073 -0.4367
vn 0.5559 0.7073 -0.4367
vn 0.5820 -0.7073 -0.4013
vn 0.7274 -0.3802 -0.5713
vn 0.7615 0.3801 -0.5250
vn 0.5820 0.7073 -0.4013
vn 0.5820 0.7072 -0.4013
vn 0.6045 -0.7072 -0.3666
vn 0.7907 -0.3805 -0.4796
vn 0.7615 -0.3801 -0.5250
vn 0.7907 0.3805 -0.4796
vn 0.6045 0.7072 -0.3666
vn 0.6219 -0.7072 -0.3363
vn 0.6219 -0.7072 -0.3364
vn 0.8133 -0.3808 -0.4399
vn 0.8133 0.3808 -0.4399
vn 0.6219 0.7072 -0.3363
vn 0.6219 0.7072 -0.3364
vn 0.6364 -0.7072 -0.3079
vn 0.6365 -0.7072 -0.3079
vn 0.8324 0.3808 -0.4027
vn 0.6365 0.7072 -0.3079
vn 0.6364 0.7072 -0.3079
vn 0.6499 -0.7072 -0.2785
vn 0.8324 -0.3808 -0.4027
vn 0.8499 0.3808 -0.3642
vn 0.6499 0.7072 -0.2785
vn 0.6498 0.7072 -0.2785
vn 0.6620 -0.7072 -0.2482
vn 0.8499 -0.3808 -0.3642
vn 0.8658 0.3808 -0.3247
vn 0.6620 0.7072 -0.2482
vn 0.6727 -0.7073 -0.2173
vn 0.6728 -0.7072 -0.2174
vn 0.8658 -0.3808 -0.3247
vn 0.8799 0.3808 -0.2843
vn 0.6728 0.7072 -0.2174
vn 0.6727 0.7073 -0.2173
vn 0.6821 -0.7072 -0.1861
vn 0.6821 -0.7072 -0.1860
vn 0.8921 -0.3808 -0.2433
vn 0.8799 -0.3808 -0.2843
vn 0.8921 0.3808 -0.2433
vn 0.6821 0.7072 -0.1861
vn 0.6821 0.7072 -0.1860
vn 0.6899 -0.7072 -0.1545
vn 0.6820 -0.7073 -0.1860
vn 0.9023 -0.3808 -0.2021
vn 0.9023 0.3808 -0.2021
vn 0.6899 0.7072 -0.1545
vn 0.6820 0.7073 -0.1860
vn 0.6963 -0.7072 -0.1229
vn 0.6962 -0.7072 -0.1229
vn 0.9106 -0.3808 -0.1608
vn 0.9106 0.3808 -0.1608
vn 0.6963 0.7072 -0.1229
vn 0.6962 0.7072 -0.1229
vn 0.7011 -0.7072 -0.0915
vn 0.9169 -0.3808 -0.1197
vn 0.9169 0.3808 -0.1197
vn 0.7011 0.7072 -0.0915
vn 0.7044 -0.7072 -0.0605
vn 0.9212 -0.3809 -0.0791
vn 0.9212 0.3809 -0.0791
vn 0.7044 0.7072 -0.0605
vn 0.7064 -0.7072 -0.0299
vn 0.9238 -0.3809 -0.0392
vn 0.9238 0.3809 -0.0392
vn 0.7064 0.7072 -0.0299
vn 0.7070 -0.7071 -0.0074
vn 0.7071 -0.7071 -0.0074
vn 0.9242 -0.3818 -0.0097
vn 0.9242 0.3818 -0.0097
vn 0.7070 0.7071 -0.0074
vn 0.7071 0.7071 -0.0074
vn 0.4082 -0.8165 -0.4082
vn 0.5789 -0.5743 -0.5789
vn 0.5789 0.5743 -0.5789
vn 0.4082 0.8165 -0.4082
vn 0.4082 0.8165 -0.4083
vn 0.0074 -0.7071 -0.7071
vn 0.0074 -0.7071 -0.7070
vn 0.0096 0.3818 -0.9242
vn 0.0074 0.7071 -0.7071
vn 0.0074 0.7071 -0.7070
vn 0.0296 -0.7072 -0.7064
vn 0.0096 -0.3818 -0.9242
vn 0.0387 0.3809 -0.9238
vn 0.0296 0.7072 -0.7064
vn 0.0594 -0.7072 -0.7045
vn 0.0387 -0.3809 -0.9238
vn 0.0777 0.3809 -0.9213
vn 0.0594 0.7072 -0.7045
vn 0.0893 -0.7072 -0.7014
vn 0.0777 -0.3809 -0.9213
vn 0.1167 0.3809 -0.9172
vn 0.0893 0.7072 -0.7014
vn 0.1190 -0.7072 -0.6969
vn 0.1190 -0.7072 -0.6970
vn 0.1167 -0.3809 -0.9172
vn 0.1556 0.3809 -0.9114
vn 0.1190 0.7072 -0.6969
vn 0.1190 0.7072 -0.6970
vn 0.1484 -0.7072 -0.6913
vn 0.1941 -0.3809 -0.9040
vn 0.1556 -0.3809 -0.9114
vn 0.1941 0.3809 -0.9040
vn 0.1484 0.7072 -0.6913
vn 0.1774 -0.7072 -0.6844
vn 0.2320 -0.3809 -0.8950
vn 0.2320 0.3809 -0.8950
vn 0.1774 0.7072 -0.6844
vn 0.2058 -0.7072 -0.6764
vn 0.2692 -0.3810 -0.8846
vn 0.2692 0.3810 -0.8846
vn 0.2058 0.7072 -0.6764
vn 0.2335 -0.7072 -0.6674
vn 0.3054 -0.3810 -0.8727
vn 0.3054 0.3810 -0.8727
vn 0.2335 0.7072 -0.6674
vn 0.2604 -0.7072 -0.6573
vn 0.3405 -0.3810 -0.8596
vn 0.3405 0.3810 -0.8596
vn 0.2604 0.7072 -0.6573
vn 0.2863 -0.7072 -0.6465
vn 0.3744 -0.3810 -0.8454
vn 0.3744 0.3810 -0.8454
vn 0.2863 0.7072 -0.6465
vn 0.3113 -0.7072 -0.6348
vn 0.4070 -0.3811 -0.8301
vn 0.4070 0.3811 -0.8301
vn 0.3113 0.7072 -0.6348
vn 0.3357 -0.7072 -0.6223
vn 0.4389 0.3811 -0.8137
vn 0.3357 0.7072 -0.6223
vn 0.3602 -0.7072 -0.6084
vn 0.4389 -0.3810 -0.8137
vn 0.4711 0.3810 -0.7956
vn 0.3602 0.7072 -0.6084
vn 0.3848 -0.7072 -0.5932
vn 0.4711 -0.3810 -0.7956
vn 0.5032 0.3810 -0.7757
vn 0.3848 0.7072 -0.5932
vn 0.4087 -0.7072 -0.5770
vn 0.5344 -0.3810 -0.7545
vn 0.5032 -0.3810 -0.7757
vn 0.5344 0.3810 -0.7545
vn 0.4087 0.7072 -0.5770
vn 0.4318 -0.7072 -0.5598
vn 0.5647 -0.3810 -0.7321
vn 0.5647 0.3810 -0.7321
vn 0.4318 0.7072 -0.5598
vn 0.4542 -0.7072 -0.5419
vn 0.5939 -0.3810 -0.7086
vn 0.5939 0.3810 -0.7086
vn 0.4542 0.7072 -0.5419
vn 0.4756 -0.7072 -0.5232
vn 0.6219 -0.3810 -0.6842
vn 0.6219 0.3810 -0.6842
vn 0.4756 0.7072 -0.5232
vn 0.4960 -0.7072 -0.5039
vn 0.6485 -0.3810 -0.6589
vn 0.6485 0.3810 -0.6589
vn 0.4960 0.7072 -0.5039
vn 0.4755 0.7072 -0.5232
vn 0.5153 -0.7072 -0.4841
vn 0.4959 -0.7072 -0.5039
vn 0.6738 -0.3811 -0.6331
vn 0.6738 0.3811 -0.6331
vn 0.5153 0.7072 -0.4841
vn 0.4959 0.7072 -0.5039
vn 0.5335 -0.7072 -0.4640
vn 0.6976 -0.3811 -0.6067
vn 0.6976 0.3811 -0.6067
vn 0.5335 0.7072 -0.4640
vn 0.5506 -0.7072 -0.4436
vn 0.7199 -0.3811 -0.5801
vn 0.7199 0.3811 -0.5801
vn 0.5506 0.7072 -0.4436
vn 0.5665 -0.7072 -0.4231
vn 0.7407 -0.3812 -0.5532
vn 0.7407 0.3812 -0.5532
vn 0.5665 0.7072 -0.4231
vn 0.5816 -0.7072 -0.4021
vn 0.7604 0.3811 -0.5258
vn 0.5816 0.7072 -0.4021
vn 0.5960 -0.7072 -0.3804
vn 0.7604 -0.3811 -0.5258
vn 0.7793 0.3811 -0.4974
vn 0.5960 0.7072 -0.3804
vn 0.6094 -0.7072 -0.3586
vn 0.7968 -0.3812 -0.4689
vn 0.7793 -0.3811 -0.4974
vn 0.7968 0.3812 -0.4689
vn 0.6094 0.7072 -0.3586
vn 0.6215 -0.7072 -0.3372
vn 0.8125 -0.3813 -0.4409
vn 0.8126 0.3813 -0.4409
vn 0.6215 0.7072 -0.3372
vn 0.6324 -0.7072 -0.3163
vn 0.8268 -0.3813 -0.4136
vn 0.8268 0.3813 -0.4136
vn 0.6324 0.7072 -0.3163
vn 0.6421 -0.7071 -0.2960
vn 0.6421 -0.7072 -0.2960
vn 0.8395 -0.3814 -0.3870
vn 0.8395 0.3814 -0.3870
vn 0.6421 0.7072 -0.2960
vn 0.6421 0.7071 -0.2960
vn 0.6324 0.7071 -0.3163
vn 0.6509 -0.7071 -0.2763
vn 0.6509 -0.7071 -0.2762
vn 0.8509 -0.3814 -0.3612
vn 0.8509 0.3814 -0.3612
vn 0.6509 0.7071 -0.2763
vn 0.6509 0.7071 -0.2762
vn 0.6586 -0.7071 -0.2572
vn 0.6587 -0.7071 -0.2572
vn 0.8611 -0.3815 -0.3362
vn 0.8611 0.3815 -0.3362
vn 0.6587 0.7071 -0.2572
vn 0.6586 0.7071 -0.2572
vn 0.6509 0.7072 -0.2762
vn 0.6656 -0.7071 -0.2387
vn 0.6586 -0.7072 -0.2571
vn 0.8701 -0.3815 -0.3121
vn 0.8701 0.3815 -0.3121
vn 0.6656 0.7071 -0.2387
vn 0.6586 0.7072 -0.2571
vn 0.6717 -0.7071 -0.2209
vn 0.6717 -0.7071 -0.2210
vn 0.8781 -0.3816 -0.2888
vn 0.8781 0.3816 -0.2888
vn 0.6717 0.7071 -0.2209
vn 0.6717 0.7071 -0.2210
vn 0.6771 -0.7071 -0.2038
vn 0.8851 -0.3816 -0.2664
vn 0.8851 0.3816 -0.2664
vn 0.6771 0.7071 -0.2038
vn 0.6771 0.7071 -0.2039
vn 0.6818 -0.7071 -0.1874
vn 0.8912 -0.3817 -0.2449
vn 0.8912 0.3817 -0.2449
vn 0.6818 0.7071 -0.1874
vt 0.589744 0.000000
vt 0.587179 0.000000
vt 0.594872 0.000000
vt 0.592308 0.000000
vt 0.192308 0.000000
vt 0.189744 0.000000
vt 0.187179 0.000000
vt 0.194872 0.000000
vt 0.184615 0.000000
vt 0.197436 0.000000
vt 0.402564 0.000000
vt 0.156410 0.000000
vt 0.405128 0.000000
vt 0.366667 0.000000
vt 0.364103 0.000000
vt 0.369231 0.000000
vt 0.371795 0.000000
vt 0.400000 0.000000
vt 0.374359 0.000000
vt 0.397436 0.000000
vt 0.376923 0.000000
vt 0.394872 0.000000
vt 0.379487 0.000000
vt 0.392308 0.000000
vt 0.382051 0.000000
vt 0.389744 0.000000
vt 0.384615 0.000000
vt 0.387179 0.000000
vt 0.200000 0.000000
vt 0.182051 0.000000
vt 0.202564 0.000000
vt 0.179487 0.000000
vt 0.176923 0.000000
vt 0.174359 0.000000
vt 0.205128 0.000000
vt 0.171795 0.000000
vt 0.169231 0.000000
vt 0.166667 0.000000
vt 0.164103 0.000000
vt 0.161538 0.000000
vt 0.158974 0.000000
vt 0.207692 0.000000
vt 0.210256 0.000000
vt 0.212821 0.000000
vt 0.215385 0.000000
vt 0.217949 0.000000
vt 0.220513 0.000000
vt 0.223077 0.000000
vt 0.225641 0.000000
vt 0.228205 0.000000
vt 0.230769 0.000000
vt 0.233333 0.000000
vt 0.330769 0.000000
vt 0.328205 0.000000
vt 0.333333 0.000000
vt 0.335897 0.000000
vt 0.338462 0.000000
vt 0.341026 0.000000
vt 0.343590 0.000000
vt 0.346154 0.000000
vt 0.348718 0.000000
vt 0.351282 0.000000
vt 0.353846 0.000000
vt 0.356410 0.000000
vt 0.358974 0.000000
vt 0.361538 0.000000
vt 0.653846 0.000000
vt 0.651282 0.000000
vt 0.410256 0.000000
vt 0.656410 0.000000
vt 0.235897 0.000000
vt 0.238462 0.000000
vt 0.241026 0.000000
vt 0.243590 0.000000
vt 0.246154 0.000000
vt 0.248718 0.000000
vt 0.251282 0.000000
vt 0.253846 0.000000
vt 0.256410 0.000000
vt 0.258974 0.000000
vt 0.261538 0.000000
vt 0.264103 0.000000
vt 0.266667 0.000000
vt 0.269231 0.000000
vt 0.271795 0.000000
vt 0.274359 0.000000
vt 0.276923 0.000000
vt 0.279487 0.000000
vt 0.282051 0.000000
vt 0.284615 0.000000
vt 0.287179 0.000000
vt 0.289744 0.000000
vt 0.292308 0.000000
vt 0.294872 0.000000
vt 0.297436 0.000000
vt 0.300000 0.000000
vt 0.302564 0.000000
vt 0.305128 0.000000
vt 0.307692 0.000000
vt 0.310256 0.000000
vt 0.312821 0.000000
vt 0.315385 0.000000
vt 0.317949 0.000000
vt 0.320513 0.000000
vt 0.323077 0.000000
vt 0.325641 0.000000
vt 0.466667 0.000000
vt 0.464103 0.000000
vt 0.469231 0.000000
vt 0.471795 0.000000
vt 0.461538 0.000000
vt 0.474359 0.000000
vt 0.458974 0.000000
vt 0.476923 0.000000
vt 0.456410 0.000000
vt 0.479487 0.000000
vt 0.453846 0.000000
vt 0.482051 0.000000
vt 0.451282 0.000000
vt 0.484615 0.000000
vt 0.448718 0.000000
vt 0.487179 0.000000
vt 0.446154 0.000000
vt 0.489744 0.000000
vt 0.443590 0.000000
vt 0.492308 0.000000
vt 0.441026 0.000000
vt 0.494872 0.000000
vt 0.438462 0.000000
vt 0.497436 0.000000
vt 0.435897 0.000000
vt 0.500000 0.000000
vt 0.433333 0.000000
vt 0.502564 0.000000
vt 0.430769 0.000000
vt 0.505128 0.000000
vt 0.428205 0.000000
vt 0.425641 0.000000
vt 0.507692 0.000000
vt 0.423077 0.000000
vt 0.510256 0.000000
vt 0.420513 0.000000
vt 0.512821 0.000000
vt 0.515385 0.000000
vt 0.417949 0.000000
vt 0.517949 0.000000
vt 0.415385 0.000000
vt 0.520513 0.000000
vt 0.412821 0.000000
vt 0.523077 0.000000
vt 0.525641 0.000000
vt 0.528205 0.000000
vt 0.530769 0.000000
vt 0.533333 0.000000
vt 0.535897 0.000000
vt 0.538462 0.000000
vt 0.541026 0.000000
vt 0.543590 0.000000
vt 0.546154 0.000000
vt 0.548718 0.000000
vt 0.551282 0.000000
vt 0.553846 0.000000
vt 0.556410 0.000000
vt 0.558974 0.000000
vt 0.561538 0.000000
vt 0.564103 0.000000
vt 0.566667 0.000000
vt 0.648718 0.000000
vt 0.569231 0.000000
vt 0.646154 0.000000
vt 0.571795 0.000000
vt 0.643590 0.000000
vt 0.574359 0.000000
vt 0.641026 0.000000
vt 0.576923 0.000000
vt 0.638462 0.000000
vt 0.579487 0.000000
vt 0.582051 0.000000
vt 0.635897 0.000000
vt 0.584615 0.000000
vt 0.633333 0.000000
vt 0.597436 0.000000
vt 0.600000 0.000000
vt 0.630769 0.000000
vt 0.602564 0.000000
vt 0.605128 0.000000
vt 0.628205 0.000000
vt 0.607692 0.000000
vt 0.610256 0.000000
vt 0.612821 0.000000
vt 0.625641 0.000000
vt 0.615385 0.000000
vt 0.617949 0.000000
vt 0.620513 0.000000
vt 0.623077 0.000000
vt 0.669231 0.000000
vt 0.666667 0.000000
vt 0.658974 0.000000
vt 0.664103 0.000000
vt 0.661538 0.000000
vt 0.684615 0.000000
vt 0.682051 0.000000
vt 0.679487 0.000000
vt 0.676923 0.000000
vt 0.674359 0.000000
vt 0.671795 0.000000
vt 0.692308 0.000000
vt 0.689744 0.000000
vt 0.694872 0.000000
vt 0.715385 0.000000
vt 0.712821 0.000000
vt 0.710256 0.000000
vt 0.707692 0.000000
vt 0.705128 0.000000
vt 0.702564 0.000000
vt 0.700000 0.000000
vt 0.697436 0.000000
vt 0.687180 0.000000
vt 0.779487 0.000000
vt 0.776923 0.000000
vt 0.407692 0.000000
vt 0.774359 0.000000
vt 0.771795 0.000000
vt 0.769231 0.000000
vt 0.766667 0.000000
vt 0.764103 0.000000
vt 0.761538 0.000000
vt 0.758974 0.000000
vt 0.756410 0.000000
vt 0.753846 0.000000
vt 0.751282 0.000000
vt 0.748718 0.000000
vt 0.746154 0.000000
vt 0.743590 0.000000
vt 0.741026 0.000000
vt 0.738462 0.000000
vt 0.735897 0.000000
vt 0.733333 0.000000
vt 0.730769 0.000000
vt 0.728205 0.000000
vt 0.725641 0.000000
vt 0.723077 0.000000
vt 0.720513 0.000000
vt 0.717949 0.000000
vt 0.902564 0.000000
vt 0.900000 0.000000
vt 0.848718 0.000000
vt 0.851282 0.000000
vt 0.897436 0.000000
vt 0.894872 0.000000
vt 0.892308 0.000000
vt 0.853846 0.000000
vt 0.889744 0.000000
vt 0.887179 0.000000
vt 0.884615 0.000000
vt 0.882051 0.000000
vt 0.856410 0.000000
vt 0.879487 0.000000
vt 0.858974 0.000000
vt 0.876923 0.000000
vt 0.861538 0.000000
vt 0.864103 0.000000
vt 0.874359 0.000000
vt 0.866667 0.000000
vt 0.869231 0.000000
vt 0.871795 0.000000
vt 0.782051 0.000000
vt 0.151282 0.000000
vt 0.148718 0.000000
vt 0.153846 0.000000
vt 0.917949 0.000000
vt 0.915385 0.000000
vt 0.920513 0.000000
vt 0.146154 0.000000
vt 0.143590 0.000000
vt 0.141026 0.000000
vt 0.138462 0.000000
vt 0.935897 0.000000
vt 0.933333 0.000000
vt 0.910256 0.000000
vt 0.930769 0.000000
vt 0.928205 0.000000
vt 0.925641 0.000000
vt 0.912821 0.000000
vt 0.923077 0.000000
vt 0.123077 0.000000
vt 0.120513 0.000000
vt 0.117949 0.000000
vt 0.115385 0.000000
vt 0.112821 0.000000
vt 0.110256 0.000000
vt 0.125641 0.000000
vt 0.107692 0.000000
vt 0.105128 0.000000
vt 0.102564 0.000000
vt 0.128205 0.000000
vt 0.100000 0.000000
vt 0.130769 0.000000
vt 0.097436 0.000000
vt 0.133333 0.000000
vt 0.135897 0.000000
vt 0.094872 0.000000
vt 0.092308 0.000000
vt 0.966667 0.000000
vt 0.964103 0.000000
vt 0.961538 0.000000
vt 0.958974 0.000000
vt 0.956410 0.000000
vt 0.953846 0.000000
vt 0.951282 0.000000
vt 0.948718 0.000000
vt 0.946154 0.000000
vt 0.943590 0.000000
vt 0.941026 0.000000
vt 0.938462 0.000000
vt 0.089744 0.000000
vt 0.087179 0.000000
vt 0.084615 0.000000
vt 0.082051 0.000000
vt 0.079487 0.000000
vt 0.076923 0.000000
vt 0.074359 0.000000
vt 0.071795 0.000000
vt 0.069231 0.000000
vt 0.066667 0.000000
vt 0.064103 0.000000
vt 0.061538 0.000000
vt 0.058974 0.000000
vt 0.056410 0.000000
vt 0.053846 0.000000
vt 0.051282 0.000000
vt 0.048718 0.000000
vt 0.046154 0.000000
vt 0.043590 0.000000
vt 0.041026 0.000000
vt 0.038462 0.000000
vt 0.035897 0.000000
vt 0.033333 0.000000
vt 0.030769 0.000000
vt 0.028205 0.000000
vt 0.025641 0.000000
vt 0.023077 0.000000
vt 0.020513 0.000000
vt 0.017949 0.000000
vt 0.015385 0.000000
vt 0.012821 0.000000
vt 0.010256 0.000000
vt 0.007692 0.000000
vt 0.005128 0.000000
vt 0.002564 0.000000
vt 0.000000 0.000000
vt 1.000000 0.000000
vt 0.997436 0.000000
vt 0.994872 0.000000
vt 0.992308 0.000000
vt 0.989744 0.000000
vt 0.987179 0.000000
vt 0.984615 0.000000
vt 0.982051 0.000000
vt 0.979487 0.000000
vt 0.976923 0.000000
vt 0.974359 0.000000
vt 0.971795 0.000000
vt 0.969231 0.000000
vt 0.907692 0.000000
vt 0.905128 0.000000
vt 0.784615 0.000000
vt 0.787179 0.000000
vt 0.789744 0.000000
vt 0.792308 0.000000
vt 0.794872 0.000000
vt 0.797436 0.000000
vt 0.800000 0.000000
vt 0.802564 0.000000
vt 0.805128 0.000000
vt 0.807692 0.000000
vt 0.810256 0.000000
vt 0.812820 0.000000
vt 0.815385 0.000000
vt 0.817949 0.000000
vt 0.820513 0.000000
vt 0.823077 0.000000
vt 0.825641 0.000000
vt 0.828205 0.000000
vt 0.830769 0.000000
vt 0.833333 0.000000
vt 0.835897 0.000000
vt 0.838462 0.000000
vt 0.841026 0.000000
vt 0.843590 0.000000
vt 0.846154 0.000000
vt 0.002558 0.076923
vt 0.000000 0.076923
vt 0.000000 0.153846
vt 0.002558 0.230769
vt 0.000000 0.230769
vt 0.002558 0.307692
vt 0.000000 0.307692
vt 0.002558 0.384615
vt 0.000000 0.384615
vt 0.002558 0.461538
vt 0.000000 0.461538
vt 0.002558 0.538462
vt 0.000000 0.538462
vt 0.000000 0.615385
vt 0.000000 0.692308
vt 0.002558 0.615385
vt 0.000000 0.769231
vt 0.002558 0.692308
vt 0.000000 0.846154
vt 0.002558 0.769231
vt 0.002558 0.923077
vt 0.000000 0.923077
vt 0.000000 1.000000
vt 0.005115 0.076923
vt 0.002558 0.000000
vt 0.005115 0.153846
vt 0.002558 0.153846
vt 0.005115 0.230769
vt 0.005115 0.307692
vt 0.005115 0.384615
vt 0.005115 0.461538
vt 0.005115 0.538462
vt 0.005115 0.615385
vt 0.005115 0.692308
vt 0.002558 0.846154
vt 0.005115 0.769231
vt 0.005115 0.846154
vt 0.002558 1.000000
vt 0.005115 0.923077
vt 0.007673 0.076923
vt 0.005115 0.000000
vt 0.007673 0.153846
vt 0.007673 0.230769
vt 0.007673 0.307692
vt 0.007673 0.384615
vt 0.007673 0.461538
vt 0.007673 0.538462
vt 0.007673 0.615385
vt 0.007673 0.692308
vt 0.007673 0.769231
vt 0.007673 0.846154
vt 0.005115 1.000000
vt 0.007673 0.923077
vt 0.010230 0.076923
vt 0.007673 0.000000
vt 0.010230 0.153846
vt 0.010230 0.230769
vt 0.010230 0.307692
vt 0.010230 0.384615
vt 0.010230 0.461538
vt 0.010230 0.538462
vt 0.010230 0.615385
vt 0.010230 0.692308
vt 0.010230 0.769231
vt 0.010230 0.846154
vt 0.007673 1.000000
vt 0.010230 0.923077
vt 0.012788 0.076923
vt 0.010230 0.000000
vt 0.012788 0.153846
vt 0.012788 0.230769
vt 0.012788 0.307692
vt 0.012788 0.384615
vt 0.012788 0.461538
vt 0.012788 0.538462
vt 0.012788 0.615385
vt 0.012788 0.692308
vt 0.012788 0.769231
vt 0.012788 0.846154
vt 0.010230 1.000000
vt 0.012788 0.923077
vt 0.015345 0.076923
vt 0.012788 0.000000
vt 0.015345 0.153846
vt 0.015345 0.230769
vt 0.015345 0.307692
vt 0.015345 0.384615
vt 0.015345 0.461538
vt 0.015345 0.538462
vt 0.015345 0.615385
vt 0.015345 0.692308
vt 0.015345 0.769231
vt 0.015345 0.846154
vt 0.012788 1.000000
vt 0.015345 0.923077
vt 0.017903 0.076923
vt 0.015345 0.000000
vt 0.017903 0.153846
vt 0.017903 0.230769
vt 0.017903 0.307692
vt 0.017903 0.384615
vt 0.017903 0.461538
vt 0.017903 0.538462
vt 0.017903 0.615385
vt 0.017903 0.692308
vt 0.017903 0.769231
vt 0.017903 0.846154
vt 0.015345 1.000000
vt 0.017903 0.923077
vt 0.020460 0.076923
vt 0.017903 0.000000
vt 0.020460 0.153846
vt 0.020460 0.230769
vt 0.020460 0.307692
vt 0.020460 0.384615
vt 0.020460 0.461538
vt 0.020460 0.538462
vt 0.020460 0.615385
vt 0.020460 0.692308
vt 0.020460 0.769231
vt 0.020460 0.846154
vt 0.017903 1.000000
vt 0.020460 0.923077
vt 0.023018 0.076923
vt 0.020460 0.000000
vt 0.023018 0.153846
vt 0.023018 0.230769
vt 0.023018 0.307692
vt 0.023018 0.384615
vt 0.023018 0.461538
vt 0.023018 0.538462
vt 0.023018 0.615385
vt 0.023018 0.692308
vt 0.023018 0.769231
vt 0.023018 0.846154
vt 0.020460 1.000000
vt 0.023018 0.923077
vt 0.025575 0.076923
vt 0.023018 0.000000
vt 0.025575 0.153846
vt 0.025575 0.230769
vt 0.025575 0.307692
vt 0.025575 0.384615
vt 0.025575 0.461538
vt 0.025575 0.538462
vt 0.025575 0.615385
vt 0.025575 0.692308
vt 0.025575 0.769231
vt 0.025575 0.846154
vt 0.023018 1.000000
vt 0.025575 0.923077
vt 0.028133 0.076923
vt 0.025575 0.000000
vt 0.028133 0.153846
vt 0.028133 0.230769
vt 0.028133 0.307692
vt 0.028133 0.384615
vt 0.028133 0.461538
vt 0.028133 0.538462
vt 0.028133 0.615385
vt 0.028133 0.692308
vt 0.028133 0.769231
vt 0.028133 0.846154
vt 0.025575 1.000000
vt 0.028133 0.923077
vt 0.030691 0.076923
vt 0.028133 0.000000
vt 0.030691 0.153846
vt 0.030691 0.230769
vt 0.030691 0.307692
vt 0.030691 0.384615
vt 0.030691 0.461538
vt 0.030691 0.538462
vt 0.030691 0.615385
vt 0.030691 0.692308
vt 0.030691 0.769231
vt 0.030691 0.846154
vt 0.028133 1.000000
vt 0.030691 0.923077
vt 0.033248 0.000000
vt 0.030691 0.000000
vt 0.033248 0.076923
vt 0.033248 0.153846
vt 0.033248 0.230769
vt 0.033248 0.307692
vt 0.033248 0.384615
vt 0.033248 0.538462
vt 0.033248 0.615385
vt 0.033248 0.692308
vt 0.033248 0.769231
vt 0.033248 0.846154
vt 0.033248 0.923077
vt 0.033248 1.000000
vt 0.030691 1.000000
vt 0.035806 0.000000
vt 0.035806 0.076923
vt 0.035806 0.153846
vt 0.035806 0.230769
vt 0.035806 0.307692
vt 0.033248 0.461538
vt 0.035806 0.384615
vt 0.035806 0.538462
vt 0.035806 0.615385
vt 0.035806 0.692308
vt 0.035806 0.769231
vt 0.035806 0.846154
vt 0.035806 0.923077
vt 0.035806 1.000000
vt 0.038363 0.000000
vt 0.038363 0.076923
vt 0.038363 0.153846
vt 0.038363 0.230769
vt 0.038363 0.307692
vt 0.035806 0.461538
vt 0.038363 0.384615
vt 0.038363 0.538462
vt 0.038363 0.615385
vt 0.038363 0.692308
vt 0.038363 0.769231
vt 0.038363 0.846154
vt 0.038363 0.923077
vt 0.038363 1.000000
vt 0.040921 0.000000
vt 0.040921 0.076923
vt 0.040921 0.153846
vt 0.040921 0.230769
vt 0.040921 0.307692
vt 0.038363 0.461538
vt 0.040921 0.384615
vt 0.040921 0.538462
vt 0.040921 0.615385
vt 0.040921 0.692308
vt 0.040921 0.769231
vt 0.040921 0.846154
vt 0.040921 0.923077
vt 0.040921 1.000000
vt 0.043478 0.000000
vt 0.043478 0.076923
vt 0.043478 0.153846
vt 0.043478 0.230769
vt 0.043478 0.307692
vt 0.040921 0.461538
vt 0.043478 0.384615
vt 0.043478 0.538462
vt 0.043478 0.615385
vt 0.043478 0.692308
vt 0.043478 0.769231
vt 0.043478 0.846154
vt 0.043478 0.923077
vt 0.043478 1.000000
vt 0.046036 0.000000
vt 0.046036 0.076923
vt 0.046036 0.153846
vt 0.046036 0.230769
vt 0.046036 0.307692
vt 0.043478 0.461538
vt 0.046036 0.384615
vt 0.046036 0.538462
vt 0.046036 0.615385
vt 0.046036 0.692308
vt 0.046036 0.769231
vt 0.046036 0.846154
vt 0.046036 0.923077
vt 0.046036 1.000000
vt 0.048593 0.000000
vt 0.048593 0.076923
vt 0.048593 0.153846
vt 0.048593 0.230769
vt 0.048593 0.307692
vt 0.046036 0.461538
vt 0.048593 0.384615
vt 0.048593 0.538462
vt 0.048593 0.615385
vt 0.048593 0.692308
vt 0.048593 0.769231
vt 0.048593 0.846154
vt 0.048593 0.923077
vt 0.048593 1.000000
vt 0.051151 0.000000
vt 0.051151 0.076923
vt 0.051151 0.153846
vt 0.051151 0.230769
vt 0.051151 0.307692
vt 0.048593 0.461538
vt 0.051151 0.384615
vt 0.051151 0.538462
vt 0.051151 0.615385
vt 0.051151 0.692308
vt 0.051151 0.769231
vt 0.051151 0.846154
vt 0.051151 0.923077
vt 0.051151 1.000000
vt 0.053708 0.000000
vt 0.053708 0.076923
vt 0.053708 0.153846
vt 0.053708 0.230769
vt 0.053708 0.307692
vt 0.051151 0.461538
vt 0.053708 0.384615
vt 0.053708 0.538462
vt 0.053708 0.615385
vt 0.053708 0.692308
vt 0.053708 0.769231
vt 0.053708 0.846154
vt 0.053708 0.923077
vt 0.053708 1.000000
vt 0.056266 0.000000
vt 0.056266 0.076923
vt 0.056266 0.153846
vt 0.056266 0.230769
vt 0.056266 0.307692
vt 0.053708 0.461538
vt 0.056266 0.384615
vt 0.056266 0.538462
vt 0.056266 0.615385
vt 0.056266 0.692308
vt 0.056266 0.769231
vt 0.056266 0.846154
vt 0.056266 0.923077
vt 0.056266 1.000000
vt 0.058824 0.000000
vt 0.058824 0.076923
vt 0.058824 0.153846
vt 0.058824 0.230769
vt 0.058824 0.307692
vt 0.056266 0.461538
vt 0.058824 0.384615
vt 0.058824 0.538462
vt 0.058824 0.615385
vt 0.058824 0.692308
vt 0.058824 0.769231
vt 0.058824 0.846154
vt 0.058824 0.923077
vt 0.058824 1.000000
vt 0.061381 0.076923
vt 0.061381 0.153846
vt 0.061381 0.230769
vt 0.061381 0.307692
vt 0.061381 0.384615
vt 0.061381 0.461538
vt 0.058824 0.461538
vt 0.061381 0.538462
vt 0.061381 0.615385
vt 0.061381 0.692308
vt 0.061381 0.769231
vt 0.061381 0.846154
vt 0.061381 0.923077
vt 0.063939 0.076923
vt 0.061381 0.000000
vt 0.063939 0.153846
vt 0.063939 0.230769
vt 0.063939 0.307692
vt 0.063939 0.384615
vt 0.063939 0.461538
vt 0.063939 0.538462
vt 0.063939 0.615385
vt 0.063939 0.692308
vt 0.063939 0.769231
vt 0.063939 0.846154
vt 0.061381 1.000000
vt 0.063939 0.923077
vt 0.066496 0.000000
vt 0.063939 0.000000
vt 0.066496 0.076923
vt 0.066496 0.153846
vt 0.066496 0.230769
vt 0.066496 0.307692
vt 0.066496 0.384615
vt 0.066496 0.538462
vt 0.066496 0.615385
vt 0.066496 0.692308
vt 0.066496 0.769231
vt 0.066496 0.846154
vt 0.066496 0.923077
vt 0.066496 1.000000
vt 0.063939 1.000000
vt 0.069054 0.000000
vt 0.069054 0.076923
vt 0.069054 0.153846
vt 0.069054 0.230769
vt 0.069054 0.307692
vt 0.066496 0.461538
vt 0.069054 0.384615
vt 0.069054 0.538462
vt 0.069054 0.615385
vt 0.069054 0.692308
vt 0.069054 0.769231
vt 0.069054 0.846154
vt 0.069054 0.923077
vt 0.069054 1.000000
vt 0.071611 0.000000
vt 0.071611 0.076923
vt 0.071611 0.153846
vt 0.071611 0.230769
vt 0.071611 0.307692
vt 0.069054 0.461538
vt 0.071611 0.384615
vt 0.071611 0.538462
vt 0.071611 0.615385
vt 0.071611 0.692308
vt 0.071611 0.769231
vt 0.071611 0.846154
vt 0.071611 0.923077
vt 0.071611 1.000000
vt 0.074169 0.000000
vt 0.074169 0.076923
vt 0.074169 0.153846
vt 0.074169 0.230769
vt 0.074169 0.307692
vt 0.071611 0.461538
vt 0.074169 0.384615
vt 0.074169 0.538462
vt 0.074169 0.615385
vt 0.074169 0.692308
vt 0.074169 0.769231
vt 0.074169 0.846154
vt 0.074169 0.923077
vt 0.074169 1.000000
vt 0.076726 0.000000
vt 0.076726 0.076923
vt 0.076726 0.153846
vt 0.076726 0.230769
vt 0.076726 0.307692
vt 0.074169 0.461538
vt 0.076726 0.384615
vt 0.076726 0.538462
vt 0.076726 0.615385
vt 0.076726 0.692308
vt 0.076726 0.769231
vt 0.076726 0.846154
vt 0.076726 0.923077
vt 0.076726 1.000000
vt 0.079284 0.000000
vt 0.079284 0.076923
vt 0.079284 0.153846
vt 0.079284 0.230769
vt 0.079284 0.307692
vt 0.076726 0.461538
vt 0.079284 0.384615
vt 0.079284 0.538462
vt 0.079284 0.615385
vt 0.079284 0.692308
vt 0.079284 0.769231
vt 0.079284 0.846154
vt 0.079284 0.923077
vt 0.079284 1.000000
vt 0.081841 0.000000
vt 0.081841 0.076923
vt 0.081841 0.153846
vt 0.081841 0.230769
vt 0.081841 0.307692
vt 0.079284 0.461538
vt 0.081841 0.384615
vt 0.081841 0.538462
vt 0.081841 0.615385
vt 0.081841 0.692308
vt 0.081841 0.769231
vt 0.081841 0.846154
vt 0.081841 0.923077
vt 0.081841 1.000000
vt 0.084399 0.000000
vt 0.084399 0.076923
vt 0.084399 0.153846
vt 0.084399 0.230769
vt 0.084399 0.307692
vt 0.081841 0.461538
vt 0.084399 0.384615
vt 0.084399 0.538462
vt 0.084399 0.615385
vt 0.084399 0.692308
vt 0.084399 0.769231
vt 0.084399 0.846154
vt 0.084399 0.923077
vt 0.084399 1.000000
vt 0.086957 0.000000
vt 0.086957 0.076923
vt 0.086957 0.153846
vt 0.086957 0.230769
vt 0.086957 0.307692
vt 0.084399 0.461538
vt 0.086957 0.384615
vt 0.086957 0.538462
vt 0.086957 0.615385
vt 0.086957 0.692308
vt 0.086957 0.769231
vt 0.086957 0.846154
vt 0.086957 0.923077
vt 0.086957 1.000000
vt 0.089514 0.000000
vt 0.089514 0.076923
vt 0.089514 0.153846
vt 0.089514 0.230769
vt 0.089514 0.307692
vt 0.086957 0.461538
vt 0.089514 0.384615
vt 0.089514 0.538462
vt 0.089514 0.615385
vt 0.089514 0.692308
vt 0.089514 0.769231
vt 0.089514 0.846154
vt 0.089514 0.923077
vt 0.089514 1.000000
vt 0.092072 0.076923
vt 0.092072 0.153846
vt 0.092072 0.230769
vt 0.092072 0.307692
vt 0.092072 0.384615
vt 0.092072 0.461538
vt 0.089514 0.461538
vt 0.092072 0.538462
vt 0.092072 0.615385
vt 0.092072 0.692308
vt 0.092072 0.769231
vt 0.092072 0.846154
vt 0.092072 0.923077
vt 0.094629 0.076923
vt 0.092072 0.000000
vt 0.094629 0.153846
vt 0.094629 0.230769
vt 0.094629 0.307692
vt 0.094629 0.384615
vt 0.094629 0.461538
vt 0.094629 0.538462
vt 0.094629 0.615385
vt 0.094629 0.692308
vt 0.094629 0.769231
vt 0.094629 0.846154
vt 0.092072 1.000000
vt 0.094629 0.923077
vt 0.097187 0.000000
vt 0.094629 0.000000
vt 0.097187 0.076923
vt 0.097187 0.153846
vt 0.097187 0.230769
vt 0.097187 0.307692
vt 0.097187 0.384615
vt 0.097187 0.538462
vt 0.097187 0.615385
vt 0.097187 0.692308
vt 0.097187 0.769231
vt 0.097187 0.846154
vt 0.097187 0.923077
vt 0.097187 1.000000
vt 0.094629 1.000000
vt 0.099744 0.000000
vt 0.099744 0.076923
vt 0.099744 0.153846
vt 0.099744 0.230769
vt 0.099744 0.307692
vt 0.097187 0.461538
vt 0.099744 0.384615
vt 0.099744 0.538462
vt 0.099744 0.615385
vt 0.099744 0.692308
vt 0.099744 0.769231
vt 0.099744 0.846154
vt 0.099744 0.923077
vt 0.099744 1.000000
vt 0.102302 0.000000
vt 0.102302 0.076923
vt 0.102302 0.153846
vt 0.102302 0.230769
vt 0.102302 0.307692
vt 0.099744 0.461538
vt 0.102302 0.384615
vt 0.102302 0.538462
vt 0.102302 0.615385
vt 0.102302 0.692308
vt 0.102302 0.769231
vt 0.102302 0.846154
vt 0.102302 0.923077
vt 0.102302 1.000000
vt 0.104859 0.000000
vt 0.104859 0.076923
vt 0.104859 0.153846
vt 0.104859 0.230769
vt 0.104859 0.307692
vt 0.102302 0.461538
vt 0.104859 0.384615
vt 0.104859 0.538462
vt 0.104859 0.615385
vt 0.104859 0.692308
vt 0.104859 0.769231
vt 0.104859 0.846154
vt 0.104859 0.923077
vt 0.104859 1.000000
vt 0.107417 0.000000
vt 0.107417 0.076923
vt 0.107417 0.153846
vt 0.107417 0.230769
vt 0.107417 0.307692
vt 0.104859 0.461538
vt 0.107417 0.384615
vt 0.107417 0.538462
vt 0.107417 0.615385
vt 0.107417 0.692308
vt 0.107417 0.769231
vt 0.107417 0.846154
vt 0.107417 0.923077
vt 0.107417 1.000000
vt 0.109974 0.000000
vt 0.109974 0.076923
vt 0.109974 0.153846
vt 0.109974 0.230769
vt 0.109974 0.307692
vt 0.107417 0.461538
vt 0.109974 0.384615
vt 0.109974 0.538462
vt 0.109974 0.615385
vt 0.109974 0.692308
vt 0.109974 0.769231
vt 0.109974 0.846154
vt 0.109974 0.923077
vt 0.109974 1.000000
vt 0.112532 0.000000
vt 0.112532 0.076923
vt 0.112532 0.153846
vt 0.112532 0.230769
vt 0.112532 0.307692
vt 0.109974 0.461538
vt 0.112532 0.384615
vt 0.112532 0.538462
vt 0.112532 0.615385
vt 0.112532 0.692308
vt 0.112532 0.769231
vt 0.112532 0.846154
vt 0.112532 0.923077
vt 0.112532 1.000000
vt 0.115090 0.000000
vt 0.115090 0.076923
vt 0.115090 0.153846
vt 0.115090 0.230769
vt 0.115090 0.307692
vt 0.112532 0.461538
vt 0.115090 0.384615
vt 0.115090 0.538462
vt 0.115090 0.615385
vt 0.115090 0.692308
vt 0.115090 0.769231
vt 0.115090 0.846154
vt 0.115090 0.923077
vt 0.115090 1.000000
vt 0.117647 0.000000
vt 0.117647 0.076923
vt 0.117647 0.153846
vt 0.117647 0.230769
vt 0.117647 0.307692
vt 0.115090 0.461538
vt 0.117647 0.384615
vt 0.117647 0.538462
vt 0.117647 0.615385
vt 0.117647 0.692308
vt 0.117647 0.769231
vt 0.117647 0.846154
vt 0.117647 0.923077
vt 0.117647 1.000000
vt 0.120205 0.000000
vt 0.120205 0.076923
vt 0.120205 0.153846
vt 0.120205 0.230769
vt 0.120205 0.307692
vt 0.117647 0.461538
vt 0.120205 0.384615
vt 0.120205 0.538462
vt 0.120205 0.615385
vt 0.120205 0.692308
vt 0.120205 0.769231
vt 0.120205 0.846154
vt 0.120205 0.923077
vt 0.120205 1.000000
vt 0.122762 0.076923
vt 0.122762 0.153846
vt 0.122762 0.230769
vt 0.122762 0.307692
vt 0.122762 0.384615
vt 0.122762 0.461538
vt 0.120205 0.461538
vt 0.122762 0.538462
vt 0.122762 0.615385
vt 0.122762 0.692308
vt 0.122762 0.769231
vt 0.122762 0.846154
vt 0.122762 0.923077
vt 0.125320 0.076923
vt 0.122762 0.000000
vt 0.125320 0.153846
vt 0.125320 0.230769
vt 0.125320 0.307692
vt 0.125320 0.384615
vt 0.125320 0.461538
vt 0.125320 0.538462
vt 0.125320 0.615385
vt 0.125320 0.692308
vt 0.125320 0.769231
vt 0.125320 0.846154
vt 0.122762 1.000000
vt 0.125320 0.923077
vt 0.127877 0.000000
vt 0.125320 0.000000
vt 0.127877 0.076923
vt 0.127877 0.153846
vt 0.127877 0.230769
vt 0.127877 0.307692
vt 0.127877 0.384615
vt 0.127877 0.538462
vt 0.127877 0.615385
vt 0.127877 0.692308
vt 0.127877 0.769231
vt 0.127877 0.846154
vt 0.127877 0.923077
vt 0.127877 1.000000
vt 0.125320 1.000000
vt 0.130435 0.000000
vt 0.130435 0.076923
vt 0.130435 0.153846
vt 0.130435 0.230769
vt 0.130435 0.307692
vt 0.127877 0.461538
vt 0.130435 0.384615
vt 0.130435 0.538462
vt 0.130435 0.615385
vt 0.130435 0.692308
vt 0.130435 0.769231
vt 0.130435 0.846154
vt 0.130435 0.923077
vt 0.130435 1.000000
vt 0.132992 0.000000
vt 0.132992 0.076923
vt 0.132992 0.153846
vt 0.132992 0.230769
vt 0.132992 0.307692
vt 0.130435 0.461538
vt 0.132992 0.384615
vt 0.132992 0.538462
vt 0.132992 0.615385
vt 0.132992 0.692308
vt 0.132992 0.769231
vt 0.132992 0.846154
vt 0.132992 0.923077
vt 0.132992 1.000000
vt 0.135550 0.000000
vt 0.135550 0.076923
vt 0.135550 0.153846
vt 0.135550 0.230769
vt 0.135550 0.307692
vt 0.132992 0.461538
vt 0.135550 0.384615
vt 0.135550 0.538462
vt 0.135550 0.615385
vt 0.135550 0.692308
vt 0.135550 0.769231
vt 0.135550 0.846154
vt 0.135550 0.923077
vt 0.135550 1.000000
vt 0.138107 0.000000
vt 0.138107 0.076923
vt 0.138107 0.153846
vt 0.138107 0.230769
vt 0.138107 0.307692
vt 0.135550 0.461538
vt 0.138107 0.384615
vt 0.138107 0.538462
vt 0.138107 0.615385
vt 0.138107 0.692308
vt 0.138107 0.769231
vt 0.138107 0.846154
vt 0.138107 0.923077
vt 0.138107 1.000000
vt 0.140665 0.000000
vt 0.140665 0.076923
vt 0.140665 0.153846
vt 0.140665 0.230769
vt 0.140665 0.307692
vt 0.138107 0.461538
vt 0.140665 0.384615
vt 0.140665 0.538462
vt 0.140665 0.615385
vt 0.140665 0.692308
vt 0.140665 0.769231
vt 0.140665 0.846154
vt 0.140665 0.923077
vt 0.140665 1.000000
vt 0.143223 0.000000
vt 0.143223 0.076923
vt 0.143223 0.153846
vt 0.143223 0.230769
vt 0.143223 0.307692
vt 0.140665 0.461538
vt 0.143223 0.384615
vt 0.143223 0.538462
vt 0.143223 0.615385
vt 0.143223 0.692308
vt 0.143223 0.769231
vt 0.143223 0.846154
vt 0.143223 0.923077
vt 0.143223 1.000000
vt 0.145780 0.000000
vt 0.145780 0.076923
vt 0.145780 0.153846
vt 0.145780 0.230769
vt 0.145780 0.307692
vt 0.143223 0.461538
vt 0.145780 0.384615
vt 0.145780 0.538462
vt 0.145780 0.615385
vt 0.145780 0.692308
vt 0.145780 0.769231
vt 0.145780 0.846154
vt 0.145780 0.923077
vt 0.145780 1.000000
vt 0.148338 0.000000
vt 0.148338 0.076923
vt 0.148338 0.153846
vt 0.148338 0.230769
vt 0.148338 0.307692
vt 0.145780 0.461538
vt 0.148338 0.384615
vt 0.148338 0.538462
vt 0.148338 0.615385
vt 0.148338 0.692308
vt 0.148338 0.769231
vt 0.148338 0.846154
vt 0.148338 0.923077
vt 0.148338 1.000000
vt 0.150895 0.000000
vt 0.150895 0.076923
vt 0.150895 0.153846
vt 0.150895 0.230769
vt 0.150895 0.307692
vt 0.148338 0.461538
vt 0.150895 0.384615
vt 0.150895 0.538462
vt 0.150895 0.615385
vt 0.150895 0.692308
vt 0.150895 0.769231
vt 0.150895 0.846154
vt 0.150895 0.923077
vt 0.150895 1.000000
vt 0.153453 0.076923
vt 0.153453 0.153846
vt 0.153453 0.230769
vt 0.153453 0.307692
vt 0.153453 0.384615
vt 0.153453 0.461538
vt 0.150895 0.461538
vt 0.153453 0.538462
vt 0.153453 0.615385
vt 0.153453 0.692308
vt 0.153453 0.769231
vt 0.153453 0.846154
vt 0.153453 0.923077
vt 0.156010 0.000000
vt 0.153453 0.000000
vt 0.156010 0.076923
vt 0.156010 0.153846
vt 0.156010 0.230769
vt 0.156010 0.384615
vt 0.156010 0.538462
vt 0.156010 0.615385
vt 0.156010 0.692308
vt 0.156010 0.769231
vt 0.156010 0.846154
vt 0.156010 0.923077
vt 0.156010 1.000000
vt 0.153453 1.000000
vt 0.158568 0.000000
vt 0.158568 0.076923
vt 0.158568 0.153846
vt 0.156010 0.307692
vt 0.158568 0.230769
vt 0.158568 0.307692
vt 0.156010 0.461538
vt 0.158568 0.384615
vt 0.158568 0.538462
vt 0.158568 0.615385
vt 0.158568 0.692308
vt 0.158568 0.769231
vt 0.158568 0.846154
vt 0.158568 0.923077
vt 0.158568 1.000000
vt 0.161125 0.000000
vt 0.161125 0.076923
vt 0.161125 0.153846
vt 0.161125 0.230769
vt 0.161125 0.307692
vt 0.158568 0.461538
vt 0.161125 0.384615
vt 0.161125 0.538462
vt 0.161125 0.615385
vt 0.161125 0.692308
vt 0.161125 0.769231
vt 0.161125 0.846154
vt 0.161125 0.923077
vt 0.161125 1.000000
vt 0.163683 0.000000
vt 0.163683 0.076923
vt 0.163683 0.153846
vt 0.163683 0.230769
vt 0.163683 0.307692
vt 0.161125 0.461538
vt 0.163683 0.384615
vt 0.163683 0.538462
vt 0.163683 0.615385
vt 0.163683 0.692308
vt 0.163683 0.769231
vt 0.163683 0.846154
vt 0.163683 0.923077
vt 0.163683 1.000000
vt 0.166240 0.000000
vt 0.166240 0.076923
vt 0.166240 0.153846
vt 0.166240 0.230769
vt 0.166240 0.307692
vt 0.163683 0.461538
vt 0.166240 0.384615
vt 0.166240 0.538462
vt 0.166240 0.615385
vt 0.166240 0.692308
vt 0.166240 0.769231
vt 0.166240 0.846154
vt 0.166240 0.923077
vt 0.166240 1.000000
vt 0.168798 0.000000
vt 0.168798 0.076923
vt 0.168798 0.153846
vt 0.168798 0.230769
vt 0.168798 0.307692
vt 0.166240 0.461538
vt 0.168798 0.384615
vt 0.168798 0.538462
vt 0.168798 0.615385
vt 0.168798 0.692308
vt 0.168798 0.769231
vt 0.168798 0.846154
vt 0.168798 0.923077
vt 0.168798 1.000000
vt 0.171356 0.000000
vt 0.171356 0.076923
vt 0.171356 0.153846
vt 0.171356 0.307692
vt 0.168798 0.461538
vt 0.171356 0.384615
vt 0.171356 0.538462
vt 0.171356 0.615385
vt 0.171356 0.692308
vt 0.171356 0.846154
vt 0.171356 0.923077
vt 0.171356 1.000000
vt 0.173913 0.076923
vt 0.173913 0.230769
vt 0.171356 0.230769
vt 0.173913 0.307692
vt 0.173913 0.384615
vt 0.173913 0.461538
vt 0.171356 0.461538
vt 0.173913 0.538462
vt 0.173913 0.615385
vt 0.171356 0.769231
vt 0.173913 0.692308
vt 0.173913 0.769231
vt 0.173913 0.923077
vt 0.176471 0.076923
vt 0.173913 0.000000
vt 0.176471 0.153846
vt 0.173913 0.153846
vt 0.176471 0.230769
vt 0.176471 0.307692
vt 0.176471 0.384615
vt 0.176471 0.461538
vt 0.176471 0.538462
vt 0.176471 0.615385
vt 0.176471 0.692308
vt 0.173913 0.846154
vt 0.176471 0.769231
vt 0.176471 0.846154
vt 0.173913 1.000000
vt 0.176471 0.923077
vt 0.179028 0.076923
vt 0.176471 0.000000
vt 0.179028 0.153846
vt 0.179028 0.230769
vt 0.179028 0.307692
vt 0.179028 0.384615
vt 0.179028 0.461538
vt 0.179028 0.538462
vt 0.179028 0.615385
vt 0.179028 0.692308
vt 0.179028 0.769231
vt 0.179028 0.846154
vt 0.176471 1.000000
vt 0.179028 0.923077
vt 0.181586 0.076923
vt 0.179028 0.000000
vt 0.181586 0.153846
vt 0.181586 0.230769
vt 0.181586 0.307692
vt 0.181586 0.384615
vt 0.181586 0.461538
vt 0.181586 0.538462
vt 0.181586 0.615385
vt 0.181586 0.692308
vt 0.181586 0.769231
vt 0.181586 0.846154
vt 0.179028 1.000000
vt 0.181586 0.923077
vt 0.184143 0.076923
vt 0.181586 0.000000
vt 0.184143 0.153846
vt 0.184143 0.230769
vt 0.184143 0.307692
vt 0.184143 0.384615
vt 0.184143 0.461538
vt 0.184143 0.538462
vt 0.184143 0.615385
vt 0.184143 0.692308
vt 0.184143 0.769231
vt 0.184143 0.846154
vt 0.181586 1.000000
vt 0.184143 0.923077
vt 0.186701 0.000000
vt 0.184143 0.000000
vt 0.186701 0.076923
vt 0.186701 0.153846
vt 0.186701 0.230769
vt 0.186701 0.307692
vt 0.186701 0.384615
vt 0.186701 0.538462
vt 0.186701 0.615385
vt 0.186701 0.692308
vt 0.186701 0.769231
vt 0.186701 0.846154
vt 0.186701 0.923077
vt 0.186701 1.000000
vt 0.184143 1.000000
vt 0.189258 0.000000
vt 0.189258 0.076923
vt 0.189258 0.153846
vt 0.189258 0.230769
vt 0.189258 0.307692
vt 0.186701 0.461538
vt 0.189258 0.384615
vt 0.189258 0.538462
vt 0.189258 0.615385
vt 0.189258 0.692308
vt 0.189258 0.769231
vt 0.189258 0.846154
vt 0.189258 0.923077
vt 0.189258 1.000000
vt 0.191816 0.076923
vt 0.191816 0.153846
vt 0.191816 0.230769
vt 0.191816 0.307692
vt 0.191816 0.384615
vt 0.191816 0.461538
vt 0.189258 0.461538
vt 0.191816 0.538462
vt 0.191816 0.615385
vt 0.191816 0.692308
vt 0.191816 0.769231
vt 0.191816 0.846154
vt 0.191816 0.923077
vt 0.194373 0.076923
vt 0.191816 0.000000
vt 0.194373 0.153846
vt 0.194373 0.230769
vt 0.194373 0.307692
vt 0.194373 0.384615
vt 0.194373 0.461538
vt 0.194373 0.538462
vt 0.194373 0.615385
vt 0.194373 0.692308
vt 0.194373 0.769231
vt 0.194373 0.846154
vt 0.191816 1.000000
vt 0.194373 0.923077
vt 0.196931 0.076923
vt 0.194373 0.000000
vt 0.196931 0.153846
vt 0.196931 0.230769
vt 0.196931 0.307692
vt 0.196931 0.384615
vt 0.196931 0.461538
vt 0.196931 0.538462
vt 0.196931 0.615385
vt 0.196931 0.692308
vt 0.196931 0.769231
vt 0.196931 0.846154
vt 0.194373 1.000000
vt 0.196931 0.923077
vt 0.199488 0.076923
vt 0.196931 0.000000
vt 0.199488 0.153846
vt 0.199488 0.230769
vt 0.199488 0.307692
vt 0.199488 0.384615
vt 0.199488 0.461538
vt 0.199488 0.538462
vt 0.199488 0.615385
vt 0.199488 0.692308
vt 0.199488 0.769231
vt 0.199488 0.846154
vt 0.196931 1.000000
vt 0.199488 0.923077
vt 0.202046 0.076923
vt 0.199488 0.000000
vt 0.202046 0.153846
vt 0.202046 0.230769
vt 0.202046 0.307692
vt 0.202046 0.384615
vt 0.202046 0.461538
vt 0.202046 0.538462
vt 0.202046 0.615385
vt 0.202046 0.692308
vt 0.202046 0.769231
vt 0.202046 0.846154
vt 0.199488 1.000000
vt 0.202046 0.923077
vt 0.204604 0.076923
vt 0.202046 0.000000
vt 0.204604 0.153846
vt 0.204604 0.230769
vt 0.204604 0.307692
vt 0.204604 0.384615
vt 0.204604 0.461538
vt 0.204604 0.538462
vt 0.204604 0.615385
vt 0.204604 0.692308
vt 0.204604 0.769231
vt 0.204604 0.846154
vt 0.202046 1.000000
vt 0.204604 0.923077
vt 0.207161 0.076923
vt 0.204604 0.000000
vt 0.207161 0.153846
vt 0.207161 0.230769
vt 0.207161 0.307692
vt 0.207161 0.384615
vt 0.207161 0.461538
vt 0.207161 0.538462
vt 0.207161 0.615385
vt 0.207161 0.692308
vt 0.207161 0.769231
vt 0.207161 0.846154
vt 0.204604 1.000000
vt 0.207161 0.923077
vt 0.209719 0.076923
vt 0.207161 0.000000
vt 0.209719 0.153846
vt 0.209719 0.230769
vt 0.209719 0.307692
vt 0.209719 0.384615
vt 0.209719 0.461538
vt 0.209719 0.538462
vt 0.209719 0.615385
vt 0.209719 0.692308
vt 0.209719 0.769231
vt 0.209719 0.846154
vt 0.207161 1.000000
vt 0.209719 0.923077
vt 0.212276 0.076923
vt 0.209719 0.000000
vt 0.212276 0.153846
vt 0.212276 0.230769
vt 0.212276 0.307692
vt 0.212276 0.384615
vt 0.212276 0.461538
vt 0.212276 0.538462
vt 0.212276 0.615385
vt 0.212276 0.692308
vt 0.212276 0.769231
vt 0.212276 0.846154
vt 0.209719 1.000000
vt 0.212276 0.923077
vt 0.214834 0.076923
vt 0.212276 0.000000
vt 0.214834 0.153846
vt 0.214834 0.230769
vt 0.214834 0.307692
vt 0.214834 0.384615
vt 0.214834 0.461538
vt 0.214834 0.538462
vt 0.214834 0.615385
vt 0.214834 0.692308
vt 0.214834 0.769231
vt 0.214834 0.846154
vt 0.212276 1.000000
vt 0.214834 0.923077
vt 0.217391 0.000000
vt 0.214834 0.000000
vt 0.217391 0.076923
vt 0.217391 0.153846
vt 0.217391 0.230769
vt 0.217391 0.307692
vt 0.217391 0.384615
vt 0.217391 0.538462
vt 0.217391 0.615385
vt 0.217391 0.692308
vt 0.217391 0.769231
vt 0.217391 0.846154
vt 0.217391 0.923077
vt 0.217391 1.000000
vt 0.214834 1.000000
vt 0.219949 0.000000
vt 0.219949 0.076923
vt 0.219949 0.153846
vt 0.219949 0.230769
vt 0.219949 0.307692
vt 0.217391 0.461538
vt 0.219949 0.384615
vt 0.219949 0.538462
vt 0.219949 0.615385
vt 0.219949 0.692308
vt 0.219949 0.769231
vt 0.219949 0.846154
vt 0.219949 0.923077
vt 0.219949 1.000000
vt 0.222506 0.076923
vt 0.222506 0.153846
vt 0.222506 0.230769
vt 0.222506 0.307692
vt 0.222506 0.384615
vt 0.222506 0.461538
vt 0.219949 0.461538
vt 0.222506 0.538462
vt 0.222506 0.615385
vt 0.222506 0.692308
vt 0.222506 0.769231
vt 0.222506 0.846154
vt 0.222506 0.923077
vt 0.225064 0.076923
vt 0.222506 0.000000
vt 0.225064 0.153846
vt 0.225064 0.230769
vt 0.225064 0.307692
vt 0.225064 0.384615
vt 0.225064 0.461538
vt 0.225064 0.538462
vt 0.225064 0.615385
vt 0.225064 0.692308
vt 0.225064 0.769231
vt 0.225064 0.846154
vt 0.222506 1.000000
vt 0.225064 0.923077
vt 0.227621 0.076923
vt 0.225064 0.000000
vt 0.227621 0.153846
vt 0.227621 0.230769
vt 0.227621 0.307692
vt 0.227621 0.384615
vt 0.227621 0.461538
vt 0.227621 0.538462
vt 0.227621 0.615385
vt 0.227621 0.692308
vt 0.227621 0.769231
vt 0.227621 0.846154
vt 0.225064 1.000000
vt 0.227621 0.923077
vt 0.230179 0.076923
vt 0.227621 0.000000
vt 0.230179 0.153846
vt 0.230179 0.230769
vt 0.230179 0.307692
vt 0.230179 0.384615
vt 0.230179 0.461538
vt 0.230179 0.538462
vt 0.230179 0.615385
vt 0.230179 0.692308
vt 0.230179 0.769231
vt 0.230179 0.846154
vt 0.227621 1.000000
vt 0.230179 0.923077
vt 0.232737 0.076923
vt 0.230179 0.000000
vt 0.232737 0.153846
vt 0.232737 0.230769
vt 0.232737 0.307692
vt 0.232737 0.384615
vt 0.232737 0.461538
vt 0.232737 0.538462
vt 0.232737 0.615385
vt 0.232737 0.692308
vt 0.232737 0.769231
vt 0.232737 0.846154
vt 0.230179 1.000000
vt 0.232737 0.923077
vt 0.235294 0.076923
vt 0.232737 0.000000
vt 0.235294 0.153846
vt 0.235294 0.230769
vt 0.235294 0.307692
vt 0.235294 0.384615
vt 0.235294 0.461538
vt 0.235294 0.538462
vt 0.235294 0.615385
vt 0.235294 0.692308
vt 0.235294 0.769231
vt 0.235294 0.846154
vt 0.232737 1.000000
vt 0.235294 0.923077
vt 0.237852 0.076923
vt 0.235294 0.000000
vt 0.237852 0.153846
vt 0.237852 0.230769
vt 0.237852 0.307692
vt 0.237852 0.384615
vt 0.237852 0.461538
vt 0.237852 0.538462
vt 0.237852 0.615385
vt 0.237852 0.692308
vt 0.237852 0.769231
vt 0.237852 0.846154
vt 0.235294 1.000000
vt 0.237852 0.923077
vt 0.240409 0.076923
vt 0.237852 0.000000
vt 0.240409 0.153846
vt 0.240409 0.230769
vt 0.240409 0.307692
vt 0.240409 0.384615
vt 0.240409 0.461538
vt 0.240409 0.538462
vt 0.240409 0.615385
vt 0.240409 0.692308
vt 0.240409 0.769231
vt 0.240409 0.846154
vt 0.237852 1.000000
vt 0.240409 0.923077
vt 0.242967 0.076923
vt 0.240409 0.000000
vt 0.242967 0.153846
vt 0.242967 0.230769
vt 0.242967 0.307692
vt 0.242967 0.384615
vt 0.242967 0.461538
vt 0.242967 0.538462
vt 0.242967 0.615385
vt 0.242967 0.692308
vt 0.242967 0.769231
vt 0.242967 0.846154
vt 0.240409 1.000000
vt 0.242967 0.923077
vt 0.245524 0.076923
vt 0.242967 0.000000
vt 0.245524 0.153846
vt 0.245524 0.230769
vt 0.245524 0.307692
vt 0.245524 0.384615
vt 0.245524 0.461538
vt 0.245524 0.538462
vt 0.245524 0.615385
vt 0.245524 0.692308
vt 0.245524 0.769231
vt 0.245524 0.846154
vt 0.242967 1.000000
vt 0.245524 0.923077
vt 0.248082 0.000000
vt 0.245524 0.000000
vt 0.248082 0.076923
vt 0.248082 0.153846
vt 0.248082 0.230769
vt 0.248082 0.307692
vt 0.248082 0.384615
vt 0.248082 0.538462
vt 0.248082 0.615385
vt 0.248082 0.692308
vt 0.248082 0.769231
vt 0.248082 0.846154
vt 0.248082 0.923077
vt 0.248082 1.000000
vt 0.245524 1.000000
vt 0.250639 0.000000
vt 0.250639 0.076923
vt 0.250639 0.153846
vt 0.250639 0.230769
vt 0.250639 0.307692
vt 0.248082 0.461538
vt 0.250639 0.384615
vt 0.250639 0.538462
vt 0.250639 0.615385
vt 0.250639 0.692308
vt 0.250639 0.769231
vt 0.250639 0.846154
vt 0.250639 0.923077
vt 0.250639 1.000000
vt 0.253197 0.076923
vt 0.253197 0.153846
vt 0.253197 0.230769
vt 0.253197 0.307692
vt 0.253197 0.384615
vt 0.253197 0.461538
vt 0.250639 0.461538
vt 0.253197 0.538462
vt 0.253197 0.615385
vt 0.253197 0.692308
vt 0.253197 0.769231
vt 0.253197 0.846154
vt 0.253197 0.923077
vt 0.255754 0.076923
vt 0.253197 0.000000
vt 0.255754 0.153846
vt 0.255754 0.230769
vt 0.255754 0.307692
vt 0.255754 0.384615
vt 0.255754 0.461538
vt 0.255754 0.538462
vt 0.255754 0.615385
vt 0.255754 0.692308
vt 0.255754 0.769231
vt 0.255754 0.846154
vt 0.253197 1.000000
vt 0.255754 0.923077
vt 0.258312 0.076923
vt 0.255754 0.000000
vt 0.258312 0.153846
vt 0.258312 0.230769
vt 0.258312 0.307692
vt 0.258312 0.384615
vt 0.258312 0.461538
vt 0.258312 0.538462
vt 0.258312 0.615385
vt 0.258312 0.692308
vt 0.258312 0.769231
vt 0.258312 0.846154
vt 0.255754 1.000000
vt 0.258312 0.923077
vt 0.260870 0.076923
vt 0.258312 0.000000
vt 0.260870 0.153846
vt 0.260870 0.230769
vt 0.260870 0.307692
vt 0.260870 0.384615
vt 0.260870 0.461538
vt 0.260870 0.538462
vt 0.260870 0.615385
vt 0.260870 0.692308
vt 0.260870 0.769231
vt 0.260870 0.846154
vt 0.258312 1.000000
vt 0.260870 0.923077
vt 0.263427 0.076923
vt 0.260870 0.000000
vt 0.263427 0.153846
vt 0.263427 0.230769
vt 0.263427 0.307692
vt 0.263427 0.384615
vt 0.263427 0.461538
vt 0.263427 0.538462
vt 0.263427 0.615385
vt 0.263427 0.692308
vt 0.263427 0.769231
vt 0.263427 0.846154
vt 0.260870 1.000000
vt 0.263427 0.923077
vt 0.265985 0.076923
vt 0.263427 0.000000
vt 0.265985 0.153846
vt 0.265985 0.230769
vt 0.265985 0.307692
vt 0.265985 0.384615
vt 0.265985 0.461538
vt 0.265985 0.538462
vt 0.265985 0.615385
vt 0.265985 0.692308
vt 0.265985 0.769231
vt 0.265985 0.846154
vt 0.263427 1.000000
vt 0.265985 0.923077
vt 0.268542 0.076923
vt 0.265985 0.000000
vt 0.268542 0.153846
vt 0.268542 0.230769
vt 0.268542 0.307692
vt 0.268542 0.384615
vt 0.268542 0.461538
vt 0.268542 0.538462
vt 0.268542 0.615385
vt 0.268542 0.692308
vt 0.268542 0.769231
vt 0.268542 0.846154
vt 0.265985 1.000000
vt 0.268542 0.923077
vt 0.271100 0.076923
vt 0.268542 0.000000
vt 0.271100 0.153846
vt 0.271100 0.230769
vt 0.271100 0.307692
vt 0.271100 0.384615
vt 0.271100 0.461538
vt 0.271100 0.538462
vt 0.271100 0.615385
vt 0.271100 0.692308
vt 0.271100 0.769231
vt 0.271100 0.846154
vt 0.268542 1.000000
vt 0.271100 0.923077
vt 0.273657 0.076923
vt 0.271100 0.000000
vt 0.273657 0.153846
vt 0.273657 0.230769
vt 0.273657 0.307692
vt 0.273657 0.384615
vt 0.273657 0.461538
vt 0.273657 0.538462
vt 0.273657 0.615385
vt 0.273657 0.692308
vt 0.273657 0.769231
vt 0.273657 0.846154
vt 0.271100 1.000000
vt 0.273657 0.923077
vt 0.276215 0.076923
vt 0.273657 0.000000
vt 0.276215 0.153846
vt 0.276215 0.230769
vt 0.276215 0.307692
vt 0.276215 0.384615
vt 0.276215 0.461538
vt 0.276215 0.538462
vt 0.276215 0.615385
vt 0.276215 0.692308
vt 0.276215 0.769231
vt 0.276215 0.846154
vt 0.273657 1.000000
vt 0.276215 0.923077
vt 0.278772 0.076923
vt 0.276215 0.000000
vt 0.278772 0.153846
vt 0.278772 0.230769
vt 0.278772 0.307692
vt 0.278772 0.384615
vt 0.278772 0.461538
vt 0.278772 0.538462
vt 0.278772 0.615385
vt 0.278772 0.692308
vt 0.278772 0.769231
vt 0.278772 0.846154
vt 0.276215 1.000000
vt 0.278772 0.923077
vt 0.281330 0.000000
vt 0.278772 0.000000
vt 0.281330 0.076923
vt 0.281330 0.153846
vt 0.281330 0.230769
vt 0.281330 0.307692
vt 0.281330 0.384615
vt 0.281330 0.538462
vt 0.281330 0.615385
vt 0.281330 0.692308
vt 0.281330 0.769231
vt 0.281330 0.846154
vt 0.281330 0.923077
vt 0.281330 1.000000
vt 0.278772 1.000000
vt 0.283887 0.000000
vt 0.283887 0.076923
vt 0.283887 0.153846
vt 0.283887 0.230769
vt 0.283887 0.307692
vt 0.281330 0.461538
vt 0.283887 0.384615
vt 0.283887 0.538462
vt 0.283887 0.615385
vt 0.283887 0.692308
vt 0.283887 0.769231
vt 0.283887 0.846154
vt 0.283887 0.923077
vt 0.283887 1.000000
vt 0.286445 0.000000
vt 0.286445 0.076923
vt 0.286445 0.153846
vt 0.286445 0.230769
vt 0.286445 0.307692
vt 0.283887 0.461538
vt 0.286445 0.384615
vt 0.286445 0.538462
vt 0.286445 0.615385
vt 0.286445 0.692308
vt 0.286445 0.769231
vt 0.286445 0.846154
vt 0.286445 0.923077
vt 0.286445 1.000000
vt 0.289003 0.000000
vt 0.289003 0.076923
vt 0.289003 0.153846
vt 0.289003 0.230769
vt 0.289003 0.307692
vt 0.286445 0.461538
vt 0.289003 0.384615
vt 0.289003 0.538462
vt 0.289003 0.615385
vt 0.289003 0.692308
vt 0.289003 0.769231
vt 0.289003 0.846154
vt 0.289003 0.923077
vt 0.289003 1.000000
vt 0.291560 0.000000
vt 0.291560 0.076923
vt 0.291560 0.153846
vt 0.291560 0.230769
vt 0.291560 0.307692
vt 0.289003 0.461538
vt 0.291560 0.384615
vt 0.291560 0.538462
vt 0.291560 0.615385
vt 0.291560 0.692308
vt 0.291560 0.769231
vt 0.291560 0.846154
vt 0.291560 0.923077
vt 0.291560 1.000000
vt 0.294118 0.000000
vt 0.294118 0.076923
vt 0.294118 0.153846
vt 0.294118 0.230769
vt 0.294118 0.307692
vt 0.291560 0.461538
vt 0.294118 0.384615
vt 0.294118 0.538462
vt 0.294118 0.615385
vt 0.294118 0.692308
vt 0.294118 0.769231
vt 0.294118 0.846154
vt 0.294118 0.923077
vt 0.294118 1.000000
vt 0.296675 0.000000
vt 0.296675 0.076923
vt 0.296675 0.153846
vt 0.296675 0.230769
vt 0.296675 0.307692
vt 0.294118 0.461538
vt 0.296675 0.384615
vt 0.296675 0.538462
vt 0.296675 0.615385
vt 0.296675 0.692308
vt 0.296675 0.769231
vt 0.296675 0.846154
vt 0.296675 0.923077
vt 0.296675 1.000000
vt 0.299233 0.000000
vt 0.299233 0.076923
vt 0.299233 0.153846
vt 0.299233 0.230769
vt 0.299233 0.307692
vt 0.296675 0.461538
vt 0.299233 0.384615
vt 0.299233 0.538462
vt 0.299233 0.615385
vt 0.299233 0.692308
vt 0.299233 0.769231
vt 0.299233 0.846154
vt 0.299233 0.923077
vt 0.299233 1.000000
vt 0.301790 0.000000
vt 0.301790 0.076923
vt 0.301790 0.153846
vt 0.301790 0.230769
vt 0.301790 0.307692
vt 0.299233 0.461538
vt 0.301790 0.384615
vt 0.301790 0.538462
vt 0.301790 0.615385
vt 0.301790 0.692308
vt 0.301790 0.769231
vt 0.301790 0.846154
vt 0.301790 0.923077
vt 0.301790 1.000000
vt 0.304348 0.000000
vt 0.304348 0.076923
vt 0.304348 0.153846
vt 0.304348 0.230769
vt 0.304348 0.307692
vt 0.301790 0.461538
vt 0.304348 0.384615
vt 0.304348 0.538462
vt 0.304348 0.615385
vt 0.304348 0.692308
vt 0.304348 0.769231
vt 0.304348 0.846154
vt 0.304348 0.923077
vt 0.304348 1.000000
vt 0.306905 0.000000
vt 0.306905 0.076923
vt 0.306905 0.153846
vt 0.306905 0.230769
vt 0.306905 0.307692
vt 0.304348 0.461538
vt 0.306905 0.384615
vt 0.306905 0.538462
vt 0.306905 0.615385
vt 0.306905 0.692308
vt 0.306905 0.769231
vt 0.306905 0.846154
vt 0.306905 0.923077
vt 0.306905 1.000000
vt 0.309463 0.000000
vt 0.309463 0.076923
vt 0.309463 0.153846
vt 0.309463 0.230769
vt 0.309463 0.384615
vt 0.306905 0.461538
vt 0.309463 0.538462
vt 0.309463 0.615385
vt 0.309463 0.769231
vt 0.309463 0.846154
vt 0.309463 0.923077
vt 0.309463 1.000000
vt 0.312020 0.000000
vt 0.312020 0.076923
vt 0.312020 0.153846
vt 0.309463 0.307692
vt 0.312020 0.230769
vt 0.312020 0.307692
vt 0.309463 0.461538
vt 0.312020 0.384615
vt 0.312020 0.538462
vt 0.312020 0.615385
vt 0.312020 0.692308
vt 0.309463 0.692308
vt 0.312020 0.769231
vt 0.312020 0.846154
vt 0.312020 0.923077
vt 0.312020 1.000000
vt 0.314578 0.000000
vt 0.314578 0.076923
vt 0.314578 0.153846
vt 0.314578 0.230769
vt 0.314578 0.307692
vt 0.312020 0.461538
vt 0.314578 0.384615
vt 0.314578 0.538462
vt 0.314578 0.615385
vt 0.314578 0.692308
vt 0.314578 0.769231
vt 0.314578 0.846154
vt 0.314578 0.923077
vt 0.314578 1.000000
vt 0.317136 0.000000
vt 0.317136 0.076923
vt 0.317136 0.153846
vt 0.317136 0.230769
vt 0.317136 0.307692
vt 0.314578 0.461538
vt 0.317136 0.384615
vt 0.317136 0.538462
vt 0.317136 0.615385
vt 0.317136 0.692308
vt 0.317136 0.769231
vt 0.317136 0.846154
vt 0.317136 0.923077
vt 0.317136 1.000000
vt 0.319693 0.000000
vt 0.319693 0.076923
vt 0.319693 0.153846
vt 0.319693 0.230769
vt 0.319693 0.307692
vt 0.317136 0.461538
vt 0.319693 0.384615
vt 0.319693 0.538462
vt 0.319693 0.615385
vt 0.319693 0.692308
vt 0.319693 0.769231
vt 0.319693 0.846154
vt 0.319693 0.923077
vt 0.319693 1.000000
vt 0.322251 0.000000
vt 0.322251 0.076923
vt 0.322251 0.153846
vt 0.322251 0.230769
vt 0.322251 0.307692
vt 0.319693 0.461538
vt 0.322251 0.384615
vt 0.322251 0.538462
vt 0.322251 0.615385
vt 0.322251 0.692308
vt 0.322251 0.769231
vt 0.322251 0.846154
vt 0.322251 0.923077
vt 0.322251 1.000000
vt 0.324808 0.000000
vt 0.324808 0.076923
vt 0.324808 0.153846
vt 0.324808 0.230769
vt 0.324808 0.307692
vt 0.322251 0.461538
vt 0.324808 0.384615
vt 0.324808 0.538462
vt 0.324808 0.615385
vt 0.324808 0.692308
vt 0.324808 0.769231
vt 0.324808 0.846154
vt 0.324808 0.923077
vt 0.324808 1.000000
vt 0.327366 0.000000
vt 0.327366 0.076923
vt 0.327366 0.153846
vt 0.327366 0.230769
vt 0.327366 0.307692
vt 0.324808 0.461538
vt 0.327366 0.384615
vt 0.327366 0.538462
vt 0.327366 0.615385
vt 0.327366 0.692308
vt 0.327366 0.769231
vt 0.327366 0.846154
vt 0.327366 0.923077
vt 0.327366 1.000000
vt 0.329923 0.000000
vt 0.329923 0.076923
vt 0.329923 0.153846
vt 0.329923 0.230769
vt 0.329923 0.307692
vt 0.327366 0.461538
vt 0.329923 0.384615
vt 0.329923 0.538462
vt 0.329923 0.615385
vt 0.329923 0.692308
vt 0.329923 0.769231
vt 0.329923 0.846154
vt 0.329923 0.923077
vt 0.329923 1.000000
vt 0.332481 0.000000
vt 0.332481 0.076923
vt 0.332481 0.153846
vt 0.332481 0.230769
vt 0.332481 0.307692
vt 0.329923 0.461538
vt 0.332481 0.384615
vt 0.332481 0.538462
vt 0.332481 0.615385
vt 0.332481 0.692308
vt 0.332481 0.769231
vt 0.332481 0.846154
vt 0.332481 0.923077
vt 0.332481 1.000000
vt 0.335038 0.000000
vt 0.335038 0.076923
vt 0.335038 0.153846
vt 0.335038 0.230769
vt 0.335038 0.307692
vt 0.332481 0.461538
vt 0.335038 0.384615
vt 0.335038 0.538462
vt 0.335038 0.615385
vt 0.335038 0.692308
vt 0.335038 0.769231
vt 0.335038 0.846154
vt 0.335038 0.923077
vt 0.335038 1.000000
vt 0.337596 0.000000
vt 0.337596 0.076923
vt 0.337596 0.153846
vt 0.337596 0.230769
vt 0.337596 0.307692
vt 0.335038 0.461538
vt 0.337596 0.384615
vt 0.337596 0.538462
vt 0.337596 0.615385
vt 0.337596 0.692308
vt 0.337596 0.769231
vt 0.337596 0.846154
vt 0.337596 0.923077
vt 0.337596 1.000000
vt 0.340153 0.076923
vt 0.340153 0.153846
vt 0.340153 0.230769
vt 0.340153 0.307692
vt 0.340153 0.384615
vt 0.340153 0.461538
vt 0.337596 0.461538
vt 0.340153 0.538462
vt 0.340153 0.615385
vt 0.340153 0.692308
vt 0.340153 0.769231
vt 0.340153 0.846154
vt 0.340153 0.923077
vt 0.342711 0.076923
vt 0.340153 0.000000
vt 0.342711 0.153846
vt 0.342711 0.230769
vt 0.342711 0.307692
vt 0.342711 0.384615
vt 0.342711 0.461538
vt 0.342711 0.538462
vt 0.342711 0.615385
vt 0.342711 0.692308
vt 0.342711 0.769231
vt 0.342711 0.846154
vt 0.340153 1.000000
vt 0.342711 0.923077
vt 0.345269 0.000000
vt 0.342711 0.000000
vt 0.345269 0.076923
vt 0.345269 0.153846
vt 0.345269 0.230769
vt 0.345269 0.307692
vt 0.345269 0.384615
vt 0.345269 0.538462
vt 0.345269 0.615385
vt 0.345269 0.692308
vt 0.345269 0.769231
vt 0.345269 0.846154
vt 0.345269 0.923077
vt 0.345269 1.000000
vt 0.342711 1.000000
vt 0.347826 0.000000
vt 0.347826 0.076923
vt 0.347826 0.153846
vt 0.347826 0.230769
vt 0.347826 0.307692
vt 0.345269 0.461538
vt 0.347826 0.384615
vt 0.347826 0.538462
vt 0.347826 0.615385
vt 0.347826 0.692308
vt 0.347826 0.769231
vt 0.347826 0.846154
vt 0.347826 0.923077
vt 0.347826 1.000000
vt 0.350384 0.000000
vt 0.350384 0.076923
vt 0.350384 0.153846
vt 0.350384 0.230769
vt 0.350384 0.307692
vt 0.347826 0.461538
vt 0.350384 0.384615
vt 0.350384 0.538462
vt 0.350384 0.615385
vt 0.350384 0.692308
vt 0.350384 0.769231
vt 0.350384 0.846154
vt 0.350384 0.923077
vt 0.350384 1.000000
vt 0.352941 0.000000
vt 0.352941 0.076923
vt 0.352941 0.153846
vt 0.352941 0.230769
vt 0.352941 0.307692
vt 0.350384 0.461538
vt 0.352941 0.384615
vt 0.352941 0.538462
vt 0.352941 0.615385
vt 0.352941 0.692308
vt 0.352941 0.769231
vt 0.352941 0.846154
vt 0.352941 0.923077
vt 0.352941 1.000000
vt 0.355499 0.000000
vt 0.355499 0.076923
vt 0.355499 0.153846
vt 0.355499 0.230769
vt 0.355499 0.307692
vt 0.352941 0.461538
vt 0.355499 0.384615
vt 0.355499 0.538462
vt 0.355499 0.615385
vt 0.355499 0.692308
vt 0.355499 0.769231
vt 0.355499 0.846154
vt 0.355499 0.923077
vt 0.355499 1.000000
vt 0.358056 0.000000
vt 0.358056 0.076923
vt 0.358056 0.153846
vt 0.358056 0.230769
vt 0.358056 0.307692
vt 0.355499 0.461538
vt 0.358056 0.384615
vt 0.358056 0.538462
vt 0.358056 0.615385
vt 0.358056 0.692308
vt 0.358056 0.769231
vt 0.358056 0.846154
vt 0.358056 0.923077
vt 0.358056 1.000000
vt 0.360614 0.000000
vt 0.360614 0.076923
vt 0.360614 0.153846
vt 0.360614 0.230769
vt 0.360614 0.307692
vt 0.358056 0.461538
vt 0.360614 0.384615
vt 0.360614 0.538462
vt 0.360614 0.615385
vt 0.360614 0.692308
vt 0.360614 0.769231
vt 0.360614 0.846154
vt 0.360614 0.923077
vt 0.360614 1.000000
vt 0.363171 0.000000
vt 0.363171 0.076923
vt 0.363171 0.153846
vt 0.363171 0.230769
vt 0.363171 0.307692
vt 0.360614 0.461538
vt 0.363171 0.384615
vt 0.363171 0.538462
vt 0.363171 0.615385
vt 0.363171 0.692308
vt 0.363171 0.769231
vt 0.363171 0.846154
vt 0.363171 0.923077
vt 0.363171 1.000000
vt 0.365729 0.000000
vt 0.365729 0.076923
vt 0.365729 0.153846
vt 0.365729 0.230769
vt 0.365729 0.307692
vt 0.363171 0.461538
vt 0.365729 0.384615
vt 0.365729 0.538462
vt 0.365729 0.615385
vt 0.365729 0.692308
vt 0.365729 0.769231
vt 0.365729 0.846154
vt 0.365729 0.923077
vt 0.365729 1.000000
vt 0.368286 0.000000
vt 0.368286 0.076923
vt 0.368286 0.153846
vt 0.368286 0.230769
vt 0.368286 0.307692
vt 0.365729 0.461538
vt 0.368286 0.384615
vt 0.368286 0.538462
vt 0.368286 0.615385
vt 0.368286 0.692308
vt 0.368286 0.769231
vt 0.368286 0.846154
vt 0.368286 0.923077
vt 0.368286 1.000000
vt 0.370844 0.000000
vt 0.370844 0.076923
vt 0.370844 0.153846
vt 0.370844 0.230769
vt 0.370844 0.307692
vt 0.368286 0.461538
vt 0.370844 0.384615
vt 0.370844 0.538462
vt 0.370844 0.615385
vt 0.370844 0.692308
vt 0.370844 0.769231
vt 0.370844 0.846154
vt 0.370844 0.923077
vt 0.370844 1.000000
vt 0.373402 0.000000
vt 0.373402 0.076923
vt 0.373402 0.153846
vt 0.373402 0.230769
vt 0.373402 0.307692
vt 0.370844 0.461538
vt 0.373402 0.384615
vt 0.373402 0.538462
vt 0.373402 0.615385
vt 0.373402 0.692308
vt 0.373402 0.769231
vt 0.373402 0.846154
vt 0.373402 0.923077
vt 0.373402 1.000000
vt 0.375959 0.000000
vt 0.375959 0.076923
vt 0.375959 0.153846
vt 0.375959 0.230769
vt 0.375959 0.307692
vt 0.373402 0.461538
vt 0.375959 0.384615
vt 0.375959 0.538462
vt 0.375959 0.615385
vt 0.375959 0.692308
vt 0.375959 0.769231
vt 0.375959 0.846154
vt 0.375959 0.923077
vt 0.375959 1.000000
vt 0.378517 0.000000
vt 0.378517 0.076923
vt 0.378517 0.153846
vt 0.378517 0.230769
vt 0.378517 0.307692
vt 0.375959 0.461538
vt 0.378517 0.384615
vt 0.378517 0.538462
vt 0.378517 0.615385
vt 0.378517 0.692308
vt 0.378517 0.769231
vt 0.378517 0.846154
vt 0.378517 0.923077
vt 0.378517 1.000000
vt 0.381074 0.000000
vt 0.381074 0.076923
vt 0.381074 0.153846
vt 0.381074 0.230769
vt 0.381074 0.307692
vt 0.378517 0.461538
vt 0.381074 0.384615
vt 0.381074 0.538462
vt 0.381074 0.615385
vt 0.381074 0.692308
vt 0.381074 0.769231
vt 0.381074 0.846154
vt 0.381074 0.923077
vt 0.381074 1.000000
vt 0.383632 0.000000
vt 0.383632 0.076923
vt 0.383632 0.153846
vt 0.383632 0.230769
vt 0.383632 0.307692
vt 0.381074 0.461538
vt 0.383632 0.384615
vt 0.383632 0.538462
vt 0.383632 0.615385
vt 0.383632 0.692308
vt 0.383632 0.769231
vt 0.383632 0.846154
vt 0.383632 0.923077
vt 0.383632 1.000000
vt 0.386189 0.000000
vt 0.386189 0.076923
vt 0.386189 0.153846
vt 0.386189 0.230769
vt 0.386189 0.307692
vt 0.386189 0.461538
vt 0.383632 0.461538
vt 0.386189 0.538462
vt 0.386189 0.692308
vt 0.386189 0.769231
vt 0.386189 0.923077
vt 0.386189 1.000000
vt 0.388747 0.076923
vt 0.388747 0.153846
vt 0.388747 0.230769
vt 0.388747 0.307692
vt 0.388747 0.384615
vt 0.386189 0.384615
vt 0.388747 0.461538
vt 0.388747 0.538462
vt 0.386189 0.615385
vt 0.388747 0.615385
vt 0.388747 0.692308
vt 0.386189 0.846154
vt 0.388747 0.769231
vt 0.388747 0.846154
vt 0.388747 0.923077
vt 0.391304 0.076923
vt 0.388747 0.000000
vt 0.391304 0.153846
vt 0.391304 0.230769
vt 0.391304 0.307692
vt 0.391304 0.384615
vt 0.391304 0.461538
vt 0.391304 0.538462
vt 0.391304 0.615385
vt 0.391304 0.692308
vt 0.391304 0.769231
vt 0.391304 0.846154
vt 0.388747 1.000000
vt 0.391304 0.923077
vt 0.393862 0.076923
vt 0.391304 0.000000
vt 0.393862 0.153846
vt 0.393862 0.230769
vt 0.393862 0.307692
vt 0.393862 0.384615
vt 0.393862 0.461538
vt 0.393862 0.538462
vt 0.393862 0.615385
vt 0.393862 0.692308
vt 0.393862 0.769231
vt 0.393862 0.846154
vt 0.391304 1.000000
vt 0.393862 0.923077
vt 0.396419 0.076923
vt 0.393862 0.000000
vt 0.396419 0.153846
vt 0.396419 0.230769
vt 0.396419 0.307692
vt 0.396419 0.384615
vt 0.396419 0.461538
vt 0.396419 0.538462
vt 0.396419 0.615385
vt 0.396419 0.692308
vt 0.396419 0.769231
vt 0.396419 0.846154
vt 0.393862 1.000000
vt 0.396419 0.923077
vt 0.398977 0.076923
vt 0.396419 0.000000
vt 0.398977 0.153846
vt 0.398977 0.230769
vt 0.398977 0.307692
vt 0.398977 0.384615
vt 0.398977 0.461538
vt 0.398977 0.538462
vt 0.398977 0.615385
vt 0.398977 0.692308
vt 0.398977 0.769231
vt 0.398977 0.846154
vt 0.396419 1.000000
vt 0.398977 0.923077
vt 0.401535 0.076923
vt 0.398977 0.000000
vt 0.401535 0.153846
vt 0.401535 0.230769
vt 0.401535 0.307692
vt 0.401535 0.384615
vt 0.401535 0.461538
vt 0.401535 0.538462
vt 0.401535 0.615385
vt 0.401535 0.692308
vt 0.401535 0.769231
vt 0.401535 0.846154
vt 0.398977 1.000000
vt 0.401535 0.923077
vt 0.404092 0.076923
vt 0.401535 0.000000
vt 0.404092 0.153846
vt 0.404092 0.230769
vt 0.404092 0.307692
vt 0.404092 0.384615
vt 0.404092 0.461538
vt 0.404092 0.538462
vt 0.404092 0.615385
vt 0.404092 0.692308
vt 0.404092 0.769231
vt 0.404092 0.846154
vt 0.401535 1.000000
vt 0.404092 0.923077
vt 0.406650 0.076923
vt 0.404092 0.000000
vt 0.406650 0.153846
vt 0.406650 0.230769
vt 0.406650 0.307692
vt 0.406650 0.384615
vt 0.406650 0.461538
vt 0.406650 0.538462
vt 0.406650 0.615385
vt 0.406650 0.692308
vt 0.406650 0.769231
vt 0.406650 0.846154
vt 0.404092 1.000000
vt 0.406650 0.923077
vt 0.409207 0.000000
vt 0.406650 0.000000
vt 0.409207 0.076923
vt 0.409207 0.153846
vt 0.409207 0.230769
vt 0.409207 0.307692
vt 0.409207 0.384615
vt 0.409207 0.538462
vt 0.409207 0.615385
vt 0.409207 0.692308
vt 0.409207 0.769231
vt 0.409207 0.846154
vt 0.409207 0.923077
vt 0.409207 1.000000
vt 0.406650 1.000000
vt 0.411765 0.000000
vt 0.411765 0.076923
vt 0.411765 0.153846
vt 0.411765 0.230769
vt 0.411765 0.307692
vt 0.409207 0.461538
vt 0.411765 0.384615
vt 0.411765 0.538462
vt 0.411765 0.615385
vt 0.411765 0.692308
vt 0.411765 0.769231
vt 0.411765 0.846154
vt 0.411765 0.923077
vt 0.411765 1.000000
vt 0.414322 0.000000
vt 0.414322 0.076923
vt 0.414322 0.153846
vt 0.414322 0.230769
vt 0.414322 0.307692
vt 0.411765 0.461538
vt 0.414322 0.384615
vt 0.414322 0.538462
vt 0.414322 0.615385
vt 0.414322 0.692308
vt 0.414322 0.769231
vt 0.414322 0.846154
vt 0.414322 0.923077
vt 0.414322 1.000000
vt 0.416880 0.000000
vt 0.416880 0.076923
vt 0.416880 0.153846
vt 0.416880 0.230769
vt 0.416880 0.307692
vt 0.414322 0.461538
vt 0.416880 0.384615
vt 0.416880 0.538462
vt 0.416880 0.615385
vt 0.416880 0.692308
vt 0.416880 0.769231
vt 0.416880 0.846154
vt 0.416880 0.923077
vt 0.416880 1.000000
vt 0.419437 0.000000
vt 0.419437 0.076923
vt 0.419437 0.153846
vt 0.419437 0.230769
vt 0.419437 0.307692
vt 0.416880 0.461538
vt 0.419437 0.384615
vt 0.419437 0.538462
vt 0.419437 0.615385
vt 0.419437 0.692308
vt 0.419437 0.769231
vt 0.419437 0.846154
vt 0.419437 0.923077
vt 0.419437 1.000000
vt 0.421995 0.000000
vt 0.421995 0.076923
vt 0.421995 0.153846
vt 0.421995 0.230769
vt 0.421995 0.307692
vt 0.419437 0.461538
vt 0.421995 0.384615
vt 0.421995 0.538462
vt 0.421995 0.615385
vt 0.421995 0.692308
vt 0.421995 0.769231
vt 0.421995 0.846154
vt 0.421995 0.923077
vt 0.421995 1.000000
vt 0.424552 0.000000
vt 0.424552 0.076923
vt 0.424552 0.153846
vt 0.424552 0.230769
vt 0.424552 0.307692
vt 0.421995 0.461538
vt 0.424552 0.384615
vt 0.424552 0.538462
vt 0.424552 0.615385
vt 0.424552 0.692308
vt 0.424552 0.769231
vt 0.424552 0.846154
vt 0.424552 0.923077
vt 0.424552 1.000000
vt 0.427110 0.000000
vt 0.427110 0.076923
vt 0.427110 0.153846
vt 0.427110 0.230769
vt 0.427110 0.307692
vt 0.424552 0.461538
vt 0.427110 0.384615
vt 0.427110 0.538462
vt 0.427110 0.615385
vt 0.427110 0.692308
vt 0.427110 0.769231
vt 0.427110 0.846154
vt 0.427110 0.923077
vt 0.427110 1.000000
vt 0.429668 0.000000
vt 0.429668 0.076923
vt 0.429668 0.153846
vt 0.429668 0.230769
vt 0.429668 0.307692
vt 0.427110 0.461538
vt 0.429668 0.384615
vt 0.429668 0.538462
vt 0.429668 0.615385
vt 0.429668 0.692308
vt 0.429668 0.769231
vt 0.429668 0.846154
vt 0.429668 0.923077
vt 0.429668 1.000000
vt 0.432225 0.000000
vt 0.432225 0.076923
vt 0.432225 0.153846
vt 0.432225 0.230769
vt 0.432225 0.307692
vt 0.429668 0.461538
vt 0.432225 0.384615
vt 0.432225 0.538462
vt 0.432225 0.615385
vt 0.432225 0.692308
vt 0.432225 0.769231
vt 0.432225 0.846154
vt 0.432225 0.923077
vt 0.432225 1.000000
vt 0.434783 0.000000
vt 0.434783 0.076923
vt 0.434783 0.153846
vt 0.434783 0.230769
vt 0.434783 0.307692
vt 0.432225 0.461538
vt 0.434783 0.384615
vt 0.434783 0.538462
vt 0.434783 0.615385
vt 0.434783 0.692308
vt 0.434783 0.769231
vt 0.434783 0.846154
vt 0.434783 0.923077
vt 0.434783 1.000000
vt 0.437340 0.000000
vt 0.437340 0.076923
vt 0.437340 0.153846
vt 0.437340 0.230769
vt 0.437340 0.307692
vt 0.434783 0.461538
vt 0.437340 0.384615
vt 0.437340 0.538462
vt 0.437340 0.615385
vt 0.437340 0.692308
vt 0.437340 0.769231
vt 0.437340 0.846154
vt 0.437340 0.923077
vt 0.437340 1.000000
vt 0.439898 0.076923
vt 0.439898 0.153846
vt 0.439898 0.230769
vt 0.439898 0.307692
vt 0.439898 0.384615
vt 0.439898 0.461538
vt 0.437340 0.461538
vt 0.439898 0.538462
vt 0.439898 0.615385
vt 0.439898 0.692308
vt 0.439898 0.769231
vt 0.439898 0.846154
vt 0.439898 0.923077
vt 0.442455 0.076923
vt 0.439898 0.000000
vt 0.442455 0.153846
vt 0.442455 0.230769
vt 0.442455 0.307692
vt 0.442455 0.384615
vt 0.442455 0.461538
vt 0.442455 0.538462
vt 0.442455 0.615385
vt 0.442455 0.692308
vt 0.442455 0.769231
vt 0.442455 0.846154
vt 0.439898 1.000000
vt 0.442455 0.923077
vt 0.445013 0.000000
vt 0.442455 0.000000
vt 0.445013 0.076923
vt 0.445013 0.153846
vt 0.445013 0.230769
vt 0.445013 0.307692
vt 0.445013 0.384615
vt 0.445013 0.538462
vt 0.445013 0.615385
vt 0.445013 0.692308
vt 0.445013 0.769231
vt 0.445013 0.846154
vt 0.445013 0.923077
vt 0.445013 1.000000
vt 0.442455 1.000000
vt 0.447570 0.000000
vt 0.447570 0.076923
vt 0.447570 0.153846
vt 0.447570 0.230769
vt 0.447570 0.307692
vt 0.445013 0.461538
vt 0.447570 0.384615
vt 0.447570 0.538462
vt 0.447570 0.615385
vt 0.447570 0.692308
vt 0.447570 0.769231
vt 0.447570 0.846154
vt 0.447570 0.923077
vt 0.447570 1.000000
vt 0.450128 0.000000
vt 0.450128 0.076923
vt 0.450128 0.153846
vt 0.450128 0.230769
vt 0.450128 0.307692
vt 0.447570 0.461538
vt 0.450128 0.384615
vt 0.450128 0.538462
vt 0.450128 0.615385
vt 0.450128 0.692308
vt 0.450128 0.769231
vt 0.450128 0.846154
vt 0.450128 0.923077
vt 0.450128 1.000000
vt 0.452685 0.000000
vt 0.452685 0.076923
vt 0.452685 0.153846
vt 0.452685 0.230769
vt 0.452685 0.307692
vt 0.450128 0.461538
vt 0.452685 0.384615
vt 0.452685 0.538462
vt 0.452685 0.615385
vt 0.452685 0.692308
vt 0.452685 0.769231
vt 0.452685 0.846154
vt 0.452685 0.923077
vt 0.452685 1.000000
vt 0.455243 0.000000
vt 0.455243 0.076923
vt 0.455243 0.153846
vt 0.455243 0.230769
vt 0.455243 0.307692
vt 0.452685 0.461538
vt 0.455243 0.384615
vt 0.455243 0.538462
vt 0.455243 0.615385
vt 0.455243 0.692308
vt 0.455243 0.769231
vt 0.455243 0.846154
vt 0.455243 0.923077
vt 0.455243 1.000000
vt 0.457801 0.000000
vt 0.457801 0.076923
vt 0.457801 0.153846
vt 0.457801 0.230769
vt 0.457801 0.307692
vt 0.455243 0.461538
vt 0.457801 0.384615
vt 0.457801 0.538462
vt 0.457801 0.615385
vt 0.457801 0.692308
vt 0.457801 0.769231
vt 0.457801 0.846154
vt 0.457801 0.923077
vt 0.457801 1.000000
vt 0.460358 0.000000
vt 0.460358 0.076923
vt 0.460358 0.153846
vt 0.460358 0.230769
vt 0.460358 0.307692
vt 0.457801 0.461538
vt 0.460358 0.384615
vt 0.460358 0.538462
vt 0.460358 0.615385
vt 0.460358 0.692308
vt 0.460358 0.769231
vt 0.460358 0.846154
vt 0.460358 0.923077
vt 0.460358 1.000000
vt 0.462916 0.000000
vt 0.462916 0.076923
vt 0.462916 0.153846
vt 0.462916 0.230769
vt 0.462916 0.307692
vt 0.460358 0.461538
vt 0.462916 0.384615
vt 0.462916 0.538462
vt 0.462916 0.615385
vt 0.462916 0.692308
vt 0.462916 0.769231
vt 0.462916 0.846154
vt 0.462916 0.923077
vt 0.462916 1.000000
vt 0.465473 0.000000
vt 0.465473 0.076923
vt 0.465473 0.153846
vt 0.465473 0.230769
vt 0.465473 0.307692
vt 0.462916 0.461538
vt 0.465473 0.384615
vt 0.465473 0.538462
vt 0.465473 0.615385
vt 0.465473 0.692308
vt 0.465473 0.769231
vt 0.465473 0.846154
vt 0.465473 0.923077
vt 0.465473 1.000000
vt 0.468031 0.076923
vt 0.468031 0.153846
vt 0.468031 0.230769
vt 0.468031 0.307692
vt 0.468031 0.384615
vt 0.468031 0.461538
vt 0.465473 0.461538
vt 0.468031 0.538462
vt 0.468031 0.615385
vt 0.468031 0.692308
vt 0.468031 0.769231
vt 0.468031 0.846154
vt 0.468031 0.923077
vt 0.470588 0.076923
vt 0.468031 0.000000
vt 0.470588 0.153846
vt 0.470588 0.230769
vt 0.470588 0.307692
vt 0.470588 0.384615
vt 0.470588 0.461538
vt 0.470588 0.538462
vt 0.470588 0.615385
vt 0.470588 0.692308
vt 0.470588 0.769231
vt 0.470588 0.846154
vt 0.468031 1.000000
vt 0.470588 0.923077
vt 0.473146 0.076923
vt 0.470588 0.000000
vt 0.473146 0.153846
vt 0.473146 0.230769
vt 0.473146 0.307692
vt 0.473146 0.384615
vt 0.473146 0.461538
vt 0.473146 0.538462
vt 0.473146 0.615385
vt 0.473146 0.692308
vt 0.473146 0.769231
vt 0.473146 0.846154
vt 0.470588 1.000000
vt 0.473146 0.923077
vt 0.475703 0.076923
vt 0.473146 0.000000
vt 0.475703 0.153846
vt 0.475703 0.230769
vt 0.475703 0.307692
vt 0.475703 0.384615
vt 0.475703 0.461538
vt 0.475703 0.538462
vt 0.475703 0.615385
vt 0.475703 0.692308
vt 0.475703 0.769231
vt 0.475703 0.846154
vt 0.473146 1.000000
vt 0.475703 0.923077
vt 0.478261 0.076923
vt 0.475703 0.000000
vt 0.478261 0.153846
vt 0.478261 0.230769
vt 0.478261 0.307692
vt 0.478261 0.384615
vt 0.478261 0.461538
vt 0.478261 0.538462
vt 0.478261 0.615385
vt 0.478261 0.692308
vt 0.478261 0.769231
vt 0.478261 0.846154
vt 0.475703 1.000000
vt 0.478261 0.923077
vt 0.480818 0.076923
vt 0.478261 0.000000
vt 0.480818 0.153846
vt 0.480818 0.230769
vt 0.480818 0.307692
vt 0.480818 0.384615
vt 0.480818 0.461538
vt 0.480818 0.538462
vt 0.480818 0.615385
vt 0.480818 0.692308
vt 0.480818 0.769231
vt 0.480818 0.846154
vt 0.478261 1.000000
vt 0.480818 0.923077
vt 0.483376 0.076923
vt 0.480818 0.000000
vt 0.483376 0.153846
vt 0.483376 0.230769
vt 0.483376 0.307692
vt 0.483376 0.384615
vt 0.483376 0.461538
vt 0.483376 0.538462
vt 0.483376 0.615385
vt 0.483376 0.692308
vt 0.483376 0.769231
vt 0.483376 0.846154
vt 0.480818 1.000000
vt 0.483376 0.923077
vt 0.485934 0.076923
vt 0.483376 0.000000
vt 0.485934 0.153846
vt 0.485934 0.230769
vt 0.485934 0.307692
vt 0.485934 0.384615
vt 0.485934 0.461538
vt 0.485934 0.538462
vt 0.485934 0.615385
vt 0.485934 0.692308
vt 0.485934 0.769231
vt 0.485934 0.846154
vt 0.483376 1.000000
vt 0.485934 0.923077
vt 0.488491 0.076923
vt 0.485934 0.000000
vt 0.488491 0.153846
vt 0.488491 0.230769
vt 0.488491 0.307692
vt 0.488491 0.384615
vt 0.488491 0.461538
vt 0.488491 0.538462
vt 0.488491 0.615385
vt 0.488491 0.692308
vt 0.488491 0.769231
vt 0.488491 0.846154
vt 0.485934 1.000000
vt 0.488491 0.923077
vt 0.491049 0.076923
vt 0.488491 0.000000
vt 0.491049 0.153846
vt 0.491049 0.230769
vt 0.491049 0.307692
vt 0.491049 0.384615
vt 0.491049 0.461538
vt 0.491049 0.538462
vt 0.491049 0.615385
vt 0.491049 0.692308
vt 0.491049 0.769231
vt 0.491049 0.846154
vt 0.488491 1.000000
vt 0.491049 0.923077
vt 0.493606 0.076923
vt 0.491049 0.000000
vt 0.493606 0.153846
vt 0.493606 0.230769
vt 0.493606 0.307692
vt 0.493606 0.384615
vt 0.493606 0.461538
vt 0.493606 0.538462
vt 0.493606 0.615385
vt 0.493606 0.692308
vt 0.493606 0.769231
vt 0.493606 0.846154
vt 0.491049 1.000000
vt 0.493606 0.923077
vt 0.496164 0.076923
vt 0.493606 0.000000
vt 0.496164 0.153846
vt 0.496164 0.230769
vt 0.496164 0.307692
vt 0.496164 0.384615
vt 0.496164 0.461538
vt 0.496164 0.538462
vt 0.496164 0.615385
vt 0.496164 0.692308
vt 0.496164 0.769231
vt 0.496164 0.846154
vt 0.493606 1.000000
vt 0.496164 0.923077
vt 0.498721 0.076923
vt 0.496164 0.000000
vt 0.498721 0.153846
vt 0.498721 0.230769
vt 0.498721 0.307692
vt 0.498721 0.384615
vt 0.498721 0.461538
vt 0.498721 0.538462
vt 0.498721 0.615385
vt 0.498721 0.692308
vt 0.498721 0.769231
vt 0.498721 0.846154
vt 0.496164 1.000000
vt 0.498721 0.923077
vt 0.501279 0.076923
vt 0.498721 0.000000
vt 0.501279 0.153846
vt 0.501279 0.230769
vt 0.501279 0.307692
vt 0.501279 0.384615
vt 0.501279 0.461538
vt 0.501279 0.538462
vt 0.501279 0.615385
vt 0.501279 0.692308
vt 0.501279 0.769231
vt 0.501279 0.846154
vt 0.498721 1.000000
vt 0.501279 0.923077
vt 0.503836 0.076923
vt 0.501279 0.000000
vt 0.503836 0.153846
vt 0.503836 0.230769
vt 0.503836 0.307692
vt 0.503836 0.384615
vt 0.503836 0.461538
vt 0.503836 0.538462
vt 0.503836 0.615385
vt 0.503836 0.692308
vt 0.503836 0.769231
vt 0.503836 0.846154
vt 0.501279 1.000000
vt 0.503836 0.923077
vt 0.506394 0.076923
vt 0.503836 0.000000
vt 0.506394 0.153846
vt 0.506394 0.230769
vt 0.506394 0.307692
vt 0.506394 0.384615
vt 0.506394 0.461538
vt 0.506394 0.538462
vt 0.506394 0.615385
vt 0.506394 0.692308
vt 0.506394 0.769231
vt 0.506394 0.846154
vt 0.503836 1.000000
vt 0.506394 0.923077
vt 0.508951 0.076923
vt 0.506394 0.000000
vt 0.508951 0.153846
vt 0.508951 0.230769
vt 0.508951 0.307692
vt 0.508951 0.384615
vt 0.508951 0.461538
vt 0.508951 0.538462
vt 0.508951 0.615385
vt 0.508951 0.692308
vt 0.508951 0.769231
vt 0.508951 0.846154
vt 0.506394 1.000000
vt 0.508951 0.923077
vt 0.511509 0.076923
vt 0.508951 0.000000
vt 0.511509 0.153846
vt 0.511509 0.230769
vt 0.511509 0.307692
vt 0.511509 0.384615
vt 0.511509 0.461538
vt 0.511509 0.538462
vt 0.511509 0.615385
vt 0.511509 0.692308
vt 0.511509 0.769231
vt 0.511509 0.846154
vt 0.508951 1.000000
vt 0.511509 0.923077
vt 0.514067 0.076923
vt 0.511509 0.000000
vt 0.514067 0.153846
vt 0.514067 0.230769
vt 0.514067 0.307692
vt 0.514067 0.384615
vt 0.514067 0.461538
vt 0.514067 0.538462
vt 0.514067 0.615385
vt 0.514067 0.692308
vt 0.514067 0.769231
vt 0.514067 0.846154
vt 0.511509 1.000000
vt 0.514067 0.923077
vt 0.516624 0.076923
vt 0.514067 0.000000
vt 0.516624 0.153846
vt 0.516624 0.230769
vt 0.516624 0.307692
vt 0.516624 0.384615
vt 0.516624 0.461538
vt 0.516624 0.538462
vt 0.516624 0.615385
vt 0.516624 0.692308
vt 0.516624 0.769231
vt 0.516624 0.846154
vt 0.514067 1.000000
vt 0.516624 0.923077
vt 0.519182 0.076923
vt 0.516624 0.000000
vt 0.519182 0.153846
vt 0.519182 0.230769
vt 0.519182 0.307692
vt 0.519182 0.384615
vt 0.519182 0.461538
vt 0.519182 0.538462
vt 0.519182 0.615385
vt 0.519182 0.692308
vt 0.519182 0.769231
vt 0.519182 0.846154
vt 0.516624 1.000000
vt 0.519182 0.923077
vt 0.521739 0.076923
vt 0.519182 0.000000
vt 0.521739 0.153846
vt 0.521739 0.230769
vt 0.521739 0.307692
vt 0.521739 0.384615
vt 0.521739 0.461538
vt 0.521739 0.538462
vt 0.521739 0.615385
vt 0.521739 0.692308
vt 0.521739 0.769231
vt 0.521739 0.846154
vt 0.519182 1.000000
vt 0.521739 0.923077
vt 0.524297 0.076923
vt 0.521739 0.000000
vt 0.524297 0.153846
vt 0.524297 0.230769
vt 0.524297 0.307692
vt 0.524297 0.384615
vt 0.524297 0.461538
vt 0.524297 0.538462
vt 0.524297 0.615385
vt 0.524297 0.692308
vt 0.524297 0.769231
vt 0.524297 0.846154
vt 0.521739 1.000000
vt 0.524297 0.923077
vt 0.526854 0.076923
vt 0.524297 0.000000
vt 0.526854 0.153846
vt 0.526854 0.230769
vt 0.526854 0.307692
vt 0.526854 0.384615
vt 0.526854 0.461538
vt 0.526854 0.538462
vt 0.526854 0.615385
vt 0.526854 0.692308
vt 0.526854 0.769231
vt 0.526854 0.846154
vt 0.524297 1.000000
vt 0.526854 0.923077
vt 0.529412 0.076923
vt 0.526854 0.000000
vt 0.529412 0.153846
vt 0.529412 0.230769
vt 0.529412 0.307692
vt 0.529412 0.384615
vt 0.529412 0.461538
vt 0.529412 0.538462
vt 0.529412 0.615385
vt 0.529412 0.692308
vt 0.529412 0.769231
vt 0.529412 0.846154
vt 0.526854 1.000000
vt 0.529412 0.923077
vt 0.531969 0.076923
vt 0.529412 0.000000
vt 0.531969 0.153846
vt 0.531969 0.230769
vt 0.531969 0.307692
vt 0.531969 0.384615
vt 0.531969 0.461538
vt 0.531969 0.538462
vt 0.531969 0.615385
vt 0.531969 0.692308
vt 0.531969 0.769231
vt 0.531969 0.846154
vt 0.529412 1.000000
vt 0.531969 0.923077
vt 0.534527 0.076923
vt 0.531969 0.000000
vt 0.534527 0.153846
vt 0.534527 0.230769
vt 0.534527 0.307692
vt 0.534527 0.384615
vt 0.534527 0.461538
vt 0.534527 0.538462
vt 0.534527 0.615385
vt 0.534527 0.692308
vt 0.534527 0.769231
vt 0.534527 0.846154
vt 0.531969 1.000000
vt 0.534527 0.923077
vt 0.537084 0.000000
vt 0.534527 0.000000
vt 0.537084 0.076923
vt 0.537084 0.153846
vt 0.537084 0.230769
vt 0.537084 0.307692
vt 0.537084 0.384615
vt 0.537084 0.538462
vt 0.537084 0.615385
vt 0.537084 0.692308
vt 0.537084 0.769231
vt 0.537084 0.846154
vt 0.537084 0.923077
vt 0.537084 1.000000
vt 0.534527 1.000000
vt 0.539642 0.000000
vt 0.539642 0.076923
vt 0.539642 0.153846
vt 0.539642 0.230769
vt 0.539642 0.307692
vt 0.537084 0.461538
vt 0.539642 0.384615
vt 0.539642 0.538462
vt 0.539642 0.615385
vt 0.539642 0.692308
vt 0.539642 0.769231
vt 0.539642 0.846154
vt 0.539642 0.923077
vt 0.539642 1.000000
vt 0.542199 0.000000
vt 0.542199 0.076923
vt 0.542199 0.153846
vt 0.542199 0.230769
vt 0.542199 0.307692
vt 0.539642 0.461538
vt 0.542199 0.384615
vt 0.542199 0.538462
vt 0.542199 0.615385
vt 0.542199 0.692308
vt 0.542199 0.769231
vt 0.542199 0.846154
vt 0.542199 0.923077
vt 0.542199 1.000000
vt 0.544757 0.000000
vt 0.544757 0.076923
vt 0.544757 0.153846
vt 0.544757 0.230769
vt 0.544757 0.307692
vt 0.542199 0.461538
vt 0.544757 0.384615
vt 0.544757 0.538462
vt 0.544757 0.615385
vt 0.544757 0.692308
vt 0.544757 0.769231
vt 0.544757 0.846154
vt 0.544757 0.923077
vt 0.544757 1.000000
vt 0.547315 0.000000
vt 0.547315 0.076923
vt 0.547315 0.153846
vt 0.547315 0.230769
vt 0.547315 0.307692
vt 0.544757 0.461538
vt 0.547315 0.384615
vt 0.547315 0.538462
vt 0.547315 0.615385
vt 0.547315 0.692308
vt 0.547315 0.769231
vt 0.547315 0.846154
vt 0.547315 0.923077
vt 0.547315 1.000000
vt 0.549872 0.000000
vt 0.549872 0.076923
vt 0.549872 0.153846
vt 0.549872 0.230769
vt 0.549872 0.307692
vt 0.547315 0.461538
vt 0.549872 0.384615
vt 0.549872 0.538462
vt 0.549872 0.615385
vt 0.549872 0.692308
vt 0.549872 0.769231
vt 0.549872 0.846154
vt 0.549872 0.923077
vt 0.549872 1.000000
vt 0.552430 0.000000
vt 0.552430 0.076923
vt 0.552430 0.153846
vt 0.552430 0.230769
vt 0.552430 0.307692
vt 0.549872 0.461538
vt 0.552430 0.384615
vt 0.552430 0.538462
vt 0.552430 0.615385
vt 0.552430 0.692308
vt 0.552430 0.769231
vt 0.552430 0.846154
vt 0.552430 0.923077
vt 0.552430 1.000000
vt 0.554987 0.000000
vt 0.554987 0.076923
vt 0.554987 0.153846
vt 0.554987 0.230769
vt 0.554987 0.307692
vt 0.552430 0.461538
vt 0.554987 0.384615
vt 0.554987 0.538462
vt 0.554987 0.615385
vt 0.554987 0.692308
vt 0.554987 0.769231
vt 0.554987 0.846154
vt 0.554987 0.923077
vt 0.554987 1.000000
vt 0.557545 0.000000
vt 0.557545 0.076923
vt 0.557545 0.153846
vt 0.557545 0.230769
vt 0.557545 0.307692
vt 0.554987 0.461538
vt 0.557545 0.384615
vt 0.557545 0.538462
vt 0.557545 0.615385
vt 0.557545 0.692308
vt 0.557545 0.769231
vt 0.557545 0.846154
vt 0.557545 0.923077
vt 0.557545 1.000000
vt 0.560102 0.000000
vt 0.560102 0.076923
vt 0.560102 0.153846
vt 0.560102 0.230769
vt 0.560102 0.307692
vt 0.557545 0.461538
vt 0.560102 0.384615
vt 0.560102 0.538462
vt 0.560102 0.615385
vt 0.560102 0.692308
vt 0.560102 0.769231
vt 0.560102 0.846154
vt 0.560102 0.923077
vt 0.560102 1.000000
vt 0.562660 0.000000
vt 0.562660 0.076923
vt 0.562660 0.153846
vt 0.562660 0.230769
vt 0.562660 0.307692
vt 0.560102 0.461538
vt 0.562660 0.384615
vt 0.562660 0.538462
vt 0.562660 0.615385
vt 0.562660 0.692308
vt 0.562660 0.769231
vt 0.562660 0.846154
vt 0.562660 0.923077
vt 0.562660 1.000000
vt 0.565217 0.000000
vt 0.565217 0.076923
vt 0.565217 0.153846
vt 0.565217 0.230769
vt 0.565217 0.307692
vt 0.562660 0.461538
vt 0.565217 0.384615
vt 0.565217 0.538462
vt 0.565217 0.615385
vt 0.565217 0.692308
vt 0.565217 0.769231
vt 0.565217 0.846154
vt 0.565217 0.923077
vt 0.565217 1.000000
vt 0.567775 0.000000
vt 0.567775 0.076923
vt 0.567775 0.153846
vt 0.567775 0.230769
vt 0.567775 0.307692
vt 0.565217 0.461538
vt 0.567775 0.384615
vt 0.567775 0.538462
vt 0.567775 0.615385
vt 0.567775 0.692308
vt 0.567775 0.769231
vt 0.567775 0.846154
vt 0.567775 0.923077
vt 0.567775 1.000000
vt 0.570332 0.000000
vt 0.570332 0.076923
vt 0.570332 0.153846
vt 0.570332 0.230769
vt 0.570332 0.307692
vt 0.567775 0.461538
vt 0.570332 0.384615
vt 0.570332 0.538462
vt 0.570332 0.615385
vt 0.570332 0.692308
vt 0.570332 0.769231
vt 0.570332 0.846154
vt 0.570332 0.923077
vt 0.570332 1.000000
vt 0.572890 0.000000
vt 0.572890 0.076923
vt 0.572890 0.153846
vt 0.572890 0.230769
vt 0.572890 0.307692
vt 0.570332 0.461538
vt 0.572890 0.384615
vt 0.572890 0.538462
vt 0.572890 0.615385
vt 0.572890 0.692308
vt 0.572890 0.769231
vt 0.572890 0.846154
vt 0.572890 0.923077
vt 0.572890 1.000000
vt 0.575448 0.000000
vt 0.575448 0.076923
vt 0.575448 0.153846
vt 0.575448 0.230769
vt 0.575448 0.307692
vt 0.572890 0.461538
vt 0.575448 0.384615
vt 0.575448 0.538462
vt 0.575448 0.615385
vt 0.575448 0.692308
vt 0.575448 0.769231
vt 0.575448 0.846154
vt 0.575448 0.923077
vt 0.575448 1.000000
vt 0.578005 0.000000
vt 0.578005 0.076923
vt 0.578005 0.153846
vt 0.578005 0.230769
vt 0.578005 0.307692
vt 0.575448 0.461538
vt 0.578005 0.384615
vt 0.578005 0.538462
vt 0.578005 0.615385
vt 0.578005 0.692308
vt 0.578005 0.769231
vt 0.578005 0.846154
vt 0.578005 0.923077
vt 0.578005 1.000000
vt 0.580563 0.000000
vt 0.580563 0.076923
vt 0.580563 0.153846
vt 0.580563 0.230769
vt 0.580563 0.307692
vt 0.578005 0.461538
vt 0.580563 0.384615
vt 0.580563 0.538462
vt 0.580563 0.615385
vt 0.580563 0.692308
vt 0.580563 0.769231
vt 0.580563 0.846154
vt 0.580563 0.923077
vt 0.580563 1.000000
vt 0.583120 0.000000
vt 0.583120 0.076923
vt 0.583120 0.153846
vt 0.583120 0.230769
vt 0.583120 0.307692
vt 0.580563 0.461538
vt 0.583120 0.384615
vt 0.583120 0.538462
vt 0.583120 0.615385
vt 0.583120 0.692308
vt 0.583120 0.769231
vt 0.583120 0.846154
vt 0.583120 0.923077
vt 0.583120 1.000000
vt 0.585678 0.000000
vt 0.585678 0.076923
vt 0.585678 0.153846
vt 0.585678 0.230769
vt 0.585678 0.307692
vt 0.583120 0.461538
vt 0.585678 0.384615
vt 0.585678 0.538462
vt 0.585678 0.615385
vt 0.585678 0.692308
vt 0.585678 0.769231
vt 0.585678 0.846154
vt 0.585678 0.923077
vt 0.585678 1.000000
vt 0.588235 0.000000
vt 0.588235 0.076923
vt 0.588235 0.153846
vt 0.588235 0.230769
vt 0.588235 0.307692
vt 0.585678 0.461538
vt 0.588235 0.384615
vt 0.588235 0.538462
vt 0.588235 0.615385
vt 0.588235 0.692308
vt 0.588235 0.769231
vt 0.588235 0.846154
vt 0.588235 0.923077
vt 0.588235 1.000000
vt 0.590793 0.000000
vt 0.590793 0.076923
vt 0.590793 0.153846
vt 0.590793 0.230769
vt 0.590793 0.307692
vt 0.588235 0.461538
vt 0.590793 0.384615
vt 0.590793 0.538462
vt 0.590793 0.615385
vt 0.590793 0.692308
vt 0.590793 0.769231
vt 0.590793 0.846154
vt 0.590793 0.923077
vt 0.590793 1.000000
vt 0.593350 0.076923
vt 0.593350 0.153846
vt 0.593350 0.230769
vt 0.593350 0.307692
vt 0.593350 0.384615
vt 0.593350 0.461538
vt 0.590793 0.461538
vt 0.593350 0.538462
vt 0.593350 0.615385
vt 0.593350 0.692308
vt 0.593350 0.769231
vt 0.593350 0.846154
vt 0.593350 0.923077
vt 0.595908 0.076923
vt 0.593350 0.000000
vt 0.595908 0.153846
vt 0.595908 0.230769
vt 0.595908 0.307692
vt 0.595908 0.384615
vt 0.595908 0.461538
vt 0.595908 0.538462
vt 0.595908 0.615385
vt 0.595908 0.692308
vt 0.595908 0.769231
vt 0.595908 0.846154
vt 0.593350 1.000000
vt 0.595908 0.923077
vt 0.598466 0.000000
vt 0.595908 0.000000
vt 0.598466 0.076923
vt 0.598466 0.153846
vt 0.598466 0.230769
vt 0.598466 0.307692
vt 0.598466 0.384615
vt 0.598466 0.538462
vt 0.598466 0.615385
vt 0.598466 0.692308
vt 0.598466 0.769231
vt 0.598466 0.846154
vt 0.598466 0.923077
vt 0.598466 1.000000
vt 0.595908 1.000000
vt 0.601023 0.000000
vt 0.601023 0.076923
vt 0.601023 0.153846
vt 0.601023 0.230769
vt 0.601023 0.307692
vt 0.598466 0.461538
vt 0.601023 0.384615
vt 0.601023 0.538462
vt 0.601023 0.615385
vt 0.601023 0.692308
vt 0.601023 0.769231
vt 0.601023 0.846154
vt 0.601023 0.923077
vt 0.601023 1.000000
vt 0.603581 0.000000
vt 0.603581 0.076923
vt 0.603581 0.153846
vt 0.603581 0.230769
vt 0.603581 0.307692
vt 0.601023 0.461538
vt 0.603581 0.384615
vt 0.603581 0.538462
vt 0.603581 0.615385
vt 0.603581 0.692308
vt 0.603581 0.769231
vt 0.603581 0.846154
vt 0.603581 0.923077
vt 0.603581 1.000000
vt 0.606138 0.000000
vt 0.606138 0.076923
vt 0.606138 0.153846
vt 0.606138 0.230769
vt 0.606138 0.307692
vt 0.603581 0.461538
vt 0.606138 0.384615
vt 0.606138 0.538462
vt 0.606138 0.615385
vt 0.606138 0.692308
vt 0.606138 0.769231
vt 0.606138 0.846154
vt 0.606138 0.923077
vt 0.606138 1.000000
vt 0.608696 0.000000
vt 0.608696 0.076923
vt 0.608696 0.153846
vt 0.608696 0.230769
vt 0.608696 0.307692
vt 0.606138 0.461538
vt 0.608696 0.384615
vt 0.608696 0.538462
vt 0.608696 0.615385
vt 0.608696 0.692308
vt 0.608696 0.769231
vt 0.608696 0.846154
vt 0.608696 0.923077
vt 0.608696 1.000000
vt 0.611253 0.000000
vt 0.611253 0.076923
vt 0.611253 0.153846
vt 0.611253 0.230769
vt 0.611253 0.307692
vt 0.608696 0.461538
vt 0.611253 0.384615
vt 0.611253 0.538462
vt 0.611253 0.615385
vt 0.611253 0.692308
vt 0.611253 0.769231
vt 0.611253 0.846154
vt 0.611253 0.923077
vt 0.611253 1.000000
vt 0.613811 0.000000
vt 0.613811 0.076923
vt 0.613811 0.153846
vt 0.613811 0.230769
vt 0.613811 0.307692
vt 0.611253 0.461538
vt 0.613811 0.384615
vt 0.613811 0.538462
vt 0.613811 0.615385
vt 0.613811 0.692308
vt 0.613811 0.769231
vt 0.613811 0.846154
vt 0.613811 0.923077
vt 0.613811 1.000000
vt 0.616368 0.000000
vt 0.616368 0.076923
vt 0.616368 0.153846
vt 0.616368 0.230769
vt 0.616368 0.307692
vt 0.613811 0.461538
vt 0.616368 0.384615
vt 0.616368 0.538462
vt 0.616368 0.615385
vt 0.616368 0.692308
vt 0.616368 0.769231
vt 0.616368 0.846154
vt 0.616368 0.923077
vt 0.616368 1.000000
vt 0.618926 0.000000
vt 0.618926 0.076923
vt 0.618926 0.153846
vt 0.618926 0.230769
vt 0.618926 0.307692
vt 0.616368 0.461538
vt 0.618926 0.384615
vt 0.618926 0.538462
vt 0.618926 0.615385
vt 0.618926 0.692308
vt 0.618926 0.769231
vt 0.618926 0.846154
vt 0.618926 0.923077
vt 0.618926 1.000000
vt 0.621483 0.000000
vt 0.621483 0.076923
vt 0.621483 0.153846
vt 0.621483 0.230769
vt 0.621483 0.307692
vt 0.618926 0.461538
vt 0.621483 0.384615
vt 0.621483 0.538462
vt 0.621483 0.615385
vt 0.621483 0.692308
vt 0.621483 0.769231
vt 0.621483 0.846154
vt 0.621483 0.923077
vt 0.621483 1.000000
vt 0.624041 0.076923
vt 0.624041 0.153846
vt 0.624041 0.230769
vt 0.624041 0.307692
vt 0.624041 0.384615
vt 0.624041 0.461538
vt 0.621483 0.461538
vt 0.624041 0.538462
vt 0.624041 0.615385
vt 0.624041 0.692308
vt 0.624041 0.769231
vt 0.624041 0.846154
vt 0.624041 0.923077
vt 0.626598 0.076923
vt 0.624041 0.000000
vt 0.626598 0.153846
vt 0.626598 0.230769
vt 0.626598 0.307692
vt 0.626598 0.384615
vt 0.626598 0.461538
vt 0.626598 0.538462
vt 0.626598 0.615385
vt 0.626598 0.692308
vt 0.626598 0.769231
vt 0.626598 0.846154
vt 0.624041 1.000000
vt 0.626598 0.923077
vt 0.629156 0.076923
vt 0.626598 0.000000
vt 0.629156 0.153846
vt 0.629156 0.230769
vt 0.629156 0.307692
vt 0.629156 0.384615
vt 0.629156 0.461538
vt 0.629156 0.538462
vt 0.629156 0.615385
vt 0.629156 0.692308
vt 0.629156 0.769231
vt 0.629156 0.846154
vt 0.626598 1.000000
vt 0.629156 0.923077
vt 0.631714 0.076923
vt 0.629156 0.000000
vt 0.631714 0.153846
vt 0.631714 0.230769
vt 0.631714 0.307692
vt 0.631714 0.384615
vt 0.631714 0.461538
vt 0.631714 0.538462
vt 0.631714 0.615385
vt 0.631714 0.692308
vt 0.631714 0.769231
vt 0.631714 0.846154
vt 0.629156 1.000000
vt 0.631714 0.923077
vt 0.634271 0.076923
vt 0.631714 0.000000
vt 0.634271 0.153846
vt 0.634271 0.230769
vt 0.634271 0.307692
vt 0.634271 0.384615
vt 0.634271 0.461538
vt 0.634271 0.538462
vt 0.634271 0.615385
vt 0.634271 0.692308
vt 0.634271 0.769231
vt 0.634271 0.846154
vt 0.631714 1.000000
vt 0.634271 0.923077
vt 0.636829 0.076923
vt 0.634271 0.000000
vt 0.636829 0.153846
vt 0.636829 0.230769
vt 0.636829 0.307692
vt 0.636829 0.384615
vt 0.636829 0.461538
vt 0.636829 0.538462
vt 0.636829 0.615385
vt 0.636829 0.692308
vt 0.636829 0.769231
vt 0.636829 0.846154
vt 0.634271 1.000000
vt 0.636829 0.923077
vt 0.639386 0.076923
vt 0.636829 0.000000
vt 0.639386 0.153846
vt 0.639386 0.230769
vt 0.639386 0.307692
vt 0.639386 0.384615
vt 0.639386 0.461538
vt 0.639386 0.538462
vt 0.639386 0.615385
vt 0.639386 0.692308
vt 0.639386 0.769231
vt 0.639386 0.846154
vt 0.636829 1.000000
vt 0.639386 0.923077
vt 0.641944 0.076923
vt 0.639386 0.000000
vt 0.641944 0.153846
vt 0.641944 0.230769
vt 0.641944 0.307692
vt 0.641944 0.384615
vt 0.641944 0.461538
vt 0.641944 0.538462
vt 0.641944 0.615385
vt 0.641944 0.692308
vt 0.641944 0.769231
vt 0.641944 0.846154
vt 0.639386 1.000000
vt 0.641944 0.923077
vt 0.644501 0.076923
vt 0.641944 0.000000
vt 0.644501 0.153846
vt 0.644501 0.230769
vt 0.644501 0.307692
vt 0.644501 0.384615
vt 0.644501 0.461538
vt 0.644501 0.538462
vt 0.644501 0.615385
vt 0.644501 0.692308
vt 0.644501 0.769231
vt 0.644501 0.846154
vt 0.641944 1.000000
vt 0.644501 0.923077
vt 0.647059 0.076923
vt 0.644501 0.000000
vt 0.647059 0.153846
vt 0.647059 0.230769
vt 0.647059 0.307692
vt 0.647059 0.384615
vt 0.647059 0.461538
vt 0.647059 0.538462
vt 0.647059 0.615385
vt 0.647059 0.692308
vt 0.647059 0.769231
vt 0.647059 0.846154
vt 0.644501 1.000000
vt 0.647059 0.923077
vt 0.649616 0.076923
vt 0.647059 0.000000
vt 0.649616 0.153846
vt 0.649616 0.230769
vt 0.649616 0.307692
vt 0.649616 0.384615
vt 0.649616 0.461538
vt 0.649616 0.538462
vt 0.649616 0.615385
vt 0.649616 0.692308
vt 0.649616 0.769231
vt 0.649616 0.846154
vt 0.647059 1.000000
vt 0.649616 0.923077
vt 0.652174 0.076923
vt 0.649616 0.000000
vt 0.652174 0.153846
vt 0.652174 0.230769
vt 0.652174 0.307692
vt 0.652174 0.384615
vt 0.652174 0.461538
vt 0.652174 0.538462
vt 0.652174 0.615385
vt 0.652174 0.692308
vt 0.652174 0.769231
vt 0.652174 0.846154
vt 0.649616 1.000000
vt 0.652174 0.923077
vt 0.654731 0.000000
vt 0.652174 0.000000
vt 0.654731 0.076923
vt 0.654731 0.153846
vt 0.654731 0.230769
vt 0.654731 0.307692
vt 0.654731 0.384615
vt 0.654731 0.538462
vt 0.654731 0.615385
vt 0.654731 0.692308
vt 0.654731 0.769231
vt 0.654731 0.846154
vt 0.654731 0.923077
vt 0.654731 1.000000
vt 0.652174 1.000000
vt 0.657289 0.076923
vt 0.657289 0.153846
vt 0.657289 0.230769
vt 0.657289 0.307692
vt 0.657289 0.384615
vt 0.657289 0.461538
vt 0.654731 0.461538
vt 0.657289 0.538462
vt 0.657289 0.615385
vt 0.657289 0.692308
vt 0.657289 0.769231
vt 0.657289 0.846154
vt 0.657289 0.923077
vt 0.659847 0.000000
vt 0.657289 0.000000
vt 0.659847 0.076923
vt 0.659847 0.153846
vt 0.659847 0.230769
vt 0.659847 0.307692
vt 0.659847 0.384615
vt 0.659847 0.538462
vt 0.659847 0.615385
vt 0.659847 0.692308
vt 0.659847 0.769231
vt 0.659847 0.846154
vt 0.659847 0.923077
vt 0.659847 1.000000
vt 0.657289 1.000000
vt 0.662404 0.076923
vt 0.662404 0.153846
vt 0.662404 0.230769
vt 0.662404 0.307692
vt 0.662404 0.384615
vt 0.662404 0.461538
vt 0.659847 0.461538
vt 0.662404 0.538462
vt 0.662404 0.615385
vt 0.662404 0.692308
vt 0.662404 0.769231
vt 0.662404 0.846154
vt 0.662404 0.923077
vt 0.664962 0.076923
vt 0.662404 0.000000
vt 0.664962 0.153846
vt 0.664962 0.230769
vt 0.664962 0.307692
vt 0.664962 0.384615
vt 0.664962 0.461538
vt 0.664962 0.538462
vt 0.664962 0.615385
vt 0.664962 0.692308
vt 0.664962 0.769231
vt 0.664962 0.846154
vt 0.662404 1.000000
vt 0.664962 0.923077
vt 0.667519 0.076923
vt 0.664962 0.000000
vt 0.667519 0.153846
vt 0.667519 0.230769
vt 0.667519 0.307692
vt 0.667519 0.384615
vt 0.667519 0.461538
vt 0.667519 0.538462
vt 0.667519 0.615385
vt 0.667519 0.692308
vt 0.667519 0.769231
vt 0.667519 0.846154
vt 0.664962 1.000000
vt 0.667519 0.923077
vt 0.670077 0.076923
vt 0.667519 0.000000
vt 0.670077 0.153846
vt 0.670077 0.230769
vt 0.670077 0.307692
vt 0.670077 0.384615
vt 0.670077 0.461538
vt 0.670077 0.538462
vt 0.670077 0.615385
vt 0.670077 0.692308
vt 0.670077 0.769231
vt 0.670077 0.846154
vt 0.667519 1.000000
vt 0.670077 0.923077
vt 0.672634 0.076923
vt 0.670077 0.000000
vt 0.672634 0.153846
vt 0.672634 0.230769
vt 0.672634 0.307692
vt 0.672634 0.384615
vt 0.672634 0.461538
vt 0.672634 0.538462
vt 0.672634 0.615385
vt 0.672634 0.692308
vt 0.672634 0.769231
vt 0.672634 0.846154
vt 0.670077 1.000000
vt 0.672634 0.923077
vt 0.675192 0.076923
vt 0.672634 0.000000
vt 0.675192 0.153846
vt 0.675192 0.230769
vt 0.675192 0.307692
vt 0.675192 0.384615
vt 0.675192 0.461538
vt 0.675192 0.538462
vt 0.675192 0.615385
vt 0.675192 0.692308
vt 0.675192 0.769231
vt 0.675192 0.846154
vt 0.672634 1.000000
vt 0.675192 0.923077
vt 0.677749 0.076923
vt 0.675192 0.000000
vt 0.677749 0.153846
vt 0.677749 0.230769
vt 0.677749 0.307692
vt 0.677749 0.384615
vt 0.677749 0.461538
vt 0.677749 0.538462
vt 0.677749 0.615385
vt 0.677749 0.692308
vt 0.677749 0.769231
vt 0.677749 0.846154
vt 0.675192 1.000000
vt 0.677749 0.923077
vt 0.680307 0.076923
vt 0.677749 0.000000
vt 0.680307 0.153846
vt 0.680307 0.230769
vt 0.680307 0.307692
vt 0.680307 0.384615
vt 0.680307 0.461538
vt 0.680307 0.538462
vt 0.680307 0.615385
vt 0.680307 0.692308
vt 0.680307 0.769231
vt 0.680307 0.846154
vt 0.677749 1.000000
vt 0.680307 0.923077
vt 0.682864 0.076923
vt 0.680307 0.000000
vt 0.682864 0.153846
vt 0.682864 0.230769
vt 0.682864 0.307692
vt 0.682864 0.384615
vt 0.682864 0.461538
vt 0.682864 0.538462
vt 0.682864 0.615385
vt 0.682864 0.692308
vt 0.682864 0.769231
vt 0.682864 0.846154
vt 0.680307 1.000000
vt 0.682864 0.923077
vt 0.685422 0.076923
vt 0.682864 0.000000
vt 0.685422 0.153846
vt 0.685422 0.230769
vt 0.685422 0.307692
vt 0.685422 0.384615
vt 0.685422 0.461538
vt 0.685422 0.538462
vt 0.685422 0.615385
vt 0.685422 0.692308
vt 0.685422 0.769231
vt 0.685422 0.846154
vt 0.682864 1.000000
vt 0.685422 0.923077
vt 0.687980 0.000000
vt 0.685422 0.000000
vt 0.687980 0.076923
vt 0.687980 0.153846
vt 0.687980 0.230769
vt 0.687980 0.307692
vt 0.687980 0.384615
vt 0.687980 0.538462
vt 0.687980 0.615385
vt 0.687980 0.692308
vt 0.687980 0.769231
vt 0.687980 0.846154
vt 0.687980 0.923077
vt 0.687980 1.000000
vt 0.685422 1.000000
vt 0.690537 0.000000
vt 0.690537 0.076923
vt 0.690537 0.153846
vt 0.690537 0.230769
vt 0.690537 0.307692
vt 0.687980 0.461538
vt 0.690537 0.384615
vt 0.690537 0.538462
vt 0.690537 0.615385
vt 0.690537 0.692308
vt 0.690537 0.769231
vt 0.690537 0.846154
vt 0.690537 0.923077
vt 0.690537 1.000000
vt 0.693095 0.076923
vt 0.693095 0.153846
vt 0.693095 0.230769
vt 0.693095 0.307692
vt 0.693095 0.384615
vt 0.693095 0.461538
vt 0.690537 0.461538
vt 0.693095 0.538462
vt 0.693095 0.615385
vt 0.693095 0.692308
vt 0.693095 0.769231
vt 0.693095 0.846154
vt 0.693095 0.923077
vt 0.695652 0.076923
vt 0.693095 0.000000
vt 0.695652 0.153846
vt 0.695652 0.230769
vt 0.695652 0.307692
vt 0.695652 0.384615
vt 0.695652 0.461538
vt 0.695652 0.538462
vt 0.695652 0.615385
vt 0.695652 0.692308
vt 0.695652 0.769231
vt 0.695652 0.846154
vt 0.693095 1.000000
vt 0.695652 0.923077
vt 0.698210 0.076923
vt 0.695652 0.000000
vt 0.698210 0.153846
vt 0.698210 0.230769
vt 0.698210 0.307692
vt 0.698210 0.384615
vt 0.698210 0.461538
vt 0.698210 0.538462
vt 0.698210 0.615385
vt 0.698210 0.692308
vt 0.698210 0.769231
vt 0.698210 0.846154
vt 0.695652 1.000000
vt 0.698210 0.923077
vt 0.700767 0.076923
vt 0.698210 0.000000
vt 0.700767 0.153846
vt 0.700767 0.230769
vt 0.700767 0.307692
vt 0.700767 0.384615
vt 0.700767 0.461538
vt 0.700767 0.538462
vt 0.700767 0.615385
vt 0.700767 0.692308
vt 0.700767 0.769231
vt 0.700767 0.846154
vt 0.698210 1.000000
vt 0.700767 0.923077
vt 0.703325 0.076923
vt 0.700767 0.000000
vt 0.703325 0.153846
vt 0.703325 0.230769
vt 0.703325 0.307692
vt 0.703325 0.384615
vt 0.703325 0.461538
vt 0.703325 0.538462
vt 0.703325 0.615385
vt 0.703325 0.692308
vt 0.703325 0.769231
vt 0.703325 0.846154
vt 0.700767 1.000000
vt 0.703325 0.923077
vt 0.705882 0.076923
vt 0.703325 0.000000
vt 0.705882 0.153846
vt 0.705882 0.230769
vt 0.705882 0.307692
vt 0.705882 0.384615
vt 0.705882 0.461538
vt 0.705882 0.538462
vt 0.705882 0.615385
vt 0.705882 0.692308
vt 0.705882 0.769231
vt 0.705882 0.846154
vt 0.703325 1.000000
vt 0.705882 0.923077
vt 0.708440 0.076923
vt 0.705882 0.000000
vt 0.708440 0.153846
vt 0.708440 0.230769
vt 0.708440 0.307692
vt 0.708440 0.384615
vt 0.708440 0.461538
vt 0.708440 0.538462
vt 0.708440 0.615385
vt 0.708440 0.692308
vt 0.708440 0.769231
vt 0.708440 0.846154
vt 0.705882 1.000000
vt 0.708440 0.923077
vt 0.710997 0.076923
vt 0.708440 0.000000
vt 0.710997 0.153846
vt 0.710997 0.230769
vt 0.710997 0.307692
vt 0.710997 0.384615
vt 0.710997 0.461538
vt 0.710997 0.538462
vt 0.710997 0.615385
vt 0.710997 0.692308
vt 0.710997 0.769231
vt 0.710997 0.846154
vt 0.708440 1.000000
vt 0.710997 0.923077
vt 0.713555 0.076923
vt 0.710997 0.000000
vt 0.713555 0.153846
vt 0.713555 0.230769
vt 0.713555 0.307692
vt 0.713555 0.384615
vt 0.713555 0.461538
vt 0.713555 0.538462
vt 0.713555 0.615385
vt 0.713555 0.692308
vt 0.713555 0.769231
vt 0.713555 0.846154
vt 0.710997 1.000000
vt 0.713555 0.923077
vt 0.716113 0.076923
vt 0.713555 0.000000
vt 0.716113 0.153846
vt 0.716113 0.230769
vt 0.716113 0.307692
vt 0.716113 0.384615
vt 0.716113 0.461538
vt 0.716113 0.538462
vt 0.716113 0.615385
vt 0.716113 0.692308
vt 0.716113 0.769231
vt 0.716113 0.846154
vt 0.713555 1.000000
vt 0.716113 0.923077
vt 0.718670 0.000000
vt 0.716113 0.000000
vt 0.718670 0.076923
vt 0.718670 0.153846
vt 0.718670 0.230769
vt 0.718670 0.307692
vt 0.718670 0.384615
vt 0.718670 0.538462
vt 0.718670 0.615385
vt 0.718670 0.692308
vt 0.718670 0.769231
vt 0.718670 0.846154
vt 0.718670 0.923077
vt 0.718670 1.000000
vt 0.716113 1.000000
vt 0.721228 0.000000
vt 0.721228 0.076923
vt 0.721228 0.153846
vt 0.721228 0.230769
vt 0.721228 0.307692
vt 0.718670 0.461538
vt 0.721228 0.384615
vt 0.721228 0.538462
vt 0.721228 0.615385
vt 0.721228 0.692308
vt 0.721228 0.769231
vt 0.721228 0.846154
vt 0.721228 0.923077
vt 0.721228 1.000000
vt 0.723785 0.076923
vt 0.723785 0.153846
vt 0.723785 0.230769
vt 0.723785 0.307692
vt 0.723785 0.384615
vt 0.723785 0.461538
vt 0.721228 0.461538
vt 0.723785 0.538462
vt 0.723785 0.615385
vt 0.723785 0.692308
vt 0.723785 0.769231
vt 0.723785 0.846154
vt 0.723785 0.923077
vt 0.726343 0.076923
vt 0.723785 0.000000
vt 0.726343 0.153846
vt 0.726343 0.230769
vt 0.726343 0.307692
vt 0.726343 0.384615
vt 0.726343 0.461538
vt 0.726343 0.538462
vt 0.726343 0.615385
vt 0.726343 0.692308
vt 0.726343 0.769231
vt 0.726343 0.846154
vt 0.723785 1.000000
vt 0.726343 0.923077
vt 0.728900 0.076923
vt 0.726343 0.000000
vt 0.728900 0.153846
vt 0.728900 0.230769
vt 0.728900 0.307692
vt 0.728900 0.384615
vt 0.728900 0.461538
vt 0.728900 0.538462
vt 0.728900 0.615385
vt 0.728900 0.692308
vt 0.728900 0.769231
vt 0.728900 0.846154
vt 0.728900 1.000000
vt 0.726343 1.000000
vt 0.731458 0.076923
vt 0.728900 0.000000
vt 0.731458 0.153846
vt 0.731458 0.230769
vt 0.731458 0.307692
vt 0.731458 0.384615
vt 0.731458 0.461538
vt 0.731458 0.538462
vt 0.731458 0.615385
vt 0.731458 0.692308
vt 0.731458 0.769231
vt 0.728900 0.923077
vt 0.731458 0.846154
vt 0.731458 0.923077
vt 0.734015 0.076923
vt 0.731458 0.000000
vt 0.734015 0.153846
vt 0.734015 0.230769
vt 0.734015 0.307692
vt 0.734015 0.384615
vt 0.734015 0.461538
vt 0.734015 0.538462
vt 0.734015 0.615385
vt 0.734015 0.692308
vt 0.734015 0.769231
vt 0.734015 0.846154
vt 0.734015 1.000000
vt 0.731458 1.000000
vt 0.736573 0.076923
vt 0.734015 0.000000
vt 0.736573 0.153846
vt 0.736573 0.230769
vt 0.736573 0.307692
vt 0.736573 0.384615
vt 0.736573 0.461538
vt 0.736573 0.538462
vt 0.736573 0.615385
vt 0.736573 0.692308
vt 0.736573 0.769231
vt 0.734015 0.923077
vt 0.736573 0.846154
vt 0.736573 0.923077
vt 0.739130 0.076923
vt 0.736573 0.000000
vt 0.739130 0.153846
vt 0.739130 0.230769
vt 0.739130 0.307692
vt 0.739130 0.384615
vt 0.739130 0.461538
vt 0.739130 0.538462
vt 0.739130 0.615385
vt 0.739130 0.692308
vt 0.739130 0.769231
vt 0.739130 0.846154
vt 0.736573 1.000000
vt 0.739130 0.923077
vt 0.741688 0.076923
vt 0.739130 0.000000
vt 0.741688 0.153846
vt 0.741688 0.230769
vt 0.741688 0.307692
vt 0.741688 0.384615
vt 0.741688 0.461538
vt 0.741688 0.538462
vt 0.741688 0.615385
vt 0.741688 0.692308
vt 0.741688 0.769231
vt 0.741688 0.846154
vt 0.739130 1.000000
vt 0.741688 0.923077
vt 0.744246 0.076923
vt 0.741688 0.000000
vt 0.744246 0.153846
vt 0.744246 0.230769
vt 0.744246 0.307692
vt 0.744246 0.384615
vt 0.744246 0.461538
vt 0.744246 0.538462
vt 0.744246 0.615385
vt 0.744246 0.692308
vt 0.744246 0.769231
vt 0.744246 0.846154
vt 0.741688 1.000000
vt 0.744246 0.923077
vt 0.746803 0.076923
vt 0.744246 0.000000
vt 0.746803 0.153846
vt 0.746803 0.230769
vt 0.746803 0.307692
vt 0.746803 0.384615
vt 0.746803 0.461538
vt 0.746803 0.538462
vt 0.746803 0.615385
vt 0.746803 0.692308
vt 0.746803 0.769231
vt 0.746803 0.846154
vt 0.744246 1.000000
vt 0.746803 0.923077
vt 0.749361 0.076923
vt 0.746803 0.000000
vt 0.749361 0.153846
vt 0.749361 0.230769
vt 0.749361 0.307692
vt 0.749361 0.384615
vt 0.749361 0.461538
vt 0.749361 0.538462
vt 0.749361 0.615385
vt 0.749361 0.692308
vt 0.749361 0.769231
vt 0.749361 0.846154
vt 0.746803 1.000000
vt 0.749361 0.923077
vt 0.751918 0.076923
vt 0.749361 0.000000
vt 0.751918 0.153846
vt 0.751918 0.230769
vt 0.751918 0.307692
vt 0.751918 0.384615
vt 0.751918 0.461538
vt 0.751918 0.538462
vt 0.751918 0.615385
vt 0.751918 0.692308
vt 0.751918 0.769231
vt 0.751918 0.846154
vt 0.749361 1.000000
vt 0.751918 0.923077
vt 0.754476 0.076923
vt 0.751918 0.000000
vt 0.754476 0.153846
vt 0.754476 0.230769
vt 0.754476 0.307692
vt 0.754476 0.384615
vt 0.754476 0.461538
vt 0.754476 0.538462
vt 0.754476 0.615385
vt 0.754476 0.692308
vt 0.754476 0.769231
vt 0.754476 0.846154
vt 0.751918 1.000000
vt 0.754476 0.923077
vt 0.757033 0.076923
vt 0.754476 0.000000
vt 0.757033 0.153846
vt 0.757033 0.230769
vt 0.757033 0.307692
vt 0.757033 0.384615
vt 0.757033 0.461538
vt 0.757033 0.538462
vt 0.757033 0.615385
vt 0.757033 0.692308
vt 0.757033 0.769231
vt 0.757033 0.846154
vt 0.754476 1.000000
vt 0.757033 0.923077
vt 0.759591 0.076923
vt 0.757033 0.000000
vt 0.759591 0.153846
vt 0.759591 0.230769
vt 0.759591 0.307692
vt 0.759591 0.384615
vt 0.759591 0.461538
vt 0.759591 0.538462
vt 0.759591 0.615385
vt 0.759591 0.692308
vt 0.759591 0.769231
vt 0.759591 0.846154
vt 0.757033 1.000000
vt 0.759591 0.923077
vt 0.762148 0.076923
vt 0.759591 0.000000
vt 0.762148 0.153846
vt 0.762148 0.230769
vt 0.762148 0.307692
vt 0.762148 0.384615
vt 0.762148 0.461538
vt 0.762148 0.538462
vt 0.762148 0.615385
vt 0.762148 0.692308
vt 0.762148 0.769231
vt 0.762148 0.846154
vt 0.759591 1.000000
vt 0.762148 0.923077
vt 0.764706 0.076923
vt 0.762148 0.000000
vt 0.764706 0.153846
vt 0.764706 0.230769
vt 0.764706 0.307692
vt 0.764706 0.384615
vt 0.764706 0.461538
vt 0.764706 0.538462
vt 0.764706 0.615385
vt 0.764706 0.692308
vt 0.764706 0.769231
vt 0.764706 0.846154
vt 0.762148 1.000000
vt 0.764706 0.923077
vt 0.767263 0.076923
vt 0.764706 0.000000
vt 0.767263 0.153846
vt 0.767263 0.230769
vt 0.767263 0.307692
vt 0.767263 0.384615
vt 0.767263 0.461538
vt 0.767263 0.538462
vt 0.767263 0.615385
vt 0.767263 0.692308
vt 0.767263 0.769231
vt 0.767263 0.846154
vt 0.764706 1.000000
vt 0.767263 0.923077
vt 0.769821 0.076923
vt 0.767263 0.000000
vt 0.769821 0.153846
vt 0.769821 0.230769
vt 0.769821 0.307692
vt 0.769821 0.384615
vt 0.769821 0.461538
vt 0.769821 0.538462
vt 0.769821 0.615385
vt 0.769821 0.692308
vt 0.769821 0.769231
vt 0.769821 0.846154
vt 0.767263 1.000000
vt 0.769821 0.923077
vt 0.772379 0.076923
vt 0.769821 0.000000
vt 0.772379 0.153846
vt 0.772379 0.230769
vt 0.772379 0.307692
vt 0.772379 0.384615
vt 0.772379 0.461538
vt 0.772379 0.538462
vt 0.772379 0.615385
vt 0.772379 0.692308
vt 0.772379 0.769231
vt 0.772379 0.846154
vt 0.769821 1.000000
vt 0.772379 0.923077
vt 0.774936 0.076923
vt 0.772379 0.000000
vt 0.774936 0.153846
vt 0.774936 0.230769
vt 0.774936 0.307692
vt 0.774936 0.384615
vt 0.774936 0.461538
vt 0.774936 0.538462
vt 0.774936 0.615385
vt 0.774936 0.692308
vt 0.774936 0.769231
vt 0.774936 0.846154
vt 0.772379 1.000000
vt 0.774936 0.923077
vt 0.777494 0.076923
vt 0.774936 0.000000
vt 0.777494 0.153846
vt 0.777494 0.230769
vt 0.777494 0.307692
vt 0.777494 0.384615
vt 0.777494 0.461538
vt 0.777494 0.538462
vt 0.777494 0.615385
vt 0.777494 0.692308
vt 0.777494 0.769231
vt 0.777494 0.846154
vt 0.774936 1.000000
vt 0.777494 0.923077
vt 0.780051 0.000000
vt 0.777494 0.000000
vt 0.780051 0.076923
vt 0.780051 0.153846
vt 0.780051 0.230769
vt 0.780051 0.307692
vt 0.780051 0.384615
vt 0.780051 0.538462
vt 0.780051 0.615385
vt 0.780051 0.692308
vt 0.780051 0.769231
vt 0.780051 0.846154
vt 0.780051 0.923077
vt 0.780051 1.000000
vt 0.777494 1.000000
vt 0.782609 0.000000
vt 0.782609 0.076923
vt 0.782609 0.153846
vt 0.782609 0.230769
vt 0.782609 0.307692
vt 0.780051 0.461538
vt 0.782609 0.384615
vt 0.782609 0.538462
vt 0.782609 0.615385
vt 0.782609 0.692308
vt 0.782609 0.769231
vt 0.782609 0.846154
vt 0.782609 0.923077
vt 0.782609 1.000000
vt 0.785166 0.000000
vt 0.785166 0.076923
vt 0.785166 0.153846
vt 0.785166 0.230769
vt 0.785166 0.307692
vt 0.782609 0.461538
vt 0.785166 0.384615
vt 0.785166 0.538462
vt 0.785166 0.615385
vt 0.785166 0.692308
vt 0.785166 0.769231
vt 0.785166 0.846154
vt 0.785166 0.923077
vt 0.785166 1.000000
vt 0.787724 0.000000
vt 0.787724 0.076923
vt 0.787724 0.153846
vt 0.787724 0.230769
vt 0.787724 0.307692
vt 0.785166 0.461538
vt 0.787724 0.384615
vt 0.787724 0.538462
vt 0.787724 0.615385
vt 0.787724 0.692308
vt 0.787724 0.769231
vt 0.787724 0.846154
vt 0.787724 0.923077
vt 0.787724 1.000000
vt 0.790281 0.000000
vt 0.790281 0.076923
vt 0.790281 0.153846
vt 0.790281 0.230769
vt 0.790281 0.307692
vt 0.787724 0.461538
vt 0.790281 0.384615
vt 0.790281 0.538462
vt 0.790281 0.615385
vt 0.790281 0.692308
vt 0.790281 0.769231
vt 0.790281 0.846154
vt 0.790281 0.923077
vt 0.790281 1.000000
vt 0.792839 0.000000
vt 0.792839 0.076923
vt 0.792839 0.153846
vt 0.792839 0.230769
vt 0.792839 0.307692
vt 0.790281 0.461538
vt 0.792839 0.384615
vt 0.792839 0.538462
vt 0.792839 0.615385
vt 0.792839 0.692308
vt 0.792839 0.769231
vt 0.792839 0.846154
vt 0.792839 0.923077
vt 0.792839 1.000000
vt 0.795396 0.000000
vt 0.795396 0.076923
vt 0.795396 0.153846
vt 0.795396 0.230769
vt 0.795396 0.307692
vt 0.792839 0.461538
vt 0.795396 0.384615
vt 0.795396 0.538462
vt 0.795396 0.615385
vt 0.795396 0.692308
vt 0.795396 0.769231
vt 0.795396 0.846154
vt 0.795396 0.923077
vt 0.795396 1.000000
vt 0.797954 0.000000
vt 0.797954 0.076923
vt 0.797954 0.153846
vt 0.797954 0.230769
vt 0.797954 0.307692
vt 0.795396 0.461538
vt 0.797954 0.384615
vt 0.797954 0.538462
vt 0.797954 0.615385
vt 0.797954 0.692308
vt 0.797954 0.769231
vt 0.797954 0.846154
vt 0.797954 0.923077
vt 0.797954 1.000000
vt 0.800511 0.000000
vt 0.800511 0.076923
vt 0.800511 0.153846
vt 0.800511 0.230769
vt 0.800511 0.307692
vt 0.797954 0.461538
vt 0.800511 0.384615
vt 0.800511 0.538462
vt 0.800511 0.615385
vt 0.800511 0.692308
vt 0.800511 0.769231
vt 0.800511 0.846154
vt 0.800511 0.923077
vt 0.800511 1.000000
vt 0.803069 0.000000
vt 0.803069 0.076923
vt 0.803069 0.153846
vt 0.803069 0.230769
vt 0.803069 0.307692
vt 0.800511 0.461538
vt 0.803069 0.384615
vt 0.803069 0.538462
vt 0.803069 0.615385
vt 0.803069 0.692308
vt 0.803069 0.769231
vt 0.803069 0.846154
vt 0.803069 0.923077
vt 0.803069 1.000000
vt 0.805627 0.000000
vt 0.805627 0.076923
vt 0.805627 0.153846
vt 0.805627 0.230769
vt 0.805627 0.307692
vt 0.803069 0.461538
vt 0.805627 0.384615
vt 0.805627 0.538462
vt 0.805627 0.615385
vt 0.805627 0.692308
vt 0.805627 0.769231
vt 0.805627 0.846154
vt 0.805627 0.923077
vt 0.805627 1.000000
vt 0.808184 0.000000
vt 0.808184 0.076923
vt 0.808184 0.153846
vt 0.808184 0.230769
vt 0.808184 0.307692
vt 0.805627 0.461538
vt 0.808184 0.384615
vt 0.808184 0.538462
vt 0.808184 0.615385
vt 0.808184 0.692308
vt 0.808184 0.769231
vt 0.808184 0.846154
vt 0.808184 0.923077
vt 0.808184 1.000000
vt 0.810742 0.076923
vt 0.810742 0.153846
vt 0.810742 0.230769
vt 0.810742 0.307692
vt 0.810742 0.384615
vt 0.810742 0.461538
vt 0.808184 0.461538
vt 0.810742 0.538462
vt 0.810742 0.615385
vt 0.810742 0.692308
vt 0.810742 0.769231
vt 0.810742 0.846154
vt 0.810742 0.923077
vt 0.813299 0.076923
vt 0.810742 0.000000
vt 0.813299 0.153846
vt 0.813299 0.230769
vt 0.813299 0.307692
vt 0.813299 0.384615
vt 0.813299 0.461538
vt 0.813299 0.538462
vt 0.813299 0.615385
vt 0.813299 0.692308
vt 0.813299 0.769231
vt 0.813299 0.846154
vt 0.810742 1.000000
vt 0.813299 0.923077
vt 0.815857 0.000000
vt 0.813299 0.000000
vt 0.815857 0.076923
vt 0.815857 0.153846
vt 0.815857 0.230769
vt 0.815857 0.307692
vt 0.815857 0.384615
vt 0.815857 0.538462
vt 0.815857 0.615385
vt 0.815857 0.692308
vt 0.815857 0.769231
vt 0.815857 0.846154
vt 0.815857 0.923077
vt 0.815857 1.000000
vt 0.813299 1.000000
vt 0.818414 0.000000
vt 0.818414 0.076923
vt 0.818414 0.153846
vt 0.818414 0.230769
vt 0.818414 0.307692
vt 0.815857 0.461538
vt 0.818414 0.384615
vt 0.818414 0.538462
vt 0.818414 0.615385
vt 0.818414 0.692308
vt 0.818414 0.769231
vt 0.818414 0.846154
vt 0.818414 0.923077
vt 0.818414 1.000000
vt 0.820972 0.000000
vt 0.820972 0.076923
vt 0.820972 0.153846
vt 0.820972 0.230769
vt 0.820972 0.307692
vt 0.818414 0.461538
vt 0.820972 0.384615
vt 0.820972 0.538462
vt 0.820972 0.615385
vt 0.820972 0.692308
vt 0.820972 0.769231
vt 0.820972 0.846154
vt 0.820972 0.923077
vt 0.820972 1.000000
vt 0.823529 0.000000
vt 0.823529 0.076923
vt 0.823529 0.153846
vt 0.823529 0.230769
vt 0.823529 0.307692
vt 0.820972 0.461538
vt 0.823529 0.384615
vt 0.823529 0.538462
vt 0.823529 0.615385
vt 0.823529 0.692308
vt 0.823529 0.769231
vt 0.823529 0.846154
vt 0.823529 0.923077
vt 0.823529 1.000000
vt 0.826087 0.000000
vt 0.826087 0.076923
vt 0.826087 0.153846
vt 0.826087 0.230769
vt 0.826087 0.307692
vt 0.823529 0.461538
vt 0.826087 0.384615
vt 0.826087 0.538462
vt 0.826087 0.615385
vt 0.826087 0.692308
vt 0.826087 0.769231
vt 0.826087 0.846154
vt 0.826087 0.923077
vt 0.826087 1.000000
vt 0.828645 0.000000
vt 0.828645 0.076923
vt 0.828645 0.153846
vt 0.828645 0.230769
vt 0.828645 0.307692
vt 0.826087 0.461538
vt 0.828645 0.384615
vt 0.828645 0.538462
vt 0.828645 0.615385
vt 0.828645 0.692308
vt 0.828645 0.769231
vt 0.828645 0.846154
vt 0.828645 0.923077
vt 0.828645 1.000000
vt 0.831202 0.000000
vt 0.831202 0.076923
vt 0.831202 0.153846
vt 0.831202 0.230769
vt 0.831202 0.307692
vt 0.828645 0.461538
vt 0.831202 0.384615
vt 0.831202 0.538462
vt 0.831202 0.615385
vt 0.831202 0.692308
vt 0.831202 0.769231
vt 0.831202 0.846154
vt 0.831202 0.923077
vt 0.831202 1.000000
vt 0.833760 0.000000
vt 0.833760 0.076923
vt 0.833760 0.153846
vt 0.833760 0.230769
vt 0.833760 0.307692
vt 0.831202 0.461538
vt 0.833760 0.384615
vt 0.833760 0.538462
vt 0.833760 0.615385
vt 0.833760 0.692308
vt 0.833760 0.769231
vt 0.833760 0.846154
vt 0.833760 0.923077
vt 0.833760 1.000000
vt 0.836317 0.000000
vt 0.836317 0.076923
vt 0.836317 0.153846
vt 0.836317 0.230769
vt 0.836317 0.307692
vt 0.833760 0.461538
vt 0.836317 0.384615
vt 0.836317 0.538462
vt 0.836317 0.615385
vt 0.836317 0.692308
vt 0.836317 0.769231
vt 0.836317 0.846154
vt 0.836317 0.923077
vt 0.836317 1.000000
vt 0.838875 0.000000
vt 0.838875 0.076923
vt 0.838875 0.153846
vt 0.838875 0.230769
vt 0.838875 0.307692
vt 0.836317 0.461538
vt 0.838875 0.384615
vt 0.838875 0.538462
vt 0.838875 0.615385
vt 0.838875 0.692308
vt 0.838875 0.769231
vt 0.838875 0.846154
vt 0.838875 0.923077
vt 0.838875 1.000000
vt 0.841432 0.000000
vt 0.841432 0.076923
vt 0.841432 0.153846
vt 0.841432 0.230769
vt 0.841432 0.307692
vt 0.838875 0.461538
vt 0.841432 0.384615
vt 0.841432 0.538462
vt 0.841432 0.615385
vt 0.841432 0.692308
vt 0.841432 0.769231
vt 0.841432 0.846154
vt 0.841432 0.923077
vt 0.841432 1.000000
vt 0.843990 0.000000
vt 0.843990 0.076923
vt 0.843990 0.153846
vt 0.843990 0.230769
vt 0.843990 0.307692
vt 0.841432 0.461538
vt 0.843990 0.384615
vt 0.843990 0.538462
vt 0.843990 0.615385
vt 0.843990 0.692308
vt 0.843990 0.769231
vt 0.843990 0.846154
vt 0.843990 0.923077
vt 0.843990 1.000000
vt 0.846547 0.000000
vt 0.846547 0.076923
vt 0.846547 0.153846
vt 0.846547 0.230769
vt 0.846547 0.307692
vt 0.843990 0.461538
vt 0.846547 0.384615
vt 0.846547 0.538462
vt 0.846547 0.615385
vt 0.846547 0.692308
vt 0.846547 0.769231
vt 0.846547 0.846154
vt 0.846547 0.923077
vt 0.846547 1.000000
vt 0.849105 0.000000
vt 0.849105 0.076923
vt 0.849105 0.153846
vt 0.849105 0.230769
vt 0.849105 0.307692
vt 0.846547 0.461538
vt 0.849105 0.384615
vt 0.849105 0.538462
vt 0.849105 0.615385
vt 0.849105 0.692308
vt 0.849105 0.769231
vt 0.849105 0.846154
vt 0.849105 0.923077
vt 0.849105 1.000000
vt 0.851662 0.000000
vt 0.851662 0.076923
vt 0.851662 0.153846
vt 0.851662 0.230769
vt 0.851662 0.307692
vt 0.849105 0.461538
vt 0.851662 0.384615
vt 0.851662 0.538462
vt 0.851662 0.615385
vt 0.851662 0.692308
vt 0.851662 0.769231
vt 0.851662 0.846154
vt 0.851662 0.923077
vt 0.851662 1.000000
vt 0.854220 0.000000
vt 0.854220 0.076923
vt 0.854220 0.153846
vt 0.854220 0.230769
vt 0.854220 0.307692
vt 0.851662 0.461538
vt 0.854220 0.384615
vt 0.854220 0.538462
vt 0.854220 0.615385
vt 0.854220 0.692308
vt 0.854220 0.769231
vt 0.854220 0.846154
vt 0.854220 0.923077
vt 0.854220 1.000000
vt 0.856777 0.000000
vt 0.856777 0.076923
vt 0.856777 0.153846
vt 0.856777 0.230769
vt 0.856777 0.307692
vt 0.854220 0.461538
vt 0.856777 0.384615
vt 0.856777 0.538462
vt 0.856777 0.615385
vt 0.856777 0.692308
vt 0.856777 0.769231
vt 0.856777 0.846154
vt 0.856777 0.923077
vt 0.856777 1.000000
vt 0.859335 0.000000
vt 0.859335 0.076923
vt 0.859335 0.153846
vt 0.859335 0.230769
vt 0.859335 0.307692
vt 0.856777 0.461538
vt 0.859335 0.384615
vt 0.859335 0.538462
vt 0.859335 0.615385
vt 0.859335 0.692308
vt 0.859335 0.769231
vt 0.859335 0.846154
vt 0.859335 0.923077
vt 0.859335 1.000000
vt 0.861893 0.000000
vt 0.861893 0.076923
vt 0.861893 0.153846
vt 0.861893 0.230769
vt 0.861893 0.307692
vt 0.859335 0.461538
vt 0.861893 0.384615
vt 0.861893 0.538462
vt 0.861893 0.615385
vt 0.861893 0.692308
vt 0.861893 0.769231
vt 0.861893 0.846154
vt 0.861893 0.923077
vt 0.861893 1.000000
vt 0.864450 0.000000
vt 0.864450 0.076923
vt 0.864450 0.153846
vt 0.864450 0.230769
vt 0.864450 0.307692
vt 0.861893 0.461538
vt 0.864450 0.384615
vt 0.864450 0.538462
vt 0.864450 0.615385
vt 0.864450 0.692308
vt 0.864450 0.769231
vt 0.864450 0.846154
vt 0.864450 0.923077
vt 0.864450 1.000000
vt 0.867008 0.000000
vt 0.867008 0.076923
vt 0.867008 0.153846
vt 0.867008 0.230769
vt 0.867008 0.307692
vt 0.864450 0.461538
vt 0.867008 0.384615
vt 0.867008 0.538462
vt 0.867008 0.615385
vt 0.867008 0.692308
vt 0.867008 0.769231
vt 0.867008 0.846154
vt 0.867008 0.923077
vt 0.867008 1.000000
vt 0.869565 0.000000
vt 0.869565 0.076923
vt 0.869565 0.153846
vt 0.869565 0.230769
vt 0.869565 0.307692
vt 0.867008 0.461538
vt 0.869565 0.384615
vt 0.869565 0.538462
vt 0.869565 0.615385
vt 0.869565 0.692308
vt 0.869565 0.769231
vt 0.869565 0.846154
vt 0.869565 0.923077
vt 0.869565 1.000000
vt 0.872123 0.076923
vt 0.872123 0.153846
vt 0.872123 0.230769
vt 0.872123 0.307692
vt 0.872123 0.384615
vt 0.872123 0.461538
vt 0.869565 0.461538
vt 0.872123 0.538462
vt 0.872123 0.615385
vt 0.872123 0.692308
vt 0.872123 0.769231
vt 0.872123 0.846154
vt 0.872123 0.923077
vt 0.874680 0.076923
vt 0.872123 0.000000
vt 0.874680 0.153846
vt 0.874680 0.230769
vt 0.874680 0.307692
vt 0.874680 0.384615
vt 0.874680 0.461538
vt 0.874680 0.538462
vt 0.874680 0.615385
vt 0.874680 0.692308
vt 0.874680 0.769231
vt 0.874680 0.846154
vt 0.872123 1.000000
vt 0.874680 0.923077
vt 0.877238 0.000000
vt 0.874680 0.000000
vt 0.877238 0.076923
vt 0.877238 0.153846
vt 0.877238 0.230769
vt 0.877238 0.307692
vt 0.877238 0.384615
vt 0.877238 0.538462
vt 0.877238 0.615385
vt 0.877238 0.692308
vt 0.877238 0.769231
vt 0.877238 0.846154
vt 0.877238 0.923077
vt 0.877238 1.000000
vt 0.874680 1.000000
vt 0.879795 0.000000
vt 0.879795 0.076923
vt 0.879795 0.153846
vt 0.879795 0.230769
vt 0.879795 0.307692
vt 0.877238 0.461538
vt 0.879795 0.384615
vt 0.879795 0.538462
vt 0.879795 0.615385
vt 0.879795 0.692308
vt 0.879795 0.769231
vt 0.879795 0.846154
vt 0.879795 0.923077
vt 0.879795 1.000000
vt 0.882353 0.000000
vt 0.882353 0.076923
vt 0.882353 0.153846
vt 0.882353 0.230769
vt 0.882353 0.307692
vt 0.879795 0.461538
vt 0.882353 0.384615
vt 0.882353 0.538462
vt 0.882353 0.615385
vt 0.882353 0.692308
vt 0.882353 0.769231
vt 0.882353 0.846154
vt 0.882353 0.923077
vt 0.882353 1.000000
vt 0.884910 0.000000
vt 0.884910 0.076923
vt 0.884910 0.153846
vt 0.884910 0.307692
vt 0.884910 0.384615
vt 0.882353 0.461538
vt 0.884910 0.538462
vt 0.884910 0.615385
vt 0.884910 0.769231
vt 0.884910 0.846154
vt 0.884910 0.923077
vt 0.884910 1.000000
vt 0.887468 0.076923
vt 0.887468 0.153846
vt 0.887468 0.230769
vt 0.884910 0.230769
vt 0.887468 0.307692
vt 0.887468 0.384615
vt 0.887468 0.461538
vt 0.884910 0.461538
vt 0.887468 0.538462
vt 0.884910 0.692308
vt 0.887468 0.615385
vt 0.887468 0.692308
vt 0.887468 0.769231
vt 0.887468 0.846154
vt 0.887468 0.923077
vt 0.890026 0.076923
vt 0.887468 0.000000
vt 0.890026 0.153846
vt 0.890026 0.230769
vt 0.890026 0.307692
vt 0.890026 0.384615
vt 0.890026 0.461538
vt 0.890026 0.538462
vt 0.890026 0.615385
vt 0.890026 0.692308
vt 0.890026 0.769231
vt 0.890026 0.846154
vt 0.887468 1.000000
vt 0.890026 0.923077
vt 0.892583 0.076923
vt 0.890026 0.000000
vt 0.892583 0.153846
vt 0.892583 0.230769
vt 0.892583 0.307692
vt 0.892583 0.384615
vt 0.892583 0.461538
vt 0.892583 0.538462
vt 0.892583 0.615385
vt 0.892583 0.692308
vt 0.892583 0.769231
vt 0.892583 0.846154
vt 0.890026 1.000000
vt 0.892583 0.923077
vt 0.895141 0.076923
vt 0.892583 0.000000
vt 0.895141 0.153846
vt 0.895141 0.230769
vt 0.895141 0.307692
vt 0.895141 0.384615
vt 0.895141 0.461538
vt 0.895141 0.538462
vt 0.895141 0.615385
vt 0.895141 0.692308
vt 0.895141 0.769231
vt 0.895141 0.846154
vt 0.892583 1.000000
vt 0.895141 0.923077
vt 0.897698 0.076923
vt 0.895141 0.000000
vt 0.897698 0.153846
vt 0.897698 0.230769
vt 0.897698 0.307692
vt 0.897698 0.384615
vt 0.897698 0.461538
vt 0.897698 0.538462
vt 0.897698 0.615385
vt 0.897698 0.692308
vt 0.897698 0.769231
vt 0.897698 0.846154
vt 0.895141 1.000000
vt 0.897698 0.923077
vt 0.900256 0.076923
vt 0.897698 0.000000
vt 0.900256 0.153846
vt 0.900256 0.230769
vt 0.900256 0.307692
vt 0.900256 0.384615
vt 0.900256 0.461538
vt 0.900256 0.538462
vt 0.900256 0.615385
vt 0.900256 0.692308
vt 0.900256 0.769231
vt 0.900256 0.846154
vt 0.897698 1.000000
vt 0.900256 0.923077
vt 0.902813 0.076923
vt 0.900256 0.000000
vt 0.902813 0.153846
vt 0.902813 0.230769
vt 0.902813 0.307692
vt 0.902813 0.384615
vt 0.902813 0.461538
vt 0.902813 0.538462
vt 0.902813 0.615385
vt 0.902813 0.692308
vt 0.902813 0.769231
vt 0.902813 0.846154
vt 0.900256 1.000000
vt 0.902813 0.923077
vt 0.905371 0.076923
vt 0.902813 0.000000
vt 0.905371 0.153846
vt 0.905371 0.230769
vt 0.905371 0.307692
vt 0.905371 0.384615
vt 0.905371 0.461538
vt 0.905371 0.538462
vt 0.905371 0.615385
vt 0.905371 0.692308
vt 0.905371 0.769231
vt 0.905371 0.846154
vt 0.902813 1.000000
vt 0.905371 0.923077
vt 0.907928 0.000000
vt 0.905371 0.000000
vt 0.907928 0.076923
vt 0.907928 0.153846
vt 0.907928 0.230769
vt 0.907928 0.307692
vt 0.907928 0.384615
vt 0.907928 0.538462
vt 0.907928 0.615385
vt 0.907928 0.692308
vt 0.907928 0.769231
vt 0.907928 0.846154
vt 0.907928 0.923077
vt 0.907928 1.000000
vt 0.905371 1.000000
vt 0.910486 0.000000
vt 0.910486 0.076923
vt 0.910486 0.153846
vt 0.910486 0.230769
vt 0.910486 0.307692
vt 0.907928 0.461538
vt 0.910486 0.384615
vt 0.910486 0.538462
vt 0.910486 0.615385
vt 0.910486 0.692308
vt 0.910486 0.769231
vt 0.910486 0.846154
vt 0.910486 0.923077
vt 0.910486 1.000000
vt 0.913043 0.000000
vt 0.913043 0.076923
vt 0.913043 0.153846
vt 0.913043 0.230769
vt 0.913043 0.307692
vt 0.910486 0.461538
vt 0.913043 0.384615
vt 0.913043 0.538462
vt 0.913043 0.615385
vt 0.913043 0.692308
vt 0.913043 0.769231
vt 0.913043 0.846154
vt 0.913043 0.923077
vt 0.913043 1.000000
vt 0.915601 0.000000
vt 0.915601 0.076923
vt 0.915601 0.153846
vt 0.915601 0.230769
vt 0.915601 0.307692
vt 0.913043 0.461538
vt 0.915601 0.384615
vt 0.915601 0.538462
vt 0.915601 0.615385
vt 0.915601 0.692308
vt 0.915601 0.769231
vt 0.915601 0.846154
vt 0.915601 0.923077
vt 0.915601 1.000000
vt 0.918159 0.076923
vt 0.918159 0.153846
vt 0.918159 0.230769
vt 0.918159 0.307692
vt 0.918159 0.384615
vt 0.915601 0.461538
vt 0.918159 0.538462
vt 0.918159 0.615385
vt 0.918159 0.692308
vt 0.918159 0.769231
vt 0.918159 0.846154
vt 0.918159 1.000000
vt 0.920716 0.076923
vt 0.918159 0.000000
vt 0.920716 0.153846
vt 0.920716 0.230769
vt 0.920716 0.307692
vt 0.920716 0.384615
vt 0.920716 0.461538
vt 0.918159 0.461538
vt 0.920716 0.538462
vt 0.920716 0.615385
vt 0.920716 0.692308
vt 0.920716 0.769231
vt 0.918159 0.923077
vt 0.920716 0.846154
vt 0.920716 0.923077
vt 0.923274 0.076923
vt 0.920716 0.000000
vt 0.923274 0.153846
vt 0.923274 0.230769
vt 0.923274 0.307692
vt 0.923274 0.384615
vt 0.923274 0.461538
vt 0.923274 0.538462
vt 0.923274 0.615385
vt 0.923274 0.692308
vt 0.923274 0.769231
vt 0.923274 0.846154
vt 0.920716 1.000000
vt 0.923274 0.923077
vt 0.925831 0.076923
vt 0.923274 0.000000
vt 0.925831 0.153846
vt 0.925831 0.230769
vt 0.925831 0.307692
vt 0.925831 0.384615
vt 0.925831 0.461538
vt 0.925831 0.538462
vt 0.925831 0.615385
vt 0.925831 0.692308
vt 0.925831 0.769231
vt 0.925831 0.846154
vt 0.923274 1.000000
vt 0.925831 0.923077
vt 0.928389 0.076923
vt 0.925831 0.000000
vt 0.928389 0.153846
vt 0.928389 0.230769
vt 0.928389 0.307692
vt 0.928389 0.384615
vt 0.928389 0.461538
vt 0.928389 0.538462
vt 0.928389 0.615385
vt 0.928389 0.692308
vt 0.928389 0.769231
vt 0.928389 0.846154
vt 0.925831 1.000000
vt 0.928389 0.923077
vt 0.930946 0.076923
vt 0.928389 0.000000
vt 0.930946 0.153846
vt 0.930946 0.230769
vt 0.930946 0.307692
vt 0.930946 0.384615
vt 0.930946 0.461538
vt 0.930946 0.538462
vt 0.930946 0.615385
vt 0.930946 0.692308
vt 0.930946 0.769231
vt 0.930946 0.846154
vt 0.928389 1.000000
vt 0.930946 0.923077
vt 0.933504 0.076923
vt 0.930946 0.000000
vt 0.933504 0.153846
vt 0.933504 0.230769
vt 0.933504 0.307692
vt 0.933504 0.384615
vt 0.933504 0.461538
vt 0.933504 0.538462
vt 0.933504 0.615385
vt 0.933504 0.692308
vt 0.933504 0.769231
vt 0.933504 0.846154
vt 0.930946 1.000000
vt 0.933504 0.923077
vt 0.936061 0.076923
vt 0.933504 0.000000
vt 0.936061 0.153846
vt 0.936061 0.230769
vt 0.936061 0.307692
vt 0.936061 0.384615
vt 0.936061 0.461538
vt 0.936061 0.538462
vt 0.936061 0.615385
vt 0.936061 0.692308
vt 0.936061 0.769231
vt 0.936061 0.846154
vt 0.933504 1.000000
vt 0.936061 0.923077
vt 0.938619 0.000000
vt 0.936061 0.000000
vt 0.938619 0.076923
vt 0.938619 0.153846
vt 0.938619 0.230769
vt 0.938619 0.307692
vt 0.938619 0.384615
vt 0.938619 0.538462
vt 0.938619 0.615385
vt 0.938619 0.692308
vt 0.938619 0.769231
vt 0.938619 0.846154
vt 0.938619 0.923077
vt 0.938619 1.000000
vt 0.936061 1.000000
vt 0.941176 0.000000
vt 0.941176 0.076923
vt 0.941176 0.153846
vt 0.941176 0.230769
vt 0.941176 0.307692
vt 0.938619 0.461538
vt 0.941176 0.384615
vt 0.941176 0.538462
vt 0.941176 0.615385
vt 0.941176 0.692308
vt 0.941176 0.769231
vt 0.941176 0.846154
vt 0.941176 0.923077
vt 0.941176 1.000000
vt 0.943734 0.000000
vt 0.943734 0.076923
vt 0.943734 0.153846
vt 0.943734 0.230769
vt 0.943734 0.307692
vt 0.941176 0.461538
vt 0.943734 0.384615
vt 0.943734 0.538462
vt 0.943734 0.615385
vt 0.943734 0.692308
vt 0.943734 0.769231
vt 0.943734 0.846154
vt 0.943734 0.923077
vt 0.943734 1.000000
vt 0.946292 0.076923
vt 0.946292 0.153846
vt 0.946292 0.230769
vt 0.946292 0.307692
vt 0.946292 0.384615
vt 0.946292 0.461538
vt 0.943734 0.461538
vt 0.946292 0.538462
vt 0.946292 0.615385
vt 0.946292 0.692308
vt 0.946292 0.769231
vt 0.946292 0.846154
vt 0.946292 1.000000
vt 0.948849 0.076923
vt 0.946292 0.000000
vt 0.948849 0.153846
vt 0.948849 0.230769
vt 0.948849 0.307692
vt 0.948849 0.384615
vt 0.948849 0.461538
vt 0.948849 0.538462
vt 0.948849 0.615385
vt 0.948849 0.692308
vt 0.948849 0.769231
vt 0.946292 0.923077
vt 0.948849 0.846154
vt 0.948849 0.923077
vt 0.951407 0.076923
vt 0.948849 0.000000
vt 0.951407 0.153846
vt 0.951407 0.230769
vt 0.951407 0.307692
vt 0.951407 0.384615
vt 0.951407 0.461538
vt 0.951407 0.538462
vt 0.951407 0.615385
vt 0.951407 0.692308
vt 0.951407 0.769231
vt 0.951407 0.846154
vt 0.948849 1.000000
vt 0.951407 0.923077
vt 0.953964 0.076923
vt 0.951407 0.000000
vt 0.953964 0.153846
vt 0.953964 0.230769
vt 0.953964 0.307692
vt 0.953964 0.384615
vt 0.953964 0.461538
vt 0.953964 0.538462
vt 0.953964 0.615385
vt 0.953964 0.692308
vt 0.953964 0.769231
vt 0.953964 0.846154
vt 0.951407 1.000000
vt 0.953964 0.923077
vt 0.956522 0.076923
vt 0.953964 0.000000
vt 0.956522 0.153846
vt 0.956522 0.230769
vt 0.956522 0.307692
vt 0.956522 0.384615
vt 0.956522 0.461538
vt 0.956522 0.538462
vt 0.956522 0.615385
vt 0.956522 0.692308
vt 0.956522 0.769231
vt 0.956522 0.846154
vt 0.953964 1.000000
vt 0.956522 0.923077
vt 0.959079 0.076923
vt 0.956522 0.000000
vt 0.959079 0.153846
vt 0.959079 0.230769
vt 0.959079 0.307692
vt 0.959079 0.384615
vt 0.959079 0.461538
vt 0.959079 0.538462
vt 0.959079 0.615385
vt 0.959079 0.692308
vt 0.959079 0.769231
vt 0.959079 0.846154
vt 0.956522 1.000000
vt 0.959079 0.923077
vt 0.961637 0.076923
vt 0.959079 0.000000
vt 0.961637 0.153846
vt 0.961637 0.230769
vt 0.961637 0.307692
vt 0.961637 0.384615
vt 0.961637 0.461538
vt 0.961637 0.538462
vt 0.961637 0.615385
vt 0.961637 0.692308
vt 0.961637 0.769231
vt 0.961637 0.846154
vt 0.959079 1.000000
vt 0.961637 0.923077
vt 0.964194 0.076923
vt 0.961637 0.000000
vt 0.964194 0.153846
vt 0.964194 0.230769
vt 0.964194 0.307692
vt 0.964194 0.384615
vt 0.964194 0.461538
vt 0.964194 0.538462
vt 0.964194 0.615385
vt 0.964194 0.692308
vt 0.964194 0.769231
vt 0.964194 0.846154
vt 0.961637 1.000000
vt 0.964194 0.923077
vt 0.966752 0.076923
vt 0.964194 0.000000
vt 0.966752 0.153846
vt 0.966752 0.230769
vt 0.966752 0.307692
vt 0.966752 0.384615
vt 0.966752 0.461538
vt 0.966752 0.538462
vt 0.966752 0.615385
vt 0.966752 0.692308
vt 0.966752 0.769231
vt 0.966752 0.846154
vt 0.964194 1.000000
vt 0.966752 0.923077
vt 0.969309 0.000000
vt 0.966752 0.000000
vt 0.969309 0.076923
vt 0.969309 0.153846
vt 0.969309 0.230769
vt 0.969309 0.307692
vt 0.969309 0.384615
vt 0.969309 0.538462
vt 0.969309 0.615385
vt 0.969309 0.692308
vt 0.969309 0.769231
vt 0.969309 0.846154
vt 0.969309 0.923077
vt 0.969309 1.000000
vt 0.966752 1.000000
vt 0.971867 0.000000
vt 0.971867 0.076923
vt 0.971867 0.153846
vt 0.971867 0.230769
vt 0.971867 0.307692
vt 0.969309 0.461538
vt 0.971867 0.384615
vt 0.971867 0.538462
vt 0.971867 0.615385
vt 0.971867 0.692308
vt 0.971867 0.769231
vt 0.971867 0.846154
vt 0.971867 0.923077
vt 0.971867 1.000000
vt 0.974425 0.076923
vt 0.974425 0.153846
vt 0.974425 0.230769
vt 0.974425 0.307692
vt 0.974425 0.384615
vt 0.974425 0.461538
vt 0.971867 0.461538
vt 0.974425 0.538462
vt 0.974425 0.615385
vt 0.974425 0.692308
vt 0.974425 0.769231
vt 0.974425 0.846154
vt 0.974425 0.923077
vt 0.976982 0.076923
vt 0.974425 0.000000
vt 0.976982 0.153846
vt 0.976982 0.230769
vt 0.976982 0.307692
vt 0.976982 0.384615
vt 0.976982 0.461538
vt 0.976982 0.538462
vt 0.976982 0.615385
vt 0.976982 0.692308
vt 0.976982 0.769231
vt 0.976982 0.846154
vt 0.974425 1.000000
vt 0.976982 0.923077
vt 0.979540 0.076923
vt 0.976982 0.000000
vt 0.979540 0.153846
vt 0.979540 0.230769
vt 0.979540 0.307692
vt 0.979540 0.384615
vt 0.979540 0.461538
vt 0.979540 0.538462
vt 0.979540 0.615385
vt 0.979540 0.692308
vt 0.979540 0.769231
vt 0.979540 0.846154
vt 0.976982 1.000000
vt 0.979540 0.923077
vt 0.982097 0.076923
vt 0.979540 0.000000
vt 0.982097 0.153846
vt 0.982097 0.230769
vt 0.982097 0.307692
vt 0.982097 0.384615
vt 0.982097 0.461538
vt 0.982097 0.538462
vt 0.982097 0.615385
vt 0.982097 0.692308
vt 0.982097 0.769231
vt 0.982097 0.846154
vt 0.979540 1.000000
vt 0.982097 0.923077
vt 0.984655 0.076923
vt 0.982097 0.000000
vt 0.984655 0.153846
vt 0.984655 0.230769
vt 0.984655 0.307692
vt 0.984655 0.384615
vt 0.984655 0.461538
vt 0.984655 0.538462
vt 0.984655 0.615385
vt 0.984655 0.692308
vt 0.984655 0.769231
vt 0.984655 0.846154
vt 0.982097 1.000000
vt 0.984655 0.923077
vt 0.987212 0.076923
vt 0.984655 0.000000
vt 0.987212 0.153846
vt 0.987212 0.230769
vt 0.987212 0.307692
vt 0.987212 0.384615
vt 0.987212 0.461538
vt 0.987212 0.538462
vt 0.987212 0.615385
vt 0.987212 0.692308
vt 0.987212 0.769231
vt 0.987212 0.846154
vt 0.984655 1.000000
vt 0.987212 0.923077
vt 0.989770 0.076923
vt 0.987212 0.000000
vt 0.989770 0.153846
vt 0.989770 0.230769
vt 0.989770 0.307692
vt 0.989770 0.384615
vt 0.989770 0.461538
vt 0.989770 0.538462
vt 0.989770 0.615385
vt 0.989770 0.692308
vt 0.989770 0.769231
vt 0.989770 0.846154
vt 0.987212 1.000000
vt 0.989770 0.923077
vt 0.992327 0.076923
vt 0.989770 0.000000
vt 0.992327 0.153846
vt 0.992327 0.230769
vt 0.992327 0.307692
vt 0.992327 0.384615
vt 0.992327 0.461538
vt 0.992327 0.538462
vt 0.992327 0.615385
vt 0.992327 0.692308
vt 0.992327 0.769231
vt 0.992327 0.846154
vt 0.989770 1.000000
vt 0.992327 0.923077
vt 0.994885 0.076923
vt 0.992327 0.000000
vt 0.994885 0.153846
vt 0.994885 0.230769
vt 0.994885 0.307692
vt 0.994885 0.384615
vt 0.994885 0.461538
vt 0.994885 0.538462
vt 0.994885 0.615385
vt 0.994885 0.692308
vt 0.994885 0.769231
vt 0.994885 0.846154
vt 0.992327 1.000000
vt 0.994885 0.923077
vt 0.997442 0.076923
vt 0.994885 0.000000
vt 0.997442 0.153846
vt 0.997442 0.230769
vt 0.997442 0.307692
vt 0.997442 0.384615
vt 0.997442 0.461538
vt 0.997442 0.538462
vt 0.997442 0.615385
vt 0.997442 0.692308
vt 0.997442 0.769231
vt 0.997442 0.846154
vt 0.994885 1.000000
vt 0.997442 0.923077
vt 1.000000 0.076923
vt 0.997442 0.000000
vt 1.000000 0.153846
vt 1.000000 0.230769
vt 1.000000 0.307692
vt 1.000000 0.384615
vt 1.000000 0.461538
vt 1.000000 0.538462
vt 1.000000 0.615385
vt 1.000000 0.692308
vt 1.000000 0.769231
vt 1.000000 0.846154
vt 0.997442 1.000000
vt 1.000000 0.923077
vt 1.000000 1.000000
s 0
usemtl マテリアル.001
f 231/1/1 230/2/1 233/3/1
f 232/4/2 231/1/2 233/3/2
f 76/5/1 75/6/1 74/7/1
f 77/8/1 76/5/1 74/7/1
f 74/7/3 73/9/3 77/8/3
f 78/10/1 77/8/1 73/9/1
f 158/11/1 62/12/1 159/13/1
f 144/14/1 143/15/1 158/11/1
f 145/16/1 144/14/1 158/11/1
f 146/17/1 145/16/1 158/11/1
f 158/11/1 157/18/1 146/17/1
f 147/19/1 146/17/1 157/18/1
f 157/18/1 156/20/1 147/19/1
f 148/21/1 147/19/1 156/20/1
f 156/20/1 155/22/1 148/21/1
f 149/23/1 148/21/1 155/22/1
f 155/22/1 154/24/1 149/23/1
f 150/25/1 149/23/1 154/24/1
f 154/24/1 153/26/1 150/25/1
f 151/27/1 150/25/1 153/26/1
f 153/26/1 152/28/1 151/27/1
f 78/10/3 73/9/3 79/29/3
f 73/9/4 72/30/4 79/29/4
f 80/31/1 79/29/1 72/30/1
f 72/30/1 71/32/1 80/31/1
f 71/32/1 70/33/1 80/31/1
f 70/33/1 69/34/1 80/31/1
f 81/35/5 80/31/5 69/34/5
f 69/34/1 68/36/1 81/35/1
f 68/36/1 67/37/1 81/35/1
f 67/37/1 66/38/1 81/35/1
f 66/38/1 65/39/1 81/35/1
f 65/39/1 64/40/1 81/35/1
f 64/40/1 63/41/1 81/35/1
f 63/41/1 62/12/1 81/35/1
f 82/42/1 81/35/1 62/12/1
f 83/43/1 82/42/1 62/12/1
f 84/44/1 83/43/1 62/12/1
f 85/45/1 84/44/1 62/12/1
f 86/46/1 85/45/1 62/12/1
f 87/47/1 86/46/1 62/12/1
f 88/48/1 87/47/1 62/12/1
f 89/49/1 88/48/1 62/12/1
f 90/50/1 89/49/1 62/12/1
f 91/51/1 90/50/1 62/12/1
f 92/52/1 91/51/1 62/12/1
f 130/53/1 129/54/1 158/11/1
f 131/55/1 130/53/1 158/11/1
f 132/56/1 131/55/1 158/11/1
f 133/57/1 132/56/1 158/11/1
f 134/58/1 133/57/1 158/11/1
f 135/59/1 134/58/1 158/11/1
f 136/60/6 135/59/6 158/11/6
f 137/61/1 136/60/1 158/11/1
f 138/62/1 137/61/1 158/11/1
f 139/63/1 138/62/1 158/11/1
f 140/64/1 139/63/1 158/11/1
f 141/65/1 140/64/1 158/11/1
f 142/66/1 141/65/1 158/11/1
f 158/11/1 143/15/1 142/66/1
f 256/67/1 255/68/1 161/69/1
f 161/69/1 257/70/1 256/67/1
f 92/52/1 62/12/1 93/71/1
f 94/72/1 93/71/1 62/12/1
f 95/73/1 94/72/1 62/12/1
f 96/74/1 95/73/1 62/12/1
f 97/75/1 96/74/1 62/12/1
f 98/76/1 97/75/1 62/12/1
f 99/77/1 98/76/1 62/12/1
f 100/78/1 99/77/1 62/12/1
f 101/79/1 100/78/1 62/12/1
f 102/80/1 101/79/1 62/12/1
f 103/81/1 102/80/1 62/12/1
f 104/82/1 103/81/1 62/12/1
f 105/83/1 104/82/1 62/12/1
f 106/84/1 105/83/1 62/12/1
f 107/85/1 106/84/1 62/12/1
f 108/86/1 107/85/1 62/12/1
f 109/87/1 108/86/1 62/12/1
f 110/88/1 109/87/1 62/12/1
f 111/89/1 110/88/1 62/12/1
f 62/12/1 158/11/1 111/89/1
f 112/90/1 111/89/1 158/11/1
f 113/91/1 112/90/1 158/11/1
f 114/92/1 113/91/1 158/11/1
f 115/93/1 114/92/1 158/11/1
f 116/94/1 115/93/1 158/11/1
f 117/95/1 116/94/1 158/11/1
f 118/96/1 117/95/1 158/11/1
f 119/97/1 118/96/1 158/11/1
f 120/98/1 119/97/1 158/11/1
f 121/99/1 120/98/1 158/11/1
f 122/100/1 121/99/1 158/11/1
f 123/101/1 122/100/1 158/11/1
f 124/102/1 123/101/1 158/11/1
f 125/103/1 124/102/1 158/11/1
f 126/104/1 125/103/1 158/11/1
f 127/105/1 126/104/1 158/11/1
f 128/106/1 127/105/1 158/11/1
f 158/11/1 129/54/1 128/106/1
f 183/107/1 182/108/1 184/109/1
f 185/110/1 184/109/1 182/108/1
f 182/108/1 181/111/1 185/110/1
f 186/112/1 185/110/1 181/111/1
f 181/111/1 180/113/1 186/112/1
f 187/114/1 186/112/1 180/113/1
f 180/113/1 179/115/1 187/114/1
f 188/116/1 187/114/1 179/115/1
f 179/115/1 178/117/1 188/116/1
f 189/118/1 188/116/1 178/117/1
f 178/117/1 177/119/1 189/118/1
f 190/120/1 189/118/1 177/119/1
f 177/119/1 176/121/1 190/120/1
f 191/122/1 190/120/1 176/121/1
f 176/121/1 175/123/1 191/122/1
f 192/124/1 191/122/1 175/123/1
f 175/123/1 174/125/1 192/124/1
f 193/126/1 192/124/1 174/125/1
f 174/125/1 173/127/1 193/126/1
f 194/128/1 193/126/1 173/127/1
f 173/127/1 172/129/1 194/128/1
f 195/130/1 194/128/1 172/129/1
f 172/129/1 171/131/1 195/130/1
f 196/132/1 195/130/1 171/131/1
f 171/131/1 170/133/1 196/132/1
f 197/134/1 196/132/1 170/133/1
f 170/133/1 169/135/1 197/134/1
f 198/136/1 197/134/1 169/135/1
f 169/135/1 168/137/1 198/136/1
f 168/137/1 167/138/1 198/136/1
f 199/139/1 198/136/1 167/138/1
f 167/138/1 166/140/1 199/139/1
f 200/141/1 199/139/1 166/140/1
f 166/140/1 165/142/1 200/141/1
f 201/143/1 200/141/1 165/142/1
f 202/144/1 201/143/1 165/142/1
f 165/142/1 164/145/1 202/144/1
f 203/146/1 202/144/1 164/145/1
f 164/145/1 163/147/1 203/146/1
f 204/148/1 203/146/1 163/147/1
f 163/147/1 162/149/1 204/148/1
f 205/150/1 204/148/1 162/149/1
f 162/149/1 161/69/1 205/150/1
f 206/151/1 205/150/1 161/69/1
f 207/152/1 206/151/1 161/69/1
f 208/153/1 207/152/1 161/69/1
f 209/154/1 208/153/1 161/69/1
f 210/155/1 209/154/1 161/69/1
f 211/156/1 210/155/1 161/69/1
f 212/157/1 211/156/1 161/69/1
f 213/158/1 212/157/1 161/69/1
f 214/159/1 213/158/1 161/69/1
f 215/160/1 214/159/1 161/69/1
f 216/161/1 215/160/1 161/69/1
f 217/162/1 216/161/1 161/69/1
f 218/163/1 217/162/1 161/69/1
f 219/164/1 218/163/1 161/69/1
f 220/165/1 219/164/1 161/69/1
f 221/166/1 220/165/1 161/69/1
f 161/69/1 255/68/1 221/166/1
f 222/167/1 221/166/1 255/68/1
f 255/68/5 254/168/5 222/167/5
f 223/169/6 222/167/6 254/168/6
f 254/168/5 253/170/5 223/169/5
f 224/171/1 223/169/1 253/170/1
f 253/170/1 252/172/1 224/171/1
f 225/173/1 224/171/1 252/172/1
f 252/172/5 251/174/5 225/173/5
f 226/175/1 225/173/1 251/174/1
f 251/174/1 250/176/1 226/175/1
f 227/177/1 226/175/1 250/176/1
f 228/178/5 227/177/5 250/176/5
f 250/176/6 249/179/6 228/178/6
f 229/180/1 228/178/1 249/179/1
f 230/2/5 229/180/5 249/179/5
f 249/179/6 248/181/6 230/2/6
f 233/3/1 230/2/1 248/181/1
f 234/182/1 233/3/1 248/181/1
f 235/183/1 234/182/1 248/181/1
f 248/181/1 247/184/1 235/183/1
f 236/185/1 235/183/1 247/184/1
f 237/186/7 236/185/7 247/184/7
f 247/184/1 246/187/1 237/186/1
f 238/188/1 237/186/1 246/187/1
f 239/189/1 238/188/1 246/187/1
f 240/190/1 239/189/1 246/187/1
f 246/187/1 245/191/1 240/190/1
f 241/192/1 240/190/1 245/191/1
f 242/193/8 241/192/8 245/191/8
f 243/194/1 242/193/1 245/191/1
f 244/195/1 243/194/1 245/191/1
f 262/196/8 261/197/8 258/198/8
f 261/197/9 260/199/9 258/198/9
f 259/200/1 258/198/1 260/199/1
f 268/201/1 267/202/1 258/198/1
f 267/202/1 266/203/1 258/198/1
f 266/203/1 265/204/1 258/198/1
f 265/204/1 264/205/1 258/198/1
f 264/205/10 263/206/10 258/198/10
f 262/196/1 258/198/1 263/206/1
f 271/207/11 270/208/11 272/209/11
f 280/210/1 279/211/1 258/198/1
f 279/211/1 278/212/1 258/198/1
f 278/212/1 277/213/1 258/198/1
f 277/213/1 276/214/1 258/198/1
f 276/214/1 275/215/1 258/198/1
f 275/215/1 274/216/1 258/198/1
f 274/216/1 273/217/1 258/198/1
f 273/217/4 272/209/4 258/198/4
f 272/209/1 270/208/1 258/198/1
f 270/208/1 269/218/1 258/198/1
f 268/201/1 258/198/1 269/218/1
f 305/219/1 304/220/1 160/221/1
f 304/220/1 303/222/1 160/221/1
f 303/222/1 302/223/1 160/221/1
f 302/223/1 301/224/1 160/221/1
f 301/224/1 300/225/1 160/221/1
f 300/225/1 299/226/1 160/221/1
f 299/226/1 298/227/1 160/221/1
f 298/227/1 297/228/1 160/221/1
f 297/228/1 296/229/1 160/221/1
f 296/229/1 295/230/1 160/221/1
f 295/230/1 294/231/1 160/221/1
f 294/231/1 293/232/1 160/221/1
f 293/232/1 292/233/1 160/221/1
f 292/233/1 291/234/1 160/221/1
f 291/234/1 290/235/1 160/221/1
f 290/235/1 289/236/1 160/221/1
f 289/236/1 288/237/1 160/221/1
f 288/237/1 287/238/1 160/221/1
f 287/238/1 286/239/1 160/221/1
f 286/239/1 285/240/1 160/221/1
f 285/240/1 284/241/1 160/221/1
f 258/198/1 160/221/1 284/241/1
f 284/241/5 283/242/5 258/198/5
f 283/242/1 282/243/1 258/198/1
f 282/243/1 281/244/1 258/198/1
f 280/210/6 258/198/6 281/244/6
f 353/245/5 352/246/5 332/247/5
f 333/248/1 332/247/1 352/246/1
f 352/246/6 351/249/6 333/248/6
f 351/249/1 350/250/1 333/248/1
f 350/250/1 349/251/1 333/248/1
f 334/252/1 333/248/1 349/251/1
f 349/251/5 348/253/5 334/252/5
f 348/253/1 347/254/1 334/252/1
f 347/254/5 346/255/5 334/252/5
f 346/255/6 345/256/6 334/252/6
f 335/257/1 334/252/1 345/256/1
f 345/256/1 344/258/1 335/257/1
f 336/259/1 335/257/1 344/258/1
f 344/258/1 343/260/1 336/259/1
f 337/261/6 336/259/6 343/260/6
f 338/262/1 337/261/1 343/260/1
f 343/260/1 342/263/1 338/262/1
f 339/264/1 338/262/1 342/263/1
f 340/265/12 339/264/12 342/263/12
f 341/266/11 340/265/11 342/263/11
f 305/219/1 160/221/1 306/267/1
f 60/268/1 59/269/1 61/270/1
f 359/271/1 358/272/1 360/273/1
f 61/270/1 59/269/1 58/274/1
f 58/274/6 57/275/6 61/270/6
f 57/275/1 56/276/1 61/270/1
f 61/270/1 56/276/1 55/277/1
f 366/278/1 365/279/1 356/280/1
f 365/279/1 364/281/1 356/280/1
f 364/281/1 363/282/1 356/280/1
f 363/282/1 362/283/1 356/280/1
f 357/284/1 356/280/1 362/283/1
f 362/283/1 361/285/1 357/284/1
f 358/272/1 357/284/1 361/285/1
f 360/273/1 358/272/1 361/285/1
f 49/286/1 48/287/1 47/288/1
f 49/286/6 47/288/6 46/289/6
f 46/289/1 45/290/1 49/286/1
f 45/290/1 44/291/1 49/286/1
f 49/286/1 44/291/1 50/292/1
f 44/291/7 43/293/7 50/292/7
f 43/293/1 42/294/1 50/292/1
f 42/294/1 41/295/1 50/292/1
f 51/296/6 50/292/6 41/295/6
f 41/295/5 40/297/5 51/296/5
f 52/298/6 51/296/6 40/297/6
f 40/297/1 39/299/1 52/298/1
f 53/300/5 52/298/5 39/299/5
f 54/301/1 53/300/1 39/299/1
f 55/277/6 54/301/6 39/299/6
f 61/270/1 55/277/1 39/299/1
f 39/299/1 38/302/1 61/270/1
f 38/302/1 37/303/1 61/270/1
f 378/304/1 377/305/1 356/280/1
f 377/305/1 376/306/1 356/280/1
f 376/306/1 375/307/1 356/280/1
f 375/307/1 374/308/1 356/280/1
f 374/308/1 373/309/1 356/280/1
f 373/309/1 372/310/1 356/280/1
f 372/310/1 371/311/1 356/280/1
f 371/311/1 370/312/1 356/280/1
f 370/312/1 369/313/1 356/280/1
f 369/313/1 368/314/1 356/280/1
f 368/314/1 367/315/1 356/280/1
f 366/278/6 356/280/6 367/315/6
f 61/270/1 37/303/1 36/316/1
f 36/316/1 35/317/1 61/270/1
f 35/317/1 34/318/1 61/270/1
f 34/318/1 33/319/1 61/270/1
f 33/319/1 32/320/1 61/270/1
f 32/320/1 31/321/1 61/270/1
f 31/321/1 30/322/1 61/270/1
f 30/322/1 29/323/1 61/270/1
f 29/323/1 28/324/1 61/270/1
f 28/324/1 27/325/1 61/270/1
f 27/325/1 26/326/1 61/270/1
f 26/326/1 25/327/1 61/270/1
f 25/327/1 24/328/1 61/270/1
f 24/328/1 23/329/1 61/270/1
f 23/329/1 22/330/1 61/270/1
f 22/330/1 21/331/1 61/270/1
f 21/331/1 20/332/1 61/270/1
f 20/332/1 19/333/1 61/270/1
f 19/333/1 18/334/1 61/270/1
f 18/334/1 17/335/1 61/270/1
f 17/335/1 16/336/1 61/270/1
f 16/336/1 15/337/1 61/270/1
f 15/337/1 14/338/1 61/270/1
f 14/338/1 13/339/1 61/270/1
f 13/339/1 12/340/1 61/270/1
f 356/280/1 61/270/1 12/340/1
f 12/340/1 11/341/1 356/280/1
f 11/341/1 10/342/1 356/280/1
f 10/342/1 9/343/1 356/280/1
f 9/343/1 8/344/1 356/280/1
f 8/344/1 7/345/1 356/280/1
f 7/345/1 6/346/1 356/280/1
f 6/346/1 5/347/1 356/280/1
f 5/347/1 4/348/1 356/280/1
f 4/348/1 3/349/1 356/280/1
f 3/349/1 2/350/1 356/280/1
f 2/350/1 1/351/1 356/280/1
f 1/351/1 391/352/1 356/280/1
f 391/352/1 390/353/1 356/280/1
f 390/353/1 389/354/1 356/280/1
f 389/354/1 388/355/1 356/280/1
f 388/355/1 387/356/1 356/280/1
f 387/356/1 386/357/1 356/280/1
f 386/357/1 385/358/1 356/280/1
f 385/358/1 384/359/1 356/280/1
f 384/359/1 383/360/1 356/280/1
f 383/360/1 382/361/1 356/280/1
f 382/361/1 381/362/1 356/280/1
f 381/362/1 380/363/1 356/280/1
f 380/363/1 379/364/1 356/280/1
f 378/304/5 356/280/5 379/364/5
f 61/270/1 356/280/1 355/365/1
f 160/221/1 355/365/1 354/366/1
f 306/267/1 160/221/1 354/366/1
f 307/367/1 306/267/1 354/366/1
f 308/368/1 307/367/1 354/366/1
f 309/369/1 308/368/1 354/366/1
f 310/370/1 309/369/1 354/366/1
f 311/371/1 310/370/1 354/366/1
f 312/372/1 311/371/1 354/366/1
f 313/373/1 312/372/1 354/366/1
f 314/374/1 313/373/1 354/366/1
f 315/375/1 314/374/1 354/366/1
f 316/376/1 315/375/1 354/366/1
f 317/377/1 316/376/1 354/366/1
f 318/378/1 317/377/1 354/366/1
f 319/379/1 318/378/1 354/366/1
f 320/380/1 319/379/1 354/366/1
f 321/381/1 320/380/1 354/366/1
f 322/382/1 321/381/1 354/366/1
f 323/383/1 322/382/1 354/366/1
f 324/384/1 323/383/1 354/366/1
f 325/385/1 324/384/1 354/366/1
f 326/386/1 325/385/1 354/366/1
f 327/387/1 326/386/1 354/366/1
f 328/388/1 327/387/1 354/366/1
f 329/389/1 328/388/1 354/366/1
f 330/390/1 329/389/1 354/366/1
f 331/391/1 330/390/1 354/366/1
f 332/247/1 331/391/1 354/366/1
f 353/245/1 332/247/1 354/366/1
f 159/13/1 62/12/1 61/270/1
f 61/270/1 355/365/1 159/13/1
f 355/365/1 160/221/1 159/13/1
f 257/70/1 161/69/1 160/221/1
f 160/221/1 258/198/1 257/70/1
f 622/1/13 624/3/13 621/2/13
f 623/4/14 624/3/14 622/1/14
f 467/5/13 465/7/13 466/6/13
f 468/8/13 465/7/13 467/5/13
f 465/7/15 468/8/15 464/9/15
f 469/10/13 464/9/13 468/8/13
f 549/11/13 550/13/13 453/12/13
f 535/14/13 549/11/13 534/15/13
f 536/16/13 549/11/13 535/14/13
f 537/17/13 549/11/13 536/16/13
f 549/11/13 537/17/13 548/18/13
f 538/19/13 548/18/13 537/17/13
f 548/18/13 538/19/13 547/20/13
f 539/21/13 547/20/13 538/19/13
f 547/20/13 539/21/13 546/22/13
f 540/23/13 546/22/13 539/21/13
f 546/22/13 540/23/13 545/24/13
f 541/25/13 545/24/13 540/23/13
f 545/24/13 541/25/13 544/26/13
f 542/27/13 544/26/13 541/25/13
f 544/26/13 542/27/13 543/28/13
f 469/10/15 470/29/15 464/9/15
f 464/9/16 470/29/16 463/30/16
f 471/31/13 463/30/13 470/29/13
f 463/30/13 471/31/13 462/32/13
f 462/32/13 471/31/13 461/33/13
f 461/33/13 471/31/13 460/34/13
f 472/35/17 460/34/17 471/31/17
f 460/34/13 472/35/13 459/36/13
f 459/36/13 472/35/13 458/37/13
f 458/37/13 472/35/13 457/38/13
f 457/38/13 472/35/13 456/39/13
f 456/39/13 472/35/13 455/40/13
f 455/40/13 472/35/13 454/41/13
f 454/41/13 472/35/13 453/12/13
f 473/42/13 453/12/13 472/35/13
f 474/43/13 453/12/13 473/42/13
f 475/44/13 453/12/13 474/43/13
f 476/45/13 453/12/13 475/44/13
f 477/46/13 453/12/13 476/45/13
f 478/47/13 453/12/13 477/46/13
f 479/48/13 453/12/13 478/47/13
f 480/49/13 453/12/13 479/48/13
f 481/50/13 453/12/13 480/49/13
f 482/51/13 453/12/13 481/50/13
f 483/52/13 453/12/13 482/51/13
f 521/53/13 549/11/13 520/54/13
f 522/55/13 549/11/13 521/53/13
f 523/56/13 549/11/13 522/55/13
f 524/57/13 549/11/13 523/56/13
f 525/58/13 549/11/13 524/57/13
f 526/59/13 549/11/13 525/58/13
f 527/60/18 549/11/18 526/59/18
f 528/61/13 549/11/13 527/60/13
f 529/62/13 549/11/13 528/61/13
f 530/63/13 549/11/13 529/62/13
f 531/64/13 549/11/13 530/63/13
f 532/65/13 549/11/13 531/64/13
f 533/66/13 549/11/13 532/65/13
f 549/11/13 533/66/13 534/15/13
f 647/67/13 552/69/13 646/68/13
f 552/69/13 647/67/13 648/70/13
f 483/52/13 484/71/13 453/12/13
f 485/72/13 453/12/13 484/71/13
f 486/73/13 453/12/13 485/72/13
f 487/74/13 453/12/13 486/73/13
f 488/75/13 453/12/13 487/74/13
f 489/76/13 453/12/13 488/75/13
f 490/77/13 453/12/13 489/76/13
f 491/78/13 453/12/13 490/77/13
f 492/79/13 453/12/13 491/78/13
f 493/80/13 453/12/13 492/79/13
f 494/81/13 453/12/13 493/80/13
f 495/82/13 453/12/13 494/81/13
f 496/83/13 453/12/13 495/82/13
f 497/84/13 453/12/13 496/83/13
f 498/85/13 453/12/13 497/84/13
f 499/86/13 453/12/13 498/85/13
f 500/87/13 453/12/13 499/86/13
f 501/88/13 453/12/13 500/87/13
f 502/89/13 453/12/13 501/88/13
f 453/12/13 502/89/13 549/11/13
f 503/90/13 549/11/13 502/89/13
f 504/91/13 549/11/13 503/90/13
f 505/92/13 549/11/13 504/91/13
f 506/93/13 549/11/13 505/92/13
f 507/94/13 549/11/13 506/93/13
f 508/95/13 549/11/13 507/94/13
f 509/96/13 549/11/13 508/95/13
f 510/97/13 549/11/13 509/96/13
f 511/98/13 549/11/13 510/97/13
f 512/99/13 549/11/13 511/98/13
f 513/100/13 549/11/13 512/99/13
f 514/101/13 549/11/13 513/100/13
f 515/102/13 549/11/13 514/101/13
f 516/103/13 549/11/13 515/102/13
f 517/104/13 549/11/13 516/103/13
f 518/105/13 549/11/13 517/104/13
f 519/106/13 549/11/13 518/105/13
f 549/11/13 519/106/13 520/54/13
f 574/107/13 575/109/13 573/108/13
f 576/110/13 573/108/13 575/109/13
f 573/108/13 576/110/13 572/111/13
f 577/112/13 572/111/13 576/110/13
f 572/111/13 577/112/13 571/113/13
f 578/114/13 571/113/13 577/112/13
f 571/113/13 578/114/13 570/115/13
f 579/116/13 570/115/13 578/114/13
f 570/115/13 579/116/13 569/117/13
f 580/118/13 569/117/13 579/116/13
f 569/117/13 580/118/13 568/119/13
f 581/120/13 568/119/13 580/118/13
f 568/119/13 581/120/13 567/121/13
f 582/122/13 567/121/13 581/120/13
f 567/121/13 582/122/13 566/123/13
f 583/124/13 566/123/13 582/122/13
f 566/123/13 583/124/13 565/125/13
f 584/126/13 565/125/13 583/124/13
f 565/125/13 584/126/13 564/127/13
f 585/128/13 564/127/13 584/126/13
f 564/127/13 585/128/13 563/129/13
f 586/130/13 563/129/13 585/128/13
f 563/129/13 586/130/13 562/131/13
f 587/132/13 562/131/13 586/130/13
f 562/131/13 587/132/13 561/133/13
f 588/134/13 561/133/13 587/132/13
f 561/133/13 588/134/13 560/135/13
f 589/136/13 560/135/13 588/134/13
f 560/135/13 589/136/13 559/137/13
f 559/137/13 589/136/13 558/138/13
f 590/139/13 558/138/13 589/136/13
f 558/138/13 590/139/13 557/140/13
f 591/141/13 557/140/13 590/139/13
f 557/140/13 591/141/13 556/142/13
f 592/143/13 556/142/13 591/141/13
f 593/144/13 556/142/13 592/143/13
f 556/142/13 593/144/13 555/145/13
f 594/146/13 555/145/13 593/144/13
f 555/145/13 594/146/13 554/147/13
f 595/148/13 554/147/13 594/146/13
f 554/147/13 595/148/13 553/149/13
f 596/150/13 553/149/13 595/148/13
f 553/149/13 596/150/13 552/69/13
f 597/151/13 552/69/13 596/150/13
f 598/152/13 552/69/13 597/151/13
f 599/153/13 552/69/13 598/152/13
f 600/154/13 552/69/13 599/153/13
f 601/155/13 552/69/13 600/154/13
f 602/156/13 552/69/13 601/155/13
f 603/157/13 552/69/13 602/156/13
f 604/158/13 552/69/13 603/157/13
f 605/159/13 552/69/13 604/158/13
f 606/160/13 552/69/13 605/159/13
f 607/161/13 552/69/13 606/160/13
f 608/162/13 552/69/13 607/161/13
f 609/163/13 552/69/13 608/162/13
f 610/164/13 552/69/13 609/163/13
f 611/165/13 552/69/13 610/164/13
f 612/166/13 552/69/13 611/165/13
f 552/69/13 612/166/13 646/68/13
f 613/167/13 646/68/13 612/166/13
f 646/68/17 613/167/17 645/168/17
f 614/169/18 645/168/18 613/167/18
f 645/168/17 614/169/17 644/170/17
f 615/171/13 644/170/13 614/169/13
f 644/170/13 615/171/13 643/172/13
f 616/173/13 643/172/13 615/171/13
f 643/172/17 616/173/17 642/174/17
f 617/175/13 642/174/13 616/173/13
f 642/174/13 617/175/13 641/176/13
f 618/177/13 641/176/13 617/175/13
f 619/178/17 641/176/17 618/177/17
f 641/176/18 619/178/18 640/179/18
f 620/180/13 640/179/13 619/178/13
f 621/2/17 640/179/17 620/180/17
f 640/179/18 621/2/18 639/181/18
f 624/3/13 639/181/13 621/2/13
f 625/182/13 639/181/13 624/3/13
f 626/183/13 639/181/13 625/182/13
f 639/181/13 626/183/13 638/184/13
f 627/185/13 638/184/13 626/183/13
f 628/186/19 638/184/19 627/185/19
f 638/184/13 628/186/13 637/187/13
f 629/188/13 637/187/13 628/186/13
f 630/189/13 637/187/13 629/188/13
f 631/190/13 637/187/13 630/189/13
f 637/187/13 631/190/13 636/191/13
f 632/192/13 636/191/13 631/190/13
f 633/193/20 636/191/20 632/192/20
f 634/194/13 636/191/13 633/193/13
f 635/195/13 636/191/13 634/194/13
f 653/196/20 649/198/20 652/197/20
f 652/197/21 649/198/21 651/199/21
f 650/200/13 651/199/13 649/198/13
f 659/201/13 649/198/13 658/202/13
f 658/202/13 649/198/13 657/203/13
f 657/203/13 649/198/13 656/204/13
f 656/204/13 649/198/13 655/205/13
f 655/205/22 649/198/22 654/206/22
f 653/196/13 654/206/13 649/198/13
f 662/207/23 663/209/23 661/208/23
f 671/210/13 649/198/13 670/211/13
f 670/211/13 649/198/13 669/212/13
f 669/212/13 649/198/13 668/213/13
f 668/213/13 649/198/13 667/214/13
f 667/214/13 649/198/13 666/215/13
f 666/215/13 649/198/13 665/216/13
f 665/216/13 649/198/13 664/217/13
f 664/217/16 649/198/16 663/209/16
f 663/209/13 649/198/13 661/208/13
f 661/208/13 649/198/13 660/218/13
f 659/201/13 660/218/13 649/198/13
f 696/219/13 551/221/13 695/220/13
f 695/220/13 551/221/13 694/222/13
f 694/222/13 551/221/13 693/223/13
f 693/223/13 551/221/13 692/224/13
f 692/224/13 551/221/13 691/225/13
f 691/225/13 551/221/13 690/226/13
f 690/226/13 551/221/13 689/227/13
f 689/227/13 551/221/13 688/228/13
f 688/228/13 551/221/13 687/229/13
f 687/229/13 551/221/13 686/230/13
f 686/230/13 551/221/13 685/231/13
f 685/231/13 551/221/13 684/232/13
f 684/232/13 551/221/13 683/233/13
f 683/233/13 551/221/13 682/234/13
f 682/234/13 551/221/13 681/235/13
f 681/235/13 551/221/13 680/236/13
f 680/236/13 551/221/13 679/237/13
f 679/237/13 551/221/13 678/238/13
f 678/238/13 551/221/13 677/239/13
f 677/239/13 551/221/13 676/240/13
f 676/240/13 551/221/13 675/241/13
f 649/198/13 675/241/13 551/221/13
f 675/241/17 649/198/17 674/242/17
f 674/242/13 649/198/13 673/243/13
f 673/243/13 649/198/13 672/244/13
f 671/210/18 672/244/18 649/198/18
f 744/245/17 723/247/17 743/246/17
f 724/248/13 743/246/13 723/247/13
f 743/246/18 724/248/18 742/249/18
f 742/249/13 724/248/13 741/250/13
f 741/250/13 724/248/13 740/251/13
f 725/252/13 740/251/13 724/248/13
f 740/251/17 725/252/17 739/253/17
f 739/253/13 725/252/13 738/254/13
f 738/254/17 725/252/17 737/255/17
f 737/255/18 725/252/18 736/256/18
f 726/257/13 736/256/13 725/252/13
f 736/256/13 726/257/13 735/258/13
f 727/259/13 735/258/13 726/257/13
f 735/258/13 727/259/13 734/260/13
f 728/261/18 734/260/18 727/259/18
f 729/262/13 734/260/13 728/261/13
f 734/260/13 729/262/13 733/263/13
f 730/264/13 733/263/13 729/262/13
f 731/265/24 733/263/24 730/264/24
f 732/266/23 733/263/23 731/265/23
f 696/219/13 697/267/13 551/221/13
f 451/268/13 452/270/13 450/269/13
f 750/271/13 751/273/13 749/272/13
f 452/270/13 449/274/13 450/269/13
f 449/274/18 452/270/18 448/275/18
f 448/275/13 452/270/13 447/276/13
f 452/270/13 446/277/13 447/276/13
f 757/278/13 747/280/13 756/279/13
f 756/279/13 747/280/13 755/281/13
f 755/281/13 747/280/13 754/282/13
f 754/282/13 747/280/13 753/283/13
f 748/284/13 753/283/13 747/280/13
f 753/283/13 748/284/13 752/285/13
f 749/272/13 752/285/13 748/284/13
f 751/273/13 752/285/13 749/272/13
f 440/286/13 438/288/13 439/287/13
f 440/286/18 437/289/18 438/288/18
f 437/289/13 440/286/13 436/290/13
f 436/290/13 440/286/13 435/291/13
f 440/286/13 441/292/13 435/291/13
f 435/291/19 441/292/19 434/293/19
f 434/293/13 441/292/13 433/294/13
f 433/294/13 441/292/13 432/295/13
f 442/296/18 432/295/18 441/292/18
f 432/295/17 442/296/17 431/297/17
f 443/298/18 431/297/18 442/296/18
f 431/297/13 443/298/13 430/299/13
f 444/300/17 430/299/17 443/298/17
f 445/301/13 430/299/13 444/300/13
f 446/277/18 430/299/18 445/301/18
f 452/270/13 430/299/13 446/277/13
f 430/299/13 452/270/13 429/302/13
f 429/302/13 452/270/13 428/303/13
f 769/304/13 747/280/13 768/305/13
f 768/305/13 747/280/13 767/306/13
f 767/306/13 747/280/13 766/307/13
f 766/307/13 747/280/13 765/308/13
f 765/308/13 747/280/13 764/309/13
f 764/309/13 747/280/13 763/310/13
f 763/310/13 747/280/13 762/311/13
f 762/311/13 747/280/13 761/312/13
f 761/312/13 747/280/13 760/313/13
f 760/313/13 747/280/13 759/314/13
f 759/314/13 747/280/13 758/315/13
f 757/278/18 758/315/18 747/280/18
f 452/270/13 427/316/13 428/303/13
f 427/316/13 452/270/13 426/317/13
f 426/317/13 452/270/13 425/318/13
f 425/318/13 452/270/13 424/319/13
f 424/319/13 452/270/13 423/320/13
f 423/320/13 452/270/13 422/321/13
f 422/321/13 452/270/13 421/322/13
f 421/322/13 452/270/13 420/323/13
f 420/323/13 452/270/13 419/324/13
f 419/324/13 452/270/13 418/325/13
f 418/325/13 452/270/13 417/326/13
f 417/326/13 452/270/13 416/327/13
f 416/327/13 452/270/13 415/328/13
f 415/328/13 452/270/13 414/329/13
f 414/329/13 452/270/13 413/330/13
f 413/330/13 452/270/13 412/331/13
f 412/331/13 452/270/13 411/332/13
f 411/332/13 452/270/13 410/333/13
f 410/333/13 452/270/13 409/334/13
f 409/334/13 452/270/13 408/335/13
f 408/335/13 452/270/13 407/336/13
f 407/336/13 452/270/13 406/337/13
f 406/337/13 452/270/13 405/338/13
f 405/338/13 452/270/13 404/339/13
f 404/339/13 452/270/13 403/340/13
f 747/280/13 403/340/13 452/270/13
f 403/340/13 747/280/13 402/341/13
f 402/341/13 747/280/13 401/342/13
f 401/342/13 747/280/13 400/343/13
f 400/343/13 747/280/13 399/344/13
f 399/344/13 747/280/13 398/345/13
f 398/345/13 747/280/13 397/346/13
f 397/346/13 747/280/13 396/347/13
f 396/347/13 747/280/13 395/348/13
f 395/348/13 747/280/13 394/349/13
f 394/349/13 747/280/13 393/350/13
f 393/350/13 747/280/13 392/351/13
f 392/351/13 747/280/13 782/352/13
f 782/352/13 747/280/13 781/353/13
f 781/353/13 747/280/13 780/354/13
f 780/354/13 747/280/13 779/355/13
f 779/355/13 747/280/13 778/356/13
f 778/356/13 747/280/13 777/357/13
f 777/357/13 747/280/13 776/358/13
f 776/358/13 747/280/13 775/359/13
f 775/359/13 747/280/13 774/360/13
f 774/360/13 747/280/13 773/361/13
f 773/361/13 747/280/13 772/362/13
f 772/362/13 747/280/13 771/363/13
f 771/363/13 747/280/13 770/364/13
f 769/304/17 770/364/17 747/280/17
f 452/270/13 746/365/13 747/280/13
f 551/221/13 745/366/13 746/365/13
f 697/267/13 745/366/13 551/221/13
f 698/367/13 745/366/13 697/267/13
f 699/368/13 745/366/13 698/367/13
f 700/369/13 745/366/13 699/368/13
f 701/370/13 745/366/13 700/369/13
f 702/371/13 745/366/13 701/370/13
f 703/372/13 745/366/13 702/371/13
f 704/373/13 745/366/13 703/372/13
f 705/374/13 745/366/13 704/373/13
f 706/375/13 745/366/13 705/374/13
f 707/376/13 745/366/13 706/375/13
f 708/377/13 745/366/13 707/376/13
f 709/378/13 745/366/13 708/377/13
f 710/379/13 745/366/13 709/378/13
f 711/380/13 745/366/13 710/379/13
f 712/381/13 745/366/13 711/380/13
f 713/382/13 745/366/13 712/381/13
f 714/383/13 745/366/13 713/382/13
f 715/384/13 745/366/13 714/383/13
f 716/385/13 745/366/13 715/384/13
f 717/386/13 745/366/13 716/385/13
f 718/387/13 745/366/13 717/386/13
f 719/388/13 745/366/13 718/387/13
f 720/389/13 745/366/13 719/388/13
f 721/390/13 745/366/13 720/389/13
f 722/391/13 745/366/13 721/390/13
f 723/247/13 745/366/13 722/391/13
f 744/245/13 745/366/13 723/247/13
f 550/13/13 452/270/13 453/12/13
f 452/270/13 550/13/13 746/365/13
f 746/365/13 550/13/13 551/221/13
f 648/70/13 551/221/13 552/69/13
f 551/221/13 648/70/13 649/198/13
s 1
f 798/392/25 783/351/26 784/393/26
f 785/394/26 798/392/25 784/393/26
f 800/395/25 785/394/26 786/396/26
f 801/397/25 786/396/26 787/398/26
f 802/399/25 787/398/26 788/400/26
f 803/401/27 788/400/26 789/402/28
f 804/403/29 789/402/28 790/404/30
f 791/405/31 804/403/29 790/404/30
f 792/406/31 805/407/32 791/405/31
f 793/408/31 806/409/32 792/406/31
f 794/410/31 807/411/32 793/408/31
f 809/412/32 794/410/31 795/413/31
f 796/414/31 809/412/32 795/413/31
f 812/415/33 797/416/34 798/392/25
f 813/417/33 798/392/25 799/418/25
f 814/419/33 799/418/25 800/395/25
f 815/420/33 800/395/25 801/397/25
f 816/421/33 801/397/25 802/399/25
f 817/422/35 802/399/25 803/401/27
f 818/423/36 803/401/27 804/403/29
f 805/407/32 818/423/36 804/403/29
f 806/409/32 819/424/37 805/407/32
f 807/411/32 820/425/37 806/409/32
f 808/426/32 821/427/37 807/411/32
f 809/412/32 822/428/37 808/426/32
f 810/429/38 823/430/37 809/412/32
f 826/431/39 811/432/33 812/415/33
f 827/433/40 812/415/33 813/417/33
f 828/434/39 813/417/33 814/419/33
f 829/435/39 814/419/33 815/420/33
f 830/436/39 815/420/33 816/421/33
f 831/437/41 816/421/33 817/422/35
f 832/438/42 817/422/35 818/423/36
f 819/424/37 832/438/42 818/423/36
f 820/425/37 833/439/43 819/424/37
f 821/427/37 834/440/43 820/425/37
f 822/428/37 835/441/43 821/427/37
f 823/430/37 836/442/44 822/428/37
f 824/443/37 837/444/43 823/430/37
f 840/445/45 825/446/39 826/431/39
f 841/447/45 826/431/39 827/433/40
f 842/448/45 827/433/40 828/434/39
f 843/449/45 828/434/39 829/435/39
f 844/450/45 829/435/39 830/436/39
f 845/451/46 830/436/39 831/437/41
f 846/452/47 831/437/41 832/438/42
f 833/439/43 846/452/47 832/438/42
f 834/440/43 847/453/48 833/439/43
f 835/441/43 848/454/48 834/440/43
f 836/442/44 849/455/48 835/441/43
f 837/444/43 850/456/48 836/442/44
f 838/457/43 851/458/48 837/444/43
f 854/459/49 839/460/45 840/445/45
f 855/461/49 840/445/45 841/447/45
f 856/462/49 841/447/45 842/448/45
f 857/463/49 842/448/45 843/449/45
f 858/464/49 843/449/45 844/450/45
f 859/465/50 844/450/45 845/451/46
f 860/466/51 845/451/46 846/452/47
f 847/453/48 860/466/51 846/452/47
f 848/454/48 861/467/52 847/453/48
f 849/455/48 862/468/52 848/454/48
f 850/456/48 863/469/52 849/455/48
f 851/458/48 864/470/52 850/456/48
f 852/471/48 865/472/52 851/458/48
f 868/473/53 853/474/49 854/459/49
f 869/475/53 854/459/49 855/461/49
f 870/476/53 855/461/49 856/462/49
f 871/477/53 856/462/49 857/463/49
f 872/478/53 857/463/49 858/464/49
f 873/479/54 858/464/49 859/465/50
f 874/480/55 859/465/50 860/466/51
f 861/467/52 874/480/55 860/466/51
f 862/468/52 875/481/56 861/467/52
f 863/469/52 876/482/56 862/468/52
f 864/470/52 877/483/56 863/469/52
f 865/472/52 878/484/56 864/470/52
f 866/485/52 879/486/56 865/472/52
f 882/487/57 867/488/53 868/473/53
f 883/489/57 868/473/53 869/475/53
f 884/490/57 869/475/53 870/476/53
f 885/491/57 870/476/53 871/477/53
f 886/492/57 871/477/53 872/478/53
f 887/493/58 872/478/53 873/479/54
f 888/494/59 873/479/54 874/480/55
f 875/481/56 888/494/59 874/480/55
f 876/482/56 889/495/60 875/481/56
f 877/483/56 890/496/60 876/482/56
f 878/484/56 891/497/60 877/483/56
f 879/486/56 892/498/60 878/484/56
f 880/499/56 893/500/60 879/486/56
f 896/501/61 881/502/57 882/487/57
f 897/503/61 882/487/57 883/489/57
f 898/504/61 883/489/57 884/490/57
f 899/505/61 884/490/57 885/491/57
f 900/506/61 885/491/57 886/492/57
f 901/507/62 886/492/57 887/493/58
f 902/508/63 887/493/58 888/494/59
f 889/495/60 902/508/63 888/494/59
f 890/496/60 903/509/64 889/495/60
f 891/497/60 904/510/64 890/496/60
f 892/498/60 905/511/64 891/497/60
f 893/500/60 906/512/64 892/498/60
f 894/513/60 907/514/64 893/500/60
f 910/515/65 895/516/61 896/501/61
f 911/517/66 896/501/61 897/503/61
f 912/518/65 897/503/61 898/504/61
f 913/519/65 898/504/61 899/505/61
f 914/520/65 899/505/61 900/506/61
f 915/521/67 900/506/61 901/507/62
f 916/522/68 901/507/62 902/508/63
f 903/509/64 916/522/68 902/508/63
f 904/510/64 917/523/69 903/509/64
f 905/511/64 918/524/69 904/510/64
f 906/512/64 919/525/70 905/511/64
f 907/514/64 920/526/69 906/512/64
f 908/527/64 921/528/69 907/514/64
f 924/529/71 909/530/66 910/515/65
f 925/531/71 910/515/65 911/517/66
f 926/532/71 911/517/66 912/518/65
f 927/533/71 912/518/65 913/519/65
f 928/534/71 913/519/65 914/520/65
f 929/535/72 914/520/65 915/521/67
f 930/536/73 915/521/67 916/522/68
f 917/523/69 930/536/73 916/522/68
f 918/524/69 931/537/74 917/523/69
f 919/525/70 932/538/74 918/524/69
f 920/526/69 933/539/74 919/525/70
f 921/528/69 934/540/74 920/526/69
f 922/541/70 935/542/74 921/528/69
f 938/543/75 923/544/71 924/529/71
f 939/545/75 924/529/71 925/531/71
f 940/546/75 925/531/71 926/532/71
f 941/547/75 926/532/71 927/533/71
f 942/548/75 927/533/71 928/534/71
f 943/549/76 928/534/71 929/535/72
f 944/550/77 929/535/72 930/536/73
f 931/537/74 944/550/77 930/536/73
f 932/538/74 945/551/78 931/537/74
f 933/539/74 946/552/78 932/538/74
f 934/540/74 947/553/78 933/539/74
f 935/542/74 948/554/78 934/540/74
f 936/555/74 949/556/78 935/542/74
f 952/557/79 937/558/75 938/543/75
f 953/559/79 938/543/75 939/545/75
f 954/560/79 939/545/75 940/546/75
f 955/561/79 940/546/75 941/547/75
f 956/562/79 941/547/75 942/548/75
f 957/563/80 942/548/75 943/549/76
f 958/564/81 943/549/76 944/550/77
f 945/551/78 958/564/81 944/550/77
f 946/552/78 959/565/82 945/551/78
f 947/553/78 960/566/82 946/552/78
f 948/554/78 961/567/82 947/553/78
f 949/556/78 962/568/82 948/554/78
f 950/569/78 963/570/82 949/556/78
f 952/557/79 965/571/83 951/572/79
f 953/559/79 966/573/83 952/557/79
f 954/560/79 967/574/83 953/559/79
f 955/561/79 968/575/83 954/560/79
f 956/562/79 969/576/83 955/561/79
f 957/563/80 970/577/83 956/562/79
f 972/578/84 957/563/80 958/564/81
f 973/579/85 958/564/81 959/565/82
f 974/580/85 959/565/82 960/566/82
f 975/581/85 960/566/82 961/567/82
f 976/582/85 961/567/82 962/568/82
f 977/583/85 962/568/82 963/570/82
f 978/584/85 963/570/82 964/585/82
f 966/573/83 979/586/86 965/571/83
f 967/574/83 980/587/86 966/573/83
f 968/575/83 981/588/86 967/574/83
f 969/576/83 982/589/86 968/575/83
f 970/577/83 983/590/86 969/576/83
f 971/591/87 984/592/86 970/577/83
f 986/593/88 971/591/87 972/578/84
f 987/594/89 972/578/84 973/579/85
f 988/595/89 973/579/85 974/580/85
f 989/596/89 974/580/85 975/581/85
f 990/597/89 975/581/85 976/582/85
f 991/598/89 976/582/85 977/583/85
f 992/599/89 977/583/85 978/584/85
f 980/587/86 993/600/90 979/586/86
f 981/588/86 994/601/90 980/587/86
f 982/589/86 995/602/90 981/588/86
f 983/590/86 996/603/90 982/589/86
f 984/592/86 997/604/90 983/590/86
f 985/605/91 998/606/90 984/592/86
f 1000/607/92 985/605/91 986/593/88
f 1001/608/93 986/593/88 987/594/89
f 1002/609/93 987/594/89 988/595/89
f 1003/610/93 988/595/89 989/596/89
f 1004/611/93 989/596/89 990/597/89
f 1005/612/93 990/597/89 991/598/89
f 1006/613/93 991/598/89 992/599/89
f 994/601/90 1007/614/94 993/600/90
f 995/602/90 1008/615/94 994/601/90
f 996/603/90 1009/616/94 995/602/90
f 997/604/90 1010/617/94 996/603/90
f 998/606/90 1011/618/94 997/604/90
f 999/619/95 1012/620/94 998/606/90
f 1014/621/96 999/619/95 1000/607/92
f 1015/622/97 1000/607/92 1001/608/93
f 1016/623/97 1001/608/93 1002/609/93
f 1017/624/97 1002/609/93 1003/610/93
f 1018/625/97 1003/610/93 1004/611/93
f 1019/626/97 1004/611/93 1005/612/93
f 1020/627/97 1005/612/93 1006/613/93
f 1008/615/94 1021/628/98 1007/614/94
f 1009/616/94 1022/629/98 1008/615/94
f 1010/617/94 1023/630/98 1009/616/94
f 1011/618/94 1024/631/98 1010/617/94
f 1012/620/94 1025/632/98 1011/618/94
f 1013/633/99 1026/634/98 1012/620/94
f 1028/635/100 1013/633/99 1014/621/96
f 1029/636/101 1014/621/96 1015/622/97
f 1030/637/101 1015/622/97 1016/623/97
f 1031/638/101 1016/623/97 1017/624/97
f 1032/639/101 1017/624/97 1018/625/97
f 1033/640/101 1018/625/97 1019/626/97
f 1034/641/101 1019/626/97 1020/627/97
f 1022/629/98 1035/642/102 1021/628/98
f 1023/630/98 1036/643/102 1022/629/98
f 1024/631/98 1037/644/103 1023/630/98
f 1025/632/98 1038/645/102 1024/631/98
f 1026/634/98 1039/646/102 1025/632/98
f 1027/647/104 1040/648/102 1026/634/98
f 1042/649/105 1027/647/104 1028/635/100
f 1043/650/106 1028/635/100 1029/636/101
f 1044/651/106 1029/636/101 1030/637/101
f 1045/652/106 1030/637/101 1031/638/101
f 1046/653/107 1031/638/101 1032/639/101
f 1047/654/106 1032/639/101 1033/640/101
f 1048/655/106 1033/640/101 1034/641/101
f 1036/643/102 1049/656/108 1035/642/102
f 1037/644/103 1050/657/109 1036/643/102
f 1038/645/102 1051/658/108 1037/644/103
f 1039/646/102 1052/659/109 1038/645/102
f 1040/648/102 1053/660/109 1039/646/102
f 1041/661/110 1054/662/108 1040/648/102
f 1056/663/111 1041/661/110 1042/649/105
f 1057/664/112 1042/649/105 1043/650/106
f 1058/665/113 1043/650/106 1044/651/106
f 1059/666/113 1044/651/106 1045/652/106
f 1060/667/112 1045/652/106 1046/653/107
f 1061/668/113 1046/653/107 1047/654/106
f 1062/669/112 1047/654/106 1048/655/106
f 1050/657/109 1063/670/114 1049/656/108
f 1051/658/108 1064/671/115 1050/657/109
f 1052/659/109 1065/672/115 1051/658/108
f 1053/660/109 1066/673/115 1052/659/109
f 1054/662/108 1067/674/115 1053/660/109
f 1055/675/116 1068/676/115 1054/662/108
f 1070/677/117 1055/675/116 1056/663/111
f 1071/678/118 1056/663/111 1057/664/112
f 1072/679/118 1057/664/112 1058/665/113
f 1073/680/118 1058/665/113 1059/666/113
f 1074/681/118 1059/666/113 1060/667/112
f 1075/682/118 1060/667/112 1061/668/113
f 1076/683/119 1061/668/113 1062/669/112
f 1064/671/115 1077/684/120 1063/670/114
f 1065/672/115 1078/685/121 1064/671/115
f 1066/673/115 1079/686/120 1065/672/115
f 1067/674/115 1080/687/120 1066/673/115
f 1068/676/115 1081/688/120 1067/674/115
f 1069/689/122 1082/690/120 1068/676/115
f 1084/691/123 1069/689/122 1070/677/117
f 1085/692/124 1070/677/117 1071/678/118
f 1086/693/124 1071/678/118 1072/679/118
f 1087/694/124 1072/679/118 1073/680/118
f 1088/695/124 1073/680/118 1074/681/118
f 1089/696/125 1074/681/118 1075/682/118
f 1090/697/124 1075/682/118 1076/683/119
f 1078/685/121 1091/698/126 1077/684/120
f 1079/686/120 1092/699/127 1078/685/121
f 1080/687/120 1093/700/126 1079/686/120
f 1081/688/120 1094/701/127 1080/687/120
f 1082/690/120 1095/702/126 1081/688/120
f 1083/703/128 1096/704/126 1082/690/120
f 1098/705/129 1083/703/128 1084/691/123
f 1099/706/130 1084/691/123 1085/692/124
f 1100/707/131 1085/692/124 1086/693/124
f 1101/708/131 1086/693/124 1087/694/124
f 1102/709/131 1087/694/124 1088/695/124
f 1103/710/131 1088/695/124 1089/696/125
f 1104/711/131 1089/696/125 1090/697/124
f 1092/699/127 1105/712/132 1091/698/126
f 1093/700/126 1106/713/132 1092/699/127
f 1094/701/127 1107/714/133 1093/700/126
f 1095/702/126 1108/715/132 1094/701/127
f 1096/704/126 1109/716/132 1095/702/126
f 1097/717/134 1110/718/132 1096/704/126
f 1112/719/135 1097/717/134 1098/705/129
f 1113/720/136 1098/705/129 1099/706/130
f 1114/721/136 1099/706/130 1100/707/131
f 1115/722/136 1100/707/131 1101/708/131
f 1116/723/136 1101/708/131 1102/709/131
f 1117/724/136 1102/709/131 1103/710/131
f 1118/725/136 1103/710/131 1104/711/131
f 1120/726/137 1105/712/132 1106/713/132
f 1121/727/137 1106/713/132 1107/714/133
f 1122/728/137 1107/714/133 1108/715/132
f 1123/729/137 1108/715/132 1109/716/132
f 1124/730/137 1109/716/132 1110/718/132
f 1125/731/138 1110/718/132 1111/732/139
f 1126/733/140 1111/732/139 1112/719/135
f 1113/720/136 1126/733/140 1112/719/135
f 1114/721/136 1127/734/141 1113/720/136
f 1115/722/136 1128/735/142 1114/721/136
f 1116/723/136 1129/736/141 1115/722/136
f 1117/724/136 1130/737/141 1116/723/136
f 1118/725/136 1131/738/141 1117/724/136
f 1134/739/143 1119/740/144 1120/726/137
f 1135/741/145 1120/726/137 1121/727/137
f 1136/742/143 1121/727/137 1122/728/137
f 1137/743/145 1122/728/137 1123/729/137
f 1138/744/143 1123/729/137 1124/730/137
f 1139/745/146 1124/730/137 1125/731/138
f 1140/746/147 1125/731/138 1126/733/140
f 1127/734/141 1140/746/147 1126/733/140
f 1128/735/142 1141/747/148 1127/734/141
f 1129/736/141 1142/748/149 1128/735/142
f 1130/737/141 1143/749/148 1129/736/141
f 1131/738/141 1144/750/149 1130/737/141
f 1132/751/142 1145/752/148 1131/738/141
f 1134/739/143 1147/753/150 1133/754/145
f 1135/741/145 1148/755/150 1134/739/143
f 1136/742/143 1149/756/150 1135/741/145
f 1137/743/145 1150/757/150 1136/742/143
f 1138/744/143 1151/758/150 1137/743/145
f 1139/745/146 1152/759/150 1138/744/143
f 1154/760/151 1139/745/146 1140/746/147
f 1155/761/152 1140/746/147 1141/747/148
f 1156/762/152 1141/747/148 1142/748/149
f 1157/763/152 1142/748/149 1143/749/148
f 1158/764/152 1143/749/148 1144/750/149
f 1159/765/152 1144/750/149 1145/752/148
f 1160/766/152 1145/752/148 1146/767/149
f 1148/755/150 1161/768/153 1147/753/150
f 1149/756/150 1162/769/154 1148/755/150
f 1150/757/150 1163/770/153 1149/756/150
f 1151/758/150 1164/771/153 1150/757/150
f 1152/759/150 1165/772/153 1151/758/150
f 1153/773/155 1166/774/153 1152/759/150
f 1168/775/156 1153/773/155 1154/760/151
f 1169/776/157 1154/760/151 1155/761/152
f 1170/777/157 1155/761/152 1156/762/152
f 1171/778/157 1156/762/152 1157/763/152
f 1172/779/157 1157/763/152 1158/764/152
f 1173/780/157 1158/764/152 1159/765/152
f 1174/781/157 1159/765/152 1160/766/152
f 1162/769/154 1175/782/158 1161/768/153
f 1163/770/153 1176/783/159 1162/769/154
f 1164/771/153 1177/784/160 1163/770/153
f 1165/772/153 1178/785/158 1164/771/153
f 1166/774/153 1179/786/158 1165/772/153
f 1167/787/161 1180/788/158 1166/774/153
f 1182/789/162 1167/787/161 1168/775/156
f 1183/790/163 1168/775/156 1169/776/157
f 1184/791/163 1169/776/157 1170/777/157
f 1185/792/164 1170/777/157 1171/778/157
f 1186/793/165 1171/778/157 1172/779/157
f 1187/794/164 1172/779/157 1173/780/157
f 1188/795/163 1173/780/157 1174/781/157
f 1176/783/159 1189/796/166 1175/782/158
f 1177/784/160 1190/797/167 1176/783/159
f 1178/785/158 1191/798/166 1177/784/160
f 1179/786/158 1192/799/166 1178/785/158
f 1180/788/158 1193/800/166 1179/786/158
f 1181/801/168 1194/802/167 1180/788/158
f 1196/803/169 1181/801/168 1182/789/162
f 1197/804/170 1182/789/162 1183/790/163
f 1198/805/171 1183/790/163 1184/791/163
f 1199/806/170 1184/791/163 1185/792/164
f 1200/807/171 1185/792/164 1186/793/165
f 1201/808/170 1186/793/165 1187/794/164
f 1202/809/171 1187/794/164 1188/795/163
f 1190/797/167 1203/810/172 1189/796/166
f 1191/798/166 1204/811/173 1190/797/167
f 1192/799/166 1205/812/174 1191/798/166
f 1193/800/166 1206/813/173 1192/799/166
f 1194/802/167 1207/814/173 1193/800/166
f 1195/815/175 1208/816/173 1194/802/167
f 1210/817/176 1195/815/175 1196/803/169
f 1211/818/177 1196/803/169 1197/804/170
f 1212/819/178 1197/804/170 1198/805/171
f 1213/820/177 1198/805/171 1199/806/170
f 1214/821/178 1199/806/170 1200/807/171
f 1215/822/177 1200/807/171 1201/808/170
f 1216/823/179 1201/808/170 1202/809/171
f 1204/811/173 1217/824/180 1203/810/172
f 1205/812/174 1218/825/181 1204/811/173
f 1206/813/173 1219/826/181 1205/812/174
f 1207/814/173 1220/827/181 1206/813/173
f 1208/816/173 1221/828/181 1207/814/173
f 1209/829/182 1222/830/181 1208/816/173
f 1224/831/183 1209/829/182 1210/817/176
f 1225/832/184 1210/817/176 1211/818/177
f 1226/833/184 1211/818/177 1212/819/178
f 1227/834/184 1212/819/178 1213/820/177
f 1228/835/184 1213/820/177 1214/821/178
f 1229/836/184 1214/821/178 1215/822/177
f 1230/837/185 1215/822/177 1216/823/179
f 1218/825/181 1231/838/186 1217/824/180
f 1219/826/181 1232/839/187 1218/825/181
f 1220/827/181 1233/840/187 1219/826/181
f 1221/828/181 1234/841/187 1220/827/181
f 1222/830/181 1235/842/187 1221/828/181
f 1223/843/188 1236/844/187 1222/830/181
f 1238/845/189 1223/843/188 1224/831/183
f 1239/846/190 1224/831/183 1225/832/184
f 1240/847/190 1225/832/184 1226/833/184
f 1241/848/190 1226/833/184 1227/834/184
f 1242/849/190 1227/834/184 1228/835/184
f 1243/850/190 1228/835/184 1229/836/184
f 1244/851/190 1229/836/184 1230/837/185
f 1232/839/187 1245/852/191 1231/838/186
f 1233/840/187 1246/853/191 1232/839/187
f 1234/841/187 1247/854/191 1233/840/187
f 1235/842/187 1248/855/191 1234/841/187
f 1236/844/187 1249/856/191 1235/842/187
f 1237/857/192 1250/858/191 1236/844/187
f 1252/859/193 1237/857/192 1238/845/189
f 1253/860/194 1238/845/189 1239/846/190
f 1254/861/194 1239/846/190 1240/847/190
f 1255/862/194 1240/847/190 1241/848/190
f 1256/863/194 1241/848/190 1242/849/190
f 1257/864/194 1242/849/190 1243/850/190
f 1258/865/194 1243/850/190 1244/851/190
f 1246/853/191 1259/866/195 1245/852/191
f 1247/854/191 1260/867/195 1246/853/191
f 1248/855/191 1261/868/195 1247/854/191
f 1249/856/191 1262/869/195 1248/855/191
f 1250/858/191 1263/870/195 1249/856/191
f 1251/871/196 1264/872/195 1250/858/191
f 1266/873/197 1251/871/196 1252/859/193
f 1267/874/198 1252/859/193 1253/860/194
f 1268/875/198 1253/860/194 1254/861/194
f 1269/876/198 1254/861/194 1255/862/194
f 1270/877/198 1255/862/194 1256/863/194
f 1271/878/198 1256/863/194 1257/864/194
f 1272/879/198 1257/864/194 1258/865/194
f 1260/867/195 1273/880/199 1259/866/195
f 1261/868/195 1274/881/199 1260/867/195
f 1262/869/195 1275/882/199 1261/868/195
f 1263/870/195 1276/883/199 1262/869/195
f 1264/872/195 1277/884/199 1263/870/195
f 1265/885/200 1278/886/199 1264/872/195
f 1280/887/201 1265/885/200 1266/873/197
f 1281/888/202 1266/873/197 1267/874/198
f 1282/889/202 1267/874/198 1268/875/198
f 1283/890/202 1268/875/198 1269/876/198
f 1284/891/202 1269/876/198 1270/877/198
f 1285/892/202 1270/877/198 1271/878/198
f 1286/893/203 1271/878/198 1272/879/198
f 1288/894/204 1273/880/199 1274/881/199
f 1289/895/204 1274/881/199 1275/882/199
f 1290/896/204 1275/882/199 1276/883/199
f 1291/897/204 1276/883/199 1277/884/199
f 1292/898/204 1277/884/199 1278/886/199
f 1293/899/205 1278/886/199 1279/900/206
f 1294/901/207 1279/900/206 1280/887/201
f 1281/888/202 1294/901/207 1280/887/201
f 1282/889/202 1295/902/208 1281/888/202
f 1283/890/202 1296/903/208 1282/889/202
f 1284/891/202 1297/904/208 1283/890/202
f 1285/892/202 1298/905/208 1284/891/202
f 1286/893/203 1299/906/208 1285/892/202
f 1302/907/209 1287/908/204 1288/894/204
f 1303/909/210 1288/894/204 1289/895/204
f 1304/910/209 1289/895/204 1290/896/204
f 1305/911/210 1290/896/204 1291/897/204
f 1306/912/210 1291/897/204 1292/898/204
f 1307/913/211 1292/898/204 1293/899/205
f 1308/914/212 1293/899/205 1294/901/207
f 1295/902/208 1308/914/212 1294/901/207
f 1296/903/208 1309/915/213 1295/902/208
f 1297/904/208 1310/916/214 1296/903/208
f 1298/905/208 1311/917/214 1297/904/208
f 1299/906/208 1312/918/213 1298/905/208
f 1300/919/208 1313/920/214 1299/906/208
f 1302/907/209 1315/921/215 1301/922/210
f 1303/909/210 1316/923/215 1302/907/209
f 1304/910/209 1317/924/215 1303/909/210
f 1305/911/210 1318/925/215 1304/910/209
f 1306/912/210 1319/926/215 1305/911/210
f 1307/913/211 1320/927/215 1306/912/210
f 1322/928/216 1307/913/211 1308/914/212
f 1323/929/217 1308/914/212 1309/915/213
f 1324/930/217 1309/915/213 1310/916/214
f 1325/931/217 1310/916/214 1311/917/214
f 1326/932/217 1311/917/214 1312/918/213
f 1327/933/217 1312/918/213 1313/920/214
f 1328/934/217 1313/920/214 1314/935/213
f 1316/923/215 1329/936/218 1315/921/215
f 1317/924/215 1330/937/219 1316/923/215
f 1318/925/215 1331/938/218 1317/924/215
f 1319/926/215 1332/939/218 1318/925/215
f 1320/927/215 1333/940/218 1319/926/215
f 1321/941/220 1334/942/218 1320/927/215
f 1336/943/221 1321/941/220 1322/928/216
f 1337/944/222 1322/928/216 1323/929/217
f 1338/945/222 1323/929/217 1324/930/217
f 1339/946/222 1324/930/217 1325/931/217
f 1340/947/222 1325/931/217 1326/932/217
f 1341/948/223 1326/932/217 1327/933/217
f 1342/949/222 1327/933/217 1328/934/217
f 1330/937/219 1343/950/224 1329/936/218
f 1331/938/218 1344/951/224 1330/937/219
f 1332/939/218 1345/952/224 1331/938/218
f 1333/940/218 1346/953/224 1332/939/218
f 1334/942/218 1347/954/224 1333/940/218
f 1335/955/225 1348/956/224 1334/942/218
f 1350/957/226 1335/955/225 1336/943/221
f 1351/958/227 1336/943/221 1337/944/222
f 1352/959/227 1337/944/222 1338/945/222
f 1353/960/227 1338/945/222 1339/946/222
f 1354/961/227 1339/946/222 1340/947/222
f 1355/962/227 1340/947/222 1341/948/223
f 1356/963/227 1341/948/223 1342/949/222
f 1344/951/224 1357/964/228 1343/950/224
f 1345/952/224 1358/965/229 1344/951/224
f 1346/953/224 1359/966/229 1345/952/224
f 1347/954/224 1360/967/229 1346/953/224
f 1348/956/224 1361/968/229 1347/954/224
f 1349/969/230 1362/970/229 1348/956/224
f 1364/971/231 1349/969/230 1350/957/226
f 1365/972/232 1350/957/226 1351/958/227
f 1366/973/232 1351/958/227 1352/959/227
f 1367/974/232 1352/959/227 1353/960/227
f 1368/975/232 1353/960/227 1354/961/227
f 1369/976/232 1354/961/227 1355/962/227
f 1370/977/233 1355/962/227 1356/963/227
f 1358/965/229 1371/978/234 1357/964/228
f 1359/966/229 1372/979/234 1358/965/229
f 1360/967/229 1373/980/234 1359/966/229
f 1361/968/229 1374/981/234 1360/967/229
f 1362/970/229 1375/982/234 1361/968/229
f 1363/983/235 1376/984/234 1362/970/229
f 1378/985/236 1363/983/235 1364/971/231
f 1379/986/237 1364/971/231 1365/972/232
f 1380/987/237 1365/972/232 1366/973/232
f 1381/988/237 1366/973/232 1367/974/232
f 1382/989/237 1367/974/232 1368/975/232
f 1383/990/237 1368/975/232 1369/976/232
f 1384/991/237 1369/976/232 1370/977/233
f 1372/979/234 1385/992/238 1371/978/234
f 1373/980/234 1386/993/239 1372/979/234
f 1374/981/234 1387/994/238 1373/980/234
f 1375/982/234 1388/995/239 1374/981/234
f 1376/984/234 1389/996/238 1375/982/234
f 1377/997/240 1390/998/239 1376/984/234
f 1392/999/241 1377/997/240 1378/985/236
f 1393/1000/242 1378/985/236 1379/986/237
f 1394/1001/242 1379/986/237 1380/987/237
f 1395/1002/243 1380/987/237 1381/988/237
f 1396/1003/242 1381/988/237 1382/989/237
f 1397/1004/243 1382/989/237 1383/990/237
f 1398/1005/242 1383/990/237 1384/991/237
f 1386/993/239 1399/1006/244 1385/992/238
f 1387/994/238 1400/1007/245 1386/993/239
f 1388/995/239 1401/1008/244 1387/994/238
f 1389/996/238 1402/1009/245 1388/995/239
f 1390/998/239 1403/1010/244 1389/996/238
f 1391/1011/246 1404/1012/244 1390/998/239
f 1406/1013/247 1391/1011/246 1392/999/241
f 1407/1014/248 1392/999/241 1393/1000/242
f 1408/1015/248 1393/1000/242 1394/1001/242
f 1409/1016/249 1394/1001/242 1395/1002/243
f 1410/1017/248 1395/1002/243 1396/1003/242
f 1411/1018/249 1396/1003/242 1397/1004/243
f 1412/1019/248 1397/1004/243 1398/1005/242
f 1400/1007/245 1413/1020/250 1399/1006/244
f 1401/1008/244 1414/1021/250 1400/1007/245
f 1402/1009/245 1415/1022/250 1401/1008/244
f 1403/1010/244 1416/1023/250 1402/1009/245
f 1404/1012/244 1417/1024/250 1403/1010/244
f 1405/1025/251 1418/1026/250 1404/1012/244
f 1420/1027/252 1405/1025/251 1406/1013/247
f 1421/1028/253 1406/1013/247 1407/1014/248
f 1422/1029/253 1407/1014/248 1408/1015/248
f 1423/1030/253 1408/1015/248 1409/1016/249
f 1424/1031/253 1409/1016/249 1410/1017/248
f 1425/1032/253 1410/1017/248 1411/1018/249
f 1426/1033/253 1411/1018/249 1412/1019/248
f 1414/1021/250 1427/1034/254 1413/1020/250
f 1415/1022/250 1428/1035/254 1414/1021/250
f 1416/1023/250 1429/1036/254 1415/1022/250
f 1417/1024/250 1430/1037/254 1416/1023/250
f 1418/1026/250 1431/1038/254 1417/1024/250
f 1419/1039/255 1432/1040/254 1418/1026/250
f 1434/1041/256 1419/1039/255 1420/1027/252
f 1435/1042/257 1420/1027/252 1421/1028/253
f 1436/1043/257 1421/1028/253 1422/1029/253
f 1437/1044/257 1422/1029/253 1423/1030/253
f 1438/1045/257 1423/1030/253 1424/1031/253
f 1439/1046/257 1424/1031/253 1425/1032/253
f 1440/1047/257 1425/1032/253 1426/1033/253
f 1428/1035/254 1441/1048/258 1427/1034/254
f 1429/1036/254 1442/1049/258 1428/1035/254
f 1430/1037/254 1443/1050/258 1429/1036/254
f 1431/1038/254 1444/1051/258 1430/1037/254
f 1432/1040/254 1445/1052/258 1431/1038/254
f 1433/1053/259 1446/1054/258 1432/1040/254
f 1448/1055/260 1433/1053/259 1434/1041/256
f 1449/1056/261 1434/1041/256 1435/1042/257
f 1450/1057/261 1435/1042/257 1436/1043/257
f 1451/1058/261 1436/1043/257 1437/1044/257
f 1452/1059/261 1437/1044/257 1438/1045/257
f 1453/1060/261 1438/1045/257 1439/1046/257
f 1454/1061/261 1439/1046/257 1440/1047/257
f 1456/1062/262 1441/1048/258 1442/1049/258
f 1457/1063/262 1442/1049/258 1443/1050/258
f 1458/1064/262 1443/1050/258 1444/1051/258
f 1459/1065/262 1444/1051/258 1445/1052/258
f 1460/1066/262 1445/1052/258 1446/1054/258
f 1461/1067/263 1446/1054/258 1447/1068/264
f 1462/1069/265 1447/1068/264 1448/1055/260
f 1449/1056/261 1462/1069/265 1448/1055/260
f 1450/1057/261 1463/1070/266 1449/1056/261
f 1451/1058/261 1464/1071/266 1450/1057/261
f 1452/1059/261 1465/1072/266 1451/1058/261
f 1453/1060/261 1466/1073/266 1452/1059/261
f 1454/1061/261 1467/1074/266 1453/1060/261
f 1470/1075/267 1455/1076/262 1456/1062/262
f 1471/1077/268 1456/1062/262 1457/1063/262
f 1472/1078/268 1457/1063/262 1458/1064/262
f 1473/1079/269 1458/1064/262 1459/1065/262
f 1474/1080/269 1459/1065/262 1460/1066/262
f 1475/1081/270 1460/1066/262 1461/1067/263
f 1476/1082/271 1461/1067/263 1462/1069/265
f 1463/1070/266 1476/1082/271 1462/1069/265
f 1464/1071/266 1477/1083/272 1463/1070/266
f 1465/1072/266 1478/1084/272 1464/1071/266
f 1466/1073/266 1479/1085/273 1465/1072/266
f 1467/1074/266 1480/1086/273 1466/1073/266
f 1468/1087/266 1481/1088/274 1467/1074/266
f 1470/1075/267 1483/1089/275 1469/1090/269
f 1471/1077/268 1484/1091/276 1470/1075/267
f 1472/1078/268 1485/1092/275 1471/1077/268
f 1473/1079/269 1486/1093/276 1472/1078/268
f 1474/1080/269 1487/1094/275 1473/1079/269
f 1475/1081/270 1488/1095/275 1474/1080/269
f 1490/1096/277 1475/1081/270 1476/1082/271
f 1491/1097/278 1476/1082/271 1477/1083/272
f 1492/1098/278 1477/1083/272 1478/1084/272
f 1493/1099/279 1478/1084/272 1479/1085/273
f 1494/1100/278 1479/1085/273 1480/1086/273
f 1495/1101/279 1480/1086/273 1481/1088/274
f 1496/1102/279 1481/1088/274 1482/1103/274
f 1484/1091/276 1497/1104/280 1483/1089/275
f 1485/1092/275 1498/1105/281 1484/1091/276
f 1486/1093/276 1499/1106/282 1485/1092/275
f 1487/1094/275 1500/1107/283 1486/1093/276
f 1488/1095/275 1501/1108/280 1487/1094/275
f 1489/1109/284 1502/1110/283 1488/1095/275
f 1504/1111/285 1489/1109/284 1490/1096/277
f 1505/1112/286 1490/1096/277 1491/1097/278
f 1506/1113/287 1491/1097/278 1492/1098/278
f 1507/1114/286 1492/1098/278 1493/1099/279
f 1508/1115/288 1493/1099/279 1494/1100/278
f 1509/1116/289 1494/1100/278 1495/1101/279
f 1510/1117/287 1495/1101/279 1496/1102/279
f 1498/1105/281 1511/1118/290 1497/1104/280
f 1499/1106/282 1512/1119/291 1498/1105/281
f 1500/1107/283 1513/1120/291 1499/1106/282
f 1501/1108/280 1514/1121/290 1500/1107/283
f 1502/1110/283 1515/1122/291 1501/1108/280
f 1503/1123/292 1516/1124/290 1502/1110/283
f 1518/1125/293 1503/1123/292 1504/1111/285
f 1519/1126/294 1504/1111/285 1505/1112/286
f 1520/1127/295 1505/1112/286 1506/1113/287
f 1521/1128/294 1506/1113/287 1507/1114/286
f 1522/1129/295 1507/1114/286 1508/1115/288
f 1523/1130/295 1508/1115/288 1509/1116/289
f 1524/1131/294 1509/1116/289 1510/1117/287
f 1512/1119/291 1525/1132/296 1511/1118/290
f 1513/1120/291 1526/1133/297 1512/1119/291
f 1514/1121/290 1527/1134/297 1513/1120/291
f 1515/1122/291 1528/1135/297 1514/1121/290
f 1516/1124/290 1529/1136/297 1515/1122/291
f 1517/1137/298 1530/1138/297 1516/1124/290
f 1532/1139/299 1517/1137/298 1518/1125/293
f 1533/1140/300 1518/1125/293 1519/1126/294
f 1534/1141/300 1519/1126/294 1520/1127/295
f 1535/1142/300 1520/1127/295 1521/1128/294
f 1536/1143/300 1521/1128/294 1522/1129/295
f 1537/1144/300 1522/1129/295 1523/1130/295
f 1538/1145/301 1523/1130/295 1524/1131/294
f 1526/1133/297 1539/1146/302 1525/1132/296
f 1527/1134/297 1540/1147/302 1526/1133/297
f 1528/1135/297 1541/1148/302 1527/1134/297
f 1529/1136/297 1542/1149/302 1528/1135/297
f 1530/1138/297 1543/1150/302 1529/1136/297
f 1531/1151/303 1544/1152/302 1530/1138/297
f 1546/1153/304 1531/1151/303 1532/1139/299
f 1547/1154/305 1532/1139/299 1533/1140/300
f 1548/1155/305 1533/1140/300 1534/1141/300
f 1549/1156/305 1534/1141/300 1535/1142/300
f 1550/1157/305 1535/1142/300 1536/1143/300
f 1551/1158/305 1536/1143/300 1537/1144/300
f 1552/1159/305 1537/1144/300 1538/1145/301
f 1540/1147/302 1553/1160/306 1539/1146/302
f 1541/1148/302 1554/1161/306 1540/1147/302
f 1542/1149/302 1555/1162/306 1541/1148/302
f 1543/1150/302 1556/1163/306 1542/1149/302
f 1544/1152/302 1557/1164/306 1543/1150/302
f 1545/1165/307 1558/1166/306 1544/1152/302
f 1560/1167/308 1545/1165/307 1546/1153/304
f 1561/1168/309 1546/1153/304 1547/1154/305
f 1562/1169/309 1547/1154/305 1548/1155/305
f 1563/1170/309 1548/1155/305 1549/1156/305
f 1564/1171/309 1549/1156/305 1550/1157/305
f 1565/1172/309 1550/1157/305 1551/1158/305
f 1566/1173/309 1551/1158/305 1552/1159/305
f 1554/1161/306 1567/1174/310 1553/1160/306
f 1555/1162/306 1568/1175/310 1554/1161/306
f 1556/1163/306 1569/1176/310 1555/1162/306
f 1557/1164/306 1570/1177/310 1556/1163/306
f 1558/1166/306 1571/1178/310 1557/1164/306
f 1559/1179/311 1572/1180/310 1558/1166/306
f 1574/1181/312 1559/1179/311 1560/1167/308
f 1575/1182/313 1560/1167/308 1561/1168/309
f 1576/1183/313 1561/1168/309 1562/1169/309
f 1577/1184/313 1562/1169/309 1563/1170/309
f 1578/1185/313 1563/1170/309 1564/1171/309
f 1579/1186/313 1564/1171/309 1565/1172/309
f 1580/1187/313 1565/1172/309 1566/1173/309
f 1568/1175/310 1581/1188/314 1567/1174/310
f 1569/1176/310 1582/1189/315 1568/1175/310
f 1570/1177/310 1583/1190/315 1569/1176/310
f 1571/1178/310 1584/1191/315 1570/1177/310
f 1572/1180/310 1585/1192/314 1571/1178/310
f 1573/1193/316 1586/1194/315 1572/1180/310
f 1588/1195/317 1573/1193/316 1574/1181/312
f 1589/1196/318 1574/1181/312 1575/1182/313
f 1590/1197/319 1575/1182/313 1576/1183/313
f 1591/1198/318 1576/1183/313 1577/1184/313
f 1592/1199/318 1577/1184/313 1578/1185/313
f 1593/1200/318 1578/1185/313 1579/1186/313
f 1594/1201/319 1579/1186/313 1580/1187/313
f 1582/1189/315 1595/1202/320 1581/1188/314
f 1583/1190/315 1596/1203/320 1582/1189/315
f 1584/1191/315 1597/1204/320 1583/1190/315
f 1585/1192/314 1598/1205/320 1584/1191/315
f 1586/1194/315 1599/1206/321 1585/1192/314
f 1587/1207/322 1600/1208/320 1586/1194/315
f 1602/1209/323 1587/1207/322 1588/1195/317
f 1603/1210/324 1588/1195/317 1589/1196/318
f 1604/1211/325 1589/1196/318 1590/1197/319
f 1605/1212/324 1590/1197/319 1591/1198/318
f 1606/1213/324 1591/1198/318 1592/1199/318
f 1607/1214/324 1592/1199/318 1593/1200/318
f 1608/1215/324 1593/1200/318 1594/1201/319
f 1596/1203/320 1609/1216/326 1595/1202/320
f 1597/1204/320 1610/1217/326 1596/1203/320
f 1598/1205/320 1611/1218/326 1597/1204/320
f 1599/1206/321 1612/1219/326 1598/1205/320
f 1600/1208/320 1613/1220/326 1599/1206/321
f 1601/1221/327 1614/1222/326 1600/1208/320
f 1616/1223/328 1601/1221/327 1602/1209/323
f 1617/1224/329 1602/1209/323 1603/1210/324
f 1618/1225/329 1603/1210/324 1604/1211/325
f 1619/1226/329 1604/1211/325 1605/1212/324
f 1620/1227/329 1605/1212/324 1606/1213/324
f 1621/1228/329 1606/1213/324 1607/1214/324
f 1622/1229/329 1607/1214/324 1608/1215/324
f 1624/1230/330 1609/1216/326 1610/1217/326
f 1625/1231/330 1610/1217/326 1611/1218/326
f 1626/1232/330 1611/1218/326 1612/1219/326
f 1627/1233/330 1612/1219/326 1613/1220/326
f 1628/1234/330 1613/1220/326 1614/1222/326
f 1629/1235/331 1614/1222/326 1615/1236/332
f 1630/1237/333 1615/1236/332 1616/1223/328
f 1617/1224/329 1630/1237/333 1616/1223/328
f 1618/1225/329 1631/1238/334 1617/1224/329
f 1619/1226/329 1632/1239/334 1618/1225/329
f 1620/1227/329 1633/1240/334 1619/1226/329
f 1621/1228/329 1634/1241/334 1620/1227/329
f 1622/1229/329 1635/1242/334 1621/1228/329
f 1624/1230/330 1637/1243/335 1623/1244/330
f 1625/1231/330 1638/1245/335 1624/1230/330
f 1626/1232/330 1639/1246/335 1625/1231/330
f 1627/1233/330 1640/1247/335 1626/1232/330
f 1642/1248/335 1627/1233/330 1628/1234/330
f 1629/1235/331 1642/1248/335 1628/1234/330
f 1644/1249/336 1629/1235/331 1630/1237/333
f 1645/1250/337 1630/1237/333 1631/1238/334
f 1646/1251/337 1631/1238/334 1632/1239/334
f 1647/1252/337 1632/1239/334 1633/1240/334
f 1648/1253/337 1633/1240/334 1634/1241/334
f 1649/1254/337 1634/1241/334 1635/1242/334
f 1650/1255/337 1635/1242/334 1636/1256/334
f 1638/1245/335 1651/1257/338 1637/1243/335
f 1639/1246/335 1652/1258/338 1638/1245/335
f 1640/1247/335 1653/1259/338 1639/1246/335
f 1641/1260/335 1654/1261/338 1640/1247/335
f 1642/1248/335 1655/1262/338 1641/1260/335
f 1643/1263/339 1656/1264/338 1642/1248/335
f 1658/1265/340 1643/1263/339 1644/1249/336
f 1659/1266/341 1644/1249/336 1645/1250/337
f 1660/1267/341 1645/1250/337 1646/1251/337
f 1661/1268/341 1646/1251/337 1647/1252/337
f 1662/1269/341 1647/1252/337 1648/1253/337
f 1663/1270/341 1648/1253/337 1649/1254/337
f 1664/1271/341 1649/1254/337 1650/1255/337
f 1652/1258/338 1665/1272/342 1651/1257/338
f 1653/1259/338 1666/1273/342 1652/1258/338
f 1654/1261/338 1667/1274/342 1653/1259/338
f 1655/1262/338 1668/1275/342 1654/1261/338
f 1656/1264/338 1669/1276/342 1655/1262/338
f 1657/1277/343 1670/1278/342 1656/1264/338
f 1672/1279/344 1657/1277/343 1658/1265/340
f 1673/1280/345 1658/1265/340 1659/1266/341
f 1674/1281/345 1659/1266/341 1660/1267/341
f 1675/1282/345 1660/1267/341 1661/1268/341
f 1676/1283/345 1661/1268/341 1662/1269/341
f 1677/1284/345 1662/1269/341 1663/1270/341
f 1678/1285/345 1663/1270/341 1664/1271/341
f 1666/1273/342 1679/1286/346 1665/1272/342
f 1667/1274/342 1680/1287/346 1666/1273/342
f 1668/1275/342 1681/1288/346 1667/1274/342
f 1669/1276/342 1682/1289/346 1668/1275/342
f 1670/1278/342 1683/1290/346 1669/1276/342
f 1671/1291/347 1684/1292/346 1670/1278/342
f 1686/1293/348 1671/1291/347 1672/1279/344
f 1687/1294/349 1672/1279/344 1673/1280/345
f 1688/1295/349 1673/1280/345 1674/1281/345
f 1689/1296/349 1674/1281/345 1675/1282/345
f 1690/1297/349 1675/1282/345 1676/1283/345
f 1691/1298/349 1676/1283/345 1677/1284/345
f 1692/1299/349 1677/1284/345 1678/1285/345
f 1680/1287/346 1693/1300/350 1679/1286/346
f 1681/1288/346 1694/1301/351 1680/1287/346
f 1682/1289/346 1695/1302/351 1681/1288/346
f 1683/1290/346 1696/1303/351 1682/1289/346
f 1684/1292/346 1697/1304/351 1683/1290/346
f 1685/1305/352 1698/1306/351 1684/1292/346
f 1700/1307/353 1685/1305/352 1686/1293/348
f 1701/1308/354 1686/1293/348 1687/1294/349
f 1702/1309/354 1687/1294/349 1688/1295/349
f 1703/1310/354 1688/1295/349 1689/1296/349
f 1704/1311/354 1689/1296/349 1690/1297/349
f 1705/1312/354 1690/1297/349 1691/1298/349
f 1706/1313/355 1691/1298/349 1692/1299/349
f 1694/1301/351 1707/1314/356 1693/1300/350
f 1695/1302/351 1708/1315/356 1694/1301/351
f 1696/1303/351 1709/1316/356 1695/1302/351
f 1697/1304/351 1710/1317/356 1696/1303/351
f 1698/1306/351 1711/1318/356 1697/1304/351
f 1699/1319/357 1712/1320/356 1698/1306/351
f 1714/1321/358 1699/1319/357 1700/1307/353
f 1715/1322/359 1700/1307/353 1701/1308/354
f 1716/1323/359 1701/1308/354 1702/1309/354
f 1717/1324/359 1702/1309/354 1703/1310/354
f 1718/1325/359 1703/1310/354 1704/1311/354
f 1719/1326/359 1704/1311/354 1705/1312/354
f 1720/1327/360 1705/1312/354 1706/1313/355
f 1708/1315/356 1721/1328/361 1707/1314/356
f 1709/1316/356 1722/1329/361 1708/1315/356
f 1710/1317/356 1723/1330/361 1709/1316/356
f 1725/1331/361 1710/1317/356 1711/1318/356
f 1712/1320/356 1725/1331/361 1711/1318/356
f 1713/1332/362 1726/1333/361 1712/1320/356
f 1728/1334/363 1713/1332/362 1714/1321/358
f 1729/1335/364 1714/1321/358 1715/1322/359
f 1730/1336/364 1715/1322/359 1716/1323/359
f 1717/1324/359 1730/1336/364 1716/1323/359
f 1732/1337/364 1717/1324/359 1718/1325/359
f 1733/1338/364 1718/1325/359 1719/1326/359
f 1734/1339/364 1719/1326/359 1720/1327/360
f 1736/1340/365 1721/1328/361 1722/1329/361
f 1723/1330/361 1736/1340/365 1722/1329/361
f 1738/1341/366 1723/1330/361 1724/1342/361
f 1739/1343/366 1724/1342/361 1725/1331/361
f 1740/1344/366 1725/1331/361 1726/1333/361
f 1741/1345/367 1726/1333/361 1727/1346/368
f 1742/1347/369 1727/1346/368 1728/1334/363
f 1729/1335/364 1742/1347/369 1728/1334/363
f 1730/1336/364 1743/1348/370 1729/1335/364
f 1731/1349/364 1744/1350/370 1730/1336/364
f 1732/1337/364 1745/1351/370 1731/1349/364
f 1747/1352/371 1732/1337/364 1733/1338/364
f 1734/1339/364 1747/1352/371 1733/1338/364
f 1750/1353/372 1735/1354/365 1736/1340/365
f 1751/1355/372 1736/1340/365 1737/1356/366
f 1752/1357/372 1737/1356/366 1738/1341/366
f 1753/1358/372 1738/1341/366 1739/1343/366
f 1754/1359/372 1739/1343/366 1740/1344/366
f 1755/1360/373 1740/1344/366 1741/1345/367
f 1756/1361/374 1741/1345/367 1742/1347/369
f 1743/1348/370 1756/1361/374 1742/1347/369
f 1744/1350/370 1757/1362/375 1743/1348/370
f 1745/1351/370 1758/1363/375 1744/1350/370
f 1746/1364/370 1759/1365/375 1745/1351/370
f 1747/1352/371 1760/1366/375 1746/1364/370
f 1748/1367/371 1761/1368/375 1747/1352/371
f 1764/1369/376 1749/1370/372 1750/1353/372
f 1765/1371/376 1750/1353/372 1751/1355/372
f 1766/1372/376 1751/1355/372 1752/1357/372
f 1767/1373/376 1752/1357/372 1753/1358/372
f 1768/1374/376 1753/1358/372 1754/1359/372
f 1769/1375/377 1754/1359/372 1755/1360/373
f 1770/1376/378 1755/1360/373 1756/1361/374
f 1757/1362/375 1770/1376/378 1756/1361/374
f 1758/1363/375 1771/1377/379 1757/1362/375
f 1759/1365/375 1772/1378/379 1758/1363/375
f 1760/1366/375 1773/1379/379 1759/1365/375
f 1761/1368/375 1774/1380/379 1760/1366/375
f 1762/1381/375 1775/1382/379 1761/1368/375
f 1778/1383/380 1763/1384/376 1764/1369/376
f 1779/1385/380 1764/1369/376 1765/1371/376
f 1780/1386/380 1765/1371/376 1766/1372/376
f 1781/1387/380 1766/1372/376 1767/1373/376
f 1782/1388/380 1767/1373/376 1768/1374/376
f 1783/1389/381 1768/1374/376 1769/1375/377
f 1784/1390/382 1769/1375/377 1770/1376/378
f 1771/1377/379 1784/1390/382 1770/1376/378
f 1772/1378/379 1785/1391/383 1771/1377/379
f 1773/1379/379 1786/1392/383 1772/1378/379
f 1774/1380/379 1787/1393/383 1773/1379/379
f 1775/1382/379 1788/1394/383 1774/1380/379
f 1776/1395/379 1789/1396/383 1775/1382/379
f 1792/1397/384 1777/1398/385 1778/1383/380
f 1793/1399/384 1778/1383/380 1779/1385/380
f 1794/1400/384 1779/1385/380 1780/1386/380
f 1795/1401/384 1780/1386/380 1781/1387/380
f 1796/1402/384 1781/1387/380 1782/1388/380
f 1797/1403/386 1782/1388/380 1783/1389/381
f 1798/1404/387 1783/1389/381 1784/1390/382
f 1785/1391/383 1798/1404/387 1784/1390/382
f 1786/1392/383 1799/1405/388 1785/1391/383
f 1787/1393/383 1800/1406/388 1786/1392/383
f 1788/1394/383 1801/1407/388 1787/1393/383
f 1789/1396/383 1802/1408/388 1788/1394/383
f 1790/1409/389 1803/1410/388 1789/1396/383
f 1792/1397/384 1805/1411/390 1791/1412/384
f 1793/1399/384 1806/1413/390 1792/1397/384
f 1794/1400/384 1807/1414/390 1793/1399/384
f 1795/1401/384 1808/1415/390 1794/1400/384
f 1796/1402/384 1809/1416/390 1795/1401/384
f 1797/1403/386 1810/1417/390 1796/1402/384
f 1812/1418/391 1797/1403/386 1798/1404/387
f 1813/1419/392 1798/1404/387 1799/1405/388
f 1814/1420/392 1799/1405/388 1800/1406/388
f 1815/1421/392 1800/1406/388 1801/1407/388
f 1816/1422/392 1801/1407/388 1802/1408/388
f 1817/1423/392 1802/1408/388 1803/1410/388
f 1818/1424/392 1803/1410/388 1804/1425/393
f 1806/1413/390 1819/1426/394 1805/1411/390
f 1807/1414/390 1820/1427/394 1806/1413/390
f 1808/1415/390 1821/1428/394 1807/1414/390
f 1809/1416/390 1822/1429/394 1808/1415/390
f 1810/1417/390 1823/1430/394 1809/1416/390
f 1811/1431/395 1824/1432/394 1810/1417/390
f 1826/1433/396 1811/1431/395 1812/1418/391
f 1827/1434/397 1812/1418/391 1813/1419/392
f 1828/1435/397 1813/1419/392 1814/1420/392
f 1829/1436/397 1814/1420/392 1815/1421/392
f 1830/1437/397 1815/1421/392 1816/1422/392
f 1831/1438/397 1816/1422/392 1817/1423/392
f 1832/1439/397 1817/1423/392 1818/1424/392
f 1834/1440/398 1819/1426/394 1820/1427/394
f 1835/1441/399 1820/1427/394 1821/1428/394
f 1836/1442/398 1821/1428/394 1822/1429/394
f 1837/1443/398 1822/1429/394 1823/1430/394
f 1838/1444/398 1823/1430/394 1824/1432/394
f 1839/1445/400 1824/1432/394 1825/1446/401
f 1840/1447/402 1825/1446/401 1826/1433/396
f 1827/1434/397 1840/1447/402 1826/1433/396
f 1828/1435/397 1841/1448/403 1827/1434/397
f 1829/1436/397 1842/1449/403 1828/1435/397
f 1830/1437/397 1843/1450/403 1829/1436/397
f 1831/1438/397 1844/1451/404 1830/1437/397
f 1832/1439/397 1845/1452/403 1831/1438/397
f 1848/1453/405 1833/1454/399 1834/1440/398
f 1849/1455/405 1834/1440/398 1835/1441/399
f 1850/1456/405 1835/1441/399 1836/1442/398
f 1851/1457/406 1836/1442/398 1837/1443/398
f 1852/1458/405 1837/1443/398 1838/1444/398
f 1853/1459/407 1838/1444/398 1839/1445/400
f 1854/1460/408 1839/1445/400 1840/1447/402
f 1841/1448/403 1854/1460/408 1840/1447/402
f 1842/1449/403 1855/1461/409 1841/1448/403
f 1843/1450/403 1856/1462/410 1842/1449/403
f 1844/1451/404 1857/1463/409 1843/1450/403
f 1845/1452/403 1858/1464/410 1844/1451/404
f 1846/1465/403 1859/1466/409 1845/1452/403
f 1862/1467/411 1847/1468/405 1848/1453/405
f 1863/1469/411 1848/1453/405 1849/1455/405
f 1864/1470/411 1849/1455/405 1850/1456/405
f 1865/1471/411 1850/1456/405 1851/1457/406
f 1866/1472/411 1851/1457/406 1852/1458/405
f 1867/1473/412 1852/1458/405 1853/1459/407
f 1868/1474/413 1853/1459/407 1854/1460/408
f 1855/1461/409 1868/1474/413 1854/1460/408
f 1856/1462/410 1869/1475/414 1855/1461/409
f 1857/1463/409 1870/1476/414 1856/1462/410
f 1858/1464/410 1871/1477/414 1857/1463/409
f 1859/1466/409 1872/1478/414 1858/1464/410
f 1860/1479/409 1873/1480/414 1859/1466/409
f 1876/1481/415 1861/1482/411 1862/1467/411
f 1877/1483/415 1862/1467/411 1863/1469/411
f 1878/1484/415 1863/1469/411 1864/1470/411
f 1879/1485/415 1864/1470/411 1865/1471/411
f 1880/1486/415 1865/1471/411 1866/1472/411
f 1881/1487/416 1866/1472/411 1867/1473/412
f 1882/1488/417 1867/1473/412 1868/1474/413
f 1869/1475/414 1882/1488/417 1868/1474/413
f 1870/1476/414 1883/1489/418 1869/1475/414
f 1871/1477/414 1884/1490/418 1870/1476/414
f 1872/1478/414 1885/1491/418 1871/1477/414
f 1873/1480/414 1886/1492/418 1872/1478/414
f 1874/1493/414 1887/1494/418 1873/1480/414
f 1890/1495/419 1875/1496/420 1876/1481/415
f 1891/1497/419 1876/1481/415 1877/1483/415
f 1892/1498/419 1877/1483/415 1878/1484/415
f 1893/1499/419 1878/1484/415 1879/1485/415
f 1894/1500/419 1879/1485/415 1880/1486/415
f 1895/1501/421 1880/1486/415 1881/1487/416
f 1896/1502/422 1881/1487/416 1882/1488/417
f 1883/1489/418 1896/1502/422 1882/1488/417
f 1884/1490/418 1897/1503/423 1883/1489/418
f 1885/1491/418 1898/1504/423 1884/1490/418
f 1886/1492/418 1899/1505/423 1885/1491/418
f 1887/1494/418 1900/1506/423 1886/1492/418
f 1888/1507/424 1901/1508/423 1887/1494/418
f 1904/1509/425 1889/1510/419 1890/1495/419
f 1905/1511/425 1890/1495/419 1891/1497/419
f 1906/1512/425 1891/1497/419 1892/1498/419
f 1907/1513/425 1892/1498/419 1893/1499/419
f 1908/1514/425 1893/1499/419 1894/1500/419
f 1909/1515/426 1894/1500/419 1895/1501/421
f 1910/1516/427 1895/1501/421 1896/1502/422
f 1897/1503/423 1910/1516/427 1896/1502/422
f 1898/1504/423 1911/1517/428 1897/1503/423
f 1899/1505/423 1912/1518/428 1898/1504/423
f 1900/1506/423 1913/1519/428 1899/1505/423
f 1901/1508/423 1914/1520/428 1900/1506/423
f 1902/1521/423 1915/1522/428 1901/1508/423
f 1918/1523/429 1903/1524/425 1904/1509/425
f 1919/1525/430 1904/1509/425 1905/1511/425
f 1920/1526/430 1905/1511/425 1906/1512/425
f 1921/1527/430 1906/1512/425 1907/1513/425
f 1922/1528/430 1907/1513/425 1908/1514/425
f 1923/1529/431 1908/1514/425 1909/1515/426
f 1924/1530/432 1909/1515/426 1910/1516/427
f 1911/1517/428 1924/1530/432 1910/1516/427
f 1912/1518/428 1925/1531/433 1911/1517/428
f 1913/1519/428 1926/1532/433 1912/1518/428
f 1914/1520/428 1927/1533/433 1913/1519/428
f 1915/1522/428 1928/1534/433 1914/1520/428
f 1916/1535/428 1929/1536/434 1915/1522/428
f 1932/1537/435 1917/1538/430 1918/1523/429
f 1933/1539/436 1918/1523/429 1919/1525/430
f 1934/1540/436 1919/1525/430 1920/1526/430
f 1935/1541/436 1920/1526/430 1921/1527/430
f 1936/1542/435 1921/1527/430 1922/1528/430
f 1937/1543/437 1922/1528/430 1923/1529/431
f 1938/1544/438 1923/1529/431 1924/1530/432
f 1925/1531/433 1938/1544/438 1924/1530/432
f 1926/1532/433 1939/1545/439 1925/1531/433
f 1927/1533/433 1940/1546/440 1926/1532/433
f 1928/1534/433 1941/1547/440 1927/1533/433
f 1929/1536/434 1942/1548/440 1928/1534/433
f 1930/1549/433 1943/1550/439 1929/1536/434
f 1946/1551/441 1931/1552/435 1932/1537/435
f 1947/1553/442 1932/1537/435 1933/1539/436
f 1948/1554/442 1933/1539/436 1934/1540/436
f 1949/1555/443 1934/1540/436 1935/1541/436
f 1950/1556/441 1935/1541/436 1936/1542/435
f 1951/1557/444 1936/1542/435 1937/1543/437
f 1952/1558/445 1937/1543/437 1938/1544/438
f 1939/1545/439 1952/1558/445 1938/1544/438
f 1940/1546/440 1953/1559/446 1939/1545/439
f 1941/1547/440 1954/1560/447 1940/1546/440
f 1942/1548/440 1955/1561/448 1941/1547/440
f 1943/1550/439 1956/1562/448 1942/1548/440
f 1944/1563/440 1957/1564/446 1943/1550/439
f 1960/1565/449 1945/1566/441 1946/1551/441
f 1961/1567/449 1946/1551/441 1947/1553/442
f 1962/1568/449 1947/1553/442 1948/1554/442
f 1963/1569/449 1948/1554/442 1949/1555/443
f 1964/1570/449 1949/1555/443 1950/1556/441
f 1965/1571/450 1950/1556/441 1951/1557/444
f 1966/1572/451 1951/1557/444 1952/1558/445
f 1953/1559/446 1966/1572/451 1952/1558/445
f 1954/1560/447 1967/1573/452 1953/1559/446
f 1955/1561/448 1968/1574/452 1954/1560/447
f 1956/1562/448 1969/1575/452 1955/1561/448
f 1957/1564/446 1970/1576/452 1956/1562/448
f 1958/1577/446 1971/1578/453 1957/1564/446
f 1960/1565/449 1973/1579/454 1959/1580/449
f 1961/1567/449 1974/1581/454 1960/1565/449
f 1962/1568/449 1975/1582/454 1961/1567/449
f 1963/1569/449 1976/1583/454 1962/1568/449
f 1964/1570/449 1977/1584/454 1963/1569/449
f 1965/1571/450 1978/1585/454 1964/1570/449
f 1980/1586/455 1965/1571/450 1966/1572/451
f 1981/1587/456 1966/1572/451 1967/1573/452
f 1982/1588/456 1967/1573/452 1968/1574/452
f 1983/1589/456 1968/1574/452 1969/1575/452
f 1984/1590/456 1969/1575/452 1970/1576/452
f 1985/1591/456 1970/1576/452 1971/1578/453
f 1986/1592/457 1971/1578/453 1972/1593/452
f 1974/1581/454 1987/1594/458 1973/1579/454
f 1975/1582/454 1988/1595/458 1974/1581/454
f 1976/1583/454 1989/1596/458 1975/1582/454
f 1977/1584/454 1990/1597/458 1976/1583/454
f 1978/1585/454 1991/1598/458 1977/1584/454
f 1979/1599/459 1992/1600/458 1978/1585/454
f 1994/1601/460 1979/1599/459 1980/1586/455
f 1995/1602/461 1980/1586/455 1981/1587/456
f 1996/1603/461 1981/1587/456 1982/1588/456
f 1997/1604/461 1982/1588/456 1983/1589/456
f 1998/1605/461 1983/1589/456 1984/1590/456
f 1999/1606/461 1984/1590/456 1985/1591/456
f 2000/1607/461 1985/1591/456 1986/1592/457
f 2002/1608/462 1987/1594/458 1988/1595/458
f 2003/1609/462 1988/1595/458 1989/1596/458
f 2004/1610/462 1989/1596/458 1990/1597/458
f 2005/1611/462 1990/1597/458 1991/1598/458
f 2006/1612/462 1991/1598/458 1992/1600/458
f 2007/1613/463 1992/1600/458 1993/1614/464
f 2008/1615/465 1993/1614/464 1994/1601/460
f 1995/1602/461 2008/1615/465 1994/1601/460
f 1996/1603/461 2009/1616/466 1995/1602/461
f 1997/1604/461 2010/1617/466 1996/1603/461
f 1998/1605/461 2011/1618/466 1997/1604/461
f 1999/1606/461 2012/1619/466 1998/1605/461
f 2000/1607/461 2013/1620/466 1999/1606/461
f 2016/1621/467 2001/1622/468 2002/1608/462
f 2017/1623/467 2002/1608/462 2003/1609/462
f 2018/1624/467 2003/1609/462 2004/1610/462
f 2019/1625/467 2004/1610/462 2005/1611/462
f 2020/1626/467 2005/1611/462 2006/1612/462
f 2021/1627/469 2006/1612/462 2007/1613/463
f 2022/1628/470 2007/1613/463 2008/1615/465
f 2009/1616/466 2022/1628/470 2008/1615/465
f 2010/1617/466 2023/1629/471 2009/1616/466
f 2011/1618/466 2024/1630/471 2010/1617/466
f 2012/1619/466 2025/1631/471 2011/1618/466
f 2013/1620/466 2026/1632/471 2012/1619/466
f 2014/1633/472 2027/1634/471 2013/1620/466
f 2030/1635/473 2015/1636/467 2016/1621/467
f 2031/1637/473 2016/1621/467 2017/1623/467
f 2032/1638/473 2017/1623/467 2018/1624/467
f 2033/1639/473 2018/1624/467 2019/1625/467
f 2034/1640/473 2019/1625/467 2020/1626/467
f 2035/1641/474 2020/1626/467 2021/1627/469
f 2036/1642/475 2021/1627/469 2022/1628/470
f 2023/1629/471 2036/1642/475 2022/1628/470
f 2024/1630/471 2037/1643/476 2023/1629/471
f 2025/1631/471 2038/1644/476 2024/1630/471
f 2026/1632/471 2039/1645/476 2025/1631/471
f 2027/1634/471 2040/1646/476 2026/1632/471
f 2028/1647/471 2041/1648/476 2027/1634/471
f 2044/1649/477 2029/1650/473 2030/1635/473
f 2045/1651/478 2030/1635/473 2031/1637/473
f 2046/1652/477 2031/1637/473 2032/1638/473
f 2047/1653/477 2032/1638/473 2033/1639/473
f 2048/1654/477 2033/1639/473 2034/1640/473
f 2049/1655/479 2034/1640/473 2035/1641/474
f 2050/1656/480 2035/1641/474 2036/1642/475
f 2037/1643/476 2050/1656/480 2036/1642/475
f 2038/1644/476 2051/1657/481 2037/1643/476
f 2039/1645/476 2052/1658/481 2038/1644/476
f 2040/1646/476 2053/1659/481 2039/1645/476
f 2041/1648/476 2054/1660/482 2040/1646/476
f 2042/1661/476 2055/1662/481 2041/1648/476
f 2058/1663/483 2043/1664/477 2044/1649/477
f 2059/1665/484 2044/1649/477 2045/1651/478
f 2060/1666/485 2045/1651/478 2046/1652/477
f 2061/1667/483 2046/1652/477 2047/1653/477
f 2062/1668/483 2047/1653/477 2048/1654/477
f 2063/1669/486 2048/1654/477 2049/1655/479
f 2064/1670/487 2049/1655/479 2050/1656/480
f 2051/1657/481 2064/1670/487 2050/1656/480
f 2052/1658/481 2065/1671/488 2051/1657/481
f 2053/1659/481 2066/1672/489 2052/1658/481
f 2054/1660/482 2067/1673/488 2053/1659/481
f 2055/1662/481 2068/1674/490 2054/1660/482
f 2056/1675/481 2069/1676/489 2055/1662/481
f 2072/1677/491 2057/1678/492 2058/1663/483
f 2073/1679/493 2058/1663/483 2059/1665/484
f 2074/1680/494 2059/1665/484 2060/1666/485
f 2075/1681/493 2060/1666/485 2061/1667/483
f 2076/1682/494 2061/1667/483 2062/1668/483
f 2077/1683/495 2062/1668/483 2063/1669/486
f 2078/1684/496 2063/1669/486 2064/1670/487
f 2065/1671/488 2078/1684/496 2064/1670/487
f 2066/1672/489 2079/1685/497 2065/1671/488
f 2067/1673/488 2080/1686/498 2066/1672/489
f 2068/1674/490 2081/1687/497 2067/1673/488
f 2069/1676/489 2082/1688/498 2068/1674/490
f 2070/1689/490 2083/1690/499 2069/1676/489
f 2086/1691/500 2071/1692/493 2072/1677/491
f 2087/1693/501 2072/1677/491 2073/1679/493
f 2088/1694/500 2073/1679/493 2074/1680/494
f 2089/1695/502 2074/1680/494 2075/1681/493
f 2090/1696/502 2075/1681/493 2076/1682/494
f 2091/1697/503 2076/1682/494 2077/1683/495
f 2092/1698/504 2077/1683/495 2078/1684/496
f 2079/1685/497 2092/1698/504 2078/1684/496
f 2080/1686/498 2093/1699/505 2079/1685/497
f 2081/1687/497 2094/1700/506 2080/1686/498
f 2082/1688/498 2095/1701/505 2081/1687/497
f 2083/1690/499 2096/1702/507 2082/1688/498
f 2084/1703/498 2097/1704/505 2083/1690/499
f 2100/1705/508 2085/1706/502 2086/1691/500
f 2101/1707/508 2086/1691/500 2087/1693/501
f 2102/1708/508 2087/1693/501 2088/1694/500
f 2103/1709/508 2088/1694/500 2089/1695/502
f 2104/1710/508 2089/1695/502 2090/1696/502
f 2105/1711/509 2090/1696/502 2091/1697/503
f 2106/1712/510 2091/1697/503 2092/1698/504
f 2093/1699/505 2106/1712/510 2092/1698/504
f 2094/1700/506 2107/1713/511 2093/1699/505
f 2095/1701/505 2108/1714/511 2094/1700/506
f 2096/1702/507 2109/1715/511 2095/1701/505
f 2097/1704/505 2110/1716/511 2096/1702/507
f 2098/1717/506 2111/1718/511 2097/1704/505
f 2114/1719/512 2099/1720/508 2100/1705/508
f 2115/1721/512 2100/1705/508 2101/1707/508
f 2116/1722/512 2101/1707/508 2102/1708/508
f 2117/1723/512 2102/1708/508 2103/1709/508
f 2118/1724/512 2103/1709/508 2104/1710/508
f 2119/1725/513 2104/1710/508 2105/1711/509
f 2120/1726/514 2105/1711/509 2106/1712/510
f 2107/1713/511 2120/1726/514 2106/1712/510
f 2108/1714/511 2121/1727/515 2107/1713/511
f 2109/1715/511 2122/1728/515 2108/1714/511
f 2110/1716/511 2123/1729/515 2109/1715/511
f 2111/1718/511 2124/1730/515 2110/1716/511
f 2112/1731/511 2125/1732/515 2111/1718/511
f 2128/1733/516 2113/1734/512 2114/1719/512
f 2129/1735/516 2114/1719/512 2115/1721/512
f 2130/1736/516 2115/1721/512 2116/1722/512
f 2131/1737/516 2116/1722/512 2117/1723/512
f 2132/1738/516 2117/1723/512 2118/1724/512
f 2133/1739/517 2118/1724/512 2119/1725/513
f 2134/1740/518 2119/1725/513 2120/1726/514
f 2121/1727/515 2134/1740/518 2120/1726/514
f 2122/1728/515 2135/1741/519 2121/1727/515
f 2123/1729/515 2136/1742/519 2122/1728/515
f 2124/1730/515 2137/1743/519 2123/1729/515
f 2125/1732/515 2138/1744/519 2124/1730/515
f 2126/1745/515 2139/1746/519 2125/1732/515
f 2128/1733/516 2141/1747/520 2127/1748/516
f 2129/1735/516 2142/1749/520 2128/1733/516
f 2130/1736/516 2143/1750/520 2129/1735/516
f 2131/1737/516 2144/1751/520 2130/1736/516
f 2132/1738/516 2145/1752/520 2131/1737/516
f 2133/1739/517 2146/1753/520 2132/1738/516
f 2148/1754/521 2133/1739/517 2134/1740/518
f 2149/1755/522 2134/1740/518 2135/1741/519
f 2150/1756/522 2135/1741/519 2136/1742/519
f 2151/1757/522 2136/1742/519 2137/1743/519
f 2152/1758/522 2137/1743/519 2138/1744/519
f 2153/1759/522 2138/1744/519 2139/1746/519
f 2154/1760/523 2139/1746/519 2140/1761/519
f 2142/1749/520 2155/1762/524 2141/1747/520
f 2143/1750/520 2156/1763/525 2142/1749/520
f 2144/1751/520 2157/1764/525 2143/1750/520
f 2145/1752/520 2158/1765/524 2144/1751/520
f 2146/1753/520 2159/1766/524 2145/1752/520
f 2147/1767/526 2160/1768/524 2146/1753/520
f 2162/1769/527 2147/1767/526 2148/1754/521
f 2163/1770/528 2148/1754/521 2149/1755/522
f 2164/1771/529 2149/1755/522 2150/1756/522
f 2165/1772/528 2150/1756/522 2151/1757/522
f 2166/1773/528 2151/1757/522 2152/1758/522
f 2167/1774/529 2152/1758/522 2153/1759/522
f 2168/1775/528 2153/1759/522 2154/1760/523
f 2170/1776/530 2155/1762/524 2156/1763/525
f 2171/1777/531 2156/1763/525 2157/1764/525
f 2172/1778/530 2157/1764/525 2158/1765/524
f 2173/1779/531 2158/1765/524 2159/1766/524
f 2174/1780/531 2159/1766/524 2160/1768/524
f 2175/1781/532 2160/1768/524 2161/1782/533
f 2176/1783/534 2161/1782/533 2162/1769/527
f 2163/1770/528 2176/1783/534 2162/1769/527
f 2164/1771/529 2177/1784/535 2163/1770/528
f 2165/1772/528 2178/1785/535 2164/1771/529
f 2166/1773/528 2179/1786/536 2165/1772/528
f 2167/1774/529 2180/1787/535 2166/1773/528
f 2168/1775/528 2181/1788/535 2167/1774/529
f 2184/1789/537 2169/1790/530 2170/1776/530
f 2185/1791/538 2170/1776/530 2171/1777/531
f 2186/1792/537 2171/1777/531 2172/1778/530
f 2187/1793/537 2172/1778/530 2173/1779/531
f 2188/1794/537 2173/1779/531 2174/1780/531
f 2189/1795/539 2174/1780/531 2175/1781/532
f 2190/1796/540 2175/1781/532 2176/1783/534
f 2177/1784/535 2190/1796/540 2176/1783/534
f 2178/1785/535 2191/1797/541 2177/1784/535
f 2179/1786/536 2192/1798/542 2178/1785/535
f 2180/1787/535 2193/1799/541 2179/1786/536
f 2181/1788/535 2194/1800/541 2180/1787/535
f 2182/1801/536 2195/1802/541 2181/1788/535
f 2198/1803/543 2183/1804/544 2184/1789/537
f 2199/1805/543 2184/1789/537 2185/1791/538
f 2200/1806/543 2185/1791/538 2186/1792/537
f 2201/1807/543 2186/1792/537 2187/1793/537
f 2202/1808/543 2187/1793/537 2188/1794/537
f 2203/1809/545 2188/1794/537 2189/1795/539
f 2204/1810/546 2189/1795/539 2190/1796/540
f 2191/1797/541 2204/1810/546 2190/1796/540
f 2192/1798/542 2205/1811/547 2191/1797/541
f 2193/1799/541 2206/1812/547 2192/1798/542
f 2194/1800/541 2207/1813/547 2193/1799/541
f 2195/1802/541 2208/1814/547 2194/1800/541
f 2196/1815/548 2209/1816/547 2195/1802/541
f 2212/1817/549 2197/1818/550 2198/1803/543
f 2213/1819/549 2198/1803/543 2199/1805/543
f 2214/1820/549 2199/1805/543 2200/1806/543
f 2215/1821/549 2200/1806/543 2201/1807/543
f 2216/1822/551 2201/1807/543 2202/1808/543
f 2217/1823/552 2202/1808/543 2203/1809/545
f 2218/1824/553 2203/1809/545 2204/1810/546
f 2205/1811/547 2218/1824/553 2204/1810/546
f 2206/1812/547 2219/1825/554 2205/1811/547
f 2207/1813/547 2220/1826/555 2206/1812/547
f 2208/1814/547 2221/1827/555 2207/1813/547
f 2209/1816/547 2222/1828/555 2208/1814/547
f 2210/1829/556 2223/1830/555 2209/1816/547
f 2226/1831/557 2211/1832/551 2212/1817/549
f 2227/1833/557 2212/1817/549 2213/1819/549
f 2228/1834/557 2213/1819/549 2214/1820/549
f 2229/1835/557 2214/1820/549 2215/1821/549
f 2230/1836/557 2215/1821/549 2216/1822/551
f 2231/1837/558 2216/1822/551 2217/1823/552
f 2232/1838/559 2217/1823/552 2218/1824/553
f 2219/1825/554 2232/1838/559 2218/1824/553
f 2220/1826/555 2233/1839/560 2219/1825/554
f 2221/1827/555 2234/1840/560 2220/1826/555
f 2222/1828/555 2235/1841/560 2221/1827/555
f 2223/1830/555 2236/1842/560 2222/1828/555
f 2224/1843/554 2237/1844/560 2223/1830/555
f 2240/1845/561 2225/1846/557 2226/1831/557
f 2241/1847/561 2226/1831/557 2227/1833/557
f 2242/1848/561 2227/1833/557 2228/1834/557
f 2243/1849/561 2228/1834/557 2229/1835/557
f 2244/1850/561 2229/1835/557 2230/1836/557
f 2245/1851/562 2230/1836/557 2231/1837/558
f 2246/1852/563 2231/1837/558 2232/1838/559
f 2233/1839/560 2246/1852/563 2232/1838/559
f 2234/1840/560 2247/1853/564 2233/1839/560
f 2235/1841/560 2248/1854/564 2234/1840/560
f 2236/1842/560 2249/1855/564 2235/1841/560
f 2237/1844/560 2250/1856/564 2236/1842/560
f 2238/1857/560 2251/1858/564 2237/1844/560
f 2254/1859/565 2239/1860/561 2240/1845/561
f 2255/1861/565 2240/1845/561 2241/1847/561
f 2256/1862/565 2241/1847/561 2242/1848/561
f 2257/1863/565 2242/1848/561 2243/1849/561
f 2258/1864/565 2243/1849/561 2244/1850/561
f 2259/1865/566 2244/1850/561 2245/1851/562
f 2260/1866/567 2245/1851/562 2246/1852/563
f 2247/1853/564 2260/1866/567 2246/1852/563
f 2248/1854/564 2261/1867/568 2247/1853/564
f 2249/1855/564 2262/1868/568 2248/1854/564
f 2250/1856/564 2263/1869/568 2249/1855/564
f 2251/1858/564 2264/1870/568 2250/1856/564
f 2252/1871/564 2265/1872/568 2251/1858/564
f 2268/1873/569 2253/1874/565 2254/1859/565
f 2269/1875/569 2254/1859/565 2255/1861/565
f 2270/1876/569 2255/1861/565 2256/1862/565
f 2271/1877/569 2256/1862/565 2257/1863/565
f 2272/1878/569 2257/1863/565 2258/1864/565
f 2273/1879/570 2258/1864/565 2259/1865/566
f 2274/1880/571 2259/1865/566 2260/1866/567
f 2261/1867/568 2274/1880/571 2260/1866/567
f 2262/1868/568 2275/1881/572 2261/1867/568
f 2263/1869/568 2276/1882/572 2262/1868/568
f 2264/1870/568 2277/1883/572 2263/1869/568
f 2265/1872/568 2278/1884/572 2264/1870/568
f 2266/1885/568 2279/1886/572 2265/1872/568
f 2282/1887/573 2267/1888/569 2268/1873/569
f 2283/1889/573 2268/1873/569 2269/1875/569
f 2284/1890/573 2269/1875/569 2270/1876/569
f 2285/1891/573 2270/1876/569 2271/1877/569
f 2286/1892/573 2271/1877/569 2272/1878/569
f 2287/1893/574 2272/1878/569 2273/1879/570
f 2288/1894/575 2273/1879/570 2274/1880/571
f 2275/1881/572 2288/1894/575 2274/1880/571
f 2276/1882/572 2289/1895/576 2275/1881/572
f 2277/1883/572 2290/1896/576 2276/1882/572
f 2278/1884/572 2291/1897/576 2277/1883/572
f 2279/1886/572 2292/1898/576 2278/1884/572
f 2280/1899/572 2293/1900/576 2279/1886/572
f 2296/1901/577 2281/1902/573 2282/1887/573
f 2297/1903/578 2282/1887/573 2283/1889/573
f 2298/1904/577 2283/1889/573 2284/1890/573
f 2299/1905/578 2284/1890/573 2285/1891/573
f 2300/1906/577 2285/1891/573 2286/1892/573
f 2301/1907/579 2286/1892/573 2287/1893/574
f 2302/1908/580 2287/1893/574 2288/1894/575
f 2289/1895/576 2302/1908/580 2288/1894/575
f 2290/1896/576 2303/1909/581 2289/1895/576
f 2291/1897/576 2304/1910/582 2290/1896/576
f 2292/1898/576 2305/1911/581 2291/1897/576
f 2293/1900/576 2306/1912/582 2292/1898/576
f 2294/1913/576 2307/1914/581 2293/1900/576
f 2310/1915/583 2295/1916/578 2296/1901/577
f 2311/1917/583 2296/1901/577 2297/1903/578
f 2312/1918/583 2297/1903/578 2298/1904/577
f 2313/1919/583 2298/1904/577 2299/1905/578
f 2314/1920/583 2299/1905/578 2300/1906/577
f 2315/1921/584 2300/1906/577 2301/1907/579
f 2316/1922/585 2301/1907/579 2302/1908/580
f 2303/1909/581 2316/1922/585 2302/1908/580
f 2304/1910/582 2317/1923/586 2303/1909/581
f 2305/1911/581 2318/1924/586 2304/1910/582
f 2306/1912/582 2319/1925/586 2305/1911/581
f 2307/1914/581 2320/1926/586 2306/1912/582
f 2308/1927/582 2321/1928/586 2307/1914/581
f 2310/1915/583 2323/1929/587 2309/1930/583
f 2311/1917/583 2324/1931/587 2310/1915/583
f 2312/1918/583 2325/1932/587 2311/1917/583
f 2313/1919/583 2326/1933/587 2312/1918/583
f 2314/1920/583 2327/1934/587 2313/1919/583
f 2315/1921/584 2328/1935/587 2314/1920/583
f 2330/1936/588 2315/1921/584 2316/1922/585
f 2331/1937/589 2316/1922/585 2317/1923/586
f 2332/1938/589 2317/1923/586 2318/1924/586
f 2333/1939/589 2318/1924/586 2319/1925/586
f 2334/1940/589 2319/1925/586 2320/1926/586
f 2335/1941/589 2320/1926/586 2321/1928/586
f 2336/1942/589 2321/1928/586 2322/1943/586
f 2324/1931/587 2337/1944/590 2323/1929/587
f 2325/1932/587 2338/1945/590 2324/1931/587
f 2326/1933/587 2339/1946/590 2325/1932/587
f 2327/1934/587 2340/1947/590 2326/1933/587
f 2328/1935/587 2341/1948/590 2327/1934/587
f 2329/1949/591 2342/1950/590 2328/1935/587
f 2344/1951/592 2329/1949/591 2330/1936/588
f 2345/1952/593 2330/1936/588 2331/1937/589
f 2346/1953/593 2331/1937/589 2332/1938/589
f 2347/1954/593 2332/1938/589 2333/1939/589
f 2348/1955/593 2333/1939/589 2334/1940/589
f 2349/1956/593 2334/1940/589 2335/1941/589
f 2350/1957/593 2335/1941/589 2336/1942/589
f 2338/1945/590 2351/1958/594 2337/1944/590
f 2339/1946/590 2352/1959/595 2338/1945/590
f 2340/1947/590 2353/1960/594 2339/1946/590
f 2341/1948/590 2354/1961/595 2340/1947/590
f 2342/1950/590 2355/1962/595 2341/1948/590
f 2343/1963/596 2356/1964/595 2342/1950/590
f 2358/1965/597 2343/1963/596 2344/1951/592
f 2359/1966/598 2344/1951/592 2345/1952/593
f 2360/1967/598 2345/1952/593 2346/1953/593
f 2361/1968/599 2346/1953/593 2347/1954/593
f 2362/1969/598 2347/1954/593 2348/1955/593
f 2363/1970/598 2348/1955/593 2349/1956/593
f 2364/1971/599 2349/1956/593 2350/1957/593
f 2352/1959/595 2365/1972/600 2351/1958/594
f 2353/1960/594 2366/1973/600 2352/1959/595
f 2354/1961/595 2367/1974/600 2353/1960/594
f 2355/1962/595 2368/1975/600 2354/1961/595
f 2356/1964/595 2369/1976/600 2355/1962/595
f 2357/1977/601 2370/1978/600 2356/1964/595
f 2372/1979/602 2357/1977/601 2358/1965/597
f 2373/1980/603 2358/1965/597 2359/1966/598
f 2374/1981/603 2359/1966/598 2360/1967/598
f 2375/1982/603 2360/1967/598 2361/1968/599
f 2376/1983/603 2361/1968/599 2362/1969/598
f 2377/1984/603 2362/1969/598 2363/1970/598
f 2378/1985/603 2363/1970/598 2364/1971/599
f 2366/1973/600 2379/1986/604 2365/1972/600
f 2367/1974/600 2380/1987/604 2366/1973/600
f 2368/1975/600 2381/1988/604 2367/1974/600
f 2369/1976/600 2382/1989/604 2368/1975/600
f 2370/1978/600 2383/1990/604 2369/1976/600
f 2371/1991/605 2384/1992/604 2370/1978/600
f 2386/1993/606 2371/1991/605 2372/1979/602
f 2387/1994/607 2372/1979/602 2373/1980/603
f 2388/1995/607 2373/1980/603 2374/1981/603
f 2389/1996/607 2374/1981/603 2375/1982/603
f 2390/1997/607 2375/1982/603 2376/1983/603
f 2391/1998/607 2376/1983/603 2377/1984/603
f 2392/1999/607 2377/1984/603 2378/1985/603
f 2380/1987/604 2393/2000/608 2379/1986/604
f 2381/1988/604 2394/2001/608 2380/1987/604
f 2382/1989/604 2395/2002/608 2381/1988/604
f 2383/1990/604 2396/2003/608 2382/1989/604
f 2384/1992/604 2397/2004/608 2383/1990/604
f 2385/2005/609 2398/2006/608 2384/1992/604
f 2400/2007/610 2385/2005/609 2386/1993/606
f 2401/2008/611 2386/1993/606 2387/1994/607
f 2402/2009/611 2387/1994/607 2388/1995/607
f 2403/2010/611 2388/1995/607 2389/1996/607
f 2404/2011/611 2389/1996/607 2390/1997/607
f 2405/2012/611 2390/1997/607 2391/1998/607
f 2406/2013/611 2391/1998/607 2392/1999/607
f 2394/2001/608 2407/2014/612 2393/2000/608
f 2395/2002/608 2408/2015/612 2394/2001/608
f 2396/2003/608 2409/2016/612 2395/2002/608
f 2397/2004/608 2410/2017/612 2396/2003/608
f 2398/2006/608 2411/2018/612 2397/2004/608
f 2399/2019/613 2412/2020/612 2398/2006/608
f 2414/2021/614 2399/2019/613 2400/2007/610
f 2415/2022/615 2400/2007/610 2401/2008/611
f 2416/2023/615 2401/2008/611 2402/2009/611
f 2417/2024/615 2402/2009/611 2403/2010/611
f 2418/2025/615 2403/2010/611 2404/2011/611
f 2419/2026/615 2404/2011/611 2405/2012/611
f 2420/2027/615 2405/2012/611 2406/2013/611
f 2408/2015/612 2421/2028/616 2407/2014/612
f 2409/2016/612 2422/2029/616 2408/2015/612
f 2410/2017/612 2423/2030/616 2409/2016/612
f 2411/2018/612 2424/2031/616 2410/2017/612
f 2412/2020/612 2425/2032/616 2411/2018/612
f 2413/2033/617 2426/2034/616 2412/2020/612
f 2428/2035/618 2413/2033/617 2414/2021/614
f 2429/2036/619 2414/2021/614 2415/2022/615
f 2430/2037/619 2415/2022/615 2416/2023/615
f 2431/2038/619 2416/2023/615 2417/2024/615
f 2432/2039/619 2417/2024/615 2418/2025/615
f 2433/2040/619 2418/2025/615 2419/2026/615
f 2434/2041/619 2419/2026/615 2420/2027/615
f 2422/2029/616 2435/2042/620 2421/2028/616
f 2423/2030/616 2436/2043/620 2422/2029/616
f 2424/2031/616 2437/2044/621 2423/2030/616
f 2425/2032/616 2438/2045/620 2424/2031/616
f 2426/2034/616 2439/2046/620 2425/2032/616
f 2427/2047/622 2440/2048/620 2426/2034/616
f 2442/2049/623 2427/2047/622 2428/2035/618
f 2443/2050/624 2428/2035/618 2429/2036/619
f 2444/2051/624 2429/2036/619 2430/2037/619
f 2445/2052/624 2430/2037/619 2431/2038/619
f 2446/2053/625 2431/2038/619 2432/2039/619
f 2447/2054/624 2432/2039/619 2433/2040/619
f 2448/2055/624 2433/2040/619 2434/2041/619
f 2436/2043/620 2449/2056/626 2435/2042/620
f 2437/2044/621 2450/2057/626 2436/2043/620
f 2438/2045/620 2451/2058/626 2437/2044/621
f 2439/2046/620 2452/2059/626 2438/2045/620
f 2440/2048/620 2453/2060/626 2439/2046/620
f 2441/2061/627 2454/2062/626 2440/2048/620
f 2456/2063/628 2441/2061/627 2442/2049/623
f 2457/2064/629 2442/2049/623 2443/2050/624
f 2458/2065/629 2443/2050/624 2444/2051/624
f 2459/2066/629 2444/2051/624 2445/2052/624
f 2460/2067/629 2445/2052/624 2446/2053/625
f 2461/2068/629 2446/2053/625 2447/2054/624
f 2462/2069/629 2447/2054/624 2448/2055/624
f 2450/2057/626 2463/2070/630 2449/2056/626
f 2451/2058/626 2464/2071/630 2450/2057/626
f 2452/2059/626 2465/2072/630 2451/2058/626
f 2453/2060/626 2466/2073/630 2452/2059/626
f 2454/2062/626 2467/2074/630 2453/2060/626
f 2455/2075/631 2468/2076/630 2454/2062/626
f 2470/2077/632 2455/2075/631 2456/2063/628
f 2471/2078/633 2456/2063/628 2457/2064/629
f 2472/2079/633 2457/2064/629 2458/2065/629
f 2473/2080/633 2458/2065/629 2459/2066/629
f 2474/2081/633 2459/2066/629 2460/2067/629
f 2475/2082/633 2460/2067/629 2461/2068/629
f 2476/2083/633 2461/2068/629 2462/2069/629
f 2464/2071/630 2477/2084/634 2463/2070/630
f 2465/2072/630 2478/2085/634 2464/2071/630
f 2466/2073/630 2479/2086/634 2465/2072/630
f 2467/2074/630 2480/2087/634 2466/2073/630
f 2482/2088/634 2467/2074/630 2468/2076/630
f 2469/2089/635 2482/2088/634 2468/2076/630
f 2484/2090/636 2469/2089/635 2470/2077/632
f 2485/2091/637 2470/2077/632 2471/2078/633
f 2472/2079/633 2485/2091/637 2471/2078/633
f 2487/2092/637 2472/2079/633 2473/2080/633
f 2488/2093/637 2473/2080/633 2474/2081/633
f 2489/2094/637 2474/2081/633 2475/2082/633
f 2490/2095/637 2475/2082/633 2476/2083/633
f 2478/2085/634 2491/2096/638 2477/2084/634
f 2479/2086/634 2492/2097/638 2478/2085/634
f 2480/2087/634 2493/2098/638 2479/2086/634
f 2481/2099/634 2494/2100/638 2480/2087/634
f 2482/2088/634 2495/2101/638 2481/2099/634
f 2483/2102/639 2496/2103/638 2482/2088/634
f 2498/2104/640 2483/2102/639 2484/2090/636
f 2499/2105/641 2484/2090/636 2485/2091/637
f 2500/2106/641 2485/2091/637 2486/2107/637
f 2501/2108/641 2486/2107/637 2487/2092/637
f 2502/2109/641 2487/2092/637 2488/2093/637
f 2503/2110/641 2488/2093/637 2489/2094/637
f 2504/2111/641 2489/2094/637 2490/2095/637
f 2492/2097/638 2505/2112/642 2491/2096/638
f 2493/2098/638 2506/2113/642 2492/2097/638
f 2494/2100/638 2507/2114/642 2493/2098/638
f 2495/2101/638 2508/2115/642 2494/2100/638
f 2496/2103/638 2509/2116/642 2495/2101/638
f 2497/2117/643 2510/2118/642 2496/2103/638
f 2512/2119/644 2497/2117/643 2498/2104/640
f 2513/2120/645 2498/2104/640 2499/2105/641
f 2514/2121/645 2499/2105/641 2500/2106/641
f 2515/2122/645 2500/2106/641 2501/2108/641
f 2516/2123/645 2501/2108/641 2502/2109/641
f 2517/2124/645 2502/2109/641 2503/2110/641
f 2518/2125/645 2503/2110/641 2504/2111/641
f 2506/2113/642 2519/2126/646 2505/2112/642
f 2507/2114/642 2520/2127/646 2506/2113/642
f 2508/2115/642 2521/2128/646 2507/2114/642
f 2509/2116/642 2522/2129/646 2508/2115/642
f 2510/2118/642 2523/2130/647 2509/2116/642
f 2511/2131/648 2524/2132/646 2510/2118/642
f 2526/2133/649 2511/2131/648 2512/2119/644
f 2527/2134/650 2512/2119/644 2513/2120/645
f 2528/2135/650 2513/2120/645 2514/2121/645
f 2529/2136/650 2514/2121/645 2515/2122/645
f 2530/2137/650 2515/2122/645 2516/2123/645
f 2531/2138/650 2516/2123/645 2517/2124/645
f 2532/2139/650 2517/2124/645 2518/2125/645
f 2520/2127/646 2533/2140/651 2519/2126/646
f 2521/2128/646 2534/2141/651 2520/2127/646
f 2522/2129/646 2535/2142/651 2521/2128/646
f 2523/2130/647 2536/2143/651 2522/2129/646
f 2524/2132/646 2537/2144/651 2523/2130/647
f 2525/2145/652 2538/2146/651 2524/2132/646
f 2540/2147/653 2525/2145/652 2526/2133/649
f 2541/2148/654 2526/2133/649 2527/2134/650
f 2542/2149/654 2527/2134/650 2528/2135/650
f 2543/2150/654 2528/2135/650 2529/2136/650
f 2544/2151/654 2529/2136/650 2530/2137/650
f 2545/2152/654 2530/2137/650 2531/2138/650
f 2546/2153/654 2531/2138/650 2532/2139/650
f 2534/2141/651 2547/2154/655 2533/2140/651
f 2535/2142/651 2548/2155/656 2534/2141/651
f 2536/2143/651 2549/2156/657 2535/2142/651
f 2537/2144/651 2550/2157/657 2536/2143/651
f 2538/2146/651 2551/2158/656 2537/2144/651
f 2539/2159/658 2552/2160/657 2538/2146/651
f 2554/2161/659 2539/2159/658 2540/2147/653
f 2555/2162/660 2540/2147/653 2541/2148/654
f 2556/2163/661 2541/2148/654 2542/2149/654
f 2557/2164/660 2542/2149/654 2543/2150/654
f 2558/2165/660 2543/2150/654 2544/2151/654
f 2559/2166/661 2544/2151/654 2545/2152/654
f 2560/2167/662 2545/2152/654 2546/2153/654
f 2548/2155/656 2561/2168/663 2547/2154/655
f 2549/2156/657 2562/2169/664 2548/2155/656
f 2550/2157/657 2563/2170/663 2549/2156/657
f 2551/2158/656 2564/2171/664 2550/2157/657
f 2552/2160/657 2565/2172/664 2551/2158/656
f 2553/2173/665 2566/2174/664 2552/2160/657
f 2568/2175/666 2553/2173/665 2554/2161/659
f 2569/2176/667 2554/2161/659 2555/2162/660
f 2570/2177/667 2555/2162/660 2556/2163/661
f 2571/2178/667 2556/2163/661 2557/2164/660
f 2572/2179/668 2557/2164/660 2558/2165/660
f 2573/2180/667 2558/2165/660 2559/2166/661
f 2574/2181/668 2559/2166/661 2560/2167/662
f 2562/2169/664 2575/2182/669 2561/2168/663
f 2563/2170/663 2576/2183/669 2562/2169/664
f 2564/2171/664 2577/2184/669 2563/2170/663
f 2565/2172/664 2578/2185/670 2564/2171/664
f 2566/2174/664 2579/2186/669 2565/2172/664
f 2567/2187/671 2580/2188/670 2566/2174/664
f 2582/2189/672 2567/2187/671 2568/2175/666
f 2583/2190/673 2568/2175/666 2569/2176/667
f 2584/2191/674 2569/2176/667 2570/2177/667
f 2585/2192/673 2570/2177/667 2571/2178/667
f 2586/2193/674 2571/2178/667 2572/2179/668
f 2587/2194/674 2572/2179/668 2573/2180/667
f 2588/2195/674 2573/2180/667 2574/2181/668
f 2576/2183/669 2589/2196/675 2575/2182/669
f 2577/2184/669 2590/2197/676 2576/2183/669
f 2578/2185/670 2591/2198/675 2577/2184/669
f 2579/2186/669 2592/2199/676 2578/2185/670
f 2580/2188/670 2593/2200/676 2579/2186/669
f 2581/2201/677 2594/2202/676 2580/2188/670
f 2596/2203/678 2581/2201/677 2582/2189/672
f 2597/2204/679 2582/2189/672 2583/2190/673
f 2598/2205/679 2583/2190/673 2584/2191/674
f 2599/2206/679 2584/2191/674 2585/2192/673
f 2600/2207/680 2585/2192/673 2586/2193/674
f 2601/2208/679 2586/2193/674 2587/2194/674
f 2602/2209/680 2587/2194/674 2588/2195/674
f 2590/2197/676 2603/2210/681 2589/2196/675
f 2591/2198/675 2604/2211/681 2590/2197/676
f 2592/2199/676 2605/2212/681 2591/2198/675
f 2593/2200/676 2606/2213/681 2592/2199/676
f 2594/2202/676 2607/2214/681 2593/2200/676
f 2595/2215/682 2608/2216/681 2594/2202/676
f 2610/2217/683 2595/2215/682 2596/2203/678
f 2611/2218/684 2596/2203/678 2597/2204/679
f 2612/2219/684 2597/2204/679 2598/2205/679
f 2613/2220/684 2598/2205/679 2599/2206/679
f 2614/2221/684 2599/2206/679 2600/2207/680
f 2615/2222/684 2600/2207/680 2601/2208/679
f 2616/2223/684 2601/2208/679 2602/2209/680
f 2604/2211/681 2617/2224/685 2603/2210/681
f 2605/2212/681 2618/2225/685 2604/2211/681
f 2606/2213/681 2619/2226/685 2605/2212/681
f 2607/2214/681 2620/2227/685 2606/2213/681
f 2608/2216/681 2621/2228/685 2607/2214/681
f 2609/2229/686 2622/2230/685 2608/2216/681
f 2624/2231/687 2609/2229/686 2610/2217/683
f 2625/2232/688 2610/2217/683 2611/2218/684
f 2626/2233/688 2611/2218/684 2612/2219/684
f 2627/2234/688 2612/2219/684 2613/2220/684
f 2628/2235/688 2613/2220/684 2614/2221/684
f 2629/2236/688 2614/2221/684 2615/2222/684
f 2630/2237/688 2615/2222/684 2616/2223/684
f 2618/2225/685 2631/2238/689 2617/2224/685
f 2619/2226/685 2632/2239/689 2618/2225/685
f 2620/2227/685 2633/2240/689 2619/2226/685
f 2621/2228/685 2634/2241/689 2620/2227/685
f 2622/2230/685 2635/2242/689 2621/2228/685
f 2623/2243/690 2636/2244/689 2622/2230/685
f 2638/2245/691 2623/2243/690 2624/2231/687
f 2639/2246/692 2624/2231/687 2625/2232/688
f 2640/2247/692 2625/2232/688 2626/2233/688
f 2641/2248/692 2626/2233/688 2627/2234/688
f 2642/2249/692 2627/2234/688 2628/2235/688
f 2643/2250/692 2628/2235/688 2629/2236/688
f 2644/2251/692 2629/2236/688 2630/2237/688
f 2646/2252/693 2631/2238/689 2632/2239/689
f 2647/2253/693 2632/2239/689 2633/2240/689
f 2648/2254/693 2633/2240/689 2634/2241/689
f 2649/2255/693 2634/2241/689 2635/2242/689
f 2650/2256/693 2635/2242/689 2636/2244/689
f 2651/2257/694 2636/2244/689 2637/2258/695
f 2652/2259/696 2637/2258/695 2638/2245/691
f 2639/2246/692 2652/2259/696 2638/2245/691
f 2640/2247/692 2653/2260/697 2639/2246/692
f 2641/2248/692 2654/2261/697 2640/2247/692
f 2642/2249/692 2655/2262/697 2641/2248/692
f 2643/2250/692 2656/2263/697 2642/2249/692
f 2644/2251/692 2657/2264/697 2643/2250/692
f 2660/2265/698 2645/2266/693 2646/2252/693
f 2661/2267/698 2646/2252/693 2647/2253/693
f 2662/2268/699 2647/2253/693 2648/2254/693
f 2663/2269/699 2648/2254/693 2649/2255/693
f 2664/2270/699 2649/2255/693 2650/2256/693
f 2665/2271/700 2650/2256/693 2651/2257/694
f 2666/2272/701 2651/2257/694 2652/2259/696
f 2653/2260/697 2666/2272/701 2652/2259/696
f 2654/2261/697 2667/2273/702 2653/2260/697
f 2655/2262/697 2668/2274/702 2654/2261/697
f 2656/2263/697 2669/2275/702 2655/2262/697
f 2657/2264/697 2670/2276/703 2656/2263/697
f 2658/2277/697 2671/2278/703 2657/2264/697
f 2660/2265/698 2673/2279/704 2659/2280/699
f 2661/2267/698 2674/2281/705 2660/2265/698
f 2662/2268/699 2675/2282/705 2661/2267/698
f 2663/2269/699 2676/2283/705 2662/2268/699
f 2664/2270/699 2677/2284/705 2663/2269/699
f 2665/2271/700 2678/2285/705 2664/2270/699
f 2680/2286/706 2665/2271/700 2666/2272/701
f 2681/2287/707 2666/2272/701 2667/2273/702
f 2682/2288/707 2667/2273/702 2668/2274/702
f 2683/2289/707 2668/2274/702 2669/2275/702
f 2684/2290/707 2669/2275/702 2670/2276/703
f 2685/2291/707 2670/2276/703 2671/2278/703
f 2686/2292/708 2671/2278/703 2672/2293/702
f 2674/2281/705 2687/2294/709 2673/2279/704
f 2675/2282/705 2688/2295/709 2674/2281/705
f 2676/2283/705 2689/2296/709 2675/2282/705
f 2677/2284/705 2690/2297/710 2676/2283/705
f 2678/2285/705 2691/2298/709 2677/2284/705
f 2679/2299/711 2692/2300/709 2678/2285/705
f 2694/2301/712 2679/2299/711 2680/2286/706
f 2695/2302/713 2680/2286/706 2681/2287/707
f 2696/2303/713 2681/2287/707 2682/2288/707
f 2697/2304/714 2682/2288/707 2683/2289/707
f 2698/2305/713 2683/2289/707 2684/2290/707
f 2699/2306/713 2684/2290/707 2685/2291/707
f 2700/2307/713 2685/2291/707 2686/2292/708
f 2688/2295/709 2701/2308/715 2687/2294/709
f 2689/2296/709 2702/2309/715 2688/2295/709
f 2690/2297/710 2703/2310/715 2689/2296/709
f 2691/2298/709 2704/2311/715 2690/2297/710
f 2692/2300/709 2705/2312/715 2691/2298/709
f 2693/2313/716 2706/2314/715 2692/2300/709
f 2708/2315/717 2693/2313/716 2694/2301/712
f 2709/2316/718 2694/2301/712 2695/2302/713
f 2710/2317/718 2695/2302/713 2696/2303/713
f 2711/2318/718 2696/2303/713 2697/2304/714
f 2712/2319/718 2697/2304/714 2698/2305/713
f 2713/2320/718 2698/2305/713 2699/2306/713
f 2714/2321/718 2699/2306/713 2700/2307/713
f 2702/2309/715 2715/2322/719 2701/2308/715
f 2703/2310/715 2716/2323/719 2702/2309/715
f 2704/2311/715 2717/2324/719 2703/2310/715
f 2705/2312/715 2718/2325/719 2704/2311/715
f 2706/2314/715 2719/2326/719 2705/2312/715
f 2707/2327/720 2720/2328/719 2706/2314/715
f 2722/2329/721 2707/2327/720 2708/2315/717
f 2723/2330/722 2708/2315/717 2709/2316/718
f 2724/2331/722 2709/2316/718 2710/2317/718
f 2725/2332/722 2710/2317/718 2711/2318/718
f 2726/2333/722 2711/2318/718 2712/2319/718
f 2727/2334/722 2712/2319/718 2713/2320/718
f 2728/2335/722 2713/2320/718 2714/2321/718
f 2716/2323/719 2729/2336/723 2715/2322/719
f 2717/2324/719 2730/2337/724 2716/2323/719
f 2718/2325/719 2731/2338/723 2717/2324/719
f 2719/2326/719 2732/2339/723 2718/2325/719
f 2720/2328/719 2733/2340/724 2719/2326/719
f 2721/2341/725 2734/2342/724 2720/2328/719
f 2736/2343/726 2721/2341/725 2722/2329/721
f 2737/2344/727 2722/2329/721 2723/2330/722
f 2738/2345/727 2723/2330/722 2724/2331/722
f 2739/2346/728 2724/2331/722 2725/2332/722
f 2740/2347/728 2725/2332/722 2726/2333/722
f 2741/2348/727 2726/2333/722 2727/2334/722
f 2742/2349/727 2727/2334/722 2728/2335/722
f 2730/2337/724 2743/2350/729 2729/2336/723
f 2731/2338/723 2744/2351/729 2730/2337/724
f 2732/2339/723 2745/2352/729 2731/2338/723
f 2733/2340/724 2746/2353/730 2732/2339/723
f 2734/2342/724 2747/2354/729 2733/2340/724
f 2735/2355/731 2748/2356/729 2734/2342/724
f 2750/2357/732 2735/2355/731 2736/2343/726
f 2751/2358/733 2736/2343/726 2737/2344/727
f 2752/2359/733 2737/2344/727 2738/2345/727
f 2753/2360/734 2738/2345/727 2739/2346/728
f 2754/2361/733 2739/2346/728 2740/2347/728
f 2755/2362/733 2740/2347/728 2741/2348/727
f 2756/2363/734 2741/2348/727 2742/2349/727
f 2744/2351/729 2757/2364/735 2743/2350/729
f 2745/2352/729 2758/2365/735 2744/2351/729
f 2746/2353/730 2759/2366/735 2745/2352/729
f 2747/2354/729 2760/2367/735 2746/2353/730
f 2748/2356/729 2761/2368/735 2747/2354/729
f 2749/2369/736 2762/2370/735 2748/2356/729
f 2764/2371/737 2749/2369/736 2750/2357/732
f 2765/2372/738 2750/2357/732 2751/2358/733
f 2766/2373/738 2751/2358/733 2752/2359/733
f 2767/2374/738 2752/2359/733 2753/2360/734
f 2768/2375/738 2753/2360/734 2754/2361/733
f 2769/2376/738 2754/2361/733 2755/2362/733
f 2770/2377/738 2755/2362/733 2756/2363/734
f 2758/2365/735 2771/2378/739 2757/2364/735
f 2759/2366/735 2772/2379/739 2758/2365/735
f 2760/2367/735 2773/2380/739 2759/2366/735
f 2761/2368/735 2774/2381/739 2760/2367/735
f 2762/2370/735 2775/2382/739 2761/2368/735
f 2763/2383/740 2776/2384/739 2762/2370/735
f 2778/2385/741 2763/2383/740 2764/2371/737
f 2779/2386/742 2764/2371/737 2765/2372/738
f 2780/2387/742 2765/2372/738 2766/2373/738
f 2781/2388/742 2766/2373/738 2767/2374/738
f 2782/2389/742 2767/2374/738 2768/2375/738
f 2783/2390/742 2768/2375/738 2769/2376/738
f 2784/2391/742 2769/2376/738 2770/2377/738
f 2772/2379/739 2785/2392/743 2771/2378/739
f 2773/2380/739 2786/2393/743 2772/2379/739
f 2774/2381/739 2787/2394/743 2773/2380/739
f 2775/2382/739 2788/2395/743 2774/2381/739
f 2776/2384/739 2789/2396/743 2775/2382/739
f 2777/2397/744 2790/2398/743 2776/2384/739
f 2792/2399/745 2777/2397/744 2778/2385/741
f 2793/2400/746 2778/2385/741 2779/2386/742
f 2794/2401/746 2779/2386/742 2780/2387/742
f 2795/2402/746 2780/2387/742 2781/2388/742
f 2796/2403/746 2781/2388/742 2782/2389/742
f 2797/2404/746 2782/2389/742 2783/2390/742
f 2798/2405/746 2783/2390/742 2784/2391/742
f 2786/2393/743 2799/2406/747 2785/2392/743
f 2787/2394/743 2800/2407/747 2786/2393/743
f 2788/2395/743 2801/2408/747 2787/2394/743
f 2789/2396/743 2802/2409/747 2788/2395/743
f 2790/2398/743 2803/2410/747 2789/2396/743
f 2791/2411/748 2804/2412/747 2790/2398/743
f 2806/2413/749 2791/2411/748 2792/2399/745
f 2807/2414/750 2792/2399/745 2793/2400/746
f 2808/2415/750 2793/2400/746 2794/2401/746
f 2809/2416/750 2794/2401/746 2795/2402/746
f 2810/2417/750 2795/2402/746 2796/2403/746
f 2811/2418/750 2796/2403/746 2797/2404/746
f 2812/2419/750 2797/2404/746 2798/2405/746
f 2800/2407/747 2813/2420/751 2799/2406/747
f 2801/2408/747 2814/2421/751 2800/2407/747
f 2802/2409/747 2815/2422/751 2801/2408/747
f 2803/2410/747 2816/2423/751 2802/2409/747
f 2804/2412/747 2817/2424/751 2803/2410/747
f 2805/2425/752 2818/2426/751 2804/2412/747
f 2820/2427/753 2805/2425/752 2806/2413/749
f 2821/2428/754 2806/2413/749 2807/2414/750
f 2822/2429/754 2807/2414/750 2808/2415/750
f 2823/2430/754 2808/2415/750 2809/2416/750
f 2824/2431/754 2809/2416/750 2810/2417/750
f 2825/2432/754 2810/2417/750 2811/2418/750
f 2826/2433/754 2811/2418/750 2812/2419/750
f 2814/2421/751 2827/2434/755 2813/2420/751
f 2815/2422/751 2828/2435/755 2814/2421/751
f 2816/2423/751 2829/2436/755 2815/2422/751
f 2817/2424/751 2830/2437/755 2816/2423/751
f 2818/2426/751 2831/2438/755 2817/2424/751
f 2819/2439/756 2832/2440/755 2818/2426/751
f 2834/2441/757 2819/2439/756 2820/2427/753
f 2835/2442/758 2820/2427/753 2821/2428/754
f 2836/2443/758 2821/2428/754 2822/2429/754
f 2837/2444/758 2822/2429/754 2823/2430/754
f 2838/2445/758 2823/2430/754 2824/2431/754
f 2839/2446/758 2824/2431/754 2825/2432/754
f 2840/2447/758 2825/2432/754 2826/2433/754
f 2828/2435/755 2841/2448/759 2827/2434/755
f 2829/2436/755 2842/2449/759 2828/2435/755
f 2830/2437/755 2843/2450/760 2829/2436/755
f 2831/2438/755 2844/2451/759 2830/2437/755
f 2832/2440/755 2845/2452/759 2831/2438/755
f 2833/2453/761 2846/2454/759 2832/2440/755
f 2848/2455/762 2833/2453/761 2834/2441/757
f 2849/2456/763 2834/2441/757 2835/2442/758
f 2850/2457/763 2835/2442/758 2836/2443/758
f 2851/2458/763 2836/2443/758 2837/2444/758
f 2852/2459/764 2837/2444/758 2838/2445/758
f 2853/2460/763 2838/2445/758 2839/2446/758
f 2854/2461/763 2839/2446/758 2840/2447/758
f 2842/2449/759 2855/2462/765 2841/2448/759
f 2843/2450/760 2856/2463/766 2842/2449/759
f 2844/2451/759 2857/2464/765 2843/2450/760
f 2845/2452/759 2858/2465/766 2844/2451/759
f 2846/2454/759 2859/2466/765 2845/2452/759
f 2847/2467/767 2860/2468/766 2846/2454/759
f 2862/2469/768 2847/2467/767 2848/2455/762
f 2863/2470/769 2848/2455/762 2849/2456/763
f 2864/2471/769 2849/2456/763 2850/2457/763
f 2865/2472/769 2850/2457/763 2851/2458/763
f 2866/2473/770 2851/2458/763 2852/2459/764
f 2867/2474/769 2852/2459/764 2853/2460/763
f 2868/2475/770 2853/2460/763 2854/2461/763
f 2856/2463/766 2869/2476/771 2855/2462/765
f 2857/2464/765 2870/2477/771 2856/2463/766
f 2858/2465/766 2871/2478/771 2857/2464/765
f 2859/2466/765 2872/2479/771 2858/2465/766
f 2860/2468/766 2873/2480/771 2859/2466/765
f 2861/2481/772 2874/2482/771 2860/2468/766
f 2876/2483/773 2861/2481/772 2862/2469/768
f 2877/2484/774 2862/2469/768 2863/2470/769
f 2878/2485/774 2863/2470/769 2864/2471/769
f 2879/2486/774 2864/2471/769 2865/2472/769
f 2880/2487/774 2865/2472/769 2866/2473/770
f 2881/2488/774 2866/2473/770 2867/2474/769
f 2882/2489/774 2867/2474/769 2868/2475/770
f 2870/2477/771 2883/2490/775 2869/2476/771
f 2871/2478/771 2884/2491/775 2870/2477/771
f 2872/2479/771 2885/2492/775 2871/2478/771
f 2873/2480/771 2886/2493/775 2872/2479/771
f 2874/2482/771 2887/2494/775 2873/2480/771
f 2875/2495/776 2888/2496/775 2874/2482/771
f 2890/2497/777 2875/2495/776 2876/2483/773
f 2891/2498/778 2876/2483/773 2877/2484/774
f 2892/2499/778 2877/2484/774 2878/2485/774
f 2893/2500/778 2878/2485/774 2879/2486/774
f 2894/2501/778 2879/2486/774 2880/2487/774
f 2895/2502/778 2880/2487/774 2881/2488/774
f 2896/2503/778 2881/2488/774 2882/2489/774
f 2884/2491/775 2897/2504/779 2883/2490/775
f 2885/2492/775 2898/2505/779 2884/2491/775
f 2886/2493/775 2899/2506/779 2885/2492/775
f 2887/2494/775 2900/2507/779 2886/2493/775
f 2888/2496/775 2901/2508/779 2887/2494/775
f 2903/2509/780 2888/2496/775 2889/2510/781
f 2904/2511/782 2889/2510/781 2890/2497/777
f 2891/2498/778 2904/2511/782 2890/2497/777
f 2906/2512/783 2891/2498/778 2892/2499/778
f 2907/2513/783 2892/2499/778 2893/2500/778
f 2894/2501/778 2907/2513/783 2893/2500/778
f 2909/2514/783 2894/2501/778 2895/2502/778
f 2910/2515/783 2895/2502/778 2896/2503/778
f 2912/2516/784 2897/2504/779 2898/2505/779
f 2913/2517/784 2898/2505/779 2899/2506/779
f 2914/2518/784 2899/2506/779 2900/2507/779
f 2915/2519/784 2900/2507/779 2901/2508/779
f 2916/2520/784 2901/2508/779 2902/2521/779
f 2917/2522/785 2902/2521/779 2903/2509/780
f 2918/2523/786 2903/2509/780 2904/2511/782
f 2905/2524/783 2918/2523/786 2904/2511/782
f 2906/2512/783 2919/2525/787 2905/2524/783
f 2907/2513/783 2920/2526/787 2906/2512/783
f 2908/2527/783 2921/2528/787 2907/2513/783
f 2909/2514/783 2922/2529/787 2908/2527/783
f 2910/2515/783 2923/2530/787 2909/2514/783
f 2926/2531/788 2911/2532/784 2912/2516/784
f 2927/2533/788 2912/2516/784 2913/2517/784
f 2928/2534/788 2913/2517/784 2914/2518/784
f 2929/2535/788 2914/2518/784 2915/2519/784
f 2930/2536/788 2915/2519/784 2916/2520/784
f 2931/2537/789 2916/2520/784 2917/2522/785
f 2932/2538/790 2917/2522/785 2918/2523/786
f 2919/2525/787 2932/2538/790 2918/2523/786
f 2920/2526/787 2933/2539/791 2919/2525/787
f 2921/2528/787 2934/2540/791 2920/2526/787
f 2922/2529/787 2935/2541/791 2921/2528/787
f 2923/2530/787 2936/2542/791 2922/2529/787
f 2924/2543/787 2937/2544/791 2923/2530/787
f 2940/2545/792 2925/2546/788 2926/2531/788
f 2941/2547/793 2926/2531/788 2927/2533/788
f 2942/2548/792 2927/2533/788 2928/2534/788
f 2943/2549/792 2928/2534/788 2929/2535/788
f 2944/2550/792 2929/2535/788 2930/2536/788
f 2945/2551/794 2930/2536/788 2931/2537/789
f 2946/2552/795 2931/2537/789 2932/2538/790
f 2933/2539/791 2946/2552/795 2932/2538/790
f 2934/2540/791 2947/2553/796 2933/2539/791
f 2935/2541/791 2948/2554/796 2934/2540/791
f 2936/2542/791 2949/2555/796 2935/2541/791
f 2937/2544/791 2950/2556/796 2936/2542/791
f 2938/2557/791 2951/2558/796 2937/2544/791
f 2954/2559/797 2939/2560/792 2940/2545/792
f 2955/2561/797 2940/2545/792 2941/2547/793
f 2956/2562/797 2941/2547/793 2942/2548/792
f 2957/2563/797 2942/2548/792 2943/2549/792
f 2958/2564/797 2943/2549/792 2944/2550/792
f 2959/2565/798 2944/2550/792 2945/2551/794
f 2960/2566/799 2945/2551/794 2946/2552/795
f 2947/2553/796 2960/2566/799 2946/2552/795
f 2948/2554/796 2961/2567/800 2947/2553/796
f 2949/2555/796 2962/2568/800 2948/2554/796
f 2950/2556/796 2963/2569/800 2949/2555/796
f 2951/2558/796 2964/2570/800 2950/2556/796
f 2952/2571/796 2965/2572/800 2951/2558/796
f 2968/2573/801 2953/2574/802 2954/2559/797
f 2969/2575/801 2954/2559/797 2955/2561/797
f 2970/2576/801 2955/2561/797 2956/2562/797
f 2971/2577/801 2956/2562/797 2957/2563/797
f 2972/2578/801 2957/2563/797 2958/2564/797
f 2973/2579/803 2958/2564/797 2959/2565/798
f 2974/2580/804 2959/2565/798 2960/2566/799
f 2961/2567/800 2974/2580/804 2960/2566/799
f 2962/2568/800 2975/2581/805 2961/2567/800
f 2963/2569/800 2976/2582/805 2962/2568/800
f 2964/2570/800 2977/2583/805 2963/2569/800
f 2965/2572/800 2978/2584/805 2964/2570/800
f 2966/2585/806 2979/2586/805 2965/2572/800
f 2982/2587/807 2967/2588/801 2968/2573/801
f 2983/2589/808 2968/2573/801 2969/2575/801
f 2984/2590/807 2969/2575/801 2970/2576/801
f 2985/2591/807 2970/2576/801 2971/2577/801
f 2986/2592/807 2971/2577/801 2972/2578/801
f 2987/2593/809 2972/2578/801 2973/2579/803
f 2988/2594/810 2973/2579/803 2974/2580/804
f 2975/2581/805 2988/2594/810 2974/2580/804
f 2976/2582/805 2989/2595/811 2975/2581/805
f 2977/2583/805 2990/2596/812 2976/2582/805
f 2978/2584/805 2991/2597/811 2977/2583/805
f 2979/2586/805 2992/2598/812 2978/2584/805
f 2980/2599/805 2993/2600/811 2979/2586/805
f 2996/2601/813 2981/2602/808 2982/2587/807
f 2997/2603/813 2982/2587/807 2983/2589/808
f 2998/2604/813 2983/2589/808 2984/2590/807
f 2999/2605/813 2984/2590/807 2985/2591/807
f 3000/2606/813 2985/2591/807 2986/2592/807
f 3001/2607/814 2986/2592/807 2987/2593/809
f 3002/2608/815 2987/2593/809 2988/2594/810
f 2989/2595/811 3002/2608/815 2988/2594/810
f 2990/2596/812 3003/2609/816 2989/2595/811
f 2991/2597/811 3004/2610/816 2990/2596/812
f 2992/2598/812 3005/2611/816 2991/2597/811
f 2993/2600/811 3006/2612/816 2992/2598/812
f 2994/2613/812 3007/2614/816 2993/2600/811
f 3010/2615/817 2995/2616/813 2996/2601/813
f 3011/2617/817 2996/2601/813 2997/2603/813
f 3012/2618/817 2997/2603/813 2998/2604/813
f 3013/2619/817 2998/2604/813 2999/2605/813
f 3014/2620/817 2999/2605/813 3000/2606/813
f 3015/2621/818 3000/2606/813 3001/2607/814
f 3016/2622/819 3001/2607/814 3002/2608/815
f 3003/2609/816 3016/2622/819 3002/2608/815
f 3004/2610/816 3017/2623/820 3003/2609/816
f 3005/2611/816 3018/2624/820 3004/2610/816
f 3006/2612/816 3019/2625/820 3005/2611/816
f 3007/2614/816 3020/2626/820 3006/2612/816
f 3008/2627/816 3021/2628/820 3007/2614/816
f 3010/2615/817 3023/2629/821 3009/2630/817
f 3011/2617/817 3024/2631/821 3010/2615/817
f 3012/2618/817 3025/2632/821 3011/2617/817
f 3013/2619/817 3026/2633/821 3012/2618/817
f 3014/2620/817 3027/2634/821 3013/2619/817
f 3015/2621/818 3028/2635/821 3014/2620/817
f 3030/2636/822 3015/2621/818 3016/2622/819
f 3031/2637/823 3016/2622/819 3017/2623/820
f 3032/2638/823 3017/2623/820 3018/2624/820
f 3033/2639/823 3018/2624/820 3019/2625/820
f 3034/2640/823 3019/2625/820 3020/2626/820
f 3035/2641/823 3020/2626/820 3021/2628/820
f 3036/2642/824 3021/2628/820 3022/2643/820
f 3024/2631/821 3037/2644/825 3023/2629/821
f 3025/2632/821 3038/2645/825 3024/2631/821
f 3026/2633/821 3039/2646/825 3025/2632/821
f 3027/2634/821 3040/2647/825 3026/2633/821
f 3028/2635/821 3041/2648/825 3027/2634/821
f 3029/2649/826 3042/2650/825 3028/2635/821
f 3044/2651/827 3029/2649/826 3030/2636/822
f 3045/2652/828 3030/2636/822 3031/2637/823
f 3046/2653/828 3031/2637/823 3032/2638/823
f 3047/2654/828 3032/2638/823 3033/2639/823
f 3048/2655/828 3033/2639/823 3034/2640/823
f 3049/2656/828 3034/2640/823 3035/2641/823
f 3050/2657/829 3035/2641/823 3036/2642/824
f 3038/2645/825 3051/2658/830 3037/2644/825
f 3039/2646/825 3052/2659/830 3038/2645/825
f 3040/2647/825 3053/2660/830 3039/2646/825
f 3041/2648/825 3054/2661/830 3040/2647/825
f 3042/2650/825 3055/2662/830 3041/2648/825
f 3043/2663/831 3056/2664/830 3042/2650/825
f 3058/2665/832 3043/2663/831 3044/2651/827
f 3059/2666/833 3044/2651/827 3045/2652/828
f 3060/2667/833 3045/2652/828 3046/2653/828
f 3061/2668/833 3046/2653/828 3047/2654/828
f 3062/2669/833 3047/2654/828 3048/2655/828
f 3063/2670/833 3048/2655/828 3049/2656/828
f 3064/2671/833 3049/2656/828 3050/2657/829
f 3052/2659/830 3065/2672/834 3051/2658/830
f 3053/2660/830 3066/2673/834 3052/2659/830
f 3054/2661/830 3067/2674/834 3053/2660/830
f 3055/2662/830 3068/2675/834 3054/2661/830
f 3056/2664/830 3069/2676/834 3055/2662/830
f 3057/2677/835 3070/2678/836 3056/2664/830
f 3072/2679/837 3057/2677/835 3058/2665/832
f 3073/2680/838 3058/2665/832 3059/2666/833
f 3074/2681/839 3059/2666/833 3060/2667/833
f 3075/2682/839 3060/2667/833 3061/2668/833
f 3076/2683/839 3061/2668/833 3062/2669/833
f 3077/2684/839 3062/2669/833 3063/2670/833
f 3078/2685/839 3063/2670/833 3064/2671/833
f 3066/2673/834 3079/2686/840 3065/2672/834
f 3067/2674/834 3080/2687/840 3066/2673/834
f 3068/2675/834 3081/2688/840 3067/2674/834
f 3069/2676/834 3082/2689/840 3068/2675/834
f 3070/2678/836 3083/2690/840 3069/2676/834
f 3071/2691/841 3084/2692/840 3070/2678/836
f 3086/2693/842 3071/2691/841 3072/2679/837
f 3087/2694/843 3072/2679/837 3073/2680/838
f 3088/2695/843 3073/2680/838 3074/2681/839
f 3089/2696/843 3074/2681/839 3075/2682/839
f 3090/2697/843 3075/2682/839 3076/2683/839
f 3091/2698/843 3076/2683/839 3077/2684/839
f 3092/2699/843 3077/2684/839 3078/2685/839
f 3080/2687/840 3093/2700/844 3079/2686/840
f 3081/2688/840 3094/2701/845 3080/2687/840
f 3082/2689/840 3095/2702/845 3081/2688/840
f 3083/2690/840 3096/2703/845 3082/2689/840
f 3084/2692/840 3097/2704/845 3083/2690/840
f 3085/2705/846 3098/2706/845 3084/2692/840
f 3100/2707/847 3085/2705/846 3086/2693/842
f 3101/2708/848 3086/2693/842 3087/2694/843
f 3102/2709/848 3087/2694/843 3088/2695/843
f 3103/2710/848 3088/2695/843 3089/2696/843
f 3104/2711/848 3089/2696/843 3090/2697/843
f 3105/2712/848 3090/2697/843 3091/2698/843
f 3106/2713/849 3091/2698/843 3092/2699/843
f 3094/2701/845 3107/2714/850 3093/2700/844
f 3095/2702/845 3108/2715/851 3094/2701/845
f 3096/2703/845 3109/2716/851 3095/2702/845
f 3097/2704/845 3110/2717/852 3096/2703/845
f 3098/2706/845 3111/2718/851 3097/2704/845
f 3099/2719/853 3112/2720/852 3098/2706/845
f 3114/2721/854 3099/2719/853 3100/2707/847
f 3115/2722/855 3100/2707/847 3101/2708/848
f 3116/2723/856 3101/2708/848 3102/2709/848
f 3117/2724/855 3102/2709/848 3103/2710/848
f 3118/2725/856 3103/2710/848 3104/2711/848
f 3119/2726/856 3104/2711/848 3105/2712/848
f 3120/2727/857 3105/2712/848 3106/2713/849
f 3108/2715/851 3121/2728/858 3107/2714/850
f 3109/2716/851 3122/2729/859 3108/2715/851
f 3110/2717/852 3123/2730/859 3109/2716/851
f 3111/2718/851 3124/2731/859 3110/2717/852
f 3112/2720/852 3125/2732/859 3111/2718/851
f 3113/2733/860 3126/2734/859 3112/2720/852
f 3128/2735/861 3113/2733/860 3114/2721/854
f 3129/2736/862 3114/2721/854 3115/2722/855
f 3130/2737/862 3115/2722/855 3116/2723/856
f 3131/2738/862 3116/2723/856 3117/2724/855
f 3132/2739/862 3117/2724/855 3118/2725/856
f 3133/2740/862 3118/2725/856 3119/2726/856
f 3134/2741/863 3119/2726/856 3120/2727/857
f 3122/2729/859 3135/2742/864 3121/2728/858
f 3123/2730/859 3136/2743/864 3122/2729/859
f 3124/2731/859 3137/2744/864 3123/2730/859
f 3125/2732/859 3138/2745/864 3124/2731/859
f 3126/2734/859 3139/2746/864 3125/2732/859
f 3127/2747/865 3140/2748/864 3126/2734/859
f 3142/2749/866 3127/2747/865 3128/2735/861
f 3143/2750/867 3128/2735/861 3129/2736/862
f 3144/2751/867 3129/2736/862 3130/2737/862
f 3145/2752/867 3130/2737/862 3131/2738/862
f 3146/2753/867 3131/2738/862 3132/2739/862
f 3147/2754/867 3132/2739/862 3133/2740/862
f 3148/2755/867 3133/2740/862 3134/2741/863
f 3136/2743/864 3149/2756/868 3135/2742/864
f 3137/2744/864 3150/2757/868 3136/2743/864
f 3138/2745/864 3151/2758/869 3137/2744/864
f 3139/2746/864 3152/2759/868 3138/2745/864
f 3140/2748/864 3153/2760/868 3139/2746/864
f 3141/2761/870 3154/2762/869 3140/2748/864
f 3156/2763/871 3141/2761/870 3142/2749/866
f 3157/2764/872 3142/2749/866 3143/2750/867
f 3158/2765/873 3143/2750/867 3144/2751/867
f 3159/2766/873 3144/2751/867 3145/2752/867
f 3160/2767/872 3145/2752/867 3146/2753/867
f 3161/2768/873 3146/2753/867 3147/2754/867
f 3162/2769/873 3147/2754/867 3148/2755/867
f 3150/2757/868 3163/2770/874 3149/2756/868
f 3151/2758/869 3164/2771/874 3150/2757/868
f 3152/2759/868 3165/2772/874 3151/2758/869
f 3153/2760/868 3166/2773/874 3152/2759/868
f 3154/2762/869 3167/2774/874 3153/2760/868
f 3155/2775/875 3168/2776/874 3154/2762/869
f 3170/2777/876 3155/2775/875 3156/2763/871
f 3171/2778/877 3156/2763/871 3157/2764/872
f 3172/2779/877 3157/2764/872 3158/2765/873
f 3173/2780/877 3158/2765/873 3159/2766/873
f 3174/2781/877 3159/2766/873 3160/2767/872
f 3175/2782/877 3160/2767/872 3161/2768/873
f 3176/2783/877 3161/2768/873 3162/2769/873
f 3164/2771/874 3177/2784/878 3163/2770/874
f 3165/2772/874 3178/2785/879 3164/2771/874
f 3166/2773/874 3179/2786/878 3165/2772/874
f 3167/2774/874 3180/2787/879 3166/2773/874
f 3168/2776/874 3181/2788/879 3167/2774/874
f 3169/2789/880 3182/2790/879 3168/2776/874
f 3184/2791/881 3169/2789/880 3170/2777/876
f 3185/2792/882 3170/2777/876 3171/2778/877
f 3186/2793/882 3171/2778/877 3172/2779/877
f 3187/2794/883 3172/2779/877 3173/2780/877
f 3188/2795/883 3173/2780/877 3174/2781/877
f 3189/2796/882 3174/2781/877 3175/2782/877
f 3190/2797/882 3175/2782/877 3176/2783/877
f 3192/2798/884 3177/2784/878 3178/2785/879
f 3193/2799/884 3178/2785/879 3179/2786/878
f 3194/2800/884 3179/2786/878 3180/2787/879
f 3195/2801/884 3180/2787/879 3181/2788/879
f 3196/2802/884 3181/2788/879 3182/2790/879
f 3197/2803/885 3182/2790/879 3183/2804/886
f 3198/2805/887 3183/2804/886 3184/2791/881
f 3185/2792/882 3198/2805/887 3184/2791/881
f 3186/2793/882 3199/2806/888 3185/2792/882
f 3187/2794/883 3200/2807/888 3186/2793/882
f 3188/2795/883 3201/2808/888 3187/2794/883
f 3189/2796/882 3202/2809/888 3188/2795/883
f 3190/2797/882 3203/2810/888 3189/2796/882
f 3206/2811/889 3191/2812/884 3192/2798/884
f 3207/2813/889 3192/2798/884 3193/2799/884
f 3208/2814/889 3193/2799/884 3194/2800/884
f 3209/2815/889 3194/2800/884 3195/2801/884
f 3210/2816/889 3195/2801/884 3196/2802/884
f 3211/2817/890 3196/2802/884 3197/2803/885
f 3212/2818/891 3197/2803/885 3198/2805/887
f 3199/2806/888 3212/2818/891 3198/2805/887
f 3200/2807/888 3213/2819/892 3199/2806/888
f 3201/2808/888 3214/2820/892 3200/2807/888
f 3202/2809/888 3215/2821/892 3201/2808/888
f 3203/2810/888 3216/2822/892 3202/2809/888
f 3204/2823/888 3217/2824/892 3203/2810/888
f 3206/2811/889 3219/2825/893 3205/2826/889
f 3207/2813/889 3220/2827/894 3206/2811/889
f 3208/2814/889 3221/2828/894 3207/2813/889
f 3209/2815/889 3222/2829/894 3208/2814/889
f 3210/2816/889 3223/2830/894 3209/2815/889
f 3211/2817/890 3224/2831/894 3210/2816/889
f 3226/2832/895 3211/2817/890 3212/2818/891
f 3227/2833/896 3212/2818/891 3213/2819/892
f 3228/2834/896 3213/2819/892 3214/2820/892
f 3229/2835/896 3214/2820/892 3215/2821/892
f 3230/2836/896 3215/2821/892 3216/2822/892
f 3231/2837/896 3216/2822/892 3217/2824/892
f 3232/2838/897 3217/2824/892 3218/2839/892
f 3220/2827/894 3233/2840/898 3219/2825/893
f 3221/2828/894 3234/2841/898 3220/2827/894
f 3222/2829/894 3235/2842/898 3221/2828/894
f 3223/2830/894 3236/2843/898 3222/2829/894
f 3224/2831/894 3237/2844/898 3223/2830/894
f 3225/2845/899 3238/2846/898 3224/2831/894
f 3240/2847/900 3225/2845/899 3226/2832/895
f 3241/2848/901 3226/2832/895 3227/2833/896
f 3242/2849/901 3227/2833/896 3228/2834/896
f 3243/2850/901 3228/2834/896 3229/2835/896
f 3244/2851/901 3229/2835/896 3230/2836/896
f 3245/2852/901 3230/2836/896 3231/2837/896
f 3246/2853/901 3231/2837/896 3232/2838/897
f 3234/2841/898 3247/2854/902 3233/2840/898
f 3235/2842/898 3248/2855/902 3234/2841/898
f 3236/2843/898 3249/2856/902 3235/2842/898
f 3237/2844/898 3250/2857/902 3236/2843/898
f 3238/2846/898 3251/2858/902 3237/2844/898
f 3239/2859/903 3252/2860/902 3238/2846/898
f 3254/2861/904 3239/2859/903 3240/2847/900
f 3255/2862/905 3240/2847/900 3241/2848/901
f 3256/2863/905 3241/2848/901 3242/2849/901
f 3257/2864/905 3242/2849/901 3243/2850/901
f 3258/2865/905 3243/2850/901 3244/2851/901
f 3259/2866/905 3244/2851/901 3245/2852/901
f 3260/2867/905 3245/2852/901 3246/2853/901
f 3248/2855/902 3261/2868/906 3247/2854/902
f 3249/2856/902 3262/2869/906 3248/2855/902
f 3250/2857/902 3263/2870/906 3249/2856/902
f 3251/2858/902 3264/2871/906 3250/2857/902
f 3252/2860/902 3265/2872/906 3251/2858/902
f 3253/2873/907 3266/2874/906 3252/2860/902
f 3268/2875/908 3253/2873/907 3254/2861/904
f 3269/2876/909 3254/2861/904 3255/2862/905
f 3270/2877/909 3255/2862/905 3256/2863/905
f 3271/2878/909 3256/2863/905 3257/2864/905
f 3272/2879/909 3257/2864/905 3258/2865/905
f 3273/2880/909 3258/2865/905 3259/2866/905
f 3274/2881/909 3259/2866/905 3260/2867/905
f 3262/2869/906 3275/2882/910 3261/2868/906
f 3263/2870/906 3276/2883/911 3262/2869/906
f 3264/2871/906 3277/2884/911 3263/2870/906
f 3265/2872/906 3278/2885/911 3264/2871/906
f 3266/2874/906 3279/2886/911 3265/2872/906
f 3267/2887/912 3280/2888/911 3266/2874/906
f 3282/2889/913 3267/2887/912 3268/2875/908
f 3283/2890/914 3268/2875/908 3269/2876/909
f 3284/2891/914 3269/2876/909 3270/2877/909
f 3285/2892/914 3270/2877/909 3271/2878/909
f 3286/2893/914 3271/2878/909 3272/2879/909
f 3287/2894/914 3272/2879/909 3273/2880/909
f 3288/2895/915 3273/2880/909 3274/2881/909
f 3276/2883/911 3289/2896/916 3275/2882/910
f 3277/2884/911 3290/2897/916 3276/2883/911
f 3278/2885/911 3291/2898/916 3277/2884/911
f 3279/2886/911 3292/2899/916 3278/2885/911
f 3280/2888/911 3293/2900/916 3279/2886/911
f 3281/2901/917 3294/2902/916 3280/2888/911
f 3296/2903/918 3281/2901/917 3282/2889/913
f 3297/2904/919 3282/2889/913 3283/2890/914
f 3298/2905/919 3283/2890/914 3284/2891/914
f 3299/2906/919 3284/2891/914 3285/2892/914
f 3300/2907/919 3285/2892/914 3286/2893/914
f 3301/2908/919 3286/2893/914 3287/2894/914
f 3302/2909/919 3287/2894/914 3288/2895/915
f 3290/2897/916 3303/2910/920 3289/2896/916
f 3291/2898/916 3304/2911/921 3290/2897/916
f 3292/2899/916 3305/2912/921 3291/2898/916
f 3293/2900/916 3306/2913/921 3292/2899/916
f 3294/2902/916 3307/2914/921 3293/2900/916
f 3295/2915/922 3308/2916/921 3294/2902/916
f 3310/2917/923 3295/2915/922 3296/2903/918
f 3311/2918/924 3296/2903/918 3297/2904/919
f 3312/2919/924 3297/2904/919 3298/2905/919
f 3313/2920/924 3298/2905/919 3299/2906/919
f 3314/2921/924 3299/2906/919 3300/2907/919
f 3315/2922/924 3300/2907/919 3301/2908/919
f 3316/2923/925 3301/2908/919 3302/2909/919
f 3304/2911/921 3317/2924/926 3303/2910/920
f 3305/2912/921 3318/2925/926 3304/2911/921
f 3306/2913/921 3319/2926/926 3305/2912/921
f 3307/2914/921 3320/2927/926 3306/2913/921
f 3308/2916/921 3321/2928/926 3307/2914/921
f 3309/2929/927 3322/2930/926 3308/2916/921
f 3324/2931/928 3309/2929/927 3310/2917/923
f 3325/2932/929 3310/2917/923 3311/2918/924
f 3326/2933/929 3311/2918/924 3312/2919/924
f 3327/2934/929 3312/2919/924 3313/2920/924
f 3328/2935/929 3313/2920/924 3314/2921/924
f 3329/2936/929 3314/2921/924 3315/2922/924
f 3330/2937/929 3315/2922/924 3316/2923/925
f 3318/2925/926 3331/2938/930 3317/2924/926
f 3319/2926/926 3332/2939/930 3318/2925/926
f 3320/2927/926 3333/2940/930 3319/2926/926
f 3321/2928/926 3334/2941/930 3320/2927/926
f 3322/2930/926 3335/2942/930 3321/2928/926
f 3323/2943/931 3336/2944/930 3322/2930/926
f 3338/2945/932 3323/2943/931 3324/2931/928
f 3339/2946/933 3324/2931/928 3325/2932/929
f 3340/2947/933 3325/2932/929 3326/2933/929
f 3341/2948/933 3326/2933/929 3327/2934/929
f 3342/2949/933 3327/2934/929 3328/2935/929
f 3343/2950/933 3328/2935/929 3329/2936/929
f 3344/2951/933 3329/2936/929 3330/2937/929
f 3346/2952/934 3331/2938/930 3332/2939/930
f 3347/2953/934 3332/2939/930 3333/2940/930
f 3348/2954/934 3333/2940/930 3334/2941/930
f 3349/2955/934 3334/2941/930 3335/2942/930
f 3350/2956/934 3335/2942/930 3336/2944/930
f 3351/2957/935 3336/2944/930 3337/2958/936
f 3352/2959/937 3337/2958/936 3338/2945/932
f 3339/2946/933 3352/2959/937 3338/2945/932
f 3340/2947/933 3353/2960/938 3339/2946/933
f 3341/2948/933 3354/2961/938 3340/2947/933
f 3342/2949/933 3355/2962/938 3341/2948/933
f 3343/2950/933 3356/2963/938 3342/2949/933
f 3344/2951/933 3357/2964/938 3343/2950/933
f 3360/2965/939 3345/2966/934 3346/2952/934
f 3361/2967/939 3346/2952/934 3347/2953/934
f 3362/2968/939 3347/2953/934 3348/2954/934
f 3363/2969/939 3348/2954/934 3349/2955/934
f 3364/2970/939 3349/2955/934 3350/2956/934
f 3365/2971/940 3350/2956/934 3351/2957/935
f 3366/2972/941 3351/2957/935 3352/2959/937
f 3353/2960/938 3366/2972/941 3352/2959/937
f 3354/2961/938 3367/2973/942 3353/2960/938
f 3355/2962/938 3368/2974/942 3354/2961/938
f 3356/2963/938 3369/2975/942 3355/2962/938
f 3357/2964/938 3370/2976/942 3356/2963/938
f 3358/2977/938 3371/2978/942 3357/2964/938
f 3374/2979/943 3359/2980/939 3360/2965/939
f 3375/2981/943 3360/2965/939 3361/2967/939
f 3376/2982/943 3361/2967/939 3362/2968/939
f 3377/2983/943 3362/2968/939 3363/2969/939
f 3378/2984/943 3363/2969/939 3364/2970/939
f 3379/2985/944 3364/2970/939 3365/2971/940
f 3380/2986/945 3365/2971/940 3366/2972/941
f 3367/2973/942 3380/2986/945 3366/2972/941
f 3368/2974/942 3381/2987/946 3367/2973/942
f 3369/2975/942 3382/2988/946 3368/2974/942
f 3370/2976/942 3383/2989/946 3369/2975/942
f 3371/2978/942 3384/2990/946 3370/2976/942
f 3372/2991/942 3385/2992/946 3371/2978/942
f 3388/2993/947 3373/2994/943 3374/2979/943
f 3389/2995/947 3374/2979/943 3375/2981/943
f 3390/2996/947 3375/2981/943 3376/2982/943
f 3391/2997/947 3376/2982/943 3377/2983/943
f 3392/2998/947 3377/2983/943 3378/2984/943
f 3393/2999/948 3378/2984/943 3379/2985/944
f 3394/3000/949 3379/2985/944 3380/2986/945
f 3381/2987/946 3394/3000/949 3380/2986/945
f 3382/2988/946 3395/3001/950 3381/2987/946
f 3383/2989/946 3396/3002/950 3382/2988/946
f 3384/2990/946 3397/3003/950 3383/2989/946
f 3385/2992/946 3398/3004/950 3384/2990/946
f 3386/3005/946 3399/3006/950 3385/2992/946
f 3402/3007/951 3387/3008/947 3388/2993/947
f 3403/3009/951 3388/2993/947 3389/2995/947
f 3404/3010/951 3389/2995/947 3390/2996/947
f 3405/3011/951 3390/2996/947 3391/2997/947
f 3406/3012/951 3391/2997/947 3392/2998/947
f 3407/3013/952 3392/2998/947 3393/2999/948
f 3408/3014/953 3393/2999/948 3394/3000/949
f 3395/3001/950 3408/3014/953 3394/3000/949
f 3396/3002/950 3409/3015/954 3395/3001/950
f 3397/3003/950 3410/3016/954 3396/3002/950
f 3398/3004/950 3411/3017/954 3397/3003/950
f 3399/3006/950 3412/3018/954 3398/3004/950
f 3400/3019/950 3413/3020/954 3399/3006/950
f 3416/3021/955 3401/3022/951 3402/3007/951
f 3417/3023/955 3402/3007/951 3403/3009/951
f 3418/3024/955 3403/3009/951 3404/3010/951
f 3419/3025/955 3404/3010/951 3405/3011/951
f 3420/3026/955 3405/3011/951 3406/3012/951
f 3421/3027/956 3406/3012/951 3407/3013/952
f 3422/3028/957 3407/3013/952 3408/3014/953
f 3409/3015/954 3422/3028/957 3408/3014/953
f 3410/3016/954 3423/3029/958 3409/3015/954
f 3411/3017/954 3424/3030/958 3410/3016/954
f 3412/3018/954 3425/3031/958 3411/3017/954
f 3413/3020/954 3426/3032/958 3412/3018/954
f 3414/3033/954 3427/3034/958 3413/3020/954
f 3430/3035/959 3415/3036/955 3416/3021/955
f 3431/3037/959 3416/3021/955 3417/3023/955
f 3432/3038/960 3417/3023/955 3418/3024/955
f 3433/3039/959 3418/3024/955 3419/3025/955
f 3434/3040/959 3419/3025/955 3420/3026/955
f 3435/3041/961 3420/3026/955 3421/3027/956
f 3436/3042/962 3421/3027/956 3422/3028/957
f 3423/3029/958 3436/3042/962 3422/3028/957
f 3424/3030/958 3437/3043/963 3423/3029/958
f 3425/3031/958 3438/3044/963 3424/3030/958
f 3426/3032/958 3439/3045/964 3425/3031/958
f 3427/3034/958 3440/3046/963 3426/3032/958
f 3428/3047/958 3441/3048/964 3427/3034/958
f 3444/3049/965 3429/3050/959 3430/3035/959
f 3445/3051/965 3430/3035/959 3431/3037/959
f 3446/3052/965 3431/3037/959 3432/3038/960
f 3447/3053/965 3432/3038/960 3433/3039/959
f 3448/3054/965 3433/3039/959 3434/3040/959
f 3449/3055/966 3434/3040/959 3435/3041/961
f 3450/3056/967 3435/3041/961 3436/3042/962
f 3437/3043/963 3450/3056/967 3436/3042/962
f 3438/3044/963 3451/3057/968 3437/3043/963
f 3439/3045/964 3452/3058/968 3438/3044/963
f 3440/3046/963 3453/3059/968 3439/3045/964
f 3441/3048/964 3454/3060/968 3440/3046/963
f 3442/3061/963 3455/3062/968 3441/3048/964
f 3458/3063/969 3443/3064/965 3444/3049/965
f 3459/3065/969 3444/3049/965 3445/3051/965
f 3460/3066/969 3445/3051/965 3446/3052/965
f 3461/3067/969 3446/3052/965 3447/3053/965
f 3462/3068/969 3447/3053/965 3448/3054/965
f 3463/3069/970 3448/3054/965 3449/3055/966
f 3464/3070/971 3449/3055/966 3450/3056/967
f 3451/3057/968 3464/3070/971 3450/3056/967
f 3452/3058/968 3465/3071/972 3451/3057/968
f 3453/3059/968 3466/3072/972 3452/3058/968
f 3454/3060/968 3467/3073/972 3453/3059/968
f 3455/3062/968 3468/3074/972 3454/3060/968
f 3456/3075/968 3469/3076/972 3455/3062/968
f 3472/3077/973 3457/3078/969 3458/3063/969
f 3473/3079/973 3458/3063/969 3459/3065/969
f 3474/3080/973 3459/3065/969 3460/3066/969
f 3475/3081/973 3460/3066/969 3461/3067/969
f 3476/3082/973 3461/3067/969 3462/3068/969
f 3477/3083/974 3462/3068/969 3463/3069/970
f 3478/3084/975 3463/3069/970 3464/3070/971
f 3465/3071/972 3478/3084/975 3464/3070/971
f 3466/3072/972 3479/3085/976 3465/3071/972
f 3467/3073/972 3480/3086/976 3466/3072/972
f 3468/3074/972 3481/3087/976 3467/3073/972
f 3469/3076/972 3482/3088/976 3468/3074/972
f 3470/3089/972 3483/3090/976 3469/3076/972
f 3486/3091/977 3471/3092/973 3472/3077/973
f 3487/3093/977 3472/3077/973 3473/3079/973
f 3488/3094/977 3473/3079/973 3474/3080/973
f 3489/3095/977 3474/3080/973 3475/3081/973
f 3490/3096/977 3475/3081/973 3476/3082/973
f 3491/3097/978 3476/3082/973 3477/3083/974
f 3492/3098/979 3477/3083/974 3478/3084/975
f 3479/3085/976 3492/3098/979 3478/3084/975
f 3480/3086/976 3493/3099/980 3479/3085/976
f 3481/3087/976 3494/3100/980 3480/3086/976
f 3482/3088/976 3495/3101/980 3481/3087/976
f 3483/3090/976 3496/3102/980 3482/3088/976
f 3484/3103/976 3497/3104/980 3483/3090/976
f 3500/3105/981 3485/3106/977 3486/3091/977
f 3501/3107/981 3486/3091/977 3487/3093/977
f 3502/3108/981 3487/3093/977 3488/3094/977
f 3503/3109/981 3488/3094/977 3489/3095/977
f 3504/3110/981 3489/3095/977 3490/3096/977
f 3505/3111/982 3490/3096/977 3491/3097/978
f 3506/3112/983 3491/3097/978 3492/3098/979
f 3493/3099/980 3506/3112/983 3492/3098/979
f 3494/3100/980 3507/3113/984 3493/3099/980
f 3495/3101/980 3508/3114/984 3494/3100/980
f 3496/3102/980 3509/3115/984 3495/3101/980
f 3497/3104/980 3510/3116/984 3496/3102/980
f 3498/3117/980 3511/3118/984 3497/3104/980
f 3514/3119/985 3499/3120/981 3500/3105/981
f 3515/3121/985 3500/3105/981 3501/3107/981
f 3516/3122/985 3501/3107/981 3502/3108/981
f 3517/3123/985 3502/3108/981 3503/3109/981
f 3518/3124/985 3503/3109/981 3504/3110/981
f 3519/3125/986 3504/3110/981 3505/3111/982
f 3520/3126/987 3505/3111/982 3506/3112/983
f 3507/3113/984 3520/3126/987 3506/3112/983
f 3508/3114/984 3521/3127/988 3507/3113/984
f 3509/3115/984 3522/3128/988 3508/3114/984
f 3510/3116/984 3523/3129/988 3509/3115/984
f 3511/3118/984 3524/3130/988 3510/3116/984
f 3512/3131/984 3525/3132/988 3511/3118/984
f 3528/3133/989 3513/3134/985 3514/3119/985
f 3529/3135/989 3514/3119/985 3515/3121/985
f 3530/3136/989 3515/3121/985 3516/3122/985
f 3531/3137/989 3516/3122/985 3517/3123/985
f 3532/3138/989 3517/3123/985 3518/3124/985
f 3533/3139/990 3518/3124/985 3519/3125/986
f 3534/3140/991 3519/3125/986 3520/3126/987
f 3521/3127/988 3534/3140/991 3520/3126/987
f 3522/3128/988 3535/3141/992 3521/3127/988
f 3523/3129/988 3536/3142/992 3522/3128/988
f 3524/3130/988 3537/3143/992 3523/3129/988
f 3525/3132/988 3538/3144/992 3524/3130/988
f 3526/3145/988 3539/3146/992 3525/3132/988
f 3542/3147/993 3527/3148/994 3528/3133/989
f 3543/3149/993 3528/3133/989 3529/3135/989
f 3544/3150/993 3529/3135/989 3530/3136/989
f 3545/3151/993 3530/3136/989 3531/3137/989
f 3546/3152/993 3531/3137/989 3532/3138/989
f 3547/3153/995 3532/3138/989 3533/3139/990
f 3548/3154/996 3533/3139/990 3534/3140/991
f 3535/3141/992 3548/3154/996 3534/3140/991
f 3536/3142/992 3549/3155/997 3535/3141/992
f 3537/3143/992 3550/3156/997 3536/3142/992
f 3538/3144/992 3551/3157/997 3537/3143/992
f 3539/3146/992 3552/3158/997 3538/3144/992
f 3540/3159/998 3553/3160/997 3539/3146/992
f 3556/3161/999 3541/3162/993 3542/3147/993
f 3557/3163/999 3542/3147/993 3543/3149/993
f 3558/3164/999 3543/3149/993 3544/3150/993
f 3559/3165/999 3544/3150/993 3545/3151/993
f 3560/3166/999 3545/3151/993 3546/3152/993
f 3561/3167/1000 3546/3152/993 3547/3153/995
f 3562/3168/1001 3547/3153/995 3548/3154/996
f 3549/3155/997 3562/3168/1001 3548/3154/996
f 3550/3156/997 3563/3169/1002 3549/3155/997
f 3551/3157/997 3564/3170/1002 3550/3156/997
f 3552/3158/997 3565/3171/1002 3551/3157/997
f 3553/3160/997 3566/3172/1002 3552/3158/997
f 3554/3173/997 3567/3174/1002 3553/3160/997
f 3570/3175/1003 3555/3176/999 3556/3161/999
f 3571/3177/1004 3556/3161/999 3557/3163/999
f 3572/3178/1004 3557/3163/999 3558/3164/999
f 3573/3179/1004 3558/3164/999 3559/3165/999
f 3574/3180/1004 3559/3165/999 3560/3166/999
f 3575/3181/1005 3560/3166/999 3561/3167/1000
f 3576/3182/1006 3561/3167/1000 3562/3168/1001
f 3563/3169/1002 3576/3182/1006 3562/3168/1001
f 3564/3170/1002 3577/3183/1007 3563/3169/1002
f 3565/3171/1002 3578/3184/1007 3564/3170/1002
f 3566/3172/1002 3579/3185/1007 3565/3171/1002
f 3567/3174/1002 3580/3186/1007 3566/3172/1002
f 3568/3187/1002 3581/3188/1008 3567/3174/1002
f 3584/3189/1009 3569/3190/1004 3570/3175/1003
f 3585/3191/1009 3570/3175/1003 3571/3177/1004
f 3586/3192/1009 3571/3177/1004 3572/3178/1004
f 3587/3193/1009 3572/3178/1004 3573/3179/1004
f 3588/3194/1009 3573/3179/1004 3574/3180/1004
f 3589/3195/1010 3574/3180/1004 3575/3181/1005
f 3590/3196/1011 3575/3181/1005 3576/3182/1006
f 3577/3183/1007 3590/3196/1011 3576/3182/1006
f 3578/3184/1007 3591/3197/1012 3577/3183/1007
f 3579/3185/1007 3592/3198/1012 3578/3184/1007
f 3580/3186/1007 3593/3199/1012 3579/3185/1007
f 3581/3188/1008 3594/3200/1012 3580/3186/1007
f 3582/3201/1007 3595/3202/1012 3581/3188/1008
f 3598/3203/1013 3583/3204/1009 3584/3189/1009
f 3599/3205/1013 3584/3189/1009 3585/3191/1009
f 3600/3206/1013 3585/3191/1009 3586/3192/1009
f 3601/3207/1013 3586/3192/1009 3587/3193/1009
f 3602/3208/1013 3587/3193/1009 3588/3194/1009
f 3603/3209/1014 3588/3194/1009 3589/3195/1010
f 3604/3210/1015 3589/3195/1010 3590/3196/1011
f 3591/3197/1012 3604/3210/1015 3590/3196/1011
f 3592/3198/1012 3605/3211/1016 3591/3197/1012
f 3593/3199/1012 3606/3212/1016 3592/3198/1012
f 3594/3200/1012 3607/3213/1016 3593/3199/1012
f 3595/3202/1012 3608/3214/1016 3594/3200/1012
f 3596/3215/1012 3609/3216/1016 3595/3202/1012
f 3612/3217/1017 3597/3218/1013 3598/3203/1013
f 3613/3219/1017 3598/3203/1013 3599/3205/1013
f 3614/3220/1018 3599/3205/1013 3600/3206/1013
f 3615/3221/1017 3600/3206/1013 3601/3207/1013
f 3616/3222/1017 3601/3207/1013 3602/3208/1013
f 3617/3223/1019 3602/3208/1013 3603/3209/1014
f 3618/3224/1020 3603/3209/1014 3604/3210/1015
f 3605/3211/1016 3618/3224/1020 3604/3210/1015
f 3606/3212/1016 3619/3225/1021 3605/3211/1016
f 3607/3213/1016 3620/3226/1021 3606/3212/1016
f 3608/3214/1016 3621/3227/1022 3607/3213/1016
f 3609/3216/1016 3622/3228/1021 3608/3214/1016
f 3610/3229/1016 3623/3230/1021 3609/3216/1016
f 3626/3231/1023 3611/3232/1017 3612/3217/1017
f 3627/3233/1023 3612/3217/1017 3613/3219/1017
f 3628/3234/1023 3613/3219/1017 3614/3220/1018
f 3629/3235/1023 3614/3220/1018 3615/3221/1017
f 3630/3236/1023 3615/3221/1017 3616/3222/1017
f 3631/3237/1024 3616/3222/1017 3617/3223/1019
f 3632/3238/1025 3617/3223/1019 3618/3224/1020
f 3619/3225/1021 3632/3238/1025 3618/3224/1020
f 3620/3226/1021 3633/3239/1026 3619/3225/1021
f 3621/3227/1022 3634/3240/1026 3620/3226/1021
f 3622/3228/1021 3635/3241/1026 3621/3227/1022
f 3623/3230/1021 3636/3242/1026 3622/3228/1021
f 3624/3243/1021 3637/3244/1026 3623/3230/1021
f 3640/3245/1027 3625/3246/1023 3626/3231/1023
f 3641/3247/1027 3626/3231/1023 3627/3233/1023
f 3642/3248/1027 3627/3233/1023 3628/3234/1023
f 3643/3249/1028 3628/3234/1023 3629/3235/1023
f 3644/3250/1027 3629/3235/1023 3630/3236/1023
f 3645/3251/1029 3630/3236/1023 3631/3237/1024
f 3646/3252/1030 3631/3237/1024 3632/3238/1025
f 3633/3239/1026 3646/3252/1030 3632/3238/1025
f 3634/3240/1026 3647/3253/1031 3633/3239/1026
f 3635/3241/1026 3648/3254/1032 3634/3240/1026
f 3636/3242/1026 3649/3255/1031 3635/3241/1026
f 3637/3244/1026 3650/3256/1031 3636/3242/1026
f 3638/3257/1026 3651/3258/1032 3637/3244/1026
f 3654/3259/1033 3639/3260/1028 3640/3245/1027
f 3655/3261/1033 3640/3245/1027 3641/3247/1027
f 3656/3262/1033 3641/3247/1027 3642/3248/1027
f 3657/3263/1033 3642/3248/1027 3643/3249/1028
f 3658/3264/1033 3643/3249/1028 3644/3250/1027
f 3659/3265/1034 3644/3250/1027 3645/3251/1029
f 3660/3266/1035 3645/3251/1029 3646/3252/1030
f 3647/3253/1031 3660/3266/1035 3646/3252/1030
f 3648/3254/1032 3661/3267/1036 3647/3253/1031
f 3649/3255/1031 3662/3268/1036 3648/3254/1032
f 3650/3256/1031 3663/3269/1036 3649/3255/1031
f 3651/3258/1032 3664/3270/1036 3650/3256/1031
f 3652/3271/1032 3665/3272/1036 3651/3258/1032
f 3668/3273/1037 3653/3274/1033 3654/3259/1033
f 3669/3275/1037 3654/3259/1033 3655/3261/1033
f 3670/3276/1037 3655/3261/1033 3656/3262/1033
f 3671/3277/1037 3656/3262/1033 3657/3263/1033
f 3672/3278/1037 3657/3263/1033 3658/3264/1033
f 3673/3279/1038 3658/3264/1033 3659/3265/1034
f 3674/3280/1039 3659/3265/1034 3660/3266/1035
f 3661/3267/1036 3674/3280/1039 3660/3266/1035
f 3662/3268/1036 3675/3281/1040 3661/3267/1036
f 3663/3269/1036 3676/3282/1040 3662/3268/1036
f 3664/3270/1036 3677/3283/1040 3663/3269/1036
f 3665/3272/1036 3678/3284/1040 3664/3270/1036
f 3666/3285/1036 3679/3286/1040 3665/3272/1036
f 3682/3287/1041 3667/3288/1037 3668/3273/1037
f 3683/3289/1041 3668/3273/1037 3669/3275/1037
f 3684/3290/1041 3669/3275/1037 3670/3276/1037
f 3685/3291/1041 3670/3276/1037 3671/3277/1037
f 3686/3292/1041 3671/3277/1037 3672/3278/1037
f 3687/3293/1042 3672/3278/1037 3673/3279/1038
f 3688/3294/1043 3673/3279/1038 3674/3280/1039
f 3675/3281/1040 3688/3294/1043 3674/3280/1039
f 3676/3282/1040 3689/3295/1044 3675/3281/1040
f 3677/3283/1040 3690/3296/1044 3676/3282/1040
f 3678/3284/1040 3691/3297/1044 3677/3283/1040
f 3679/3286/1040 3692/3298/1044 3678/3284/1040
f 3680/3299/1040 3693/3300/1044 3679/3286/1040
f 3696/3301/1045 3681/3302/1041 3682/3287/1041
f 3697/3303/1045 3682/3287/1041 3683/3289/1041
f 3698/3304/1045 3683/3289/1041 3684/3290/1041
f 3699/3305/1045 3684/3290/1041 3685/3291/1041
f 3700/3306/1045 3685/3291/1041 3686/3292/1041
f 3701/3307/1046 3686/3292/1041 3687/3293/1042
f 3702/3308/1047 3687/3293/1042 3688/3294/1043
f 3689/3295/1044 3702/3308/1047 3688/3294/1043
f 3690/3296/1044 3703/3309/1048 3689/3295/1044
f 3691/3297/1044 3704/3310/1048 3690/3296/1044
f 3692/3298/1044 3705/3311/1048 3691/3297/1044
f 3693/3300/1044 3706/3312/1048 3692/3298/1044
f 3694/3313/1044 3707/3314/1048 3693/3300/1044
f 3710/3315/1049 3695/3316/1045 3696/3301/1045
f 3711/3317/1049 3696/3301/1045 3697/3303/1045
f 3712/3318/1049 3697/3303/1045 3698/3304/1045
f 3713/3319/1049 3698/3304/1045 3699/3305/1045
f 3714/3320/1049 3699/3305/1045 3700/3306/1045
f 3715/3321/1050 3700/3306/1045 3701/3307/1046
f 3716/3322/1051 3701/3307/1046 3702/3308/1047
f 3703/3309/1048 3716/3322/1051 3702/3308/1047
f 3704/3310/1048 3717/3323/1052 3703/3309/1048
f 3705/3311/1048 3718/3324/1052 3704/3310/1048
f 3706/3312/1048 3719/3325/1052 3705/3311/1048
f 3707/3314/1048 3720/3326/1052 3706/3312/1048
f 3708/3327/1048 3721/3328/1052 3707/3314/1048
f 3710/3315/1049 3723/3329/1053 3709/3330/1049
f 3711/3317/1049 3724/3331/1053 3710/3315/1049
f 3712/3318/1049 3725/3332/1053 3711/3317/1049
f 3713/3319/1049 3726/3333/1053 3712/3318/1049
f 3714/3320/1049 3727/3334/1053 3713/3319/1049
f 3715/3321/1050 3728/3335/1053 3714/3320/1049
f 3730/3336/1054 3715/3321/1050 3716/3322/1051
f 3731/3337/1055 3716/3322/1051 3717/3323/1052
f 3732/3338/1055 3717/3323/1052 3718/3324/1052
f 3733/3339/1055 3718/3324/1052 3719/3325/1052
f 3734/3340/1055 3719/3325/1052 3720/3326/1052
f 3735/3341/1055 3720/3326/1052 3721/3328/1052
f 3736/3342/1055 3721/3328/1052 3722/3343/1052
f 3724/3331/1053 3737/3344/1056 3723/3329/1053
f 3725/3332/1053 3738/3345/1056 3724/3331/1053
f 3726/3333/1053 3739/3346/1057 3725/3332/1053
f 3727/3334/1053 3740/3347/1056 3726/3333/1053
f 3728/3335/1053 3741/3348/1056 3727/3334/1053
f 3729/3349/1058 3742/3350/1056 3728/3335/1053
f 3744/3351/1059 3729/3349/1058 3730/3336/1054
f 3745/3352/1060 3730/3336/1054 3731/3337/1055
f 3746/3353/1060 3731/3337/1055 3732/3338/1055
f 3747/3354/1060 3732/3338/1055 3733/3339/1055
f 3748/3355/1060 3733/3339/1055 3734/3340/1055
f 3749/3356/1060 3734/3340/1055 3735/3341/1055
f 3750/3357/1061 3735/3341/1055 3736/3342/1055
f 3738/3345/1056 3751/3358/1062 3737/3344/1056
f 3739/3346/1057 3752/3359/1062 3738/3345/1056
f 3740/3347/1056 3753/3360/1062 3739/3346/1057
f 3741/3348/1056 3754/3361/1062 3740/3347/1056
f 3742/3350/1056 3755/3362/1063 3741/3348/1056
f 3743/3363/1064 3756/3364/1062 3742/3350/1056
f 3758/3365/1065 3743/3363/1064 3744/3351/1059
f 3759/3366/1066 3744/3351/1059 3745/3352/1060
f 3760/3367/1067 3745/3352/1060 3746/3353/1060
f 3761/3368/1066 3746/3353/1060 3747/3354/1060
f 3762/3369/1066 3747/3354/1060 3748/3355/1060
f 3763/3370/1066 3748/3355/1060 3749/3356/1060
f 3764/3371/1066 3749/3356/1060 3750/3357/1061
f 3752/3359/1062 3765/3372/1068 3751/3358/1062
f 3753/3360/1062 3766/3373/1068 3752/3359/1062
f 3754/3361/1062 3767/3374/1068 3753/3360/1062
f 3755/3362/1063 3768/3375/1069 3754/3361/1062
f 3756/3364/1062 3769/3376/1069 3755/3362/1063
f 3757/3377/1070 3770/3378/1068 3756/3364/1062
f 3772/3379/1071 3757/3377/1070 3758/3365/1065
f 3773/3380/1072 3758/3365/1065 3759/3366/1066
f 3774/3381/1073 3759/3366/1066 3760/3367/1067
f 3775/3382/1073 3760/3367/1067 3761/3368/1066
f 3776/3383/1072 3761/3368/1066 3762/3369/1066
f 3777/3384/1072 3762/3369/1066 3763/3370/1066
f 3778/3385/1072 3763/3370/1066 3764/3371/1066
f 3766/3373/1068 3779/3386/1074 3765/3372/1068
f 3767/3374/1068 3780/3387/1074 3766/3373/1068
f 3768/3375/1069 3781/3388/1074 3767/3374/1068
f 3769/3376/1069 3782/3389/1074 3768/3375/1069
f 3770/3378/1068 3783/3390/1074 3769/3376/1069
f 3771/3391/1075 3784/3392/1074 3770/3378/1068
f 3786/3393/1076 3771/3391/1075 3772/3379/1071
f 3787/3394/1077 3772/3379/1071 3773/3380/1072
f 3788/3395/1077 3773/3380/1072 3774/3381/1073
f 3789/3396/1077 3774/3381/1073 3775/3382/1073
f 3790/3397/1077 3775/3382/1073 3776/3383/1072
f 3791/3398/1077 3776/3383/1072 3777/3384/1072
f 3792/3399/1077 3777/3384/1072 3778/3385/1072
f 3780/3387/1074 3793/3400/1078 3779/3386/1074
f 3781/3388/1074 3794/3401/1078 3780/3387/1074
f 3782/3389/1074 3795/3402/1078 3781/3388/1074
f 3783/3390/1074 3796/3403/1078 3782/3389/1074
f 3784/3392/1074 3797/3404/1078 3783/3390/1074
f 3785/3405/1079 3798/3406/1078 3784/3392/1074
f 3800/3407/1080 3785/3405/1079 3786/3393/1076
f 3801/3408/1081 3786/3393/1076 3787/3394/1077
f 3802/3409/1081 3787/3394/1077 3788/3395/1077
f 3803/3410/1081 3788/3395/1077 3789/3396/1077
f 3804/3411/1081 3789/3396/1077 3790/3397/1077
f 3805/3412/1081 3790/3397/1077 3791/3398/1077
f 3806/3413/1081 3791/3398/1077 3792/3399/1077
f 3794/3401/1078 3807/3414/1082 3793/3400/1078
f 3795/3402/1078 3808/3415/1082 3794/3401/1078
f 3796/3403/1078 3809/3416/1083 3795/3402/1078
f 3797/3404/1078 3810/3417/1082 3796/3403/1078
f 3798/3406/1078 3811/3418/1082 3797/3404/1078
f 3799/3419/1084 3812/3420/1083 3798/3406/1078
f 3814/3421/1085 3799/3419/1084 3800/3407/1080
f 3815/3422/1086 3800/3407/1080 3801/3408/1081
f 3816/3423/1087 3801/3408/1081 3802/3409/1081
f 3817/3424/1087 3802/3409/1081 3803/3410/1081
f 3818/3425/1086 3803/3410/1081 3804/3411/1081
f 3819/3426/1087 3804/3411/1081 3805/3412/1081
f 3820/3427/1087 3805/3412/1081 3806/3413/1081
f 3808/3415/1082 3821/3428/1088 3807/3414/1082
f 3809/3416/1083 3822/3429/1089 3808/3415/1082
f 3810/3417/1082 3823/3430/1089 3809/3416/1083
f 3811/3418/1082 3824/3431/1089 3810/3417/1082
f 3812/3420/1083 3825/3432/1089 3811/3418/1082
f 3813/3433/1090 3826/3434/1089 3812/3420/1083
f 3828/3435/1091 3813/3433/1090 3814/3421/1085
f 3829/3436/1092 3814/3421/1085 3815/3422/1086
f 3830/3437/1092 3815/3422/1086 3816/3423/1087
f 3831/3438/1092 3816/3423/1087 3817/3424/1087
f 3832/3439/1092 3817/3424/1087 3818/3425/1086
f 3833/3440/1092 3818/3425/1086 3819/3426/1087
f 3834/3441/1093 3819/3426/1087 3820/3427/1087
f 3822/3429/1089 3835/3442/1094 3821/3428/1088
f 3823/3430/1089 3836/3443/1094 3822/3429/1089
f 3824/3431/1089 3837/3444/1094 3823/3430/1089
f 3825/3432/1089 3838/3445/1094 3824/3431/1089
f 3826/3434/1089 3839/3446/1094 3825/3432/1089
f 3827/3447/1095 3840/3448/1094 3826/3434/1089
f 3842/3449/1096 3827/3447/1095 3828/3435/1091
f 3843/3450/1097 3828/3435/1091 3829/3436/1092
f 3844/3451/1097 3829/3436/1092 3830/3437/1092
f 3845/3452/1097 3830/3437/1092 3831/3438/1092
f 3846/3453/1097 3831/3438/1092 3832/3439/1092
f 3847/3454/1097 3832/3439/1092 3833/3440/1092
f 3848/3455/1097 3833/3440/1092 3834/3441/1093
f 3836/3443/1094 3849/3456/1098 3835/3442/1094
f 3837/3444/1094 3850/3457/1098 3836/3443/1094
f 3838/3445/1094 3851/3458/1098 3837/3444/1094
f 3839/3446/1094 3852/3459/1098 3838/3445/1094
f 3840/3448/1094 3853/3460/1098 3839/3446/1094
f 3841/3461/1099 3854/3462/1098 3840/3448/1094
f 3856/3463/1100 3841/3461/1099 3842/3449/1096
f 3857/3464/1101 3842/3449/1096 3843/3450/1097
f 3858/3465/1101 3843/3450/1097 3844/3451/1097
f 3859/3466/1101 3844/3451/1097 3845/3452/1097
f 3860/3467/1101 3845/3452/1097 3846/3453/1097
f 3861/3468/1101 3846/3453/1097 3847/3454/1097
f 3862/3469/1101 3847/3454/1097 3848/3455/1097
f 3850/3457/1098 3863/3470/1102 3849/3456/1098
f 3851/3458/1098 3864/3471/1103 3850/3457/1098
f 3852/3459/1098 3865/3472/1103 3851/3458/1098
f 3853/3460/1098 3866/3473/1103 3852/3459/1098
f 3854/3462/1098 3867/3474/1103 3853/3460/1098
f 3855/3475/1104 3868/3476/1103 3854/3462/1098
f 3870/3477/1105 3855/3475/1104 3856/3463/1100
f 3871/3478/1106 3856/3463/1100 3857/3464/1101
f 3872/3479/1106 3857/3464/1101 3858/3465/1101
f 3873/3480/1106 3858/3465/1101 3859/3466/1101
f 3874/3481/1106 3859/3466/1101 3860/3467/1101
f 3875/3482/1106 3860/3467/1101 3861/3468/1101
f 3876/3483/1107 3861/3468/1101 3862/3469/1101
f 3864/3471/1103 3877/3484/1108 3863/3470/1102
f 3865/3472/1103 3878/3485/1109 3864/3471/1103
f 3866/3473/1103 3879/3486/1109 3865/3472/1103
f 3867/3474/1103 3880/3487/1109 3866/3473/1103
f 3868/3476/1103 3881/3488/1109 3867/3474/1103
f 3869/3489/1110 3882/3490/1109 3868/3476/1103
f 3884/3491/1111 3869/3489/1110 3870/3477/1105
f 3885/3492/1112 3870/3477/1105 3871/3478/1106
f 3886/3493/1112 3871/3478/1106 3872/3479/1106
f 3887/3494/1112 3872/3479/1106 3873/3480/1106
f 3888/3495/1112 3873/3480/1106 3874/3481/1106
f 3889/3496/1112 3874/3481/1106 3875/3482/1106
f 3890/3497/1113 3875/3482/1106 3876/3483/1107
f 3878/3485/1109 3891/3498/1114 3877/3484/1108
f 3879/3486/1109 3892/3499/1114 3878/3485/1109
f 3880/3487/1109 3893/3500/1114 3879/3486/1109
f 3881/3488/1109 3894/3501/1114 3880/3487/1109
f 3882/3490/1109 3895/3502/1114 3881/3488/1109
f 3883/3503/1115 3896/3504/1114 3882/3490/1109
f 3898/3505/1116 3883/3503/1115 3884/3491/1111
f 3899/3506/1117 3884/3491/1111 3885/3492/1112
f 3900/3507/1117 3885/3492/1112 3886/3493/1112
f 3901/3508/1117 3886/3493/1112 3887/3494/1112
f 3902/3509/1117 3887/3494/1112 3888/3495/1112
f 3903/3510/1117 3888/3495/1112 3889/3496/1112
f 3904/3511/1117 3889/3496/1112 3890/3497/1113
f 3892/3499/1114 3905/3512/1118 3891/3498/1114
f 3893/3500/1114 3906/3513/1118 3892/3499/1114
f 3894/3501/1114 3907/3514/1118 3893/3500/1114
f 3895/3502/1114 3908/3515/1118 3894/3501/1114
f 3896/3504/1114 3909/3516/1118 3895/3502/1114
f 3897/3517/1119 3910/3518/1118 3896/3504/1114
f 3912/3519/1120 3897/3517/1119 3898/3505/1116
f 3913/3520/1121 3898/3505/1116 3899/3506/1117
f 3914/3521/1121 3899/3506/1117 3900/3507/1117
f 3915/3522/1121 3900/3507/1117 3901/3508/1117
f 3916/3523/1121 3901/3508/1117 3902/3509/1117
f 3917/3524/1121 3902/3509/1117 3903/3510/1117
f 3918/3525/1121 3903/3510/1117 3904/3511/1117
f 3906/3513/1118 3919/3526/1122 3905/3512/1118
f 3907/3514/1118 3920/3527/1122 3906/3513/1118
f 3908/3515/1118 3921/3528/1122 3907/3514/1118
f 3909/3516/1118 3922/3529/1122 3908/3515/1118
f 3910/3518/1118 3923/3530/1122 3909/3516/1118
f 3911/3531/1123 3924/3532/1122 3910/3518/1118
f 3926/3533/1124 3911/3531/1123 3912/3519/1120
f 3927/3534/1125 3912/3519/1120 3913/3520/1121
f 3928/3535/1125 3913/3520/1121 3914/3521/1121
f 3929/3536/1125 3914/3521/1121 3915/3522/1121
f 3930/3537/1125 3915/3522/1121 3916/3523/1121
f 3931/3538/1125 3916/3523/1121 3917/3524/1121
f 3932/3539/1125 3917/3524/1121 3918/3525/1121
f 3920/3527/1122 3933/3540/1126 3919/3526/1122
f 3921/3528/1122 3934/3541/1126 3920/3527/1122
f 3922/3529/1122 3935/3542/1127 3921/3528/1122
f 3923/3530/1122 3936/3543/1126 3922/3529/1122
f 3924/3532/1122 3937/3544/1126 3923/3530/1122
f 3925/3545/1128 3938/3546/1127 3924/3532/1122
f 3940/3547/1129 3925/3545/1128 3926/3533/1124
f 3941/3548/1130 3926/3533/1124 3927/3534/1125
f 3942/3549/1131 3927/3534/1125 3928/3535/1125
f 3943/3550/1131 3928/3535/1125 3929/3536/1125
f 3944/3551/1130 3929/3536/1125 3930/3537/1125
f 3945/3552/1131 3930/3537/1125 3931/3538/1125
f 3946/3553/1131 3931/3538/1125 3932/3539/1125
f 3934/3541/1126 3947/3554/1132 3933/3540/1126
f 3935/3542/1127 3948/3555/1132 3934/3541/1126
f 3936/3543/1126 3949/3556/1132 3935/3542/1127
f 3937/3544/1126 3950/3557/1132 3936/3543/1126
f 3938/3546/1127 3951/3558/1132 3937/3544/1126
f 3939/3559/1133 3952/3560/1132 3938/3546/1127
f 3954/3561/1134 3939/3559/1133 3940/3547/1129
f 3955/3562/1135 3940/3547/1129 3941/3548/1130
f 3956/3563/1135 3941/3548/1130 3942/3549/1131
f 3957/3564/1135 3942/3549/1131 3943/3550/1131
f 3958/3565/1135 3943/3550/1131 3944/3551/1130
f 3959/3566/1135 3944/3551/1130 3945/3552/1131
f 3960/3567/1135 3945/3552/1131 3946/3553/1131
f 3948/3555/1132 3961/3568/1136 3947/3554/1132
f 3949/3556/1132 3962/3569/1136 3948/3555/1132
f 3950/3557/1132 3963/3570/1136 3949/3556/1132
f 3951/3558/1132 3964/3571/1136 3950/3557/1132
f 3952/3560/1132 3965/3572/1136 3951/3558/1132
f 3953/3573/1137 3966/3574/1136 3952/3560/1132
f 3968/3575/1138 3953/3573/1137 3954/3561/1134
f 3969/3576/1139 3954/3561/1134 3955/3562/1135
f 3970/3577/1139 3955/3562/1135 3956/3563/1135
f 3971/3578/1139 3956/3563/1135 3957/3564/1135
f 3972/3579/1139 3957/3564/1135 3958/3565/1135
f 3973/3580/1139 3958/3565/1135 3959/3566/1135
f 3974/3581/1139 3959/3566/1135 3960/3567/1135
f 3962/3569/1136 3975/3582/1140 3961/3568/1136
f 3963/3570/1136 3976/3583/1140 3962/3569/1136
f 3964/3571/1136 3977/3584/1140 3963/3570/1136
f 3965/3572/1136 3978/3585/1140 3964/3571/1136
f 3966/3574/1136 3979/3586/1140 3965/3572/1136
f 3967/3587/1141 3980/3588/1140 3966/3574/1136
f 3982/3589/1142 3967/3587/1141 3968/3575/1138
f 3983/3590/1143 3968/3575/1138 3969/3576/1139
f 3984/3591/1143 3969/3576/1139 3970/3577/1139
f 3985/3592/1143 3970/3577/1139 3971/3578/1139
f 3986/3593/1143 3971/3578/1139 3972/3579/1139
f 3987/3594/1143 3972/3579/1139 3973/3580/1139
f 3988/3595/1143 3973/3580/1139 3974/3581/1139
f 3976/3583/1140 3989/3596/1144 3975/3582/1140
f 3977/3584/1140 3990/3597/1145 3976/3583/1140
f 3978/3585/1140 3991/3598/1144 3977/3584/1140
f 3979/3586/1140 3992/3599/1144 3978/3585/1140
f 3980/3588/1140 3993/3600/1144 3979/3586/1140
f 3981/3601/1146 3994/3602/1144 3980/3588/1140
f 3996/3603/1147 3981/3601/1146 3982/3589/1142
f 3997/3604/1148 3982/3589/1142 3983/3590/1143
f 3998/3605/1148 3983/3590/1143 3984/3591/1143
f 3999/3606/1148 3984/3591/1143 3985/3592/1143
f 4000/3607/1148 3985/3592/1143 3986/3593/1143
f 4001/3608/1149 3986/3593/1143 3987/3594/1143
f 4002/3609/1148 3987/3594/1143 3988/3595/1143
f 3990/3597/1145 4003/3610/1150 3989/3596/1144
f 3991/3598/1144 4004/3611/1150 3990/3597/1145
f 3992/3599/1144 4005/3612/1150 3991/3598/1144
f 3993/3600/1144 4006/3613/1150 3992/3599/1144
f 3994/3602/1144 4007/3614/1150 3993/3600/1144
f 3995/3615/1151 4008/3616/1150 3994/3602/1144
f 4010/3617/1152 3995/3615/1151 3996/3603/1147
f 4011/3618/1153 3996/3603/1147 3997/3604/1148
f 4012/3619/1153 3997/3604/1148 3998/3605/1148
f 4013/3620/1153 3998/3605/1148 3999/3606/1148
f 4014/3621/1153 3999/3606/1148 4000/3607/1148
f 4015/3622/1153 4000/3607/1148 4001/3608/1149
f 4016/3623/1154 4001/3608/1149 4002/3609/1148
f 4004/3611/1150 4017/3624/1155 4003/3610/1150
f 4005/3612/1150 4018/3625/1156 4004/3611/1150
f 4006/3613/1150 4019/3626/1155 4005/3612/1150
f 4007/3614/1150 4020/3627/1155 4006/3613/1150
f 4008/3616/1150 4021/3628/1157 4007/3614/1150
f 4009/3629/1158 4022/3630/1157 4008/3616/1150
f 4024/3631/1159 4009/3629/1158 4010/3617/1152
f 4025/3632/1160 4010/3617/1152 4011/3618/1153
f 4026/3633/1161 4011/3618/1153 4012/3619/1153
f 4027/3634/1162 4012/3619/1153 4013/3620/1153
f 4028/3635/1162 4013/3620/1153 4014/3621/1153
f 4029/3636/1160 4014/3621/1153 4015/3622/1153
f 4030/3637/1162 4015/3622/1153 4016/3623/1154
f 4032/3638/1163 4017/3624/1155 4018/3625/1156
f 4033/3639/1164 4018/3625/1156 4019/3626/1155
f 4034/3640/1164 4019/3626/1155 4020/3627/1155
f 4035/3641/1164 4020/3627/1155 4021/3628/1157
f 4036/3642/1164 4021/3628/1157 4022/3630/1157
f 4037/3643/1165 4022/3630/1157 4023/3644/1166
f 4038/3645/1167 4023/3644/1166 4024/3631/1159
f 4025/3632/1160 4038/3645/1167 4024/3631/1159
f 4026/3633/1161 4039/3646/1168 4025/3632/1160
f 4027/3634/1162 4040/3647/1168 4026/3633/1161
f 4028/3635/1162 4041/3648/1168 4027/3634/1162
f 4029/3636/1160 4042/3649/1168 4028/3635/1162
f 4030/3637/1162 4043/3650/1169 4029/3636/1160
f 4046/3651/1170 4031/3652/1164 4032/3638/1163
f 4047/3653/1170 4032/3638/1163 4033/3639/1164
f 4048/3654/1170 4033/3639/1164 4034/3640/1164
f 4049/3655/1170 4034/3640/1164 4035/3641/1164
f 4050/3656/1170 4035/3641/1164 4036/3642/1164
f 4051/3657/1171 4036/3642/1164 4037/3643/1165
f 4052/3658/1172 4037/3643/1165 4038/3645/1167
f 4039/3646/1168 4052/3658/1172 4038/3645/1167
f 4040/3647/1168 4053/3659/1173 4039/3646/1168
f 4041/3648/1168 4054/3660/1173 4040/3647/1168
f 4042/3649/1168 4055/3661/1173 4041/3648/1168
f 4043/3650/1169 4056/3662/1173 4042/3649/1168
f 4044/3663/1174 4057/3664/1173 4043/3650/1169
f 4046/3651/1170 4059/3665/1175 4045/3666/1170
f 4047/3653/1170 4060/3667/1175 4046/3651/1170
f 4048/3654/1170 4061/3668/1175 4047/3653/1170
f 4049/3655/1170 4062/3669/1176 4048/3654/1170
f 4050/3656/1170 4063/3670/1175 4049/3655/1170
f 4051/3657/1171 4064/3671/1176 4050/3656/1170
f 4066/3672/1177 4051/3657/1171 4052/3658/1172
f 4067/3673/1178 4052/3658/1172 4053/3659/1173
f 4068/3674/1179 4053/3659/1173 4054/3660/1173
f 4069/3675/1179 4054/3660/1173 4055/3661/1173
f 4070/3676/1179 4055/3661/1173 4056/3662/1173
f 4071/3677/1179 4056/3662/1173 4057/3664/1173
f 4072/3678/1179 4057/3664/1173 4058/3679/1173
f 4060/3667/1175 4073/3680/1180 4059/3665/1175
f 4061/3668/1175 4074/3681/1180 4060/3667/1175
f 4062/3669/1176 4075/3682/1180 4061/3668/1175
f 4063/3670/1175 4076/3683/1180 4062/3669/1176
f 4064/3671/1176 4077/3684/1180 4063/3670/1175
f 4065/3685/1181 4078/3686/1180 4064/3671/1176
f 4080/3687/1182 4065/3685/1181 4066/3672/1177
f 4081/3688/1183 4066/3672/1177 4067/3673/1178
f 4082/3689/1183 4067/3673/1178 4068/3674/1179
f 4083/3690/1183 4068/3674/1179 4069/3675/1179
f 4084/3691/1183 4069/3675/1179 4070/3676/1179
f 4085/3692/1183 4070/3676/1179 4071/3677/1179
f 4086/3693/1183 4071/3677/1179 4072/3678/1179
f 4074/3681/1180 4087/3694/1184 4073/3680/1180
f 4075/3682/1180 4088/3695/1185 4074/3681/1180
f 4076/3683/1180 4089/3696/1185 4075/3682/1180
f 4077/3684/1180 4090/3697/1184 4076/3683/1180
f 4078/3686/1180 4091/3698/1185 4077/3684/1180
f 4079/3699/1186 4092/3700/1185 4078/3686/1180
f 4094/3701/1187 4079/3699/1186 4080/3687/1182
f 4095/3702/1188 4080/3687/1182 4081/3688/1183
f 4096/3703/1188 4081/3688/1183 4082/3689/1183
f 4097/3704/1189 4082/3689/1183 4083/3690/1183
f 4098/3705/1188 4083/3690/1183 4084/3691/1183
f 4099/3706/1188 4084/3691/1183 4085/3692/1183
f 4100/3707/1189 4085/3692/1183 4086/3693/1183
f 4088/3695/1185 4101/3708/1190 4087/3694/1184
f 4089/3696/1185 4102/3709/1190 4088/3695/1185
f 4090/3697/1184 4103/3710/1190 4089/3696/1185
f 4091/3698/1185 4104/3711/1190 4090/3697/1184
f 4092/3700/1185 4105/3712/1190 4091/3698/1185
f 4093/3713/1191 4106/3714/1190 4092/3700/1185
f 4108/3715/1192 4093/3713/1191 4094/3701/1187
f 4109/3716/1193 4094/3701/1187 4095/3702/1188
f 4110/3717/1193 4095/3702/1188 4096/3703/1188
f 4111/3718/1193 4096/3703/1188 4097/3704/1189
f 4112/3719/1193 4097/3704/1189 4098/3705/1188
f 4113/3720/1193 4098/3705/1188 4099/3706/1188
f 4114/3721/1193 4099/3706/1188 4100/3707/1189
f 4102/3709/1190 4115/3722/1194 4101/3708/1190
f 4103/3710/1190 4116/3723/1195 4102/3709/1190
f 4104/3711/1190 4117/3724/1195 4103/3710/1190
f 4105/3712/1190 4118/3725/1195 4104/3711/1190
f 4106/3714/1190 4119/3726/1195 4105/3712/1190
f 4107/3727/1196 4120/3728/1195 4106/3714/1190
f 4122/3729/1197 4107/3727/1196 4108/3715/1192
f 4123/3730/1198 4108/3715/1192 4109/3716/1193
f 4124/3731/1198 4109/3716/1193 4110/3717/1193
f 4125/3732/1198 4110/3717/1193 4111/3718/1193
f 4126/3733/1198 4111/3718/1193 4112/3719/1193
f 4127/3734/1198 4112/3719/1193 4113/3720/1193
f 4128/3735/1199 4113/3720/1193 4114/3721/1193
f 4116/3723/1195 4129/3736/1200 4115/3722/1194
f 4117/3724/1195 4130/3737/1200 4116/3723/1195
f 4118/3725/1195 4131/3738/1200 4117/3724/1195
f 4119/3726/1195 4132/3739/1200 4118/3725/1195
f 4120/3728/1195 4133/3740/1200 4119/3726/1195
f 4121/3741/1201 4134/3742/1200 4120/3728/1195
f 4136/3743/1202 4121/3741/1201 4122/3729/1197
f 4137/3744/1203 4122/3729/1197 4123/3730/1198
f 4138/3745/1203 4123/3730/1198 4124/3731/1198
f 4139/3746/1203 4124/3731/1198 4125/3732/1198
f 4140/3747/1203 4125/3732/1198 4126/3733/1198
f 4141/3748/1203 4126/3733/1198 4127/3734/1198
f 4142/3749/1203 4127/3734/1198 4128/3735/1199
f 4130/3737/1200 4143/3750/1204 4129/3736/1200
f 4131/3738/1200 4144/3751/1205 4130/3737/1200
f 4132/3739/1200 4145/3752/1204 4131/3738/1200
f 4133/3740/1200 4146/3753/1204 4132/3739/1200
f 4134/3742/1200 4147/3754/1204 4133/3740/1200
f 4135/3755/1206 4148/3756/1204 4134/3742/1200
f 4150/3757/1207 4135/3755/1206 4136/3743/1202
f 4151/3758/1208 4136/3743/1202 4137/3744/1203
f 4152/3759/1208 4137/3744/1203 4138/3745/1203
f 4153/3760/1208 4138/3745/1203 4139/3746/1203
f 4154/3761/1208 4139/3746/1203 4140/3747/1203
f 4155/3762/1208 4140/3747/1203 4141/3748/1203
f 4156/3763/1208 4141/3748/1203 4142/3749/1203
f 4144/3751/1205 4157/3764/1209 4143/3750/1204
f 4145/3752/1204 4158/3765/1209 4144/3751/1205
f 4146/3753/1204 4159/3766/1209 4145/3752/1204
f 4147/3754/1204 4160/3767/1209 4146/3753/1204
f 4148/3756/1204 4161/3768/1209 4147/3754/1204
f 4149/3769/1210 4162/3770/1209 4148/3756/1204
f 4164/3771/1211 4149/3769/1210 4150/3757/1207
f 4165/3772/1212 4150/3757/1207 4151/3758/1208
f 4166/3773/1213 4151/3758/1208 4152/3759/1208
f 4167/3774/1212 4152/3759/1208 4153/3760/1208
f 4168/3775/1212 4153/3760/1208 4154/3761/1208
f 4169/3776/1212 4154/3761/1208 4155/3762/1208
f 4170/3777/1212 4155/3762/1208 4156/3763/1208
f 4158/3765/1209 4171/3778/1214 4157/3764/1209
f 4159/3766/1209 4172/3779/1214 4158/3765/1209
f 4160/3767/1209 4173/3780/1214 4159/3766/1209
f 4161/3768/1209 4174/3781/1214 4160/3767/1209
f 4162/3770/1209 4175/3782/1214 4161/3768/1209
f 4163/3783/1215 4176/3784/1214 4162/3770/1209
f 4178/3785/1216 4163/3783/1215 4164/3771/1211
f 4179/3786/1217 4164/3771/1211 4165/3772/1212
f 4180/3787/1217 4165/3772/1212 4166/3773/1213
f 4181/3788/1217 4166/3773/1213 4167/3774/1212
f 4182/3789/1217 4167/3774/1212 4168/3775/1212
f 4183/3790/1218 4168/3775/1212 4169/3776/1212
f 4184/3791/1217 4169/3776/1212 4170/3777/1212
f 4172/3779/1214 4185/3792/1219 4171/3778/1214
f 4173/3780/1214 4186/3793/1220 4172/3779/1214
f 4174/3781/1214 4187/3794/1219 4173/3780/1214
f 4175/3782/1214 4188/3795/1221 4174/3781/1214
f 4176/3784/1214 4189/3796/1221 4175/3782/1214
f 4177/3797/1222 4190/3798/1219 4176/3784/1214
f 4192/3799/1223 4177/3797/1222 4178/3785/1216
f 4193/3800/1224 4178/3785/1216 4179/3786/1217
f 4194/3801/1225 4179/3786/1217 4180/3787/1217
f 4195/3802/1225 4180/3787/1217 4181/3788/1217
f 4196/3803/1224 4181/3788/1217 4182/3789/1217
f 4197/3804/1225 4182/3789/1217 4183/3790/1218
f 4198/3805/1224 4183/3790/1218 4184/3791/1217
f 4200/3806/1226 4185/3792/1219 4186/3793/1220
f 4201/3807/1226 4186/3793/1220 4187/3794/1219
f 4202/3808/1227 4187/3794/1219 4188/3795/1221
f 4203/3809/1226 4188/3795/1221 4189/3796/1221
f 4204/3810/1226 4189/3796/1221 4190/3798/1219
f 4205/3811/1228 4190/3798/1219 4191/3812/1229
f 4206/3813/1230 4191/3812/1229 4192/3799/1223
f 4193/3800/1224 4206/3813/1230 4192/3799/1223
f 4194/3801/1225 4207/3814/1231 4193/3800/1224
f 4195/3802/1225 4208/3815/1231 4194/3801/1225
f 4196/3803/1224 4209/3816/1232 4195/3802/1225
f 4197/3804/1225 4210/3817/1232 4196/3803/1224
f 4198/3805/1224 4211/3818/1231 4197/3804/1225
f 4214/3819/1233 4199/3820/1227 4200/3806/1226
f 4215/3821/1233 4200/3806/1226 4201/3807/1226
f 4216/3822/1233 4201/3807/1226 4202/3808/1227
f 4217/3823/1233 4202/3808/1227 4203/3809/1226
f 4218/3824/1233 4203/3809/1226 4204/3810/1226
f 4219/3825/1234 4204/3810/1226 4205/3811/1228
f 4220/3826/1235 4205/3811/1228 4206/3813/1230
f 4207/3814/1231 4220/3826/1235 4206/3813/1230
f 4208/3815/1231 4221/3827/1236 4207/3814/1231
f 4209/3816/1232 4222/3828/1236 4208/3815/1231
f 4210/3817/1232 4223/3829/1236 4209/3816/1232
f 4211/3818/1231 4224/3830/1236 4210/3817/1232
f 4212/3831/1232 4225/3832/1236 4211/3818/1231
f 4228/3833/1237 4213/3834/1233 4214/3819/1233
f 4229/3835/1237 4214/3819/1233 4215/3821/1233
f 4230/3836/1237 4215/3821/1233 4216/3822/1233
f 4231/3837/1237 4216/3822/1233 4217/3823/1233
f 4232/3838/1237 4217/3823/1233 4218/3824/1233
f 4233/3839/1238 4218/3824/1233 4219/3825/1234
f 4234/3840/1239 4219/3825/1234 4220/3826/1235
f 4221/3827/1236 4234/3840/1239 4220/3826/1235
f 4222/3828/1236 4235/3841/1240 4221/3827/1236
f 4223/3829/1236 4236/3842/1240 4222/3828/1236
f 4224/3830/1236 4237/3843/1240 4223/3829/1236
f 4225/3832/1236 4238/3844/1240 4224/3830/1236
f 4226/3845/1236 4239/3846/1240 4225/3832/1236
f 4242/3847/1241 4227/3848/1237 4228/3833/1237
f 4243/3849/1241 4228/3833/1237 4229/3835/1237
f 4244/3850/1241 4229/3835/1237 4230/3836/1237
f 4245/3851/1241 4230/3836/1237 4231/3837/1237
f 4246/3852/1241 4231/3837/1237 4232/3838/1237
f 4247/3853/1242 4232/3838/1237 4233/3839/1238
f 4248/3854/1243 4233/3839/1238 4234/3840/1239
f 4235/3841/1240 4248/3854/1243 4234/3840/1239
f 4236/3842/1240 4249/3855/1244 4235/3841/1240
f 4237/3843/1240 4250/3856/1244 4236/3842/1240
f 4238/3844/1240 4251/3857/1244 4237/3843/1240
f 4239/3846/1240 4252/3858/1244 4238/3844/1240
f 4240/3859/1240 4253/3860/1244 4239/3846/1240
f 4256/3861/1245 4241/3862/1241 4242/3847/1241
f 4257/3863/1245 4242/3847/1241 4243/3849/1241
f 4258/3864/1245 4243/3849/1241 4244/3850/1241
f 4259/3865/1245 4244/3850/1241 4245/3851/1241
f 4260/3866/1245 4245/3851/1241 4246/3852/1241
f 4261/3867/1246 4246/3852/1241 4247/3853/1242
f 4262/3868/1247 4247/3853/1242 4248/3854/1243
f 4249/3855/1244 4262/3868/1247 4248/3854/1243
f 4250/3856/1244 4263/3869/1248 4249/3855/1244
f 4251/3857/1244 4264/3870/1248 4250/3856/1244
f 4252/3858/1244 4265/3871/1248 4251/3857/1244
f 4253/3860/1244 4266/3872/1248 4252/3858/1244
f 4254/3873/1244 4267/3874/1248 4253/3860/1244
f 4270/3875/1249 4255/3876/1245 4256/3861/1245
f 4271/3877/1249 4256/3861/1245 4257/3863/1245
f 4272/3878/1249 4257/3863/1245 4258/3864/1245
f 4273/3879/1249 4258/3864/1245 4259/3865/1245
f 4274/3880/1249 4259/3865/1245 4260/3866/1245
f 4275/3881/1250 4260/3866/1245 4261/3867/1246
f 4276/3882/1251 4261/3867/1246 4262/3868/1247
f 4263/3869/1248 4276/3882/1251 4262/3868/1247
f 4264/3870/1248 4277/3883/1252 4263/3869/1248
f 4265/3871/1248 4278/3884/1252 4264/3870/1248
f 4266/3872/1248 4279/3885/1252 4265/3871/1248
f 4267/3874/1248 4280/3886/1252 4266/3872/1248
f 4268/3887/1248 4281/3888/1252 4267/3874/1248
f 4284/3889/1253 4269/3890/1249 4270/3875/1249
f 4285/3891/1253 4270/3875/1249 4271/3877/1249
f 4286/3892/1253 4271/3877/1249 4272/3878/1249
f 4287/3893/1253 4272/3878/1249 4273/3879/1249
f 4288/3894/1253 4273/3879/1249 4274/3880/1249
f 4289/3895/1254 4274/3880/1249 4275/3881/1250
f 4290/3896/1255 4275/3881/1250 4276/3882/1251
f 4277/3883/1252 4290/3896/1255 4276/3882/1251
f 4278/3884/1252 4291/3897/1256 4277/3883/1252
f 4279/3885/1252 4292/3898/1256 4278/3884/1252
f 4280/3886/1252 4293/3899/1256 4279/3885/1252
f 4281/3888/1252 4294/3900/1256 4280/3886/1252
f 4282/3901/1252 4295/3902/1256 4281/3888/1252
f 4298/3903/1257 4283/3904/1253 4284/3889/1253
f 4299/3905/1257 4284/3889/1253 4285/3891/1253
f 4300/3906/1257 4285/3891/1253 4286/3892/1253
f 4301/3907/1257 4286/3892/1253 4287/3893/1253
f 4302/3908/1257 4287/3893/1253 4288/3894/1253
f 4303/3909/1258 4288/3894/1253 4289/3895/1254
f 4304/3910/1259 4289/3895/1254 4290/3896/1255
f 4291/3897/1256 4304/3910/1259 4290/3896/1255
f 4292/3898/1256 4305/3911/1260 4291/3897/1256
f 4293/3899/1256 4306/3912/1260 4292/3898/1256
f 4294/3900/1256 4307/3913/1260 4293/3899/1256
f 4295/3902/1256 4308/3914/1260 4294/3900/1256
f 4296/3915/1256 4309/3916/1260 4295/3902/1256
f 4312/3917/1261 4297/3918/1257 4298/3903/1257
f 4313/3919/1261 4298/3903/1257 4299/3905/1257
f 4314/3920/1261 4299/3905/1257 4300/3906/1257
f 4315/3921/1261 4300/3906/1257 4301/3907/1257
f 4316/3922/1261 4301/3907/1257 4302/3908/1257
f 4317/3923/1262 4302/3908/1257 4303/3909/1258
f 4318/3924/1263 4303/3909/1258 4304/3910/1259
f 4305/3911/1260 4318/3924/1263 4304/3910/1259
f 4306/3912/1260 4319/3925/1264 4305/3911/1260
f 4307/3913/1260 4320/3926/1264 4306/3912/1260
f 4308/3914/1260 4321/3927/1264 4307/3913/1260
f 4309/3916/1260 4322/3928/1264 4308/3914/1260
f 4310/3929/1260 4323/3930/1264 4309/3916/1260
f 4326/3931/1265 4311/3932/1261 4312/3917/1261
f 4327/3933/1265 4312/3917/1261 4313/3919/1261
f 4328/3934/1265 4313/3919/1261 4314/3920/1261
f 4329/3935/1265 4314/3920/1261 4315/3921/1261
f 4330/3936/1265 4315/3921/1261 4316/3922/1261
f 4331/3937/1266 4316/3922/1261 4317/3923/1262
f 4332/3938/1267 4317/3923/1262 4318/3924/1263
f 4319/3925/1264 4332/3938/1267 4318/3924/1263
f 4320/3926/1264 4333/3939/1268 4319/3925/1264
f 4321/3927/1264 4334/3940/1268 4320/3926/1264
f 4322/3928/1264 4335/3941/1268 4321/3927/1264
f 4323/3930/1264 4336/3942/1268 4322/3928/1264
f 4324/3943/1264 4337/3944/1268 4323/3930/1264
f 4340/3945/1269 4325/3946/1265 4326/3931/1265
f 4341/3947/1269 4326/3931/1265 4327/3933/1265
f 4342/3948/1269 4327/3933/1265 4328/3934/1265
f 4343/3949/1269 4328/3934/1265 4329/3935/1265
f 4344/3950/1269 4329/3935/1265 4330/3936/1265
f 4345/3951/1270 4330/3936/1265 4331/3937/1266
f 4346/3952/1271 4331/3937/1266 4332/3938/1267
f 4333/3939/1268 4346/3952/1271 4332/3938/1267
f 4334/3940/1268 4347/3953/1272 4333/3939/1268
f 4335/3941/1268 4348/3954/1272 4334/3940/1268
f 4336/3942/1268 4349/3955/1272 4335/3941/1268
f 4337/3944/1268 4350/3956/1272 4336/3942/1268
f 4338/3957/1268 4351/3958/1272 4337/3944/1268
f 4354/3959/1273 4339/3960/1269 4340/3945/1269
f 4355/3961/1273 4340/3945/1269 4341/3947/1269
f 4356/3962/1273 4341/3947/1269 4342/3948/1269
f 4357/3963/1273 4342/3948/1269 4343/3949/1269
f 4358/3964/1273 4343/3949/1269 4344/3950/1269
f 4359/3965/1274 4344/3950/1269 4345/3951/1270
f 4360/3966/1275 4345/3951/1270 4346/3952/1271
f 4347/3953/1272 4360/3966/1275 4346/3952/1271
f 4348/3954/1272 4361/3967/1276 4347/3953/1272
f 4349/3955/1272 4362/3968/1276 4348/3954/1272
f 4350/3956/1272 4363/3969/1276 4349/3955/1272
f 4351/3958/1272 4364/3970/1276 4350/3956/1272
f 4352/3971/1272 4365/3972/1276 4351/3958/1272
f 4354/3959/1273 4367/3973/1277 4353/3974/1273
f 4355/3961/1273 4368/3975/1277 4354/3959/1273
f 4356/3962/1273 4369/3976/1277 4355/3961/1273
f 4357/3963/1273 4370/3977/1277 4356/3962/1273
f 4358/3964/1273 4371/3978/1277 4357/3963/1273
f 4359/3965/1274 4372/3979/1277 4358/3964/1273
f 4374/3980/1278 4359/3965/1274 4360/3966/1275
f 4375/3981/1279 4360/3966/1275 4361/3967/1276
f 4376/3982/1279 4361/3967/1276 4362/3968/1276
f 4377/3983/1279 4362/3968/1276 4363/3969/1276
f 4378/3984/1279 4363/3969/1276 4364/3970/1276
f 4379/3985/1279 4364/3970/1276 4365/3972/1276
f 4380/3986/1279 4365/3972/1276 4366/3987/1276
f 4382/3988/1280 4367/3973/1277 4368/3975/1277
f 4383/3989/1280 4368/3975/1277 4369/3976/1277
f 4384/3990/1281 4369/3976/1277 4370/3977/1277
f 4385/3991/1280 4370/3977/1277 4371/3978/1277
f 4386/3992/1280 4371/3978/1277 4372/3979/1277
f 4387/3993/1282 4372/3979/1277 4373/3994/1283
f 4388/3995/1284 4373/3994/1283 4374/3980/1278
f 4375/3981/1279 4388/3995/1284 4374/3980/1278
f 4376/3982/1279 4389/3996/1285 4375/3981/1279
f 4377/3983/1279 4390/3997/1285 4376/3982/1279
f 4378/3984/1279 4391/3998/1285 4377/3983/1279
f 4379/3985/1279 4392/3999/1285 4378/3984/1279
f 4380/3986/1279 4393/4000/1285 4379/3985/1279
f 4382/3988/1280 4395/4001/1286 4381/4002/1280
f 4383/3989/1280 4396/4003/1287 4382/3988/1280
f 4384/3990/1281 4397/4004/1287 4383/3989/1280
f 4385/3991/1280 4398/4005/1287 4384/3990/1281
f 4386/3992/1280 4399/4006/1287 4385/3991/1280
f 4387/3993/1282 4400/4007/1287 4386/3992/1280
f 4402/4008/1288 4387/3993/1282 4388/3995/1284
f 4403/4009/1289 4388/3995/1284 4389/3996/1285
f 4404/4010/1289 4389/3996/1285 4390/3997/1285
f 4405/4011/1289 4390/3997/1285 4391/3998/1285
f 4406/4012/1289 4391/3998/1285 4392/3999/1285
f 4407/4013/1289 4392/3999/1285 4393/4000/1285
f 4408/4014/1290 4393/4000/1285 4394/4015/1285
f 4410/4016/1291 4395/4001/1286 4396/4003/1287
f 4411/4017/1291 4396/4003/1287 4397/4004/1287
f 4412/4018/1292 4397/4004/1287 4398/4005/1287
f 4413/4019/1292 4398/4005/1287 4399/4006/1287
f 4414/4020/1291 4399/4006/1287 4400/4007/1287
f 4415/4021/1293 4400/4007/1287 4401/4022/1294
f 4416/4023/1295 4401/4022/1294 4402/4008/1288
f 4403/4009/1289 4416/4023/1295 4402/4008/1288
f 4404/4010/1289 4417/4024/1296 4403/4009/1289
f 4405/4011/1289 4418/4025/1296 4404/4010/1289
f 4406/4012/1289 4419/4026/1297 4405/4011/1289
f 4407/4013/1289 4420/4027/1296 4406/4012/1289
f 4408/4014/1290 4421/4028/1296 4407/4013/1289
f 4424/4029/1298 4409/4030/1292 4410/4016/1291
f 4425/4031/1299 4410/4016/1291 4411/4017/1291
f 4426/4032/1299 4411/4017/1291 4412/4018/1292
f 4427/4033/1299 4412/4018/1292 4413/4019/1292
f 4428/4034/1299 4413/4019/1292 4414/4020/1291
f 4429/4035/1300 4414/4020/1291 4415/4021/1293
f 4430/4036/1301 4415/4021/1293 4416/4023/1295
f 4417/4024/1296 4430/4036/1301 4416/4023/1295
f 4418/4025/1296 4431/4037/1302 4417/4024/1296
f 4419/4026/1297 4432/4038/1302 4418/4025/1296
f 4420/4027/1296 4433/4039/1302 4419/4026/1297
f 4421/4028/1296 4434/4040/1302 4420/4027/1296
f 4422/4041/1296 4435/4042/1303 4421/4028/1296
f 4438/4043/1304 4423/4044/1299 4424/4029/1298
f 4439/4045/1304 4424/4029/1298 4425/4031/1299
f 4440/4046/1304 4425/4031/1299 4426/4032/1299
f 4441/4047/1304 4426/4032/1299 4427/4033/1299
f 4442/4048/1304 4427/4033/1299 4428/4034/1299
f 4443/4049/1305 4428/4034/1299 4429/4035/1300
f 4444/4050/1306 4429/4035/1300 4430/4036/1301
f 4431/4037/1302 4444/4050/1306 4430/4036/1301
f 4432/4038/1302 4445/4051/1307 4431/4037/1302
f 4433/4039/1302 4446/4052/1307 4432/4038/1302
f 4434/4040/1302 4447/4053/1307 4433/4039/1302
f 4435/4042/1303 4448/4054/1307 4434/4040/1302
f 4436/4055/1302 4449/4056/1307 4435/4042/1303
f 4452/4057/1308 4437/4058/1304 4438/4043/1304
f 4453/4059/1308 4438/4043/1304 4439/4045/1304
f 4454/4060/1308 4439/4045/1304 4440/4046/1304
f 4455/4061/1309 4440/4046/1304 4441/4047/1304
f 4456/4062/1308 4441/4047/1304 4442/4048/1304
f 4457/4063/1310 4442/4048/1304 4443/4049/1305
f 4458/4064/1311 4443/4049/1305 4444/4050/1306
f 4445/4051/1307 4458/4064/1311 4444/4050/1306
f 4446/4052/1307 4459/4065/1312 4445/4051/1307
f 4447/4053/1307 4460/4066/1313 4446/4052/1307
f 4448/4054/1307 4461/4067/1312 4447/4053/1307
f 4449/4056/1307 4462/4068/1313 4448/4054/1307
f 4450/4069/1307 4463/4070/1312 4449/4056/1307
f 4466/4071/1314 4451/4072/1308 4452/4057/1308
f 4467/4073/1314 4452/4057/1308 4453/4059/1308
f 4468/4074/1314 4453/4059/1308 4454/4060/1308
f 4469/4075/1314 4454/4060/1308 4455/4061/1309
f 4470/4076/1314 4455/4061/1309 4456/4062/1308
f 4471/4077/1315 4456/4062/1308 4457/4063/1310
f 4472/4078/1316 4457/4063/1310 4458/4064/1311
f 4459/4065/1312 4472/4078/1316 4458/4064/1311
f 4460/4066/1313 4473/4079/1317 4459/4065/1312
f 4461/4067/1312 4474/4080/1317 4460/4066/1313
f 4462/4068/1313 4475/4081/1317 4461/4067/1312
f 4463/4070/1312 4476/4082/1317 4462/4068/1313
f 4464/4083/1312 4477/4084/1317 4463/4070/1312
f 4480/4085/1318 4465/4086/1314 4466/4071/1314
f 4481/4087/1318 4466/4071/1314 4467/4073/1314
f 4482/4088/1318 4467/4073/1314 4468/4074/1314
f 4483/4089/1318 4468/4074/1314 4469/4075/1314
f 4484/4090/1318 4469/4075/1314 4470/4076/1314
f 4485/4091/1319 4470/4076/1314 4471/4077/1315
f 4486/4092/1320 4471/4077/1315 4472/4078/1316
f 4473/4079/1317 4486/4092/1320 4472/4078/1316
f 4474/4080/1317 4487/4093/1321 4473/4079/1317
f 4475/4081/1317 4488/4094/1321 4474/4080/1317
f 4476/4082/1317 4489/4095/1321 4475/4081/1317
f 4477/4084/1317 4490/4096/1321 4476/4082/1317
f 4478/4097/1322 4491/4098/1321 4477/4084/1317
f 4494/4099/1323 4479/4100/1318 4480/4085/1318
f 4495/4101/1323 4480/4085/1318 4481/4087/1318
f 4496/4102/1323 4481/4087/1318 4482/4088/1318
f 4497/4103/1323 4482/4088/1318 4483/4089/1318
f 4498/4104/1323 4483/4089/1318 4484/4090/1318
f 4499/4105/1324 4484/4090/1318 4485/4091/1319
f 4500/4106/1325 4485/4091/1319 4486/4092/1320
f 4487/4093/1321 4500/4106/1325 4486/4092/1320
f 4488/4094/1321 4501/4107/1326 4487/4093/1321
f 4489/4095/1321 4502/4108/1326 4488/4094/1321
f 4490/4096/1321 4503/4109/1326 4489/4095/1321
f 4491/4098/1321 4504/4110/1326 4490/4096/1321
f 4492/4111/1321 4505/4112/1326 4491/4098/1321
f 4508/4113/1327 4493/4114/1323 4494/4099/1323
f 4509/4115/1327 4494/4099/1323 4495/4101/1323
f 4510/4116/1327 4495/4101/1323 4496/4102/1323
f 4511/4117/1328 4496/4102/1323 4497/4103/1323
f 4512/4118/1328 4497/4103/1323 4498/4104/1323
f 4513/4119/1329 4498/4104/1323 4499/4105/1324
f 4514/4120/1330 4499/4105/1324 4500/4106/1325
f 4501/4107/1326 4514/4120/1330 4500/4106/1325
f 4502/4108/1326 4515/4121/1331 4501/4107/1326
f 4503/4109/1326 4516/4122/1331 4502/4108/1326
f 4504/4110/1326 4517/4123/1332 4503/4109/1326
f 4505/4112/1326 4518/4124/1332 4504/4110/1326
f 4506/4125/1326 4519/4126/1332 4505/4112/1326
f 4522/4127/1333 4507/4128/1328 4508/4113/1327
f 4523/4129/1333 4508/4113/1327 4509/4115/1327
f 4524/4130/1333 4509/4115/1327 4510/4116/1327
f 4525/4131/1333 4510/4116/1327 4511/4117/1328
f 4526/4132/1333 4511/4117/1328 4512/4118/1328
f 4527/4133/1334 4512/4118/1328 4513/4119/1329
f 4528/4134/1335 4513/4119/1329 4514/4120/1330
f 4515/4121/1331 4528/4134/1335 4514/4120/1330
f 4516/4122/1331 4529/4135/1336 4515/4121/1331
f 4517/4123/1332 4530/4136/1336 4516/4122/1331
f 4518/4124/1332 4531/4137/1336 4517/4123/1332
f 4519/4126/1332 4532/4138/1336 4518/4124/1332
f 4520/4139/1331 4533/4140/1336 4519/4126/1332
f 4536/4141/1337 4521/4142/1333 4522/4127/1333
f 4537/4143/1338 4522/4127/1333 4523/4129/1333
f 4538/4144/1337 4523/4129/1333 4524/4130/1333
f 4539/4145/1338 4524/4130/1333 4525/4131/1333
f 4540/4146/1338 4525/4131/1333 4526/4132/1333
f 4541/4147/1339 4526/4132/1333 4527/4133/1334
f 4542/4148/1340 4527/4133/1334 4528/4134/1335
f 4529/4135/1336 4542/4148/1340 4528/4134/1335
f 4530/4136/1336 4543/4149/1341 4529/4135/1336
f 4531/4137/1336 4544/4150/1341 4530/4136/1336
f 4532/4138/1336 4545/4151/1342 4531/4137/1336
f 4533/4140/1336 4546/4152/1341 4532/4138/1336
f 4534/4153/1336 4547/4154/1342 4533/4140/1336
f 4536/4141/1337 4549/4155/1343 4535/4156/1338
f 4537/4143/1338 4550/4157/1343 4536/4141/1337
f 4538/4144/1337 4551/4158/1343 4537/4143/1338
f 4539/4145/1338 4552/4159/1343 4538/4144/1337
f 4540/4146/1338 4553/4160/1343 4539/4145/1338
f 4541/4147/1339 4554/4161/1343 4540/4146/1338
f 4556/4162/1344 4541/4147/1339 4542/4148/1340
f 4557/4163/1345 4542/4148/1340 4543/4149/1341
f 4558/4164/1345 4543/4149/1341 4544/4150/1341
f 4559/4165/1345 4544/4150/1341 4545/4151/1342
f 4560/4166/1345 4545/4151/1342 4546/4152/1341
f 4561/4167/1345 4546/4152/1341 4547/4154/1342
f 4562/4168/1345 4547/4154/1342 4548/4169/1341
f 4550/4157/1343 4563/4170/1346 4549/4155/1343
f 4551/4158/1343 4564/4171/1346 4550/4157/1343
f 4552/4159/1343 4565/4172/1346 4551/4158/1343
f 4553/4160/1343 4566/4173/1346 4552/4159/1343
f 4554/4161/1343 4567/4174/1346 4553/4160/1343
f 4555/4175/1347 4568/4176/1346 4554/4161/1343
f 4570/4177/1348 4555/4175/1347 4556/4162/1344
f 4571/4178/1349 4556/4162/1344 4557/4163/1345
f 4572/4179/1349 4557/4163/1345 4558/4164/1345
f 4573/4180/1349 4558/4164/1345 4559/4165/1345
f 4574/4181/1349 4559/4165/1345 4560/4166/1345
f 4575/4182/1349 4560/4166/1345 4561/4167/1345
f 4576/4183/1349 4561/4167/1345 4562/4168/1345
f 4578/4184/1350 4563/4170/1346 4564/4171/1346
f 4579/4185/1350 4564/4171/1346 4565/4172/1346
f 4580/4186/1350 4565/4172/1346 4566/4173/1346
f 4581/4187/1350 4566/4173/1346 4567/4174/1346
f 4582/4188/1350 4567/4174/1346 4568/4176/1346
f 4583/4189/1351 4568/4176/1346 4569/4190/1352
f 4584/4191/1353 4569/4190/1352 4570/4177/1348
f 4571/4178/1349 4584/4191/1353 4570/4177/1348
f 4572/4179/1349 4585/4192/1354 4571/4178/1349
f 4573/4180/1349 4586/4193/1354 4572/4179/1349
f 4574/4181/1349 4587/4194/1354 4573/4180/1349
f 4575/4182/1349 4588/4195/1354 4574/4181/1349
f 4576/4183/1349 4589/4196/1354 4575/4182/1349
f 4592/4197/1355 4577/4198/1350 4578/4184/1350
f 4593/4199/1355 4578/4184/1350 4579/4185/1350
f 4594/4200/1355 4579/4185/1350 4580/4186/1350
f 4595/4201/1355 4580/4186/1350 4581/4187/1350
f 4596/4202/1355 4581/4187/1350 4582/4188/1350
f 4597/4203/1356 4582/4188/1350 4583/4189/1351
f 4598/4204/1357 4583/4189/1351 4584/4191/1353
f 4585/4192/1354 4598/4204/1357 4584/4191/1353
f 4586/4193/1354 4599/4205/1358 4585/4192/1354
f 4587/4194/1354 4600/4206/1358 4586/4193/1354
f 4588/4195/1354 4601/4207/1358 4587/4194/1354
f 4589/4196/1354 4602/4208/1358 4588/4195/1354
f 4590/4209/1354 4603/4210/1358 4589/4196/1354
f 4606/4211/1359 4591/4212/1355 4592/4197/1355
f 4607/4213/1359 4592/4197/1355 4593/4199/1355
f 4608/4214/1359 4593/4199/1355 4594/4200/1355
f 4609/4215/1360 4594/4200/1355 4595/4201/1355
f 4610/4216/1359 4595/4201/1355 4596/4202/1355
f 4611/4217/1361 4596/4202/1355 4597/4203/1356
f 4612/4218/1362 4597/4203/1356 4598/4204/1357
f 4599/4205/1358 4612/4218/1362 4598/4204/1357
f 4600/4206/1358 4613/4219/1363 4599/4205/1358
f 4601/4207/1358 4614/4220/1364 4600/4206/1358
f 4602/4208/1358 4615/4221/1363 4601/4207/1358
f 4603/4210/1358 4616/4222/1363 4602/4208/1358
f 4604/4223/1358 4617/4224/1363 4603/4210/1358
f 4620/4225/1365 4605/4226/1360 4606/4211/1359
f 4621/4227/1366 4606/4211/1359 4607/4213/1359
f 4622/4228/1366 4607/4213/1359 4608/4214/1359
f 4623/4229/1365 4608/4214/1359 4609/4215/1360
f 4624/4230/1365 4609/4215/1360 4610/4216/1359
f 4625/4231/1367 4610/4216/1359 4611/4217/1361
f 4626/4232/1368 4611/4217/1361 4612/4218/1362
f 4613/4219/1363 4626/4232/1368 4612/4218/1362
f 4614/4220/1364 4627/4233/1369 4613/4219/1363
f 4615/4221/1363 4628/4234/1369 4614/4220/1364
f 4616/4222/1363 4629/4235/1369 4615/4221/1363
f 4617/4224/1363 4630/4236/1370 4616/4222/1363
f 4618/4237/1364 4631/4238/1369 4617/4224/1363
f 4634/4239/1371 4619/4240/1365 4620/4225/1365
f 4635/4241/1371 4620/4225/1365 4621/4227/1366
f 4636/4242/1371 4621/4227/1366 4622/4228/1366
f 4637/4243/1371 4622/4228/1366 4623/4229/1365
f 4638/4244/1371 4623/4229/1365 4624/4230/1365
f 4639/4245/1372 4624/4230/1365 4625/4231/1367
f 4640/4246/1373 4625/4231/1367 4626/4232/1368
f 4627/4233/1369 4640/4246/1373 4626/4232/1368
f 4628/4234/1369 4641/4247/1374 4627/4233/1369
f 4629/4235/1369 4642/4248/1374 4628/4234/1369
f 4630/4236/1370 4643/4249/1374 4629/4235/1369
f 4631/4238/1369 4644/4250/1374 4630/4236/1370
f 4632/4251/1370 4645/4252/1374 4631/4238/1369
f 4648/4253/1375 4633/4254/1371 4634/4239/1371
f 4649/4255/1375 4634/4239/1371 4635/4241/1371
f 4650/4256/1375 4635/4241/1371 4636/4242/1371
f 4651/4257/1375 4636/4242/1371 4637/4243/1371
f 4652/4258/1375 4637/4243/1371 4638/4244/1371
f 4653/4259/1376 4638/4244/1371 4639/4245/1372
f 4654/4260/1377 4639/4245/1372 4640/4246/1373
f 4641/4247/1374 4654/4260/1377 4640/4246/1373
f 4642/4248/1374 4655/4261/1378 4641/4247/1374
f 4643/4249/1374 4656/4262/1378 4642/4248/1374
f 4644/4250/1374 4657/4263/1378 4643/4249/1374
f 4645/4252/1374 4658/4264/1378 4644/4250/1374
f 4646/4265/1374 4659/4266/1378 4645/4252/1374
f 4662/4267/1379 4647/4268/1375 4648/4253/1375
f 4663/4269/1379 4648/4253/1375 4649/4255/1375
f 4664/4270/1379 4649/4255/1375 4650/4256/1375
f 4665/4271/1379 4650/4256/1375 4651/4257/1375
f 4666/4272/1379 4651/4257/1375 4652/4258/1375
f 4667/4273/1380 4652/4258/1375 4653/4259/1376
f 4668/4274/1381 4653/4259/1376 4654/4260/1377
f 4655/4261/1378 4668/4274/1381 4654/4260/1377
f 4656/4262/1378 4669/4275/1382 4655/4261/1378
f 4657/4263/1378 4670/4276/1382 4656/4262/1378
f 4658/4264/1378 4671/4277/1382 4657/4263/1378
f 4659/4266/1378 4672/4278/1382 4658/4264/1378
f 4660/4279/1378 4673/4280/1382 4659/4266/1378
f 4676/4281/1383 4661/4282/1379 4662/4267/1379
f 4677/4283/1384 4662/4267/1379 4663/4269/1379
f 4678/4284/1384 4663/4269/1379 4664/4270/1379
f 4679/4285/1384 4664/4270/1379 4665/4271/1379
f 4680/4286/1384 4665/4271/1379 4666/4272/1379
f 4681/4287/1385 4666/4272/1379 4667/4273/1380
f 4682/4288/1386 4667/4273/1380 4668/4274/1381
f 4669/4275/1382 4682/4288/1386 4668/4274/1381
f 4670/4276/1382 4683/4289/1387 4669/4275/1382
f 4671/4277/1382 4684/4290/1387 4670/4276/1382
f 4672/4278/1382 4685/4291/1387 4671/4277/1382
f 4673/4280/1382 4686/4292/1387 4672/4278/1382
f 4674/4293/1382 4687/4294/1388 4673/4280/1382
f 4690/4295/1389 4675/4296/1384 4676/4281/1383
f 4691/4297/1390 4676/4281/1383 4677/4283/1384
f 4692/4298/1389 4677/4283/1384 4678/4284/1384
f 4693/4299/1389 4678/4284/1384 4679/4285/1384
f 4694/4300/1389 4679/4285/1384 4680/4286/1384
f 4695/4301/1391 4680/4286/1384 4681/4287/1385
f 4696/4302/1392 4681/4287/1385 4682/4288/1386
f 4683/4289/1387 4696/4302/1392 4682/4288/1386
f 4684/4290/1387 4697/4303/1393 4683/4289/1387
f 4685/4291/1387 4698/4304/1394 4684/4290/1387
f 4686/4292/1387 4699/4305/1394 4685/4291/1387
f 4687/4294/1388 4700/4306/1393 4686/4292/1387
f 4688/4307/1387 4701/4308/1394 4687/4294/1388
f 4704/4309/1395 4689/4310/1389 4690/4295/1389
f 4705/4311/1395 4690/4295/1389 4691/4297/1390
f 4706/4312/1396 4691/4297/1390 4692/4298/1389
f 4707/4313/1395 4692/4298/1389 4693/4299/1389
f 4708/4314/1395 4693/4299/1389 4694/4300/1389
f 4709/4315/1397 4694/4300/1389 4695/4301/1391
f 4710/4316/1398 4695/4301/1391 4696/4302/1392
f 4697/4303/1393 4710/4316/1398 4696/4302/1392
f 4698/4304/1394 4711/4317/1399 4697/4303/1393
f 4699/4305/1394 4712/4318/1399 4698/4304/1394
f 4700/4306/1393 4713/4319/1400 4699/4305/1394
f 4701/4308/1394 4714/4320/1399 4700/4306/1393
f 4702/4321/1394 4715/4322/1399 4701/4308/1394
f 4704/4309/1395 4717/4323/1401 4703/4324/1395
f 4705/4311/1395 4718/4325/1401 4704/4309/1395
f 4706/4312/1396 4719/4326/1401 4705/4311/1395
f 4707/4313/1395 4720/4327/1401 4706/4312/1396
f 4708/4314/1395 4721/4328/1401 4707/4313/1395
f 4709/4315/1397 4722/4329/1401 4708/4314/1395
f 4724/4330/1402 4709/4315/1397 4710/4316/1398
f 4725/4331/1403 4710/4316/1398 4711/4317/1399
f 4726/4332/1403 4711/4317/1399 4712/4318/1399
f 4727/4333/1403 4712/4318/1399 4713/4319/1400
f 4728/4334/1403 4713/4319/1400 4714/4320/1399
f 4729/4335/1403 4714/4320/1399 4715/4322/1399
f 4730/4336/1403 4715/4322/1399 4716/4337/1399
f 4718/4325/1401 4731/4338/1404 4717/4323/1401
f 4719/4326/1401 4732/4339/1404 4718/4325/1401
f 4720/4327/1401 4733/4340/1404 4719/4326/1401
f 4721/4328/1401 4734/4341/1404 4720/4327/1401
f 4722/4329/1401 4735/4342/1404 4721/4328/1401
f 4723/4343/1405 4736/4344/1404 4722/4329/1401
f 4738/4345/1406 4723/4343/1405 4724/4330/1402
f 4739/4346/1407 4724/4330/1402 4725/4331/1403
f 4740/4347/1407 4725/4331/1403 4726/4332/1403
f 4741/4348/1407 4726/4332/1403 4727/4333/1403
f 4742/4349/1407 4727/4333/1403 4728/4334/1403
f 4743/4350/1407 4728/4334/1403 4729/4335/1403
f 4744/4351/1407 4729/4335/1403 4730/4336/1403
f 4746/4352/1408 4731/4338/1404 4732/4339/1404
f 4747/4353/1408 4732/4339/1404 4733/4340/1404
f 4748/4354/1409 4733/4340/1404 4734/4341/1404
f 4749/4355/1408 4734/4341/1404 4735/4342/1404
f 4750/4356/1409 4735/4342/1404 4736/4344/1404
f 4751/4357/1410 4736/4344/1404 4737/4358/1411
f 4752/4359/1412 4737/4358/1411 4738/4345/1406
f 4739/4346/1407 4752/4359/1412 4738/4345/1406
f 4740/4347/1407 4753/4360/1413 4739/4346/1407
f 4741/4348/1407 4754/4361/1414 4740/4347/1407
f 4742/4349/1407 4755/4362/1413 4741/4348/1407
f 4743/4350/1407 4756/4363/1414 4742/4349/1407
f 4744/4351/1407 4757/4364/1414 4743/4350/1407
f 4760/4365/1415 4745/4366/1408 4746/4352/1408
f 4761/4367/1416 4746/4352/1408 4747/4353/1408
f 4762/4368/1415 4747/4353/1408 4748/4354/1409
f 4763/4369/1416 4748/4354/1409 4749/4355/1408
f 4764/4370/1416 4749/4355/1408 4750/4356/1409
f 4765/4371/1417 4750/4356/1409 4751/4357/1410
f 4766/4372/1418 4751/4357/1410 4752/4359/1412
f 4753/4360/1413 4766/4372/1418 4752/4359/1412
f 4754/4361/1414 4767/4373/1419 4753/4360/1413
f 4755/4362/1413 4768/4374/1419 4754/4361/1414
f 4756/4363/1414 4769/4375/1420 4755/4362/1413
f 4757/4364/1414 4770/4376/1419 4756/4363/1414
f 4758/4377/1413 4771/4378/1419 4757/4364/1414
f 4774/4379/1421 4759/4380/1415 4760/4365/1415
f 4775/4381/1421 4760/4365/1415 4761/4367/1416
f 4776/4382/1421 4761/4367/1416 4762/4368/1415
f 4777/4383/1421 4762/4368/1415 4763/4369/1416
f 4778/4384/1421 4763/4369/1416 4764/4370/1416
f 4779/4385/1422 4764/4370/1416 4765/4371/1417
f 4780/4386/1423 4765/4371/1417 4766/4372/1418
f 4767/4373/1419 4780/4386/1423 4766/4372/1418
f 4768/4374/1419 4781/4387/1424 4767/4373/1419
f 4769/4375/1420 4782/4388/1424 4768/4374/1419
f 4770/4376/1419 4783/4389/1424 4769/4375/1420
f 4771/4378/1419 4784/4390/1424 4770/4376/1419
f 4786/4391/1424 4771/4378/1419 4772/4392/1420
f 4788/4393/1425 4773/4394/1421 4774/4379/1421
f 4789/4395/1425 4774/4379/1421 4775/4381/1421
f 4790/4396/1425 4775/4381/1421 4776/4382/1421
f 4791/4397/1425 4776/4382/1421 4777/4383/1421
f 4792/4398/1425 4777/4383/1421 4778/4384/1421
f 4793/4399/1426 4778/4384/1421 4779/4385/1422
f 4794/4400/1427 4779/4385/1422 4780/4386/1423
f 4781/4387/1424 4794/4400/1427 4780/4386/1423
f 4782/4388/1424 4795/4401/1428 4781/4387/1424
f 4783/4389/1424 4796/4402/1428 4782/4388/1424
f 4784/4390/1424 4797/4403/1428 4783/4389/1424
f 4785/4404/1424 4798/4405/1428 4784/4390/1424
f 4786/4391/1424 4799/4406/1428 4785/4404/1424
f 4802/4407/1429 4787/4408/1425 4788/4393/1425
f 4803/4409/1429 4788/4393/1425 4789/4395/1425
f 4804/4410/1429 4789/4395/1425 4790/4396/1425
f 4805/4411/1429 4790/4396/1425 4791/4397/1425
f 4806/4412/1429 4791/4397/1425 4792/4398/1425
f 4807/4413/1430 4792/4398/1425 4793/4399/1426
f 4808/4414/1431 4793/4399/1426 4794/4400/1427
f 4795/4401/1428 4808/4414/1431 4794/4400/1427
f 4796/4402/1428 4809/4415/1432 4795/4401/1428
f 4797/4403/1428 4810/4416/1432 4796/4402/1428
f 4798/4405/1428 4811/4417/1432 4797/4403/1428
f 4799/4406/1428 4812/4418/1432 4798/4405/1428
f 4814/4419/1432 4799/4406/1428 4800/4420/1428
f 4816/4421/1433 4801/4422/1429 4802/4407/1429
f 4817/4423/1433 4802/4407/1429 4803/4409/1429
f 4818/4424/1433 4803/4409/1429 4804/4410/1429
f 4819/4425/1433 4804/4410/1429 4805/4411/1429
f 4820/4426/1433 4805/4411/1429 4806/4412/1429
f 4821/4427/1434 4806/4412/1429 4807/4413/1430
f 4822/4428/1435 4807/4413/1430 4808/4414/1431
f 4809/4415/1432 4822/4428/1435 4808/4414/1431
f 4810/4416/1432 4823/4429/1436 4809/4415/1432
f 4811/4417/1432 4824/4430/1436 4810/4416/1432
f 4812/4418/1432 4825/4431/1436 4811/4417/1432
f 4813/4432/1432 4826/4433/1436 4812/4418/1432
f 4814/4419/1432 4827/4434/1436 4813/4432/1432
f 4830/4435/1437 4815/4436/1433 4816/4421/1433
f 4831/4437/1437 4816/4421/1433 4817/4423/1433
f 4832/4438/1437 4817/4423/1433 4818/4424/1433
f 4833/4439/1437 4818/4424/1433 4819/4425/1433
f 4834/4440/1437 4819/4425/1433 4820/4426/1433
f 4835/4441/1438 4820/4426/1433 4821/4427/1434
f 4836/4442/1439 4821/4427/1434 4822/4428/1435
f 4823/4429/1436 4836/4442/1439 4822/4428/1435
f 4824/4430/1436 4837/4443/1440 4823/4429/1436
f 4825/4431/1436 4838/4444/1440 4824/4430/1436
f 4826/4433/1436 4839/4445/1440 4825/4431/1436
f 4827/4434/1436 4840/4446/1440 4826/4433/1436
f 4828/4447/1436 4841/4448/1440 4827/4434/1436
f 4844/4449/1441 4829/4450/1437 4830/4435/1437
f 4845/4451/1441 4830/4435/1437 4831/4437/1437
f 4846/4452/1441 4831/4437/1437 4832/4438/1437
f 4847/4453/1441 4832/4438/1437 4833/4439/1437
f 4848/4454/1441 4833/4439/1437 4834/4440/1437
f 4849/4455/1442 4834/4440/1437 4835/4441/1438
f 4850/4456/1443 4835/4441/1438 4836/4442/1439
f 4837/4443/1440 4850/4456/1443 4836/4442/1439
f 4838/4444/1440 4851/4457/1444 4837/4443/1440
f 4839/4445/1440 4852/4458/1444 4838/4444/1440
f 4840/4446/1440 4853/4459/1444 4839/4445/1440
f 4841/4448/1440 4854/4460/1444 4840/4446/1440
f 4842/4461/1440 4855/4462/1444 4841/4448/1440
f 4858/4463/1445 4843/4464/1441 4844/4449/1441
f 4859/4465/1445 4844/4449/1441 4845/4451/1441
f 4860/4466/1445 4845/4451/1441 4846/4452/1441
f 4861/4467/1445 4846/4452/1441 4847/4453/1441
f 4862/4468/1445 4847/4453/1441 4848/4454/1441
f 4863/4469/1446 4848/4454/1441 4849/4455/1442
f 4864/4470/1447 4849/4455/1442 4850/4456/1443
f 4851/4457/1444 4864/4470/1447 4850/4456/1443
f 4852/4458/1444 4865/4471/1448 4851/4457/1444
f 4853/4459/1444 4866/4472/1448 4852/4458/1444
f 4854/4460/1444 4867/4473/1448 4853/4459/1444
f 4855/4462/1444 4868/4474/1448 4854/4460/1444
f 4856/4475/1444 4869/4476/1448 4855/4462/1444
f 4872/4477/1449 4857/4478/1445 4858/4463/1445
f 4873/4479/1449 4858/4463/1445 4859/4465/1445
f 4874/4480/1449 4859/4465/1445 4860/4466/1445
f 4875/4481/1449 4860/4466/1445 4861/4467/1445
f 4876/4482/1449 4861/4467/1445 4862/4468/1445
f 4877/4483/1450 4862/4468/1445 4863/4469/1446
f 4878/4484/1451 4863/4469/1446 4864/4470/1447
f 4865/4471/1448 4878/4484/1451 4864/4470/1447
f 4866/4472/1448 4879/4485/1452 4865/4471/1448
f 4867/4473/1448 4880/4486/1452 4866/4472/1448
f 4868/4474/1448 4881/4487/1452 4867/4473/1448
f 4869/4476/1448 4882/4488/1452 4868/4474/1448
f 4870/4489/1448 4883/4490/1452 4869/4476/1448
f 4886/4491/1453 4871/4492/1449 4872/4477/1449
f 4887/4493/1453 4872/4477/1449 4873/4479/1449
f 4888/4494/1453 4873/4479/1449 4874/4480/1449
f 4889/4495/1453 4874/4480/1449 4875/4481/1449
f 4890/4496/1453 4875/4481/1449 4876/4482/1449
f 4891/4497/1454 4876/4482/1449 4877/4483/1450
f 4892/4498/1455 4877/4483/1450 4878/4484/1451
f 4879/4485/1452 4892/4498/1455 4878/4484/1451
f 4880/4486/1452 4893/4499/1456 4879/4485/1452
f 4881/4487/1452 4894/4500/1456 4880/4486/1452
f 4882/4488/1452 4895/4501/1456 4881/4487/1452
f 4883/4490/1452 4896/4502/1456 4882/4488/1452
f 4884/4503/1452 4897/4504/1456 4883/4490/1452
f 4900/4505/1457 4885/4506/1453 4886/4491/1453
f 4901/4507/1457 4886/4491/1453 4887/4493/1453
f 4902/4508/1458 4887/4493/1453 4888/4494/1453
f 4903/4509/1457 4888/4494/1453 4889/4495/1453
f 4904/4510/1457 4889/4495/1453 4890/4496/1453
f 4905/4511/1459 4890/4496/1453 4891/4497/1454
f 4906/4512/1460 4891/4497/1454 4892/4498/1455
f 4893/4499/1456 4906/4512/1460 4892/4498/1455
f 4894/4500/1456 4907/4513/1461 4893/4499/1456
f 4895/4501/1456 4908/4514/1461 4894/4500/1456
f 4896/4502/1456 4909/4515/1462 4895/4501/1456
f 4897/4504/1456 4910/4516/1461 4896/4502/1456
f 4898/4517/1456 4911/4518/1461 4897/4504/1456
f 4914/4519/1463 4899/4520/1457 4900/4505/1457
f 4915/4521/1463 4900/4505/1457 4901/4507/1457
f 4916/4522/1463 4901/4507/1457 4902/4508/1458
f 4917/4523/1463 4902/4508/1458 4903/4509/1457
f 4918/4524/1463 4903/4509/1457 4904/4510/1457
f 4919/4525/1464 4904/4510/1457 4905/4511/1459
f 4920/4526/1465 4905/4511/1459 4906/4512/1460
f 4907/4513/1461 4920/4526/1465 4906/4512/1460
f 4908/4514/1461 4921/4527/1466 4907/4513/1461
f 4909/4515/1462 4922/4528/1466 4908/4514/1461
f 4910/4516/1461 4923/4529/1466 4909/4515/1462
f 4911/4518/1461 4924/4530/1466 4910/4516/1461
f 4912/4531/1461 4925/4532/1466 4911/4518/1461
f 4928/4533/1467 4913/4534/1463 4914/4519/1463
f 4929/4535/1467 4914/4519/1463 4915/4521/1463
f 4930/4536/1467 4915/4521/1463 4916/4522/1463
f 4931/4537/1467 4916/4522/1463 4917/4523/1463
f 4932/4538/1467 4917/4523/1463 4918/4524/1463
f 4933/4539/1468 4918/4524/1463 4919/4525/1464
f 4934/4540/1469 4919/4525/1464 4920/4526/1465
f 4921/4527/1466 4934/4540/1469 4920/4526/1465
f 4922/4528/1466 4935/4541/1470 4921/4527/1466
f 4923/4529/1466 4936/4542/1470 4922/4528/1466
f 4924/4530/1466 4937/4543/1470 4923/4529/1466
f 4925/4532/1466 4938/4544/1470 4924/4530/1466
f 4926/4545/1466 4939/4546/1470 4925/4532/1466
f 4942/4547/1471 4927/4548/1467 4928/4533/1467
f 4943/4549/1471 4928/4533/1467 4929/4535/1467
f 4944/4550/1471 4929/4535/1467 4930/4536/1467
f 4945/4551/1471 4930/4536/1467 4931/4537/1467
f 4946/4552/1471 4931/4537/1467 4932/4538/1467
f 4947/4553/1472 4932/4538/1467 4933/4539/1468
f 4948/4554/1473 4933/4539/1468 4934/4540/1469
f 4935/4541/1470 4948/4554/1473 4934/4540/1469
f 4936/4542/1470 4949/4555/1474 4935/4541/1470
f 4937/4543/1470 4950/4556/1474 4936/4542/1470
f 4938/4544/1470 4951/4557/1474 4937/4543/1470
f 4939/4546/1470 4952/4558/1474 4938/4544/1470
f 4940/4559/1470 4953/4560/1474 4939/4546/1470
f 4956/4561/1475 4941/4562/1471 4942/4547/1471
f 4957/4563/1475 4942/4547/1471 4943/4549/1471
f 4958/4564/1475 4943/4549/1471 4944/4550/1471
f 4959/4565/1475 4944/4550/1471 4945/4551/1471
f 4960/4566/1475 4945/4551/1471 4946/4552/1471
f 4961/4567/1476 4946/4552/1471 4947/4553/1472
f 4962/4568/1477 4947/4553/1472 4948/4554/1473
f 4949/4555/1474 4962/4568/1477 4948/4554/1473
f 4950/4556/1474 4963/4569/1478 4949/4555/1474
f 4951/4557/1474 4964/4570/1478 4950/4556/1474
f 4952/4558/1474 4965/4571/1478 4951/4557/1474
f 4953/4560/1474 4966/4572/1478 4952/4558/1474
f 4954/4573/1474 4967/4574/1478 4953/4560/1474
f 4970/4575/1479 4955/4576/1475 4956/4561/1475
f 4971/4577/1479 4956/4561/1475 4957/4563/1475
f 4972/4578/1479 4957/4563/1475 4958/4564/1475
f 4973/4579/1479 4958/4564/1475 4959/4565/1475
f 4974/4580/1479 4959/4565/1475 4960/4566/1475
f 4975/4581/1480 4960/4566/1475 4961/4567/1476
f 4976/4582/1481 4961/4567/1476 4962/4568/1477
f 4963/4569/1478 4976/4582/1481 4962/4568/1477
f 4964/4570/1478 4977/4583/1482 4963/4569/1478
f 4965/4571/1478 4978/4584/1482 4964/4570/1478
f 4966/4572/1478 4979/4585/1482 4965/4571/1478
f 4967/4574/1478 4980/4586/1482 4966/4572/1478
f 4968/4587/1478 4981/4588/1482 4967/4574/1478
f 4984/4589/1483 4969/4590/1479 4970/4575/1479
f 4985/4591/1484 4970/4575/1479 4971/4577/1479
f 4986/4592/1483 4971/4577/1479 4972/4578/1479
f 4987/4593/1483 4972/4578/1479 4973/4579/1479
f 4988/4594/1483 4973/4579/1479 4974/4580/1479
f 4989/4595/1485 4974/4580/1479 4975/4581/1480
f 4990/4596/1486 4975/4581/1480 4976/4582/1481
f 4977/4583/1482 4990/4596/1486 4976/4582/1481
f 4978/4584/1482 4991/4597/1487 4977/4583/1482
f 4979/4585/1482 4992/4598/1487 4978/4584/1482
f 4980/4586/1482 4993/4599/1487 4979/4585/1482
f 4981/4588/1482 4994/4600/1487 4980/4586/1482
f 4982/4601/1482 4995/4602/1487 4981/4588/1482
f 4998/4603/1488 4983/4604/1483 4984/4589/1483
f 4999/4605/1488 4984/4589/1483 4985/4591/1484
f 5000/4606/1488 4985/4591/1484 4986/4592/1483
f 5001/4607/1488 4986/4592/1483 4987/4593/1483
f 5002/4608/1488 4987/4593/1483 4988/4594/1483
f 5003/4609/1489 4988/4594/1483 4989/4595/1485
f 5004/4610/1490 4989/4595/1485 4990/4596/1486
f 4991/4597/1487 5004/4610/1490 4990/4596/1486
f 4992/4598/1487 5005/4611/1491 4991/4597/1487
f 4993/4599/1487 5006/4612/1491 4992/4598/1487
f 4994/4600/1487 5007/4613/1491 4993/4599/1487
f 4995/4602/1487 5008/4614/1491 4994/4600/1487
f 4996/4615/1487 5009/4616/1491 4995/4602/1487
f 5012/4617/1492 4997/4618/1488 4998/4603/1488
f 5013/4619/1493 4998/4603/1488 4999/4605/1488
f 5014/4620/1492 4999/4605/1488 5000/4606/1488
f 5015/4621/1492 5000/4606/1488 5001/4607/1488
f 5016/4622/1492 5001/4607/1488 5002/4608/1488
f 5017/4623/1494 5002/4608/1488 5003/4609/1489
f 5018/4624/1495 5003/4609/1489 5004/4610/1490
f 5005/4611/1491 5018/4624/1495 5004/4610/1490
f 5006/4612/1491 5019/4625/1496 5005/4611/1491
f 5007/4613/1491 5020/4626/1496 5006/4612/1491
f 5008/4614/1491 5021/4627/1496 5007/4613/1491
f 5009/4616/1491 5022/4628/1497 5008/4614/1491
f 5010/4629/1491 5023/4630/1496 5009/4616/1491
f 5026/4631/1498 5011/4632/1492 5012/4617/1492
f 5027/4633/1498 5012/4617/1492 5013/4619/1493
f 5028/4634/1498 5013/4619/1493 5014/4620/1492
f 5029/4635/1498 5014/4620/1492 5015/4621/1492
f 5030/4636/1498 5015/4621/1492 5016/4622/1492
f 5031/4637/1499 5016/4622/1492 5017/4623/1494
f 5032/4638/1500 5017/4623/1494 5018/4624/1495
f 5019/4625/1496 5032/4638/1500 5018/4624/1495
f 5020/4626/1496 5033/4639/1501 5019/4625/1496
f 5021/4627/1496 5034/4640/1501 5020/4626/1496
f 5022/4628/1497 5035/4641/1501 5021/4627/1496
f 5023/4630/1496 5036/4642/1501 5022/4628/1497
f 5024/4643/1496 5037/4644/1501 5023/4630/1496
f 5040/4645/1502 5025/4646/1498 5026/4631/1498
f 5041/4647/1503 5026/4631/1498 5027/4633/1498
f 5042/4648/1502 5027/4633/1498 5028/4634/1498
f 5043/4649/1502 5028/4634/1498 5029/4635/1498
f 5044/4650/1502 5029/4635/1498 5030/4636/1498
f 5045/4651/1504 5030/4636/1498 5031/4637/1499
f 5046/4652/1505 5031/4637/1499 5032/4638/1500
f 5033/4639/1501 5046/4652/1505 5032/4638/1500
f 5034/4640/1501 5047/4653/1506 5033/4639/1501
f 5035/4641/1501 5048/4654/1507 5034/4640/1501
f 5036/4642/1501 5049/4655/1506 5035/4641/1501
f 5037/4644/1501 5050/4656/1506 5036/4642/1501
f 5038/4657/1501 5051/4658/1507 5037/4644/1501
f 5040/4645/1502 5053/4659/1508 5039/4660/1503
f 5041/4647/1503 5054/4661/1508 5040/4645/1502
f 5042/4648/1502 5055/4662/1508 5041/4647/1503
f 5043/4649/1502 5056/4663/1508 5042/4648/1502
f 5044/4650/1502 5057/4664/1508 5043/4649/1502
f 5045/4651/1504 5058/4665/1508 5044/4650/1502
f 5060/4666/1509 5045/4651/1504 5046/4652/1505
f 5061/4667/1510 5046/4652/1505 5047/4653/1506
f 5062/4668/1510 5047/4653/1506 5048/4654/1507
f 5063/4669/1510 5048/4654/1507 5049/4655/1506
f 5064/4670/1510 5049/4655/1506 5050/4656/1506
f 5065/4671/1510 5050/4656/1506 5051/4658/1507
f 5066/4672/1510 5051/4658/1507 5052/4673/1507
f 5054/4661/1508 5067/4674/1511 5053/4659/1508
f 5055/4662/1508 5068/4675/1511 5054/4661/1508
f 5056/4663/1508 5069/4676/1511 5055/4662/1508
f 5057/4664/1508 5070/4677/1511 5056/4663/1508
f 5058/4665/1508 5071/4678/1511 5057/4664/1508
f 5059/4679/1512 5072/4680/1511 5058/4665/1508
f 5074/4681/1513 5059/4679/1512 5060/4666/1509
f 5075/4682/1514 5060/4666/1509 5061/4667/1510
f 5076/4683/1514 5061/4667/1510 5062/4668/1510
f 5077/4684/1514 5062/4668/1510 5063/4669/1510
f 5078/4685/1514 5063/4669/1510 5064/4670/1510
f 5079/4686/1514 5064/4670/1510 5065/4671/1510
f 5080/4687/1514 5065/4671/1510 5066/4672/1510
f 5068/4675/1511 5081/4688/1515 5067/4674/1511
f 5069/4676/1511 5082/4689/1516 5068/4675/1511
f 5070/4677/1511 5083/4690/1515 5069/4676/1511
f 5071/4678/1511 5084/4691/1515 5070/4677/1511
f 5072/4680/1511 5085/4692/1515 5071/4678/1511
f 5073/4693/1517 5086/4694/1515 5072/4680/1511
f 5088/4695/1518 5073/4693/1517 5074/4681/1513
f 5089/4696/1519 5074/4681/1513 5075/4682/1514
f 5090/4697/1520 5075/4682/1514 5076/4683/1514
f 5091/4698/1519 5076/4683/1514 5077/4684/1514
f 5092/4699/1519 5077/4684/1514 5078/4685/1514
f 5093/4700/1520 5078/4685/1514 5079/4686/1514
f 5094/4701/1519 5079/4686/1514 5080/4687/1514
f 5082/4689/1516 5095/4702/1521 5081/4688/1515
f 5083/4690/1515 5096/4703/1521 5082/4689/1516
f 5084/4691/1515 5097/4704/1521 5083/4690/1515
f 5085/4692/1515 5098/4705/1521 5084/4691/1515
f 5086/4694/1515 5099/4706/1521 5085/4692/1515
f 5087/4707/1522 5100/4708/1521 5086/4694/1515
f 5102/4709/1523 5087/4707/1522 5088/4695/1518
f 5103/4710/1524 5088/4695/1518 5089/4696/1519
f 5104/4711/1524 5089/4696/1519 5090/4697/1520
f 5105/4712/1524 5090/4697/1520 5091/4698/1519
f 5106/4713/1524 5091/4698/1519 5092/4699/1519
f 5107/4714/1524 5092/4699/1519 5093/4700/1520
f 5108/4715/1524 5093/4700/1520 5094/4701/1519
f 5096/4703/1521 5109/4716/1525 5095/4702/1521
f 5097/4704/1521 5110/4717/1525 5096/4703/1521
f 5098/4705/1521 5111/4718/1525 5097/4704/1521
f 5099/4706/1521 5112/4719/1525 5098/4705/1521
f 5100/4708/1521 5113/4720/1525 5099/4706/1521
f 5101/4721/1526 5114/4722/1525 5100/4708/1521
f 5116/4723/1527 5101/4721/1526 5102/4709/1523
f 5117/4724/1528 5102/4709/1523 5103/4710/1524
f 5118/4725/1528 5103/4710/1524 5104/4711/1524
f 5119/4726/1528 5104/4711/1524 5105/4712/1524
f 5120/4727/1528 5105/4712/1524 5106/4713/1524
f 5121/4728/1528 5106/4713/1524 5107/4714/1524
f 5122/4729/1528 5107/4714/1524 5108/4715/1524
f 5110/4717/1525 5123/4730/1529 5109/4716/1525
f 5111/4718/1525 5124/4731/1529 5110/4717/1525
f 5112/4719/1525 5125/4732/1529 5111/4718/1525
f 5113/4720/1525 5126/4733/1529 5112/4719/1525
f 5114/4722/1525 5127/4734/1529 5113/4720/1525
f 5115/4735/1530 5128/4736/1529 5114/4722/1525
f 5130/4737/1531 5115/4735/1530 5116/4723/1527
f 5131/4738/1532 5116/4723/1527 5117/4724/1528
f 5132/4739/1532 5117/4724/1528 5118/4725/1528
f 5133/4740/1532 5118/4725/1528 5119/4726/1528
f 5134/4741/1532 5119/4726/1528 5120/4727/1528
f 5135/4742/1532 5120/4727/1528 5121/4728/1528
f 5136/4743/1532 5121/4728/1528 5122/4729/1528
f 5124/4731/1529 5137/4744/1533 5123/4730/1529
f 5125/4732/1529 5138/4745/1533 5124/4731/1529
f 5126/4733/1529 5139/4746/1533 5125/4732/1529
f 5127/4734/1529 5140/4747/1533 5126/4733/1529
f 5128/4736/1529 5141/4748/1533 5127/4734/1529
f 5129/4749/1534 5142/4750/1533 5128/4736/1529
f 5144/4751/1535 5129/4749/1534 5130/4737/1531
f 5145/4752/1536 5130/4737/1531 5131/4738/1532
f 5146/4753/1536 5131/4738/1532 5132/4739/1532
f 5147/4754/1536 5132/4739/1532 5133/4740/1532
f 5148/4755/1536 5133/4740/1532 5134/4741/1532
f 5149/4756/1536 5134/4741/1532 5135/4742/1532
f 5150/4757/1536 5135/4742/1532 5136/4743/1532
f 5138/4745/1533 5151/4758/1537 5137/4744/1533
f 5139/4746/1533 5152/4759/1537 5138/4745/1533
f 5140/4747/1533 5153/4760/1537 5139/4746/1533
f 5141/4748/1533 5154/4761/1537 5140/4747/1533
f 5142/4750/1533 5155/4762/1537 5141/4748/1533
f 5143/4763/1538 5156/4764/1537 5142/4750/1533
f 5158/4765/1539 5143/4763/1538 5144/4751/1535
f 5159/4766/1540 5144/4751/1535 5145/4752/1536
f 5160/4767/1540 5145/4752/1536 5146/4753/1536
f 5161/4768/1540 5146/4753/1536 5147/4754/1536
f 5162/4769/1540 5147/4754/1536 5148/4755/1536
f 5163/4770/1540 5148/4755/1536 5149/4756/1536
f 5164/4771/1540 5149/4756/1536 5150/4757/1536
f 5152/4759/1537 5165/4772/1541 5151/4758/1537
f 5153/4760/1537 5166/4773/1541 5152/4759/1537
f 5154/4761/1537 5167/4774/1541 5153/4760/1537
f 5155/4762/1537 5168/4775/1541 5154/4761/1537
f 5156/4764/1537 5169/4776/1541 5155/4762/1537
f 5157/4777/1542 5170/4778/1543 5156/4764/1537
f 5172/4779/1544 5157/4777/1542 5158/4765/1539
f 5173/4780/1545 5158/4765/1539 5159/4766/1540
f 5174/4781/1545 5159/4766/1540 5160/4767/1540
f 5175/4782/1545 5160/4767/1540 5161/4768/1540
f 5176/4783/1545 5161/4768/1540 5162/4769/1540
f 5177/4784/1545 5162/4769/1540 5163/4770/1540
f 5178/4785/1545 5163/4770/1540 5164/4771/1540
f 5166/4773/1541 5179/4786/1546 5165/4772/1541
f 5167/4774/1541 5180/4787/1546 5166/4773/1541
f 5168/4775/1541 5181/4788/1546 5167/4774/1541
f 5169/4776/1541 5182/4789/1546 5168/4775/1541
f 5170/4778/1543 5183/4790/1546 5169/4776/1541
f 5171/4791/1547 5184/4792/1546 5170/4778/1543
f 5186/4793/1548 5171/4791/1547 5172/4779/1544
f 5187/4794/1549 5172/4779/1544 5173/4780/1545
f 5188/4795/1549 5173/4780/1545 5174/4781/1545
f 5189/4796/1549 5174/4781/1545 5175/4782/1545
f 5190/4797/1549 5175/4782/1545 5176/4783/1545
f 5191/4798/1549 5176/4783/1545 5177/4784/1545
f 5192/4799/1549 5177/4784/1545 5178/4785/1545
f 5180/4787/1546 5193/4800/1550 5179/4786/1546
f 5181/4788/1546 5194/4801/1550 5180/4787/1546
f 5182/4789/1546 5195/4802/1550 5181/4788/1546
f 5183/4790/1546 5196/4803/1550 5182/4789/1546
f 5184/4792/1546 5197/4804/1550 5183/4790/1546
f 5185/4805/1551 5198/4806/1550 5184/4792/1546
f 5200/4807/1552 5185/4805/1551 5186/4793/1548
f 5201/4808/1553 5186/4793/1548 5187/4794/1549
f 5202/4809/1553 5187/4794/1549 5188/4795/1549
f 5203/4810/1553 5188/4795/1549 5189/4796/1549
f 5204/4811/1553 5189/4796/1549 5190/4797/1549
f 5205/4812/1553 5190/4797/1549 5191/4798/1549
f 5206/4813/1553 5191/4798/1549 5192/4799/1549
f 5194/4801/1550 5207/4814/1554 5193/4800/1550
f 5195/4802/1550 5208/4815/1554 5194/4801/1550
f 5196/4803/1550 5209/4816/1554 5195/4802/1550
f 5197/4804/1550 5210/4817/1554 5196/4803/1550
f 5198/4806/1550 5211/4818/1554 5197/4804/1550
f 5199/4819/1555 5212/4820/1554 5198/4806/1550
f 5214/4821/1556 5199/4819/1555 5200/4807/1552
f 5215/4822/1557 5200/4807/1552 5201/4808/1553
f 5216/4823/1557 5201/4808/1553 5202/4809/1553
f 5217/4824/1557 5202/4809/1553 5203/4810/1553
f 5218/4825/1557 5203/4810/1553 5204/4811/1553
f 5219/4826/1557 5204/4811/1553 5205/4812/1553
f 5220/4827/1557 5205/4812/1553 5206/4813/1553
f 5222/4828/1558 5207/4814/1554 5208/4815/1554
f 5223/4829/1558 5208/4815/1554 5209/4816/1554
f 5224/4830/1558 5209/4816/1554 5210/4817/1554
f 5225/4831/1558 5210/4817/1554 5211/4818/1554
f 5226/4832/1558 5211/4818/1554 5212/4820/1554
f 5227/4833/1559 5212/4820/1554 5213/4834/1560
f 5228/4835/1561 5213/4834/1560 5214/4821/1556
f 5215/4822/1557 5228/4835/1561 5214/4821/1556
f 5216/4823/1557 5229/4836/1562 5215/4822/1557
f 5217/4824/1557 5230/4837/1562 5216/4823/1557
f 5218/4825/1557 5231/4838/1562 5217/4824/1557
f 5219/4826/1557 5232/4839/1562 5218/4825/1557
f 5220/4827/1557 5233/4840/1562 5219/4826/1557
f 5236/4841/1563 5221/4842/1558 5222/4828/1558
f 5237/4843/1563 5222/4828/1558 5223/4829/1558
f 5238/4844/1564 5223/4829/1558 5224/4830/1558
f 5239/4845/1563 5224/4830/1558 5225/4831/1558
f 5240/4846/1564 5225/4831/1558 5226/4832/1558
f 5241/4847/1565 5226/4832/1558 5227/4833/1559
f 5242/4848/1566 5227/4833/1559 5228/4835/1561
f 5229/4836/1562 5242/4848/1566 5228/4835/1561
f 5230/4837/1562 5243/4849/1567 5229/4836/1562
f 5231/4838/1562 5244/4850/1568 5230/4837/1562
f 5232/4839/1562 5245/4851/1567 5231/4838/1562
f 5233/4840/1562 5246/4852/1568 5232/4839/1562
f 5234/4853/1562 5247/4854/1567 5233/4840/1562
f 5236/4841/1563 5249/4855/1569 5235/4856/1564
f 5237/4843/1563 5250/4857/1569 5236/4841/1563
f 5238/4844/1564 5251/4858/1569 5237/4843/1563
f 5239/4845/1563 5252/4859/1569 5238/4844/1564
f 5240/4846/1564 5253/4860/1569 5239/4845/1563
f 5241/4847/1565 5254/4861/1569 5240/4846/1564
f 5256/4862/1570 5241/4847/1565 5242/4848/1566
f 5257/4863/1571 5242/4848/1566 5243/4849/1567
f 5258/4864/1571 5243/4849/1567 5244/4850/1568
f 5259/4865/1571 5244/4850/1568 5245/4851/1567
f 5260/4866/1571 5245/4851/1567 5246/4852/1568
f 5261/4867/1571 5246/4852/1568 5247/4854/1567
f 5262/4868/1571 5247/4854/1567 5248/4869/1567
f 5250/4857/1569 5263/4870/1572 5249/4855/1569
f 5251/4858/1569 5264/4871/1573 5250/4857/1569
f 5252/4859/1569 5265/4872/1572 5251/4858/1569
f 5253/4860/1569 5266/4873/1573 5252/4859/1569
f 5254/4861/1569 5267/4874/1572 5253/4860/1569
f 5255/4875/1574 5268/4876/1572 5254/4861/1569
f 5270/4877/1575 5255/4875/1574 5256/4862/1570
f 5271/4878/1576 5256/4862/1570 5257/4863/1571
f 5272/4879/1576 5257/4863/1571 5258/4864/1571
f 5273/4880/1576 5258/4864/1571 5259/4865/1571
f 5274/4881/1576 5259/4865/1571 5260/4866/1571
f 5275/4882/1577 5260/4866/1571 5261/4867/1571
f 5276/4883/1576 5261/4867/1571 5262/4868/1571
f 5264/4871/1573 5277/4884/1578 5263/4870/1572
f 5265/4872/1572 5278/4885/1579 5264/4871/1573
f 5266/4873/1573 5279/4886/1579 5265/4872/1572
f 5267/4874/1572 5280/4887/1578 5266/4873/1573
f 5268/4876/1572 5281/4888/1578 5267/4874/1572
f 5269/4889/1580 5282/4890/1578 5268/4876/1572
f 5284/4891/1581 5269/4889/1580 5270/4877/1575
f 5285/4892/1582 5270/4877/1575 5271/4878/1576
f 5286/4893/1582 5271/4878/1576 5272/4879/1576
f 5287/4894/1582 5272/4879/1576 5273/4880/1576
f 5288/4895/1583 5273/4880/1576 5274/4881/1576
f 5289/4896/1583 5274/4881/1576 5275/4882/1577
f 5290/4897/1582 5275/4882/1577 5276/4883/1576
f 5278/4885/1579 5291/4898/1584 5277/4884/1578
f 5279/4886/1579 5292/4899/1584 5278/4885/1579
f 5280/4887/1578 5293/4900/1584 5279/4886/1579
f 5281/4888/1578 5294/4901/1584 5280/4887/1578
f 5282/4890/1578 5295/4902/1584 5281/4888/1578
f 5283/4903/1585 5296/4904/1584 5282/4890/1578
f 5298/4905/1586 5283/4903/1585 5284/4891/1581
f 5299/4906/1587 5284/4891/1581 5285/4892/1582
f 5300/4907/1587 5285/4892/1582 5286/4893/1582
f 5301/4908/1587 5286/4893/1582 5287/4894/1582
f 5302/4909/1587 5287/4894/1582 5288/4895/1583
f 5303/4910/1587 5288/4895/1583 5289/4896/1583
f 5304/4911/1587 5289/4896/1583 5290/4897/1582
f 5292/4899/1584 5305/4912/1588 5291/4898/1584
f 5293/4900/1584 5306/4913/1588 5292/4899/1584
f 5294/4901/1584 5307/4914/1588 5293/4900/1584
f 5295/4902/1584 5308/4915/1588 5294/4901/1584
f 5296/4904/1584 5309/4916/1588 5295/4902/1584
f 5297/4917/1589 5310/4918/1588 5296/4904/1584
f 5312/4919/1590 5297/4917/1589 5298/4905/1586
f 5313/4920/1591 5298/4905/1586 5299/4906/1587
f 5314/4921/1591 5299/4906/1587 5300/4907/1587
f 5315/4922/1591 5300/4907/1587 5301/4908/1587
f 5316/4923/1591 5301/4908/1587 5302/4909/1587
f 5317/4924/1591 5302/4909/1587 5303/4910/1587
f 5318/4925/1591 5303/4910/1587 5304/4911/1587
f 5306/4913/1588 5319/4926/1592 5305/4912/1588
f 5307/4914/1588 5320/4927/1592 5306/4913/1588
f 5308/4915/1588 5321/4928/1592 5307/4914/1588
f 5309/4916/1588 5322/4929/1592 5308/4915/1588
f 5310/4918/1588 5323/4930/1592 5309/4916/1588
f 5311/4931/1593 5324/4932/1592 5310/4918/1588
f 5326/4933/1594 5311/4931/1593 5312/4919/1590
f 5327/4934/1595 5312/4919/1590 5313/4920/1591
f 5328/4935/1595 5313/4920/1591 5314/4921/1591
f 5329/4936/1595 5314/4921/1591 5315/4922/1591
f 5330/4937/1595 5315/4922/1591 5316/4923/1591
f 5331/4938/1595 5316/4923/1591 5317/4924/1591
f 5332/4939/1595 5317/4924/1591 5318/4925/1591
f 5320/4927/1592 5333/4940/1596 5319/4926/1592
f 5321/4928/1592 5334/4941/1596 5320/4927/1592
f 5322/4929/1592 5335/4942/1596 5321/4928/1592
f 5323/4930/1592 5336/4943/1596 5322/4929/1592
f 5324/4932/1592 5337/4944/1596 5323/4930/1592
f 5325/4945/1597 5338/4946/1596 5324/4932/1592
f 5340/4947/1598 5325/4945/1597 5326/4933/1594
f 5341/4948/1599 5326/4933/1594 5327/4934/1595
f 5342/4949/1599 5327/4934/1595 5328/4935/1595
f 5343/4950/1599 5328/4935/1595 5329/4936/1595
f 5344/4951/1599 5329/4936/1595 5330/4937/1595
f 5345/4952/1599 5330/4937/1595 5331/4938/1595
f 5346/4953/1599 5331/4938/1595 5332/4939/1595
f 5334/4941/1596 5347/4954/1600 5333/4940/1596
f 5335/4942/1596 5348/4955/1600 5334/4941/1596
f 5336/4943/1596 5349/4956/1600 5335/4942/1596
f 5337/4944/1596 5350/4957/1600 5336/4943/1596
f 5338/4946/1596 5351/4958/1600 5337/4944/1596
f 5339/4959/1601 5352/4960/1600 5338/4946/1596
f 5354/4961/1602 5339/4959/1601 5340/4947/1598
f 5355/4962/1603 5340/4947/1598 5341/4948/1599
f 5356/4963/1603 5341/4948/1599 5342/4949/1599
f 5357/4964/1603 5342/4949/1599 5343/4950/1599
f 5358/4965/1603 5343/4950/1599 5344/4951/1599
f 5359/4966/1603 5344/4951/1599 5345/4952/1599
f 5360/4967/1603 5345/4952/1599 5346/4953/1599
f 5348/4955/1600 5361/4968/1604 5347/4954/1600
f 5349/4956/1600 5362/4969/1605 5348/4955/1600
f 5350/4957/1600 5363/4970/1605 5349/4956/1600
f 5351/4958/1600 5364/4971/1605 5350/4957/1600
f 5352/4960/1600 5365/4972/1605 5351/4958/1600
f 5353/4973/1606 5366/4974/1605 5352/4960/1600
f 5368/4975/1607 5353/4973/1606 5354/4961/1602
f 5369/4976/1608 5354/4961/1602 5355/4962/1603
f 5370/4977/1609 5355/4962/1603 5356/4963/1603
f 5371/4978/1608 5356/4963/1603 5357/4964/1603
f 5372/4979/1608 5357/4964/1603 5358/4965/1603
f 5373/4980/1608 5358/4965/1603 5359/4966/1603
f 5374/4981/1609 5359/4966/1603 5360/4967/1603
f 5362/4969/1605 5375/4982/1610 5361/4968/1604
f 5363/4970/1605 5376/4983/1610 5362/4969/1605
f 5364/4971/1605 5377/4984/1610 5363/4970/1605
f 5365/4972/1605 5378/4985/1610 5364/4971/1605
f 5366/4974/1605 5379/4986/1610 5365/4972/1605
f 5367/4987/1611 5380/4988/1610 5366/4974/1605
f 5382/4989/1612 5367/4987/1611 5368/4975/1607
f 5383/4990/1613 5368/4975/1607 5369/4976/1608
f 5384/4991/1613 5369/4976/1608 5370/4977/1609
f 5385/4992/1613 5370/4977/1609 5371/4978/1608
f 5386/4993/1613 5371/4978/1608 5372/4979/1608
f 5387/4994/1613 5372/4979/1608 5373/4980/1608
f 5388/4995/1613 5373/4980/1608 5374/4981/1609
f 5376/4983/1610 5389/4996/1614 5375/4982/1610
f 5377/4984/1610 5390/4997/1615 5376/4983/1610
f 5378/4985/1610 5391/4998/1615 5377/4984/1610
f 5379/4986/1610 5392/4999/1614 5378/4985/1610
f 5380/4988/1610 5393/5000/1615 5379/4986/1610
f 5381/5001/1616 5394/5002/1615 5380/4988/1610
f 5396/5003/1617 5381/5001/1616 5382/4989/1612
f 5397/5004/1618 5382/4989/1612 5383/4990/1613
f 5398/5005/1618 5383/4990/1613 5384/4991/1613
f 5399/5006/1619 5384/4991/1613 5385/4992/1613
f 5400/5007/1618 5385/4992/1613 5386/4993/1613
f 5401/5008/1618 5386/4993/1613 5387/4994/1613
f 5402/5009/1619 5387/4994/1613 5388/4995/1613
f 5390/4997/1615 5403/5010/1620 5389/4996/1614
f 5391/4998/1615 5404/5011/1620 5390/4997/1615
f 5392/4999/1614 5405/5012/1620 5391/4998/1615
f 5393/5000/1615 5406/5013/1620 5392/4999/1614
f 5394/5002/1615 5407/5014/1620 5393/5000/1615
f 5395/5015/1621 5408/5016/1620 5394/5002/1615
f 5410/5017/1622 5395/5015/1621 5396/5003/1617
f 5411/5018/1623 5396/5003/1617 5397/5004/1618
f 5412/5019/1623 5397/5004/1618 5398/5005/1618
f 5413/5020/1623 5398/5005/1618 5399/5006/1619
f 5414/5021/1623 5399/5006/1619 5400/5007/1618
f 5415/5022/1624 5400/5007/1618 5401/5008/1618
f 5416/5023/1623 5401/5008/1618 5402/5009/1619
f 5404/5011/1620 5417/5024/1625 5403/5010/1620
f 5405/5012/1620 5418/5025/1625 5404/5011/1620
f 5406/5013/1620 5419/5026/1625 5405/5012/1620
f 5407/5014/1620 5420/5027/1625 5406/5013/1620
f 5408/5016/1620 5421/5028/1625 5407/5014/1620
f 5409/5029/1626 5422/5030/1625 5408/5016/1620
f 5424/5031/1627 5409/5029/1626 5410/5017/1622
f 5425/5032/1628 5410/5017/1622 5411/5018/1623
f 5426/5033/1628 5411/5018/1623 5412/5019/1623
f 5427/5034/1628 5412/5019/1623 5413/5020/1623
f 5428/5035/1628 5413/5020/1623 5414/5021/1623
f 5429/5036/1628 5414/5021/1623 5415/5022/1624
f 5430/5037/1628 5415/5022/1624 5416/5023/1623
f 5418/5025/1625 5431/5038/1629 5417/5024/1625
f 5419/5026/1625 5432/5039/1630 5418/5025/1625
f 5420/5027/1625 5433/5040/1629 5419/5026/1625
f 5421/5028/1625 5434/5041/1630 5420/5027/1625
f 5422/5030/1625 5435/5042/1630 5421/5028/1625
f 5423/5043/1631 5436/5044/1629 5422/5030/1625
f 5438/5045/1632 5423/5043/1631 5424/5031/1627
f 5439/5046/1633 5424/5031/1627 5425/5032/1628
f 5440/5047/1634 5425/5032/1628 5426/5033/1628
f 5441/5048/1634 5426/5033/1628 5427/5034/1628
f 5442/5049/1633 5427/5034/1628 5428/5035/1628
f 5443/5050/1634 5428/5035/1628 5429/5036/1628
f 5444/5051/1633 5429/5036/1628 5430/5037/1628
f 5432/5039/1630 5445/5052/1635 5431/5038/1629
f 5433/5040/1629 5446/5053/1635 5432/5039/1630
f 5434/5041/1630 5447/5054/1635 5433/5040/1629
f 5435/5042/1630 5448/5055/1635 5434/5041/1630
f 5436/5044/1629 5449/5056/1636 5435/5042/1630
f 5437/5057/1637 5450/5058/1635 5436/5044/1629
f 5452/5059/1638 5437/5057/1637 5438/5045/1632
f 5453/5060/1639 5438/5045/1632 5439/5046/1633
f 5454/5061/1640 5439/5046/1633 5440/5047/1634
f 5455/5062/1639 5440/5047/1634 5441/5048/1634
f 5456/5063/1640 5441/5048/1634 5442/5049/1633
f 5457/5064/1639 5442/5049/1633 5443/5050/1634
f 5458/5065/1639 5443/5050/1634 5444/5051/1633
f 5446/5053/1635 5459/5066/1641 5445/5052/1635
f 5447/5054/1635 5460/5067/1642 5446/5053/1635
f 5448/5055/1635 5461/5068/1642 5447/5054/1635
f 5449/5056/1636 5462/5069/1642 5448/5055/1635
f 5450/5058/1635 5463/5070/1642 5449/5056/1636
f 5451/5071/1643 5464/5072/1642 5450/5058/1635
f 5466/5073/1644 5451/5071/1643 5452/5059/1638
f 5467/5074/1645 5452/5059/1638 5453/5060/1639
f 5468/5075/1645 5453/5060/1639 5454/5061/1640
f 5469/5076/1645 5454/5061/1640 5455/5062/1639
f 5470/5077/1645 5455/5062/1639 5456/5063/1640
f 5471/5078/1645 5456/5063/1640 5457/5064/1639
f 5472/5079/1646 5457/5064/1639 5458/5065/1639
f 5460/5067/1642 5473/5080/1647 5459/5066/1641
f 5461/5068/1642 5474/5081/1648 5460/5067/1642
f 5462/5069/1642 5475/5082/1648 5461/5068/1642
f 5463/5070/1642 5476/5083/1648 5462/5069/1642
f 5464/5072/1642 5477/5084/1648 5463/5070/1642
f 5465/5085/1649 5478/5086/1648 5464/5072/1642
f 5480/5087/1650 5465/5085/1649 5466/5073/1644
f 5481/5088/1651 5466/5073/1644 5467/5074/1645
f 5482/5089/1651 5467/5074/1645 5468/5075/1645
f 5483/5090/1651 5468/5075/1645 5469/5076/1645
f 5484/5091/1651 5469/5076/1645 5470/5077/1645
f 5485/5092/1651 5470/5077/1645 5471/5078/1645
f 5486/5093/1652 5471/5078/1645 5472/5079/1646
f 5474/5081/1648 5487/5094/1653 5473/5080/1647
f 5475/5082/1648 5488/5095/1654 5474/5081/1648
f 5476/5083/1648 5489/5096/1654 5475/5082/1648
f 5477/5084/1648 5490/5097/1654 5476/5083/1648
f 5478/5086/1648 5491/5098/1654 5477/5084/1648
f 5479/5099/1655 5492/5100/1654 5478/5086/1648
f 5494/5101/1656 5479/5099/1655 5480/5087/1650
f 5495/5102/1657 5480/5087/1650 5481/5088/1651
f 5496/5103/1657 5481/5088/1651 5482/5089/1651
f 5497/5104/1657 5482/5089/1651 5483/5090/1651
f 5498/5105/1657 5483/5090/1651 5484/5091/1651
f 5499/5106/1657 5484/5091/1651 5485/5092/1651
f 5500/5107/1658 5485/5092/1651 5486/5093/1652
f 5488/5095/1654 5501/5108/1659 5487/5094/1653
f 5489/5096/1654 5502/5109/1659 5488/5095/1654
f 5490/5097/1654 5503/5110/1660 5489/5096/1654
f 5491/5098/1654 5504/5111/1659 5490/5097/1654
f 5492/5100/1654 5505/5112/1659 5491/5098/1654
f 5493/5113/1661 5506/5114/1660 5492/5100/1654
f 5508/5115/1662 5493/5113/1661 5494/5101/1656
f 5509/5116/1663 5494/5101/1656 5495/5102/1657
f 5510/5117/1664 5495/5102/1657 5496/5103/1657
f 5511/5118/1664 5496/5103/1657 5497/5104/1657
f 5512/5119/1663 5497/5104/1657 5498/5105/1657
f 5513/5120/1663 5498/5105/1657 5499/5106/1657
f 5514/5121/1664 5499/5106/1657 5500/5107/1658
f 5502/5109/1659 5515/5122/1665 5501/5108/1659
f 5503/5110/1660 5516/5123/1665 5502/5109/1659
f 5504/5111/1659 5517/5124/1665 5503/5110/1660
f 5505/5112/1659 5518/5125/1665 5504/5111/1659
f 5506/5114/1660 5519/5126/1665 5505/5112/1659
f 5507/5127/1666 5520/5128/1665 5506/5114/1660
f 5522/5129/1667 5507/5127/1666 5508/5115/1662
f 5523/5130/1668 5508/5115/1662 5509/5116/1663
f 5524/5131/1668 5509/5116/1663 5510/5117/1664
f 5525/5132/1668 5510/5117/1664 5511/5118/1664
f 5526/5133/1668 5511/5118/1664 5512/5119/1663
f 5527/5134/1668 5512/5119/1663 5513/5120/1663
f 5528/5135/1668 5513/5120/1663 5514/5121/1664
f 5516/5123/1665 5529/5136/1669 5515/5122/1665
f 5517/5124/1665 5530/5137/1669 5516/5123/1665
f 5518/5125/1665 5531/5138/1669 5517/5124/1665
f 5519/5126/1665 5532/5139/1669 5518/5125/1665
f 5520/5128/1665 5533/5140/1669 5519/5126/1665
f 5521/5141/1670 5534/5142/1669 5520/5128/1665
f 5536/5143/1671 5521/5141/1670 5522/5129/1667
f 5537/5144/1672 5522/5129/1667 5523/5130/1668
f 5538/5145/1672 5523/5130/1668 5524/5131/1668
f 5539/5146/1672 5524/5131/1668 5525/5132/1668
f 5540/5147/1672 5525/5132/1668 5526/5133/1668
f 5541/5148/1673 5526/5133/1668 5527/5134/1668
f 5542/5149/1672 5527/5134/1668 5528/5135/1668
f 5530/5137/1669 5543/5150/1674 5529/5136/1669
f 5531/5138/1669 5544/5151/1674 5530/5137/1669
f 5532/5139/1669 5545/5152/1674 5531/5138/1669
f 5533/5140/1669 5546/5153/1674 5532/5139/1669
f 5534/5142/1669 5547/5154/1674 5533/5140/1669
f 5535/5155/1675 5548/5156/1674 5534/5142/1669
f 5550/5157/1676 5535/5155/1675 5536/5143/1671
f 5551/5158/1677 5536/5143/1671 5537/5144/1672
f 5552/5159/1677 5537/5144/1672 5538/5145/1672
f 5553/5160/1677 5538/5145/1672 5539/5146/1672
f 5554/5161/1677 5539/5146/1672 5540/5147/1672
f 5555/5162/1677 5540/5147/1672 5541/5148/1673
f 5556/5163/1678 5541/5148/1673 5542/5149/1672
f 5558/5164/1679 5543/5150/1674 5544/5151/1674
f 5559/5165/1679 5544/5151/1674 5545/5152/1674
f 5560/5166/1679 5545/5152/1674 5546/5153/1674
f 5561/5167/1679 5546/5153/1674 5547/5154/1674
f 5562/5168/1679 5547/5154/1674 5548/5156/1674
f 5563/5169/1680 5548/5156/1674 5549/5170/1681
f 5564/5171/1682 5549/5170/1681 5550/5157/1676
f 5551/5158/1677 5564/5171/1682 5550/5157/1676
f 5552/5159/1677 5565/5172/1683 5551/5158/1677
f 5553/5160/1677 5566/5173/1683 5552/5159/1677
f 5554/5161/1677 5567/5174/1683 5553/5160/1677
f 5555/5162/1677 5568/5175/1683 5554/5161/1677
f 5556/5163/1678 5569/5176/1683 5555/5162/1677
f 5572/5177/1684 5557/5178/1679 5558/5164/1679
f 5573/5179/1684 5558/5164/1679 5559/5165/1679
f 5574/5180/1685 5559/5165/1679 5560/5166/1679
f 5575/5181/1684 5560/5166/1679 5561/5167/1679
f 5576/5182/1684 5561/5167/1679 5562/5168/1679
f 5577/5183/1686 5562/5168/1679 5563/5169/1680
f 5578/5184/1687 5563/5169/1680 5564/5171/1682
f 5565/5172/1683 5578/5184/1687 5564/5171/1682
f 5566/5173/1683 5579/5185/1688 5565/5172/1683
f 5567/5174/1683 5580/5186/1688 5566/5173/1683
f 5568/5175/1683 5581/5187/1689 5567/5174/1683
f 5569/5176/1683 5582/5188/1688 5568/5175/1683
f 5570/5189/1683 5583/5190/1688 5569/5176/1683
f 5572/5177/1684 5585/5191/1690 5571/5192/1685
f 5573/5179/1684 5586/5193/1691 5572/5177/1684
f 5574/5180/1685 5587/5194/1690 5573/5179/1684
f 5575/5181/1684 5588/5195/1691 5574/5180/1685
f 5576/5182/1684 5589/5196/1691 5575/5181/1684
f 5577/5183/1686 5590/5197/1691 5576/5182/1684
f 5592/5198/1692 5577/5183/1686 5578/5184/1687
f 5593/5199/1693 5578/5184/1687 5579/5185/1688
f 5594/5200/1694 5579/5185/1688 5580/5186/1688
f 5595/5201/1693 5580/5186/1688 5581/5187/1689
f 5596/5202/1694 5581/5187/1689 5582/5188/1688
f 5597/5203/1693 5582/5188/1688 5583/5190/1688
f 5598/5204/1694 5583/5190/1688 5584/5205/1688
f 5586/5193/1691 5599/5206/1695 5585/5191/1690
f 5587/5194/1690 5600/5207/1695 5586/5193/1691
f 5588/5195/1691 5601/5208/1695 5587/5194/1690
f 5589/5196/1691 5602/5209/1695 5588/5195/1691
f 5590/5197/1691 5603/5210/1695 5589/5196/1691
f 5591/5211/1696 5604/5212/1695 5590/5197/1691
f 5606/5213/1697 5591/5211/1696 5592/5198/1692
f 5607/5214/1698 5592/5198/1692 5593/5199/1693
f 5608/5215/1698 5593/5199/1693 5594/5200/1694
f 5609/5216/1698 5594/5200/1694 5595/5201/1693
f 5610/5217/1698 5595/5201/1693 5596/5202/1694
f 5611/5218/1698 5596/5202/1694 5597/5203/1693
f 5612/5219/1699 5597/5203/1693 5598/5204/1694
f 5600/5207/1695 5613/5220/1700 5599/5206/1695
f 5601/5208/1695 5614/5221/1700 5600/5207/1695
f 5602/5209/1695 5615/5222/1700 5601/5208/1695
f 5603/5210/1695 5616/5223/1700 5602/5209/1695
f 5604/5212/1695 5617/5224/1700 5603/5210/1695
f 5605/5225/1701 5618/5226/1700 5604/5212/1695
f 5620/5227/1702 5605/5225/1701 5606/5213/1697
f 5621/5228/1703 5606/5213/1697 5607/5214/1698
f 5622/5229/1703 5607/5214/1698 5608/5215/1698
f 5623/5230/1703 5608/5215/1698 5609/5216/1698
f 5624/5231/1703 5609/5216/1698 5610/5217/1698
f 5625/5232/1703 5610/5217/1698 5611/5218/1698
f 5626/5233/1703 5611/5218/1698 5612/5219/1699
f 5614/5221/1700 5627/5234/1704 5613/5220/1700
f 5615/5222/1700 5628/5235/1705 5614/5221/1700
f 5616/5223/1700 5629/5236/1705 5615/5222/1700
f 5631/5237/1705 5616/5223/1700 5617/5224/1700
f 5632/5238/1705 5617/5224/1700 5618/5226/1700
f 5619/5239/1706 5632/5238/1705 5618/5226/1700
f 5634/5240/1707 5619/5239/1706 5620/5227/1702
f 5635/5241/1708 5620/5227/1702 5621/5228/1703
f 5622/5229/1703 5635/5241/1708 5621/5228/1703
f 5637/5242/1708 5622/5229/1703 5623/5230/1703
f 5638/5243/1708 5623/5230/1703 5624/5231/1703
f 5639/5244/1708 5624/5231/1703 5625/5232/1703
f 5640/5245/1709 5625/5232/1703 5626/5233/1703
f 5642/5246/1710 5627/5234/1704 5628/5235/1705
f 5643/5247/1711 5628/5235/1705 5629/5236/1705
f 5644/5248/1710 5629/5236/1705 5630/5249/1705
f 5645/5250/1710 5630/5249/1705 5631/5237/1705
f 5646/5251/1710 5631/5237/1705 5632/5238/1705
f 5647/5252/1712 5632/5238/1705 5633/5253/1713
f 5648/5254/1714 5633/5253/1713 5634/5240/1707
f 5635/5241/1708 5648/5254/1714 5634/5240/1707
f 5636/5255/1708 5649/5256/1715 5635/5241/1708
f 5637/5242/1708 5650/5257/1715 5636/5255/1708
f 5638/5243/1708 5651/5258/1715 5637/5242/1708
f 5639/5244/1708 5652/5259/1716 5638/5243/1708
f 5640/5245/1709 5653/5260/1715 5639/5244/1708
f 5656/5261/1717 5641/5262/1718 5642/5246/1710
f 5657/5263/1717 5642/5246/1710 5643/5247/1711
f 5658/5264/1717 5643/5247/1711 5644/5248/1710
f 5659/5265/1717 5644/5248/1710 5645/5250/1710
f 5660/5266/1717 5645/5250/1710 5646/5251/1710
f 5661/5267/1719 5646/5251/1710 5647/5252/1712
f 5662/5268/1720 5647/5252/1712 5648/5254/1714
f 5649/5256/1715 5662/5268/1720 5648/5254/1714
f 5650/5257/1715 5663/5269/1721 5649/5256/1715
f 5651/5258/1715 5664/5270/1721 5650/5257/1715
f 5652/5259/1716 5665/5271/1721 5651/5258/1715
f 5653/5260/1715 5666/5272/1721 5652/5259/1716
f 5654/5273/1722 5667/5274/1721 5653/5260/1715
f 5670/5275/1723 5655/5276/1717 5656/5261/1717
f 5671/5277/1723 5656/5261/1717 5657/5263/1717
f 5672/5278/1724 5657/5263/1717 5658/5264/1717
f 5673/5279/1724 5658/5264/1717 5659/5265/1717
f 5674/5280/1724 5659/5265/1717 5660/5266/1717
f 5675/5281/1725 5660/5266/1717 5661/5267/1719
f 5676/5282/1726 5661/5267/1719 5662/5268/1720
f 5663/5269/1721 5676/5282/1726 5662/5268/1720
f 5664/5270/1721 5677/5283/1727 5663/5269/1721
f 5665/5271/1721 5678/5284/1728 5664/5270/1721
f 5666/5272/1721 5679/5285/1728 5665/5271/1721
f 5667/5274/1721 5680/5286/1727 5666/5272/1721
f 5668/5287/1721 5681/5288/1727 5667/5274/1721
f 5684/5289/1729 5669/5290/1724 5670/5275/1723
f 5685/5291/1729 5670/5275/1723 5671/5277/1723
f 5686/5292/1729 5671/5277/1723 5672/5278/1724
f 5687/5293/1729 5672/5278/1724 5673/5279/1724
f 5688/5294/1729 5673/5279/1724 5674/5280/1724
f 5689/5295/1730 5674/5280/1724 5675/5281/1725
f 5690/5296/1731 5675/5281/1725 5676/5282/1726
f 5677/5283/1727 5690/5296/1731 5676/5282/1726
f 5678/5284/1728 5691/5297/1732 5677/5283/1727
f 5679/5285/1728 5692/5298/1732 5678/5284/1728
f 5680/5286/1727 5693/5299/1732 5679/5285/1728
f 5681/5288/1727 5694/5300/1732 5680/5286/1727
f 5682/5301/1728 5695/5302/1732 5681/5288/1727
f 5698/5303/1733 5683/5304/1729 5684/5289/1729
f 5699/5305/1733 5684/5289/1729 5685/5291/1729
f 5700/5306/1733 5685/5291/1729 5686/5292/1729
f 5701/5307/1733 5686/5292/1729 5687/5293/1729
f 5702/5308/1733 5687/5293/1729 5688/5294/1729
f 5703/5309/1734 5688/5294/1729 5689/5295/1730
f 5704/5310/1735 5689/5295/1730 5690/5296/1731
f 5691/5297/1732 5704/5310/1735 5690/5296/1731
f 5692/5298/1732 5705/5311/1736 5691/5297/1732
f 5693/5299/1732 5706/5312/1736 5692/5298/1732
f 5694/5300/1732 5707/5313/1736 5693/5299/1732
f 5695/5302/1732 5708/5314/1736 5694/5300/1732
f 5696/5315/1732 5709/5316/1736 5695/5302/1732
f 5712/5317/1737 5697/5318/1733 5698/5303/1733
f 5713/5319/1737 5698/5303/1733 5699/5305/1733
f 5714/5320/1737 5699/5305/1733 5700/5306/1733
f 5715/5321/1737 5700/5306/1733 5701/5307/1733
f 5716/5322/1737 5701/5307/1733 5702/5308/1733
f 5717/5323/1738 5702/5308/1733 5703/5309/1734
f 5718/5324/1739 5703/5309/1734 5704/5310/1735
f 5705/5311/1736 5718/5324/1739 5704/5310/1735
f 5706/5312/1736 5719/5325/1740 5705/5311/1736
f 5707/5313/1736 5720/5326/1740 5706/5312/1736
f 5708/5314/1736 5721/5327/1740 5707/5313/1736
f 5709/5316/1736 5722/5328/1740 5708/5314/1736
f 5710/5329/1736 5723/5330/1740 5709/5316/1736
f 5726/5331/1741 5711/5332/1737 5712/5317/1737
f 5727/5333/1742 5712/5317/1737 5713/5319/1737
f 5728/5334/1742 5713/5319/1737 5714/5320/1737
f 5729/5335/1741 5714/5320/1737 5715/5321/1737
f 5730/5336/1741 5715/5321/1737 5716/5322/1737
f 5731/5337/1743 5716/5322/1737 5717/5323/1738
f 5732/5338/1744 5717/5323/1738 5718/5324/1739
f 5719/5325/1740 5732/5338/1744 5718/5324/1739
f 5720/5326/1740 5733/5339/1745 5719/5325/1740
f 5721/5327/1740 5734/5340/1745 5720/5326/1740
f 5722/5328/1740 5735/5341/1746 5721/5327/1740
f 5723/5330/1740 5736/5342/1746 5722/5328/1740
f 5724/5343/1740 5737/5344/1745 5723/5330/1740
f 5740/5345/1747 5725/5346/1742 5726/5331/1741
f 5741/5347/1747 5726/5331/1741 5727/5333/1742
f 5742/5348/1747 5727/5333/1742 5728/5334/1742
f 5743/5349/1747 5728/5334/1742 5729/5335/1741
f 5744/5350/1747 5729/5335/1741 5730/5336/1741
f 5745/5351/1748 5730/5336/1741 5731/5337/1743
f 5746/5352/1749 5731/5337/1743 5732/5338/1744
f 5733/5339/1745 5746/5352/1749 5732/5338/1744
f 5734/5340/1745 5747/5353/1750 5733/5339/1745
f 5735/5341/1746 5748/5354/1750 5734/5340/1745
f 5736/5342/1746 5749/5355/1750 5735/5341/1746
f 5737/5344/1745 5750/5356/1750 5736/5342/1746
f 5738/5357/1746 5751/5358/1751 5737/5344/1745
f 5740/5345/1747 5753/5359/1752 5739/5360/1747
f 5741/5347/1747 5754/5361/1752 5740/5345/1747
f 5742/5348/1747 5755/5362/1752 5741/5347/1747
f 5743/5349/1747 5756/5363/1752 5742/5348/1747
f 5744/5350/1747 5757/5364/1753 5743/5349/1747
f 5745/5351/1748 5758/5365/1752 5744/5350/1747
f 5760/5366/1754 5745/5351/1748 5746/5352/1749
f 5761/5367/1755 5746/5352/1749 5747/5353/1750
f 5762/5368/1756 5747/5353/1750 5748/5354/1750
f 5763/5369/1755 5748/5354/1750 5749/5355/1750
f 5764/5370/1755 5749/5355/1750 5750/5356/1750
f 5765/5371/1755 5750/5356/1750 5751/5358/1751
f 5766/5372/1755 5751/5358/1751 5752/5373/1750
f 5754/5361/1752 5767/5374/1757 5753/5359/1752
f 5755/5362/1752 5768/5375/1757 5754/5361/1752
f 5756/5363/1752 5769/5376/1757 5755/5362/1752
f 5757/5364/1753 5770/5377/1757 5756/5363/1752
f 5758/5365/1752 5771/5378/1757 5757/5364/1753
f 5759/5379/1758 5772/5380/1757 5758/5365/1752
f 5774/5381/1759 5759/5379/1758 5760/5366/1754
f 5775/5382/1760 5760/5366/1754 5761/5367/1755
f 5776/5383/1760 5761/5367/1755 5762/5368/1756
f 5777/5384/1760 5762/5368/1756 5763/5369/1755
f 5778/5385/1760 5763/5369/1755 5764/5370/1755
f 5779/5386/1760 5764/5370/1755 5765/5371/1755
f 5780/5387/1760 5765/5371/1755 5766/5372/1755
f 5768/5375/1757 5781/5388/1761 5767/5374/1757
f 5769/5376/1757 5782/5389/1761 5768/5375/1757
f 5770/5377/1757 5783/5390/1761 5769/5376/1757
f 5771/5378/1757 5784/5391/1761 5770/5377/1757
f 5772/5380/1757 5785/5392/1761 5771/5378/1757
f 5773/5393/1762 5786/5394/1761 5772/5380/1757
f 5788/5395/1763 5773/5393/1762 5774/5381/1759
f 5789/5396/1764 5774/5381/1759 5775/5382/1760
f 5790/5397/1764 5775/5382/1760 5776/5383/1760
f 5791/5398/1764 5776/5383/1760 5777/5384/1760
f 5792/5399/1764 5777/5384/1760 5778/5385/1760
f 5793/5400/1764 5778/5385/1760 5779/5386/1760
f 5794/5401/1764 5779/5386/1760 5780/5387/1760
f 5782/5389/1761 5795/5402/1765 5781/5388/1761
f 5783/5390/1761 5796/5403/1765 5782/5389/1761
f 5784/5391/1761 5797/5404/1765 5783/5390/1761
f 5785/5392/1761 5798/5405/1765 5784/5391/1761
f 5786/5394/1761 5799/5406/1765 5785/5392/1761
f 5787/5407/1766 5800/5408/1765 5786/5394/1761
f 5802/5409/1767 5787/5407/1766 5788/5395/1763
f 5803/5410/1768 5788/5395/1763 5789/5396/1764
f 5804/5411/1768 5789/5396/1764 5790/5397/1764
f 5805/5412/1768 5790/5397/1764 5791/5398/1764
f 5806/5413/1768 5791/5398/1764 5792/5399/1764
f 5807/5414/1768 5792/5399/1764 5793/5400/1764
f 5808/5415/1768 5793/5400/1764 5794/5401/1764
f 5810/5416/1769 5795/5402/1765 5796/5403/1765
f 5811/5417/1770 5796/5403/1765 5797/5404/1765
f 5812/5418/1769 5797/5404/1765 5798/5405/1765
f 5813/5419/1769 5798/5405/1765 5799/5406/1765
f 5814/5420/1769 5799/5406/1765 5800/5408/1765
f 5801/5421/1771 5814/5420/1769 5800/5408/1765
f 5816/5422/1772 5801/5421/1771 5802/5409/1767
f 5817/5423/1773 5802/5409/1767 5803/5410/1768
f 5804/5411/1768 5817/5423/1773 5803/5410/1768
f 5805/5412/1768 5818/5424/1773 5804/5411/1768
f 5806/5413/1768 5819/5425/1773 5805/5412/1768
f 5807/5414/1768 5820/5426/1774 5806/5413/1768
f 5822/5427/1773 5807/5414/1768 5808/5415/1768
f 5824/5428/1775 5809/5429/1770 5810/5416/1769
f 5825/5430/1775 5810/5416/1769 5811/5417/1770
f 5826/5431/1775 5811/5417/1770 5812/5418/1769
f 5827/5432/1775 5812/5418/1769 5813/5419/1769
f 5828/5433/1775 5813/5419/1769 5814/5420/1769
f 5829/5434/1776 5814/5420/1769 5815/5435/1777
f 5830/5436/1778 5815/5435/1777 5816/5422/1772
f 5817/5423/1773 5830/5436/1778 5816/5422/1772
f 5818/5424/1773 5831/5437/1779 5817/5423/1773
f 5819/5425/1773 5832/5438/1779 5818/5424/1773
f 5820/5426/1774 5833/5439/1779 5819/5425/1773
f 5821/5440/1773 5834/5441/1779 5820/5426/1774
f 5822/5427/1773 5835/5442/1779 5821/5440/1773
f 5838/5443/1780 5823/5444/1775 5824/5428/1775
f 5839/5445/1780 5824/5428/1775 5825/5430/1775
f 5840/5446/1780 5825/5430/1775 5826/5431/1775
f 5841/5447/1780 5826/5431/1775 5827/5432/1775
f 5842/5448/1780 5827/5432/1775 5828/5433/1775
f 5843/5449/1781 5828/5433/1775 5829/5434/1776
f 5844/5450/1782 5829/5434/1776 5830/5436/1778
f 5831/5437/1779 5844/5450/1782 5830/5436/1778
f 5832/5438/1779 5845/5451/1783 5831/5437/1779
f 5833/5439/1779 5846/5452/1783 5832/5438/1779
f 5834/5441/1779 5847/5453/1783 5833/5439/1779
f 5835/5442/1779 5848/5454/1783 5834/5441/1779
f 5836/5455/1779 5849/5456/1783 5835/5442/1779
f 5852/5457/1784 5837/5458/1780 5838/5443/1780
f 5853/5459/1784 5838/5443/1780 5839/5445/1780
f 5854/5460/1784 5839/5445/1780 5840/5446/1780
f 5855/5461/1784 5840/5446/1780 5841/5447/1780
f 5856/5462/1784 5841/5447/1780 5842/5448/1780
f 5857/5463/1785 5842/5448/1780 5843/5449/1781
f 5858/5464/1786 5843/5449/1781 5844/5450/1782
f 5845/5451/1783 5858/5464/1786 5844/5450/1782
f 5846/5452/1783 5859/5465/1787 5845/5451/1783
f 5847/5453/1783 5860/5466/1787 5846/5452/1783
f 5848/5454/1783 5861/5467/1787 5847/5453/1783
f 5849/5456/1783 5862/5468/1787 5848/5454/1783
f 5850/5469/1783 5863/5470/1787 5849/5456/1783
f 5866/5471/1788 5851/5472/1784 5852/5457/1784
f 5867/5473/1788 5852/5457/1784 5853/5459/1784
f 5868/5474/1788 5853/5459/1784 5854/5460/1784
f 5869/5475/1788 5854/5460/1784 5855/5461/1784
f 5870/5476/1788 5855/5461/1784 5856/5462/1784
f 5871/5477/1789 5856/5462/1784 5857/5463/1785
f 5872/5478/1790 5857/5463/1785 5858/5464/1786
f 5859/5465/1787 5872/5478/1790 5858/5464/1786
f 5860/5466/1787 5873/5479/1791 5859/5465/1787
f 5861/5467/1787 5874/5480/1791 5860/5466/1787
f 5862/5468/1787 5875/5481/1791 5861/5467/1787
f 5863/5470/1787 5876/5482/1791 5862/5468/1787
f 5864/5483/1787 5877/5484/1791 5863/5470/1787
f 5880/5485/1792 5865/5486/1788 5866/5471/1788
f 5881/5487/1792 5866/5471/1788 5867/5473/1788
f 5882/5488/1792 5867/5473/1788 5868/5474/1788
f 5883/5489/1792 5868/5474/1788 5869/5475/1788
f 5884/5490/1792 5869/5475/1788 5870/5476/1788
f 5885/5491/1793 5870/5476/1788 5871/5477/1789
f 5886/5492/1794 5871/5477/1789 5872/5478/1790
f 5873/5479/1791 5886/5492/1794 5872/5478/1790
f 5874/5480/1791 5887/5493/1795 5873/5479/1791
f 5875/5481/1791 5888/5494/1795 5874/5480/1791
f 5876/5482/1791 5889/5495/1795 5875/5481/1791
f 5877/5484/1791 5890/5496/1795 5876/5482/1791
f 5878/5497/1791 5891/5498/1795 5877/5484/1791
f 5894/5499/1796 5879/5500/1792 5880/5485/1792
f 5895/5501/1796 5880/5485/1792 5881/5487/1792
f 5896/5502/1796 5881/5487/1792 5882/5488/1792
f 5897/5503/1796 5882/5488/1792 5883/5489/1792
f 5898/5504/1796 5883/5489/1792 5884/5490/1792
f 5899/5505/1797 5884/5490/1792 5885/5491/1793
f 5900/5506/1798 5885/5491/1793 5886/5492/1794
f 5887/5493/1795 5900/5506/1798 5886/5492/1794
f 5888/5494/1795 5901/5507/1799 5887/5493/1795
f 5889/5495/1795 5902/5508/1799 5888/5494/1795
f 5890/5496/1795 5903/5509/1799 5889/5495/1795
f 5891/5498/1795 5904/5510/1799 5890/5496/1795
f 5892/5511/1795 5905/5512/1799 5891/5498/1795
f 5908/5513/1800 5893/5514/1796 5894/5499/1796
f 5909/5515/1800 5894/5499/1796 5895/5501/1796
f 5910/5516/1800 5895/5501/1796 5896/5502/1796
f 5911/5517/1800 5896/5502/1796 5897/5503/1796
f 5912/5518/1800 5897/5503/1796 5898/5504/1796
f 5913/5519/1801 5898/5504/1796 5899/5505/1797
f 5914/5520/1802 5899/5505/1797 5900/5506/1798
f 5901/5507/1799 5914/5520/1802 5900/5506/1798
f 5902/5508/1799 5915/5521/1803 5901/5507/1799
f 5903/5509/1799 5916/5522/1803 5902/5508/1799
f 5904/5510/1799 5917/5523/1803 5903/5509/1799
f 5905/5512/1799 5918/5524/1803 5904/5510/1799
f 5906/5525/1799 5919/5526/1803 5905/5512/1799
f 5908/5513/1800 5921/5527/1804 5907/5528/1800
f 5909/5515/1800 5922/5529/1804 5908/5513/1800
f 5910/5516/1800 5923/5530/1804 5909/5515/1800
f 5911/5517/1800 5924/5531/1804 5910/5516/1800
f 5912/5518/1800 5925/5532/1804 5911/5517/1800
f 5913/5519/1801 5926/5533/1804 5912/5518/1800
f 5928/5534/1805 5913/5519/1801 5914/5520/1802
f 5929/5535/1806 5914/5520/1802 5915/5521/1803
f 5930/5536/1806 5915/5521/1803 5916/5522/1803
f 5931/5537/1806 5916/5522/1803 5917/5523/1803
f 5932/5538/1806 5917/5523/1803 5918/5524/1803
f 5933/5539/1806 5918/5524/1803 5919/5526/1803
f 5934/5540/1806 5919/5526/1803 5920/5541/1803
f 5922/5529/1804 5935/5542/1807 5921/5527/1804
f 5923/5530/1804 5936/5543/1807 5922/5529/1804
f 5924/5531/1804 5937/5544/1807 5923/5530/1804
f 5925/5532/1804 5938/5545/1807 5924/5531/1804
f 5926/5533/1804 5939/5546/1807 5925/5532/1804
f 5927/5547/1808 5940/5548/1807 5926/5533/1804
f 5942/5549/1809 5927/5547/1808 5928/5534/1805
f 5943/5550/1810 5928/5534/1805 5929/5535/1806
f 5944/5551/1810 5929/5535/1806 5930/5536/1806
f 5945/5552/1810 5930/5536/1806 5931/5537/1806
f 5946/5553/1810 5931/5537/1806 5932/5538/1806
f 5947/5554/1810 5932/5538/1806 5933/5539/1806
f 5948/5555/1810 5933/5539/1806 5934/5540/1806
f 5936/5543/1807 5949/5556/1811 5935/5542/1807
f 5937/5544/1807 5950/5557/1811 5936/5543/1807
f 5938/5545/1807 5951/5558/1811 5937/5544/1807
f 5939/5546/1807 5952/5559/1811 5938/5545/1807
f 5940/5548/1807 5953/5560/1811 5939/5546/1807
f 5941/5561/1812 5954/5562/1811 5940/5548/1807
f 5956/5563/1813 5941/5561/1812 5942/5549/1809
f 5957/5564/1814 5942/5549/1809 5943/5550/1810
f 5958/5565/1814 5943/5550/1810 5944/5551/1810
f 5959/5566/1814 5944/5551/1810 5945/5552/1810
f 5960/5567/1814 5945/5552/1810 5946/5553/1810
f 5961/5568/1814 5946/5553/1810 5947/5554/1810
f 5962/5569/1814 5947/5554/1810 5948/5555/1810
f 5964/5570/1815 5949/5556/1811 5950/5557/1811
f 5965/5571/1815 5950/5557/1811 5951/5558/1811
f 5966/5572/1815 5951/5558/1811 5952/5559/1811
f 5967/5573/1815 5952/5559/1811 5953/5560/1811
f 5968/5574/1815 5953/5560/1811 5954/5562/1811
f 5969/5575/1816 5954/5562/1811 5955/5576/1817
f 5970/5577/1818 5955/5576/1817 5956/5563/1813
f 5957/5564/1814 5970/5577/1818 5956/5563/1813
f 5958/5565/1814 5971/5578/1819 5957/5564/1814
f 5959/5566/1814 5972/5579/1819 5958/5565/1814
f 5960/5567/1814 5973/5580/1819 5959/5566/1814
f 5961/5568/1814 5974/5581/1819 5960/5567/1814
f 5976/5582/1819 5961/5568/1814 5962/5569/1814
f 5978/5583/1820 5963/5584/1815 5964/5570/1815
f 5979/5585/1820 5964/5570/1815 5965/5571/1815
f 5980/5586/1820 5965/5571/1815 5966/5572/1815
f 5981/5587/1820 5966/5572/1815 5967/5573/1815
f 5982/5588/1820 5967/5573/1815 5968/5574/1815
f 5983/5589/1821 5968/5574/1815 5969/5575/1816
f 5984/5590/1822 5969/5575/1816 5970/5577/1818
f 5971/5578/1819 5984/5590/1822 5970/5577/1818
f 5972/5579/1819 5985/5591/1823 5971/5578/1819
f 5973/5580/1819 5986/5592/1823 5972/5579/1819
f 5974/5581/1819 5987/5593/1823 5973/5580/1819
f 5975/5594/1819 5988/5595/1823 5974/5581/1819
f 5976/5582/1819 5989/5596/1823 5975/5594/1819
f 5992/5597/1824 5977/5598/1820 5978/5583/1820
f 5993/5599/1824 5978/5583/1820 5979/5585/1820
f 5994/5600/1824 5979/5585/1820 5980/5586/1820
f 5995/5601/1824 5980/5586/1820 5981/5587/1820
f 5996/5602/1824 5981/5587/1820 5982/5588/1820
f 5997/5603/1825 5982/5588/1820 5983/5589/1821
f 5998/5604/1826 5983/5589/1821 5984/5590/1822
f 5985/5591/1823 5998/5604/1826 5984/5590/1822
f 5986/5592/1823 5999/5605/1827 5985/5591/1823
f 5987/5593/1823 6000/5606/1827 5986/5592/1823
f 5988/5595/1823 6001/5607/1827 5987/5593/1823
f 5989/5596/1823 6002/5608/1827 5988/5595/1823
f 5990/5609/1823 6003/5610/1827 5989/5596/1823
f 6006/5611/1828 5991/5612/1824 5992/5597/1824
f 6007/5613/1828 5992/5597/1824 5993/5599/1824
f 6008/5614/1828 5993/5599/1824 5994/5600/1824
f 6009/5615/1828 5994/5600/1824 5995/5601/1824
f 6010/5616/1828 5995/5601/1824 5996/5602/1824
f 6011/5617/1829 5996/5602/1824 5997/5603/1825
f 6012/5618/1830 5997/5603/1825 5998/5604/1826
f 5999/5605/1827 6012/5618/1830 5998/5604/1826
f 6000/5606/1827 6013/5619/1831 5999/5605/1827
f 6001/5607/1827 6014/5620/1831 6000/5606/1827
f 6002/5608/1827 6015/5621/1831 6001/5607/1827
f 6003/5610/1827 6016/5622/1831 6002/5608/1827
f 6004/5623/1827 6017/5624/1831 6003/5610/1827
f 6020/5625/1832 6005/5626/1828 6006/5611/1828
f 6021/5627/1832 6006/5611/1828 6007/5613/1828
f 6022/5628/1832 6007/5613/1828 6008/5614/1828
f 6023/5629/1832 6008/5614/1828 6009/5615/1828
f 6024/5630/1832 6009/5615/1828 6010/5616/1828
f 6025/5631/1833 6010/5616/1828 6011/5617/1829
f 6026/5632/1834 6011/5617/1829 6012/5618/1830
f 6013/5619/1831 6026/5632/1834 6012/5618/1830
f 6014/5620/1831 6027/5633/1835 6013/5619/1831
f 6015/5621/1831 6028/5634/1835 6014/5620/1831
f 6016/5622/1831 6029/5635/1835 6015/5621/1831
f 6017/5624/1831 6030/5636/1835 6016/5622/1831
f 6018/5637/1836 6031/5638/1835 6017/5624/1831
f 6034/5639/1837 6019/5640/1838 6020/5625/1832
f 6035/5641/1837 6020/5625/1832 6021/5627/1832
f 6036/5642/1837 6021/5627/1832 6022/5628/1832
f 6037/5643/1837 6022/5628/1832 6023/5629/1832
f 6038/5644/1837 6023/5629/1832 6024/5630/1832
f 6039/5645/1839 6024/5630/1832 6025/5631/1833
f 6040/5646/1840 6025/5631/1833 6026/5632/1834
f 6027/5633/1835 6040/5646/1840 6026/5632/1834
f 6028/5634/1835 6041/5647/1841 6027/5633/1835
f 6029/5635/1835 6042/5648/1841 6028/5634/1835
f 6030/5636/1835 6043/5649/1841 6029/5635/1835
f 6031/5638/1835 6044/5650/1841 6030/5636/1835
f 6032/5651/1842 6045/5652/1841 6031/5638/1835
f 6048/5653/1843 6033/5654/1837 6034/5639/1837
f 6049/5655/1843 6034/5639/1837 6035/5641/1837
f 6050/5656/1843 6035/5641/1837 6036/5642/1837
f 6051/5657/1843 6036/5642/1837 6037/5643/1837
f 6052/5658/1843 6037/5643/1837 6038/5644/1837
f 6053/5659/1844 6038/5644/1837 6039/5645/1839
f 6054/5660/1845 6039/5645/1839 6040/5646/1840
f 6041/5647/1841 6054/5660/1845 6040/5646/1840
f 6042/5648/1841 6055/5661/1846 6041/5647/1841
f 6043/5649/1841 6056/5662/1846 6042/5648/1841
f 6044/5650/1841 6057/5663/1846 6043/5649/1841
f 6045/5652/1841 6058/5664/1846 6044/5650/1841
f 6046/5665/1841 6059/5666/1846 6045/5652/1841
f 6062/5667/1847 6047/5668/1843 6048/5653/1843
f 6063/5669/1847 6048/5653/1843 6049/5655/1843
f 6064/5670/1847 6049/5655/1843 6050/5656/1843
f 6065/5671/1847 6050/5656/1843 6051/5657/1843
f 6066/5672/1847 6051/5657/1843 6052/5658/1843
f 6067/5673/1848 6052/5658/1843 6053/5659/1844
f 6068/5674/1849 6053/5659/1844 6054/5660/1845
f 6055/5661/1846 6068/5674/1849 6054/5660/1845
f 6056/5662/1846 6069/5675/1850 6055/5661/1846
f 6057/5663/1846 6070/5676/1850 6056/5662/1846
f 6058/5664/1846 6071/5677/1850 6057/5663/1846
f 6059/5666/1846 6072/5678/1850 6058/5664/1846
f 6060/5679/1846 6073/5680/1850 6059/5666/1846
f 6076/5681/1851 6061/5682/1847 6062/5667/1847
f 6077/5683/1851 6062/5667/1847 6063/5669/1847
f 6078/5684/1851 6063/5669/1847 6064/5670/1847
f 6079/5685/1851 6064/5670/1847 6065/5671/1847
f 6080/5686/1851 6065/5671/1847 6066/5672/1847
f 6081/5687/1852 6066/5672/1847 6067/5673/1848
f 6082/5688/1853 6067/5673/1848 6068/5674/1849
f 6069/5675/1850 6082/5688/1853 6068/5674/1849
f 6070/5676/1850 6083/5689/1854 6069/5675/1850
f 6071/5677/1850 6084/5690/1854 6070/5676/1850
f 6072/5678/1850 6085/5691/1854 6071/5677/1850
f 6073/5680/1850 6086/5692/1854 6072/5678/1850
f 6074/5693/1850 6087/5694/1854 6073/5680/1850
f 6076/5681/1851 6089/5695/1855 6075/5696/1851
f 6077/5683/1851 6090/5697/1855 6076/5681/1851
f 6078/5684/1851 6091/5698/1855 6077/5683/1851
f 6079/5685/1851 6092/5699/1855 6078/5684/1851
f 6080/5686/1851 6093/5700/1855 6079/5685/1851
f 6081/5687/1852 6094/5701/1855 6080/5686/1851
f 6096/5702/1856 6081/5687/1852 6082/5688/1853
f 6097/5703/1857 6082/5688/1853 6083/5689/1854
f 6098/5704/1857 6083/5689/1854 6084/5690/1854
f 6099/5705/1857 6084/5690/1854 6085/5691/1854
f 6100/5706/1857 6085/5691/1854 6086/5692/1854
f 6101/5707/1857 6086/5692/1854 6087/5694/1854
f 6102/5708/1857 6087/5694/1854 6088/5709/1854
f 6090/5697/1855 6103/5710/1858 6089/5695/1855
f 6091/5698/1855 6104/5711/1858 6090/5697/1855
f 6092/5699/1855 6105/5712/1858 6091/5698/1855
f 6093/5700/1855 6106/5713/1858 6092/5699/1855
f 6094/5701/1855 6107/5714/1858 6093/5700/1855
f 6095/5715/1859 6108/5716/1858 6094/5701/1855
f 6110/5717/1860 6095/5715/1859 6096/5702/1856
f 6111/5718/1861 6096/5702/1856 6097/5703/1857
f 6112/5719/1861 6097/5703/1857 6098/5704/1857
f 6113/5720/1861 6098/5704/1857 6099/5705/1857
f 6114/5721/1861 6099/5705/1857 6100/5706/1857
f 6115/5722/1861 6100/5706/1857 6101/5707/1857
f 6116/5723/1861 6101/5707/1857 6102/5708/1857
f 6118/5724/1862 6103/5710/1858 6104/5711/1858
f 6119/5725/1862 6104/5711/1858 6105/5712/1858
f 6120/5726/1862 6105/5712/1858 6106/5713/1858
f 6121/5727/1862 6106/5713/1858 6107/5714/1858
f 6122/5728/1862 6107/5714/1858 6108/5716/1858
f 6123/5729/1863 6108/5716/1858 6109/5730/1864
f 6124/5731/1865 6109/5730/1864 6110/5717/1860
f 6111/5718/1861 6124/5731/1865 6110/5717/1860
f 6112/5719/1861 6125/5732/1866 6111/5718/1861
f 6113/5720/1861 6126/5733/1866 6112/5719/1861
f 6114/5721/1861 6127/5734/1866 6113/5720/1861
f 6115/5722/1861 6128/5735/1866 6114/5721/1861
f 6116/5723/1861 6129/5736/1866 6115/5722/1861
f 6132/5737/1867 6117/5738/1862 6118/5724/1862
f 6133/5739/1867 6118/5724/1862 6119/5725/1862
f 6134/5740/1867 6119/5725/1862 6120/5726/1862
f 6135/5741/1867 6120/5726/1862 6121/5727/1862
f 6136/5742/1867 6121/5727/1862 6122/5728/1862
f 6137/5743/1868 6122/5728/1862 6123/5729/1863
f 6138/5744/1869 6123/5729/1863 6124/5731/1865
f 6125/5732/1866 6138/5744/1869 6124/5731/1865
f 6126/5733/1866 6139/5745/1870 6125/5732/1866
f 6127/5734/1866 6140/5746/1870 6126/5733/1866
f 6128/5735/1866 6141/5747/1870 6127/5734/1866
f 6129/5736/1866 6142/5748/1870 6128/5735/1866
f 6130/5749/1866 6143/5750/1870 6129/5736/1866
f 6146/5751/1871 6131/5752/1867 6132/5737/1867
f 6147/5753/1871 6132/5737/1867 6133/5739/1867
f 6148/5754/1871 6133/5739/1867 6134/5740/1867
f 6149/5755/1871 6134/5740/1867 6135/5741/1867
f 6150/5756/1871 6135/5741/1867 6136/5742/1867
f 6151/5757/1872 6136/5742/1867 6137/5743/1868
f 6152/5758/1873 6137/5743/1868 6138/5744/1869
f 6139/5745/1870 6152/5758/1873 6138/5744/1869
f 6140/5746/1870 6153/5759/1874 6139/5745/1870
f 6141/5747/1870 6154/5760/1874 6140/5746/1870
f 6142/5748/1870 6155/5761/1874 6141/5747/1870
f 6143/5750/1870 6156/5762/1874 6142/5748/1870
f 6144/5763/1870 6157/5764/1874 6143/5750/1870
f 6160/5765/1875 6145/5766/1871 6146/5751/1871
f 6161/5767/1875 6146/5751/1871 6147/5753/1871
f 6162/5768/1876 6147/5753/1871 6148/5754/1871
f 6163/5769/1875 6148/5754/1871 6149/5755/1871
f 6164/5770/1876 6149/5755/1871 6150/5756/1871
f 6165/5771/1877 6150/5756/1871 6151/5757/1872
f 6166/5772/1878 6151/5757/1872 6152/5758/1873
f 6153/5759/1874 6166/5772/1878 6152/5758/1873
f 6154/5760/1874 6167/5773/1879 6153/5759/1874
f 6155/5761/1874 6168/5774/1880 6154/5760/1874
f 6156/5762/1874 6169/5775/1879 6155/5761/1874
f 6157/5764/1874 6170/5776/1880 6156/5762/1874
f 6158/5777/1881 6171/5778/1880 6157/5764/1874
f 6174/5779/1882 6159/5780/1875 6160/5765/1875
f 6175/5781/1883 6160/5765/1875 6161/5767/1875
f 6176/5782/1882 6161/5767/1875 6162/5768/1876
f 6177/5783/1882 6162/5768/1876 6163/5769/1875
f 6178/5784/1882 6163/5769/1875 6164/5770/1876
f 6179/5785/1884 6164/5770/1876 6165/5771/1877
f 6180/5786/1885 6165/5771/1877 6166/5772/1878
f 6167/5773/1879 6180/5786/1885 6166/5772/1878
f 6168/5774/1880 6181/5787/1886 6167/5773/1879
f 6169/5775/1879 6182/5788/1886 6168/5774/1880
f 6170/5776/1880 6183/5789/1886 6169/5775/1879
f 6171/5778/1880 6184/5790/1887 6170/5776/1880
f 6172/5791/1880 6185/5792/1886 6171/5778/1880
f 6188/5793/1888 6173/5794/1883 6174/5779/1882
f 6189/5795/1889 6174/5779/1882 6175/5781/1883
f 6190/5796/1889 6175/5781/1883 6176/5782/1882
f 6191/5797/1888 6176/5782/1882 6177/5783/1882
f 6192/5798/1889 6177/5783/1882 6178/5784/1882
f 6193/5799/1890 6178/5784/1882 6179/5785/1884
f 6194/5800/1891 6179/5785/1884 6180/5786/1885
f 6181/5787/1886 6194/5800/1891 6180/5786/1885
f 6182/5788/1886 6195/5801/1892 6181/5787/1886
f 6183/5789/1886 6196/5802/1893 6182/5788/1886
f 6184/5790/1887 6197/5803/1892 6183/5789/1886
f 6185/5792/1886 6198/5804/1892 6184/5790/1887
f 6186/5805/1894 6199/5806/1893 6185/5792/1886
f 6202/5807/1895 6187/5808/1896 6188/5793/1888
f 6203/5809/1895 6188/5793/1888 6189/5795/1889
f 6204/5810/1895 6189/5795/1889 6190/5796/1889
f 6205/5811/1895 6190/5796/1889 6191/5797/1888
f 6206/5812/1895 6191/5797/1888 6192/5798/1889
f 6207/5813/1897 6192/5798/1889 6193/5799/1890
f 6208/5814/1898 6193/5799/1890 6194/5800/1891
f 6195/5801/1892 6208/5814/1898 6194/5800/1891
f 6196/5802/1893 6209/5815/1899 6195/5801/1892
f 6197/5803/1892 6210/5816/1899 6196/5802/1893
f 6198/5804/1892 6211/5817/1899 6197/5803/1892
f 6199/5806/1893 6212/5818/1899 6198/5804/1892
f 6200/5819/1900 6213/5820/1899 6199/5806/1893
f 6216/5821/1901 6201/5822/1895 6202/5807/1895
f 6217/5823/1901 6202/5807/1895 6203/5809/1895
f 6218/5824/1901 6203/5809/1895 6204/5810/1895
f 6219/5825/1902 6204/5810/1895 6205/5811/1895
f 6220/5826/1901 6205/5811/1895 6206/5812/1895
f 6221/5827/1903 6206/5812/1895 6207/5813/1897
f 6222/5828/1904 6207/5813/1897 6208/5814/1898
f 6209/5815/1899 6222/5828/1904 6208/5814/1898
f 6210/5816/1899 6223/5829/1905 6209/5815/1899
f 6211/5817/1899 6224/5830/1906 6210/5816/1899
f 6212/5818/1899 6225/5831/1905 6211/5817/1899
f 6213/5820/1899 6226/5832/1905 6212/5818/1899
f 6214/5833/1899 6227/5834/1905 6213/5820/1899
f 6230/5835/1907 6215/5836/1901 6216/5821/1901
f 6231/5837/1907 6216/5821/1901 6217/5823/1901
f 6232/5838/1907 6217/5823/1901 6218/5824/1901
f 6233/5839/1907 6218/5824/1901 6219/5825/1902
f 6234/5840/1907 6219/5825/1902 6220/5826/1901
f 6235/5841/1908 6220/5826/1901 6221/5827/1903
f 6236/5842/1909 6221/5827/1903 6222/5828/1904
f 6223/5829/1905 6236/5842/1909 6222/5828/1904
f 6224/5830/1906 6237/5843/1910 6223/5829/1905
f 6225/5831/1905 6238/5844/1910 6224/5830/1906
f 6226/5832/1905 6239/5845/1910 6225/5831/1905
f 6227/5834/1905 6240/5846/1910 6226/5832/1905
f 6228/5847/1905 6241/5848/1911 6227/5834/1905
f 6244/5849/1912 6229/5850/1907 6230/5835/1907
f 6245/5851/1912 6230/5835/1907 6231/5837/1907
f 6246/5852/1912 6231/5837/1907 6232/5838/1907
f 6247/5853/1912 6232/5838/1907 6233/5839/1907
f 6248/5854/1912 6233/5839/1907 6234/5840/1907
f 6249/5855/1913 6234/5840/1907 6235/5841/1908
f 6250/5856/1914 6235/5841/1908 6236/5842/1909
f 6237/5843/1910 6250/5856/1914 6236/5842/1909
f 6238/5844/1910 6251/5857/1915 6237/5843/1910
f 6239/5845/1910 6252/5858/1915 6238/5844/1910
f 6240/5846/1910 6253/5859/1915 6239/5845/1910
f 6241/5848/1911 6254/5860/1915 6240/5846/1910
f 6242/5861/1910 6255/5862/1915 6241/5848/1911
f 784/5863/26 6243/5864/1912 6244/5849/1912
f 785/5865/26 6244/5849/1912 6245/5851/1912
f 786/5866/26 6245/5851/1912 6246/5852/1912
f 787/5867/26 6246/5852/1912 6247/5853/1912
f 788/5868/26 6247/5853/1912 6248/5854/1912
f 789/5869/28 6248/5854/1912 6249/5855/1913
f 790/5870/30 6249/5855/1913 6250/5856/1914
f 6251/5857/1915 790/5870/30 6250/5856/1914
f 6252/5858/1915 791/5871/31 6251/5857/1915
f 6253/5859/1915 792/5872/31 6252/5858/1915
f 6254/5860/1915 793/5873/31 6253/5859/1915
f 6255/5862/1915 794/5874/31 6254/5860/1915
f 6256/5875/1915 795/5876/31 6255/5862/1915
f 798/392/25 797/416/34 783/351/26
f 785/394/26 799/418/25 798/392/25
f 800/395/25 799/418/25 785/394/26
f 801/397/25 800/395/25 786/396/26
f 802/399/25 801/397/25 787/398/26
f 803/401/27 802/399/25 788/400/26
f 804/403/29 803/401/27 789/402/28
f 791/405/31 805/407/32 804/403/29
f 792/406/31 806/409/32 805/407/32
f 793/408/31 807/411/32 806/409/32
f 794/410/31 808/426/32 807/411/32
f 809/412/32 808/426/32 794/410/31
f 796/414/31 810/429/38 809/412/32
f 812/415/33 811/432/33 797/416/34
f 813/417/33 812/415/33 798/392/25
f 814/419/33 813/417/33 799/418/25
f 815/420/33 814/419/33 800/395/25
f 816/421/33 815/420/33 801/397/25
f 817/422/35 816/421/33 802/399/25
f 818/423/36 817/422/35 803/401/27
f 805/407/32 819/424/37 818/423/36
f 806/409/32 820/425/37 819/424/37
f 807/411/32 821/427/37 820/425/37
f 808/426/32 822/428/37 821/427/37
f 809/412/32 823/430/37 822/428/37
f 810/429/38 824/443/37 823/430/37
f 826/431/39 825/446/39 811/432/33
f 827/433/40 826/431/39 812/415/33
f 828/434/39 827/433/40 813/417/33
f 829/435/39 828/434/39 814/419/33
f 830/436/39 829/435/39 815/420/33
f 831/437/41 830/436/39 816/421/33
f 832/438/42 831/437/41 817/422/35
f 819/424/37 833/439/43 832/438/42
f 820/425/37 834/440/43 833/439/43
f 821/427/37 835/441/43 834/440/43
f 822/428/37 836/442/44 835/441/43
f 823/430/37 837/444/43 836/442/44
f 824/443/37 838/457/43 837/444/43
f 840/445/45 839/460/45 825/446/39
f 841/447/45 840/445/45 826/431/39
f 842/448/45 841/447/45 827/433/40
f 843/449/45 842/448/45 828/434/39
f 844/450/45 843/449/45 829/435/39
f 845/451/46 844/450/45 830/436/39
f 846/452/47 845/451/46 831/437/41
f 833/439/43 847/453/48 846/452/47
f 834/440/43 848/454/48 847/453/48
f 835/441/43 849/455/48 848/454/48
f 836/442/44 850/456/48 849/455/48
f 837/444/43 851/458/48 850/456/48
f 838/457/43 852/471/48 851/458/48
f 854/459/49 853/474/49 839/460/45
f 855/461/49 854/459/49 840/445/45
f 856/462/49 855/461/49 841/447/45
f 857/463/49 856/462/49 842/448/45
f 858/464/49 857/463/49 843/449/45
f 859/465/50 858/464/49 844/450/45
f 860/466/51 859/465/50 845/451/46
f 847/453/48 861/467/52 860/466/51
f 848/454/48 862/468/52 861/467/52
f 849/455/48 863/469/52 862/468/52
f 850/456/48 864/470/52 863/469/52
f 851/458/48 865/472/52 864/470/52
f 852/471/48 866/485/52 865/472/52
f 868/473/53 867/488/53 853/474/49
f 869/475/53 868/473/53 854/459/49
f 870/476/53 869/475/53 855/461/49
f 871/477/53 870/476/53 856/462/49
f 872/478/53 871/477/53 857/463/49
f 873/479/54 872/478/53 858/464/49
f 874/480/55 873/479/54 859/465/50
f 861/467/52 875/481/56 874/480/55
f 862/468/52 876/482/56 875/481/56
f 863/469/52 877/483/56 876/482/56
f 864/470/52 878/484/56 877/483/56
f 865/472/52 879/486/56 878/484/56
f 866/485/52 880/499/56 879/486/56
f 882/487/57 881/502/57 867/488/53
f 883/489/57 882/487/57 868/473/53
f 884/490/57 883/489/57 869/475/53
f 885/491/57 884/490/57 870/476/53
f 886/492/57 885/491/57 871/477/53
f 887/493/58 886/492/57 872/478/53
f 888/494/59 887/493/58 873/479/54
f 875/481/56 889/495/60 888/494/59
f 876/482/56 890/496/60 889/495/60
f 877/483/56 891/497/60 890/496/60
f 878/484/56 892/498/60 891/497/60
f 879/486/56 893/500/60 892/498/60
f 880/499/56 894/513/60 893/500/60
f 896/501/61 895/516/61 881/502/57
f 897/503/61 896/501/61 882/487/57
f 898/504/61 897/503/61 883/489/57
f 899/505/61 898/504/61 884/490/57
f 900/506/61 899/505/61 885/491/57
f 901/507/62 900/506/61 886/492/57
f 902/508/63 901/507/62 887/493/58
f 889/495/60 903/509/64 902/508/63
f 890/496/60 904/510/64 903/509/64
f 891/497/60 905/511/64 904/510/64
f 892/498/60 906/512/64 905/511/64
f 893/500/60 907/514/64 906/512/64
f 894/513/60 908/527/64 907/514/64
f 910/515/65 909/530/66 895/516/61
f 911/517/66 910/515/65 896/501/61
f 912/518/65 911/517/66 897/503/61
f 913/519/65 912/518/65 898/504/61
f 914/520/65 913/519/65 899/505/61
f 915/521/67 914/520/65 900/506/61
f 916/522/68 915/521/67 901/507/62
f 903/509/64 917/523/69 916/522/68
f 904/510/64 918/524/69 917/523/69
f 905/511/64 919/525/70 918/524/69
f 906/512/64 920/526/69 919/525/70
f 907/514/64 921/528/69 920/526/69
f 908/527/64 922/541/70 921/528/69
f 924/529/71 923/544/71 909/530/66
f 925/531/71 924/529/71 910/515/65
f 926/532/71 925/531/71 911/517/66
f 927/533/71 926/532/71 912/518/65
f 928/534/71 927/533/71 913/519/65
f 929/535/72 928/534/71 914/520/65
f 930/536/73 929/535/72 915/521/67
f 917/523/69 931/537/74 930/536/73
f 918/524/69 932/538/74 931/537/74
f 919/525/70 933/539/74 932/538/74
f 920/526/69 934/540/74 933/539/74
f 921/528/69 935/542/74 934/540/74
f 922/541/70 936/555/74 935/542/74
f 938/543/75 937/558/75 923/544/71
f 939/545/75 938/543/75 924/529/71
f 940/546/75 939/545/75 925/531/71
f 941/547/75 940/546/75 926/532/71
f 942/548/75 941/547/75 927/533/71
f 943/549/76 942/548/75 928/534/71
f 944/550/77 943/549/76 929/535/72
f 931/537/74 945/551/78 944/550/77
f 932/538/74 946/552/78 945/551/78
f 933/539/74 947/553/78 946/552/78
f 934/540/74 948/554/78 947/553/78
f 935/542/74 949/556/78 948/554/78
f 936/555/74 950/569/78 949/556/78
f 952/557/79 951/572/79 937/558/75
f 953/559/79 952/557/79 938/543/75
f 954/560/79 953/559/79 939/545/75
f 955/561/79 954/560/79 940/546/75
f 956/562/79 955/561/79 941/547/75
f 957/563/80 956/562/79 942/548/75
f 958/564/81 957/563/80 943/549/76
f 945/551/78 959/565/82 958/564/81
f 946/552/78 960/566/82 959/565/82
f 947/553/78 961/567/82 960/566/82
f 948/554/78 962/568/82 961/567/82
f 949/556/78 963/570/82 962/568/82
f 950/569/78 964/585/82 963/570/82
f 952/557/79 966/573/83 965/571/83
f 953/559/79 967/574/83 966/573/83
f 954/560/79 968/575/83 967/574/83
f 955/561/79 969/576/83 968/575/83
f 956/562/79 970/577/83 969/576/83
f 957/563/80 971/591/87 970/577/83
f 972/578/84 971/591/87 957/563/80
f 973/579/85 972/578/84 958/564/81
f 974/580/85 973/579/85 959/565/82
f 975/581/85 974/580/85 960/566/82
f 976/582/85 975/581/85 961/567/82
f 977/583/85 976/582/85 962/568/82
f 978/584/85 977/583/85 963/570/82
f 966/573/83 980/587/86 979/586/86
f 967/574/83 981/588/86 980/587/86
f 968/575/83 982/589/86 981/588/86
f 969/576/83 983/590/86 982/589/86
f 970/577/83 984/592/86 983/590/86
f 971/591/87 985/605/91 984/592/86
f 986/593/88 985/605/91 971/591/87
f 987/594/89 986/593/88 972/578/84
f 988/595/89 987/594/89 973/579/85
f 989/596/89 988/595/89 974/580/85
f 990/597/89 989/596/89 975/581/85
f 991/598/89 990/597/89 976/582/85
f 992/599/89 991/598/89 977/583/85
f 980/587/86 994/601/90 993/600/90
f 981/588/86 995/602/90 994/601/90
f 982/589/86 996/603/90 995/602/90
f 983/590/86 997/604/90 996/603/90
f 984/592/86 998/606/90 997/604/90
f 985/605/91 999/619/95 998/606/90
f 1000/607/92 999/619/95 985/605/91
f 1001/608/93 1000/607/92 986/593/88
f 1002/609/93 1001/608/93 987/594/89
f 1003/610/93 1002/609/93 988/595/89
f 1004/611/93 1003/610/93 989/596/89
f 1005/612/93 1004/611/93 990/597/89
f 1006/613/93 1005/612/93 991/598/89
f 994/601/90 1008/615/94 1007/614/94
f 995/602/90 1009/616/94 1008/615/94
f 996/603/90 1010/617/94 1009/616/94
f 997/604/90 1011/618/94 1010/617/94
f 998/606/90 1012/620/94 1011/618/94
f 999/619/95 1013/633/99 1012/620/94
f 1014/621/96 1013/633/99 999/619/95
f 1015/622/97 1014/621/96 1000/607/92
f 1016/623/97 1015/622/97 1001/608/93
f 1017/624/97 1016/623/97 1002/609/93
f 1018/625/97 1017/624/97 1003/610/93
f 1019/626/97 1018/625/97 1004/611/93
f 1020/627/97 1019/626/97 1005/612/93
f 1008/615/94 1022/629/98 1021/628/98
f 1009/616/94 1023/630/98 1022/629/98
f 1010/617/94 1024/631/98 1023/630/98
f 1011/618/94 1025/632/98 1024/631/98
f 1012/620/94 1026/634/98 1025/632/98
f 1013/633/99 1027/647/104 1026/634/98
f 1028/635/100 1027/647/104 1013/633/99
f 1029/636/101 1028/635/100 1014/621/96
f 1030/637/101 1029/636/101 1015/622/97
f 1031/638/101 1030/637/101 1016/623/97
f 1032/639/101 1031/638/101 1017/624/97
f 1033/640/101 1032/639/101 1018/625/97
f 1034/641/101 1033/640/101 1019/626/97
f 1022/629/98 1036/643/102 1035/642/102
f 1023/630/98 1037/644/103 1036/643/102
f 1024/631/98 1038/645/102 1037/644/103
f 1025/632/98 1039/646/102 1038/645/102
f 1026/634/98 1040/648/102 1039/646/102
f 1027/647/104 1041/661/110 1040/648/102
f 1042/649/105 1041/661/110 1027/647/104
f 1043/650/106 1042/649/105 1028/635/100
f 1044/651/106 1043/650/106 1029/636/101
f 1045/652/106 1044/651/106 1030/637/101
f 1046/653/107 1045/652/106 1031/638/101
f 1047/654/106 1046/653/107 1032/639/101
f 1048/655/106 1047/654/106 1033/640/101
f 1036/643/102 1050/657/109 1049/656/108
f 1037/644/103 1051/658/108 1050/657/109
f 1038/645/102 1052/659/109 1051/658/108
f 1039/646/102 1053/660/109 1052/659/109
f 1040/648/102 1054/662/108 1053/660/109
f 1041/661/110 1055/675/116 1054/662/108
f 1056/663/111 1055/675/116 1041/661/110
f 1057/664/112 1056/663/111 1042/649/105
f 1058/665/113 1057/664/112 1043/650/106
f 1059/666/113 1058/665/113 1044/651/106
f 1060/667/112 1059/666/113 1045/652/106
f 1061/668/113 1060/667/112 1046/653/107
f 1062/669/112 1061/668/113 1047/654/106
f 1050/657/109 1064/671/115 1063/670/114
f 1051/658/108 1065/672/115 1064/671/115
f 1052/659/109 1066/673/115 1065/672/115
f 1053/660/109 1067/674/115 1066/673/115
f 1054/662/108 1068/676/115 1067/674/115
f 1055/675/116 1069/689/122 1068/676/115
f 1070/677/117 1069/689/122 1055/675/116
f 1071/678/118 1070/677/117 1056/663/111
f 1072/679/118 1071/678/118 1057/664/112
f 1073/680/118 1072/679/118 1058/665/113
f 1074/681/118 1073/680/118 1059/666/113
f 1075/682/118 1074/681/118 1060/667/112
f 1076/683/119 1075/682/118 1061/668/113
f 1064/671/115 1078/685/121 1077/684/120
f 1065/672/115 1079/686/120 1078/685/121
f 1066/673/115 1080/687/120 1079/686/120
f 1067/674/115 1081/688/120 1080/687/120
f 1068/676/115 1082/690/120 1081/688/120
f 1069/689/122 1083/703/128 1082/690/120
f 1084/691/123 1083/703/128 1069/689/122
f 1085/692/124 1084/691/123 1070/677/117
f 1086/693/124 1085/692/124 1071/678/118
f 1087/694/124 1086/693/124 1072/679/118
f 1088/695/124 1087/694/124 1073/680/118
f 1089/696/125 1088/695/124 1074/681/118
f 1090/697/124 1089/696/125 1075/682/118
f 1078/685/121 1092/699/127 1091/698/126
f 1079/686/120 1093/700/126 1092/699/127
f 1080/687/120 1094/701/127 1093/700/126
f 1081/688/120 1095/702/126 1094/701/127
f 1082/690/120 1096/704/126 1095/702/126
f 1083/703/128 1097/717/134 1096/704/126
f 1098/705/129 1097/717/134 1083/703/128
f 1099/706/130 1098/705/129 1084/691/123
f 1100/707/131 1099/706/130 1085/692/124
f 1101/708/131 1100/707/131 1086/693/124
f 1102/709/131 1101/708/131 1087/694/124
f 1103/710/131 1102/709/131 1088/695/124
f 1104/711/131 1103/710/131 1089/696/125
f 1092/699/127 1106/713/132 1105/712/132
f 1093/700/126 1107/714/133 1106/713/132
f 1094/701/127 1108/715/132 1107/714/133
f 1095/702/126 1109/716/132 1108/715/132
f 1096/704/126 1110/718/132 1109/716/132
f 1097/717/134 1111/732/139 1110/718/132
f 1112/719/135 1111/732/139 1097/717/134
f 1113/720/136 1112/719/135 1098/705/129
f 1114/721/136 1113/720/136 1099/706/130
f 1115/722/136 1114/721/136 1100/707/131
f 1116/723/136 1115/722/136 1101/708/131
f 1117/724/136 1116/723/136 1102/709/131
f 1118/725/136 1117/724/136 1103/710/131
f 1120/726/137 1119/740/144 1105/712/132
f 1121/727/137 1120/726/137 1106/713/132
f 1122/728/137 1121/727/137 1107/714/133
f 1123/729/137 1122/728/137 1108/715/132
f 1124/730/137 1123/729/137 1109/716/132
f 1125/731/138 1124/730/137 1110/718/132
f 1126/733/140 1125/731/138 1111/732/139
f 1113/720/136 1127/734/141 1126/733/140
f 1114/721/136 1128/735/142 1127/734/141
f 1115/722/136 1129/736/141 1128/735/142
f 1116/723/136 1130/737/141 1129/736/141
f 1117/724/136 1131/738/141 1130/737/141
f 1118/725/136 1132/751/142 1131/738/141
f 1134/739/143 1133/754/145 1119/740/144
f 1135/741/145 1134/739/143 1120/726/137
f 1136/742/143 1135/741/145 1121/727/137
f 1137/743/145 1136/742/143 1122/728/137
f 1138/744/143 1137/743/145 1123/729/137
f 1139/745/146 1138/744/143 1124/730/137
f 1140/746/147 1139/745/146 1125/731/138
f 1127/734/141 1141/747/148 1140/746/147
f 1128/735/142 1142/748/149 1141/747/148
f 1129/736/141 1143/749/148 1142/748/149
f 1130/737/141 1144/750/149 1143/749/148
f 1131/738/141 1145/752/148 1144/750/149
f 1132/751/142 1146/767/149 1145/752/148
f 1134/739/143 1148/755/150 1147/753/150
f 1135/741/145 1149/756/150 1148/755/150
f 1136/742/143 1150/757/150 1149/756/150
f 1137/743/145 1151/758/150 1150/757/150
f 1138/744/143 1152/759/150 1151/758/150
f 1139/745/146 1153/773/155 1152/759/150
f 1154/760/151 1153/773/155 1139/745/146
f 1155/761/152 1154/760/151 1140/746/147
f 1156/762/152 1155/761/152 1141/747/148
f 1157/763/152 1156/762/152 1142/748/149
f 1158/764/152 1157/763/152 1143/749/148
f 1159/765/152 1158/764/152 1144/750/149
f 1160/766/152 1159/765/152 1145/752/148
f 1148/755/150 1162/769/154 1161/768/153
f 1149/756/150 1163/770/153 1162/769/154
f 1150/757/150 1164/771/153 1163/770/153
f 1151/758/150 1165/772/153 1164/771/153
f 1152/759/150 1166/774/153 1165/772/153
f 1153/773/155 1167/787/161 1166/774/153
f 1168/775/156 1167/787/161 1153/773/155
f 1169/776/157 1168/775/156 1154/760/151
f 1170/777/157 1169/776/157 1155/761/152
f 1171/778/157 1170/777/157 1156/762/152
f 1172/779/157 1171/778/157 1157/763/152
f 1173/780/157 1172/779/157 1158/764/152
f 1174/781/157 1173/780/157 1159/765/152
f 1162/769/154 1176/783/159 1175/782/158
f 1163/770/153 1177/784/160 1176/783/159
f 1164/771/153 1178/785/158 1177/784/160
f 1165/772/153 1179/786/158 1178/785/158
f 1166/774/153 1180/788/158 1179/786/158
f 1167/787/161 1181/801/168 1180/788/158
f 1182/789/162 1181/801/168 1167/787/161
f 1183/790/163 1182/789/162 1168/775/156
f 1184/791/163 1183/790/163 1169/776/157
f 1185/792/164 1184/791/163 1170/777/157
f 1186/793/165 1185/792/164 1171/778/157
f 1187/794/164 1186/793/165 1172/779/157
f 1188/795/163 1187/794/164 1173/780/157
f 1176/783/159 1190/797/167 1189/796/166
f 1177/784/160 1191/798/166 1190/797/167
f 1178/785/158 1192/799/166 1191/798/166
f 1179/786/158 1193/800/166 1192/799/166
f 1180/788/158 1194/802/167 1193/800/166
f 1181/801/168 1195/815/175 1194/802/167
f 1196/803/169 1195/815/175 1181/801/168
f 1197/804/170 1196/803/169 1182/789/162
f 1198/805/171 1197/804/170 1183/790/163
f 1199/806/170 1198/805/171 1184/791/163
f 1200/807/171 1199/806/170 1185/792/164
f 1201/808/170 1200/807/171 1186/793/165
f 1202/809/171 1201/808/170 1187/794/164
f 1190/797/167 1204/811/173 1203/810/172
f 1191/798/166 1205/812/174 1204/811/173
f 1192/799/166 1206/813/173 1205/812/174
f 1193/800/166 1207/814/173 1206/813/173
f 1194/802/167 1208/816/173 1207/814/173
f 1195/815/175 1209/829/182 1208/816/173
f 1210/817/176 1209/829/182 1195/815/175
f 1211/818/177 1210/817/176 1196/803/169
f 1212/819/178 1211/818/177 1197/804/170
f 1213/820/177 1212/819/178 1198/805/171
f 1214/821/178 1213/820/177 1199/806/170
f 1215/822/177 1214/821/178 1200/807/171
f 1216/823/179 1215/822/177 1201/808/170
f 1204/811/173 1218/825/181 1217/824/180
f 1205/812/174 1219/826/181 1218/825/181
f 1206/813/173 1220/827/181 1219/826/181
f 1207/814/173 1221/828/181 1220/827/181
f 1208/816/173 1222/830/181 1221/828/181
f 1209/829/182 1223/843/188 1222/830/181
f 1224/831/183 1223/843/188 1209/829/182
f 1225/832/184 1224/831/183 1210/817/176
f 1226/833/184 1225/832/184 1211/818/177
f 1227/834/184 1226/833/184 1212/819/178
f 1228/835/184 1227/834/184 1213/820/177
f 1229/836/184 1228/835/184 1214/821/178
f 1230/837/185 1229/836/184 1215/822/177
f 1218/825/181 1232/839/187 1231/838/186
f 1219/826/181 1233/840/187 1232/839/187
f 1220/827/181 1234/841/187 1233/840/187
f 1221/828/181 1235/842/187 1234/841/187
f 1222/830/181 1236/844/187 1235/842/187
f 1223/843/188 1237/857/192 1236/844/187
f 1238/845/189 1237/857/192 1223/843/188
f 1239/846/190 1238/845/189 1224/831/183
f 1240/847/190 1239/846/190 1225/832/184
f 1241/848/190 1240/847/190 1226/833/184
f 1242/849/190 1241/848/190 1227/834/184
f 1243/850/190 1242/849/190 1228/835/184
f 1244/851/190 1243/850/190 1229/836/184
f 1232/839/187 1246/853/191 1245/852/191
f 1233/840/187 1247/854/191 1246/853/191
f 1234/841/187 1248/855/191 1247/854/191
f 1235/842/187 1249/856/191 1248/855/191
f 1236/844/187 1250/858/191 1249/856/191
f 1237/857/192 1251/871/196 1250/858/191
f 1252/859/193 1251/871/196 1237/857/192
f 1253/860/194 1252/859/193 1238/845/189
f 1254/861/194 1253/860/194 1239/846/190
f 1255/862/194 1254/861/194 1240/847/190
f 1256/863/194 1255/862/194 1241/848/190
f 1257/864/194 1256/863/194 1242/849/190
f 1258/865/194 1257/864/194 1243/850/190
f 1246/853/191 1260/867/195 1259/866/195
f 1247/854/191 1261/868/195 1260/867/195
f 1248/855/191 1262/869/195 1261/868/195
f 1249/856/191 1263/870/195 1262/869/195
f 1250/858/191 1264/872/195 1263/870/195
f 1251/871/196 1265/885/200 1264/872/195
f 1266/873/197 1265/885/200 1251/871/196
f 1267/874/198 1266/873/197 1252/859/193
f 1268/875/198 1267/874/198 1253/860/194
f 1269/876/198 1268/875/198 1254/861/194
f 1270/877/198 1269/876/198 1255/862/194
f 1271/878/198 1270/877/198 1256/863/194
f 1272/879/198 1271/878/198 1257/864/194
f 1260/867/195 1274/881/199 1273/880/199
f 1261/868/195 1275/882/199 1274/881/199
f 1262/869/195 1276/883/199 1275/882/199
f 1263/870/195 1277/884/199 1276/883/199
f 1264/872/195 1278/886/199 1277/884/199
f 1265/885/200 1279/900/206 1278/886/199
f 1280/887/201 1279/900/206 1265/885/200
f 1281/888/202 1280/887/201 1266/873/197
f 1282/889/202 1281/888/202 1267/874/198
f 1283/890/202 1282/889/202 1268/875/198
f 1284/891/202 1283/890/202 1269/876/198
f 1285/892/202 1284/891/202 1270/877/198
f 1286/893/203 1285/892/202 1271/878/198
f 1288/894/204 1287/908/204 1273/880/199
f 1289/895/204 1288/894/204 1274/881/199
f 1290/896/204 1289/895/204 1275/882/199
f 1291/897/204 1290/896/204 1276/883/199
f 1292/898/204 1291/897/204 1277/884/199
f 1293/899/205 1292/898/204 1278/886/199
f 1294/901/207 1293/899/205 1279/900/206
f 1281/888/202 1295/902/208 1294/901/207
f 1282/889/202 1296/903/208 1295/902/208
f 1283/890/202 1297/904/208 1296/903/208
f 1284/891/202 1298/905/208 1297/904/208
f 1285/892/202 1299/906/208 1298/905/208
f 1286/893/203 1300/919/208 1299/906/208
f 1302/907/209 1301/922/210 1287/908/204
f 1303/909/210 1302/907/209 1288/894/204
f 1304/910/209 1303/909/210 1289/895/204
f 1305/911/210 1304/910/209 1290/896/204
f 1306/912/210 1305/911/210 1291/897/204
f 1307/913/211 1306/912/210 1292/898/204
f 1308/914/212 1307/913/211 1293/899/205
f 1295/902/208 1309/915/213 1308/914/212
f 1296/903/208 1310/916/214 1309/915/213
f 1297/904/208 1311/917/214 1310/916/214
f 1298/905/208 1312/918/213 1311/917/214
f 1299/906/208 1313/920/214 1312/918/213
f 1300/919/208 1314/935/213 1313/920/214
f 1302/907/209 1316/923/215 1315/921/215
f 1303/909/210 1317/924/215 1316/923/215
f 1304/910/209 1318/925/215 1317/924/215
f 1305/911/210 1319/926/215 1318/925/215
f 1306/912/210 1320/927/215 1319/926/215
f 1307/913/211 1321/941/220 1320/927/215
f 1322/928/216 1321/941/220 1307/913/211
f 1323/929/217 1322/928/216 1308/914/212
f 1324/930/217 1323/929/217 1309/915/213
f 1325/931/217 1324/930/217 1310/916/214
f 1326/932/217 1325/931/217 1311/917/214
f 1327/933/217 1326/932/217 1312/918/213
f 1328/934/217 1327/933/217 1313/920/214
f 1316/923/215 1330/937/219 1329/936/218
f 1317/924/215 1331/938/218 1330/937/219
f 1318/925/215 1332/939/218 1331/938/218
f 1319/926/215 1333/940/218 1332/939/218
f 1320/927/215 1334/942/218 1333/940/218
f 1321/941/220 1335/955/225 1334/942/218
f 1336/943/221 1335/955/225 1321/941/220
f 1337/944/222 1336/943/221 1322/928/216
f 1338/945/222 1337/944/222 1323/929/217
f 1339/946/222 1338/945/222 1324/930/217
f 1340/947/222 1339/946/222 1325/931/217
f 1341/948/223 1340/947/222 1326/932/217
f 1342/949/222 1341/948/223 1327/933/217
f 1330/937/219 1344/951/224 1343/950/224
f 1331/938/218 1345/952/224 1344/951/224
f 1332/939/218 1346/953/224 1345/952/224
f 1333/940/218 1347/954/224 1346/953/224
f 1334/942/218 1348/956/224 1347/954/224
f 1335/955/225 1349/969/230 1348/956/224
f 1350/957/226 1349/969/230 1335/955/225
f 1351/958/227 1350/957/226 1336/943/221
f 1352/959/227 1351/958/227 1337/944/222
f 1353/960/227 1352/959/227 1338/945/222
f 1354/961/227 1353/960/227 1339/946/222
f 1355/962/227 1354/961/227 1340/947/222
f 1356/963/227 1355/962/227 1341/948/223
f 1344/951/224 1358/965/229 1357/964/228
f 1345/952/224 1359/966/229 1358/965/229
f 1346/953/224 1360/967/229 1359/966/229
f 1347/954/224 1361/968/229 1360/967/229
f 1348/956/224 1362/970/229 1361/968/229
f 1349/969/230 1363/983/235 1362/970/229
f 1364/971/231 1363/983/235 1349/969/230
f 1365/972/232 1364/971/231 1350/957/226
f 1366/973/232 1365/972/232 1351/958/227
f 1367/974/232 1366/973/232 1352/959/227
f 1368/975/232 1367/974/232 1353/960/227
f 1369/976/232 1368/975/232 1354/961/227
f 1370/977/233 1369/976/232 1355/962/227
f 1358/965/229 1372/979/234 1371/978/234
f 1359/966/229 1373/980/234 1372/979/234
f 1360/967/229 1374/981/234 1373/980/234
f 1361/968/229 1375/982/234 1374/981/234
f 1362/970/229 1376/984/234 1375/982/234
f 1363/983/235 1377/997/240 1376/984/234
f 1378/985/236 1377/997/240 1363/983/235
f 1379/986/237 1378/985/236 1364/971/231
f 1380/987/237 1379/986/237 1365/972/232
f 1381/988/237 1380/987/237 1366/973/232
f 1382/989/237 1381/988/237 1367/974/232
f 1383/990/237 1382/989/237 1368/975/232
f 1384/991/237 1383/990/237 1369/976/232
f 1372/979/234 1386/993/239 1385/992/238
f 1373/980/234 1387/994/238 1386/993/239
f 1374/981/234 1388/995/239 1387/994/238
f 1375/982/234 1389/996/238 1388/995/239
f 1376/984/234 1390/998/239 1389/996/238
f 1377/997/240 1391/1011/246 1390/998/239
f 1392/999/241 1391/1011/246 1377/997/240
f 1393/1000/242 1392/999/241 1378/985/236
f 1394/1001/242 1393/1000/242 1379/986/237
f 1395/1002/243 1394/1001/242 1380/987/237
f 1396/1003/242 1395/1002/243 1381/988/237
f 1397/1004/243 1396/1003/242 1382/989/237
f 1398/1005/242 1397/1004/243 1383/990/237
f 1386/993/239 1400/1007/245 1399/1006/244
f 1387/994/238 1401/1008/244 1400/1007/245
f 1388/995/239 1402/1009/245 1401/1008/244
f 1389/996/238 1403/1010/244 1402/1009/245
f 1390/998/239 1404/1012/244 1403/1010/244
f 1391/1011/246 1405/1025/251 1404/1012/244
f 1406/1013/247 1405/1025/251 1391/1011/246
f 1407/1014/248 1406/1013/247 1392/999/241
f 1408/1015/248 1407/1014/248 1393/1000/242
f 1409/1016/249 1408/1015/248 1394/1001/242
f 1410/1017/248 1409/1016/249 1395/1002/243
f 1411/1018/249 1410/1017/248 1396/1003/242
f 1412/1019/248 1411/1018/249 1397/1004/243
f 1400/1007/245 1414/1021/250 1413/1020/250
f 1401/1008/244 1415/1022/250 1414/1021/250
f 1402/1009/245 1416/1023/250 1415/1022/250
f 1403/1010/244 1417/1024/250 1416/1023/250
f 1404/1012/244 1418/1026/250 1417/1024/250
f 1405/1025/251 1419/1039/255 1418/1026/250
f 1420/1027/252 1419/1039/255 1405/1025/251
f 1421/1028/253 1420/1027/252 1406/1013/247
f 1422/1029/253 1421/1028/253 1407/1014/248
f 1423/1030/253 1422/1029/253 1408/1015/248
f 1424/1031/253 1423/1030/253 1409/1016/249
f 1425/1032/253 1424/1031/253 1410/1017/248
f 1426/1033/253 1425/1032/253 1411/1018/249
f 1414/1021/250 1428/1035/254 1427/1034/254
f 1415/1022/250 1429/1036/254 1428/1035/254
f 1416/1023/250 1430/1037/254 1429/1036/254
f 1417/1024/250 1431/1038/254 1430/1037/254
f 1418/1026/250 1432/1040/254 1431/1038/254
f 1419/1039/255 1433/1053/259 1432/1040/254
f 1434/1041/256 1433/1053/259 1419/1039/255
f 1435/1042/257 1434/1041/256 1420/1027/252
f 1436/1043/257 1435/1042/257 1421/1028/253
f 1437/1044/257 1436/1043/257 1422/1029/253
f 1438/1045/257 1437/1044/257 1423/1030/253
f 1439/1046/257 1438/1045/257 1424/1031/253
f 1440/1047/257 1439/1046/257 1425/1032/253
f 1428/1035/254 1442/1049/258 1441/1048/258
f 1429/1036/254 1443/1050/258 1442/1049/258
f 1430/1037/254 1444/1051/258 1443/1050/258
f 1431/1038/254 1445/1052/258 1444/1051/258
f 1432/1040/254 1446/1054/258 1445/1052/258
f 1433/1053/259 1447/1068/264 1446/1054/258
f 1448/1055/260 1447/1068/264 1433/1053/259
f 1449/1056/261 1448/1055/260 1434/1041/256
f 1450/1057/261 1449/1056/261 1435/1042/257
f 1451/1058/261 1450/1057/261 1436/1043/257
f 1452/1059/261 1451/1058/261 1437/1044/257
f 1453/1060/261 1452/1059/261 1438/1045/257
f 1454/1061/261 1453/1060/261 1439/1046/257
f 1456/1062/262 1455/1076/262 1441/1048/258
f 1457/1063/262 1456/1062/262 1442/1049/258
f 1458/1064/262 1457/1063/262 1443/1050/258
f 1459/1065/262 1458/1064/262 1444/1051/258
f 1460/1066/262 1459/1065/262 1445/1052/258
f 1461/1067/263 1460/1066/262 1446/1054/258
f 1462/1069/265 1461/1067/263 1447/1068/264
f 1449/1056/261 1463/1070/266 1462/1069/265
f 1450/1057/261 1464/1071/266 1463/1070/266
f 1451/1058/261 1465/1072/266 1464/1071/266
f 1452/1059/261 1466/1073/266 1465/1072/266
f 1453/1060/261 1467/1074/266 1466/1073/266
f 1454/1061/261 1468/1087/266 1467/1074/266
f 1470/1075/267 1469/1090/269 1455/1076/262
f 1471/1077/268 1470/1075/267 1456/1062/262
f 1472/1078/268 1471/1077/268 1457/1063/262
f 1473/1079/269 1472/1078/268 1458/1064/262
f 1474/1080/269 1473/1079/269 1459/1065/262
f 1475/1081/270 1474/1080/269 1460/1066/262
f 1476/1082/271 1475/1081/270 1461/1067/263
f 1463/1070/266 1477/1083/272 1476/1082/271
f 1464/1071/266 1478/1084/272 1477/1083/272
f 1465/1072/266 1479/1085/273 1478/1084/272
f 1466/1073/266 1480/1086/273 1479/1085/273
f 1467/1074/266 1481/1088/274 1480/1086/273
f 1468/1087/266 1482/1103/274 1481/1088/274
f 1470/1075/267 1484/1091/276 1483/1089/275
f 1471/1077/268 1485/1092/275 1484/1091/276
f 1472/1078/268 1486/1093/276 1485/1092/275
f 1473/1079/269 1487/1094/275 1486/1093/276
f 1474/1080/269 1488/1095/275 1487/1094/275
f 1475/1081/270 1489/1109/284 1488/1095/275
f 1490/1096/277 1489/1109/284 1475/1081/270
f 1491/1097/278 1490/1096/277 1476/1082/271
f 1492/1098/278 1491/1097/278 1477/1083/272
f 1493/1099/279 1492/1098/278 1478/1084/272
f 1494/1100/278 1493/1099/279 1479/1085/273
f 1495/1101/279 1494/1100/278 1480/1086/273
f 1496/1102/279 1495/1101/279 1481/1088/274
f 1484/1091/276 1498/1105/281 1497/1104/280
f 1485/1092/275 1499/1106/282 1498/1105/281
f 1486/1093/276 1500/1107/283 1499/1106/282
f 1487/1094/275 1501/1108/280 1500/1107/283
f 1488/1095/275 1502/1110/283 1501/1108/280
f 1489/1109/284 1503/1123/292 1502/1110/283
f 1504/1111/285 1503/1123/292 1489/1109/284
f 1505/1112/286 1504/1111/285 1490/1096/277
f 1506/1113/287 1505/1112/286 1491/1097/278
f 1507/1114/286 1506/1113/287 1492/1098/278
f 1508/1115/288 1507/1114/286 1493/1099/279
f 1509/1116/289 1508/1115/288 1494/1100/278
f 1510/1117/287 1509/1116/289 1495/1101/279
f 1498/1105/281 1512/1119/291 1511/1118/290
f 1499/1106/282 1513/1120/291 1512/1119/291
f 1500/1107/283 1514/1121/290 1513/1120/291
f 1501/1108/280 1515/1122/291 1514/1121/290
f 1502/1110/283 1516/1124/290 1515/1122/291
f 1503/1123/292 1517/1137/298 1516/1124/290
f 1518/1125/293 1517/1137/298 1503/1123/292
f 1519/1126/294 1518/1125/293 1504/1111/285
f 1520/1127/295 1519/1126/294 1505/1112/286
f 1521/1128/294 1520/1127/295 1506/1113/287
f 1522/1129/295 1521/1128/294 1507/1114/286
f 1523/1130/295 1522/1129/295 1508/1115/288
f 1524/1131/294 1523/1130/295 1509/1116/289
f 1512/1119/291 1526/1133/297 1525/1132/296
f 1513/1120/291 1527/1134/297 1526/1133/297
f 1514/1121/290 1528/1135/297 1527/1134/297
f 1515/1122/291 1529/1136/297 1528/1135/297
f 1516/1124/290 1530/1138/297 1529/1136/297
f 1517/1137/298 1531/1151/303 1530/1138/297
f 1532/1139/299 1531/1151/303 1517/1137/298
f 1533/1140/300 1532/1139/299 1518/1125/293
f 1534/1141/300 1533/1140/300 1519/1126/294
f 1535/1142/300 1534/1141/300 1520/1127/295
f 1536/1143/300 1535/1142/300 1521/1128/294
f 1537/1144/300 1536/1143/300 1522/1129/295
f 1538/1145/301 1537/1144/300 1523/1130/295
f 1526/1133/297 1540/1147/302 1539/1146/302
f 1527/1134/297 1541/1148/302 1540/1147/302
f 1528/1135/297 1542/1149/302 1541/1148/302
f 1529/1136/297 1543/1150/302 1542/1149/302
f 1530/1138/297 1544/1152/302 1543/1150/302
f 1531/1151/303 1545/1165/307 1544/1152/302
f 1546/1153/304 1545/1165/307 1531/1151/303
f 1547/1154/305 1546/1153/304 1532/1139/299
f 1548/1155/305 1547/1154/305 1533/1140/300
f 1549/1156/305 1548/1155/305 1534/1141/300
f 1550/1157/305 1549/1156/305 1535/1142/300
f 1551/1158/305 1550/1157/305 1536/1143/300
f 1552/1159/305 1551/1158/305 1537/1144/300
f 1540/1147/302 1554/1161/306 1553/1160/306
f 1541/1148/302 1555/1162/306 1554/1161/306
f 1542/1149/302 1556/1163/306 1555/1162/306
f 1543/1150/302 1557/1164/306 1556/1163/306
f 1544/1152/302 1558/1166/306 1557/1164/306
f 1545/1165/307 1559/1179/311 1558/1166/306
f 1560/1167/308 1559/1179/311 1545/1165/307
f 1561/1168/309 1560/1167/308 1546/1153/304
f 1562/1169/309 1561/1168/309 1547/1154/305
f 1563/1170/309 1562/1169/309 1548/1155/305
f 1564/1171/309 1563/1170/309 1549/1156/305
f 1565/1172/309 1564/1171/309 1550/1157/305
f 1566/1173/309 1565/1172/309 1551/1158/305
f 1554/1161/306 1568/1175/310 1567/1174/310
f 1555/1162/306 1569/1176/310 1568/1175/310
f 1556/1163/306 1570/1177/310 1569/1176/310
f 1557/1164/306 1571/1178/310 1570/1177/310
f 1558/1166/306 1572/1180/310 1571/1178/310
f 1559/1179/311 1573/1193/316 1572/1180/310
f 1574/1181/312 1573/1193/316 1559/1179/311
f 1575/1182/313 1574/1181/312 1560/1167/308
f 1576/1183/313 1575/1182/313 1561/1168/309
f 1577/1184/313 1576/1183/313 1562/1169/309
f 1578/1185/313 1577/1184/313 1563/1170/309
f 1579/1186/313 1578/1185/313 1564/1171/309
f 1580/1187/313 1579/1186/313 1565/1172/309
f 1568/1175/310 1582/1189/315 1581/1188/314
f 1569/1176/310 1583/1190/315 1582/1189/315
f 1570/1177/310 1584/1191/315 1583/1190/315
f 1571/1178/310 1585/1192/314 1584/1191/315
f 1572/1180/310 1586/1194/315 1585/1192/314
f 1573/1193/316 1587/1207/322 1586/1194/315
f 1588/1195/317 1587/1207/322 1573/1193/316
f 1589/1196/318 1588/1195/317 1574/1181/312
f 1590/1197/319 1589/1196/318 1575/1182/313
f 1591/1198/318 1590/1197/319 1576/1183/313
f 1592/1199/318 1591/1198/318 1577/1184/313
f 1593/1200/318 1592/1199/318 1578/1185/313
f 1594/1201/319 1593/1200/318 1579/1186/313
f 1582/1189/315 1596/1203/320 1595/1202/320
f 1583/1190/315 1597/1204/320 1596/1203/320
f 1584/1191/315 1598/1205/320 1597/1204/320
f 1585/1192/314 1599/1206/321 1598/1205/320
f 1586/1194/315 1600/1208/320 1599/1206/321
f 1587/1207/322 1601/1221/327 1600/1208/320
f 1602/1209/323 1601/1221/327 1587/1207/322
f 1603/1210/324 1602/1209/323 1588/1195/317
f 1604/1211/325 1603/1210/324 1589/1196/318
f 1605/1212/324 1604/1211/325 1590/1197/319
f 1606/1213/324 1605/1212/324 1591/1198/318
f 1607/1214/324 1606/1213/324 1592/1199/318
f 1608/1215/324 1607/1214/324 1593/1200/318
f 1596/1203/320 1610/1217/326 1609/1216/326
f 1597/1204/320 1611/1218/326 1610/1217/326
f 1598/1205/320 1612/1219/326 1611/1218/326
f 1599/1206/321 1613/1220/326 1612/1219/326
f 1600/1208/320 1614/1222/326 1613/1220/326
f 1601/1221/327 1615/1236/332 1614/1222/326
f 1616/1223/328 1615/1236/332 1601/1221/327
f 1617/1224/329 1616/1223/328 1602/1209/323
f 1618/1225/329 1617/1224/329 1603/1210/324
f 1619/1226/329 1618/1225/329 1604/1211/325
f 1620/1227/329 1619/1226/329 1605/1212/324
f 1621/1228/329 1620/1227/329 1606/1213/324
f 1622/1229/329 1621/1228/329 1607/1214/324
f 1624/1230/330 1623/1244/330 1609/1216/326
f 1625/1231/330 1624/1230/330 1610/1217/326
f 1626/1232/330 1625/1231/330 1611/1218/326
f 1627/1233/330 1626/1232/330 1612/1219/326
f 1628/1234/330 1627/1233/330 1613/1220/326
f 1629/1235/331 1628/1234/330 1614/1222/326
f 1630/1237/333 1629/1235/331 1615/1236/332
f 1617/1224/329 1631/1238/334 1630/1237/333
f 1618/1225/329 1632/1239/334 1631/1238/334
f 1619/1226/329 1633/1240/334 1632/1239/334
f 1620/1227/329 1634/1241/334 1633/1240/334
f 1621/1228/329 1635/1242/334 1634/1241/334
f 1622/1229/329 1636/1256/334 1635/1242/334
f 1624/1230/330 1638/1245/335 1637/1243/335
f 1625/1231/330 1639/1246/335 1638/1245/335
f 1626/1232/330 1640/1247/335 1639/1246/335
f 1627/1233/330 1641/1260/335 1640/1247/335
f 1642/1248/335 1641/1260/335 1627/1233/330
f 1629/1235/331 1643/1263/339 1642/1248/335
f 1644/1249/336 1643/1263/339 1629/1235/331
f 1645/1250/337 1644/1249/336 1630/1237/333
f 1646/1251/337 1645/1250/337 1631/1238/334
f 1647/1252/337 1646/1251/337 1632/1239/334
f 1648/1253/337 1647/1252/337 1633/1240/334
f 1649/1254/337 1648/1253/337 1634/1241/334
f 1650/1255/337 1649/1254/337 1635/1242/334
f 1638/1245/335 1652/1258/338 1651/1257/338
f 1639/1246/335 1653/1259/338 1652/1258/338
f 1640/1247/335 1654/1261/338 1653/1259/338
f 1641/1260/335 1655/1262/338 1654/1261/338
f 1642/1248/335 1656/1264/338 1655/1262/338
f 1643/1263/339 1657/1277/343 1656/1264/338
f 1658/1265/340 1657/1277/343 1643/1263/339
f 1659/1266/341 1658/1265/340 1644/1249/336
f 1660/1267/341 1659/1266/341 1645/1250/337
f 1661/1268/341 1660/1267/341 1646/1251/337
f 1662/1269/341 1661/1268/341 1647/1252/337
f 1663/1270/341 1662/1269/341 1648/1253/337
f 1664/1271/341 1663/1270/341 1649/1254/337
f 1652/1258/338 1666/1273/342 1665/1272/342
f 1653/1259/338 1667/1274/342 1666/1273/342
f 1654/1261/338 1668/1275/342 1667/1274/342
f 1655/1262/338 1669/1276/342 1668/1275/342
f 1656/1264/338 1670/1278/342 1669/1276/342
f 1657/1277/343 1671/1291/347 1670/1278/342
f 1672/1279/344 1671/1291/347 1657/1277/343
f 1673/1280/345 1672/1279/344 1658/1265/340
f 1674/1281/345 1673/1280/345 1659/1266/341
f 1675/1282/345 1674/1281/345 1660/1267/341
f 1676/1283/345 1675/1282/345 1661/1268/341
f 1677/1284/345 1676/1283/345 1662/1269/341
f 1678/1285/345 1677/1284/345 1663/1270/341
f 1666/1273/342 1680/1287/346 1679/1286/346
f 1667/1274/342 1681/1288/346 1680/1287/346
f 1668/1275/342 1682/1289/346 1681/1288/346
f 1669/1276/342 1683/1290/346 1682/1289/346
f 1670/1278/342 1684/1292/346 1683/1290/346
f 1671/1291/347 1685/1305/352 1684/1292/346
f 1686/1293/348 1685/1305/352 1671/1291/347
f 1687/1294/349 1686/1293/348 1672/1279/344
f 1688/1295/349 1687/1294/349 1673/1280/345
f 1689/1296/349 1688/1295/349 1674/1281/345
f 1690/1297/349 1689/1296/349 1675/1282/345
f 1691/1298/349 1690/1297/349 1676/1283/345
f 1692/1299/349 1691/1298/349 1677/1284/345
f 1680/1287/346 1694/1301/351 1693/1300/350
f 1681/1288/346 1695/1302/351 1694/1301/351
f 1682/1289/346 1696/1303/351 1695/1302/351
f 1683/1290/346 1697/1304/351 1696/1303/351
f 1684/1292/346 1698/1306/351 1697/1304/351
f 1685/1305/352 1699/1319/357 1698/1306/351
f 1700/1307/353 1699/1319/357 1685/1305/352
f 1701/1308/354 1700/1307/353 1686/1293/348
f 1702/1309/354 1701/1308/354 1687/1294/349
f 1703/1310/354 1702/1309/354 1688/1295/349
f 1704/1311/354 1703/1310/354 1689/1296/349
f 1705/1312/354 1704/1311/354 1690/1297/349
f 1706/1313/355 1705/1312/354 1691/1298/349
f 1694/1301/351 1708/1315/356 1707/1314/356
f 1695/1302/351 1709/1316/356 1708/1315/356
f 1696/1303/351 1710/1317/356 1709/1316/356
f 1697/1304/351 1711/1318/356 1710/1317/356
f 1698/1306/351 1712/1320/356 1711/1318/356
f 1699/1319/357 1713/1332/362 1712/1320/356
f 1714/1321/358 1713/1332/362 1699/1319/357
f 1715/1322/359 1714/1321/358 1700/1307/353
f 1716/1323/359 1715/1322/359 1701/1308/354
f 1717/1324/359 1716/1323/359 1702/1309/354
f 1718/1325/359 1717/1324/359 1703/1310/354
f 1719/1326/359 1718/1325/359 1704/1311/354
f 1720/1327/360 1719/1326/359 1705/1312/354
f 1708/1315/356 1722/1329/361 1721/1328/361
f 1709/1316/356 1723/1330/361 1722/1329/361
f 1710/1317/356 1724/1342/361 1723/1330/361
f 1725/1331/361 1724/1342/361 1710/1317/356
f 1712/1320/356 1726/1333/361 1725/1331/361
f 1713/1332/362 1727/1346/368 1726/1333/361
f 1728/1334/363 1727/1346/368 1713/1332/362
f 1729/1335/364 1728/1334/363 1714/1321/358
f 1730/1336/364 1729/1335/364 1715/1322/359
f 1717/1324/359 1731/1349/364 1730/1336/364
f 1732/1337/364 1731/1349/364 1717/1324/359
f 1733/1338/364 1732/1337/364 1718/1325/359
f 1734/1339/364 1733/1338/364 1719/1326/359
f 1736/1340/365 1735/1354/365 1721/1328/361
f 1723/1330/361 1737/1356/366 1736/1340/365
f 1738/1341/366 1737/1356/366 1723/1330/361
f 1739/1343/366 1738/1341/366 1724/1342/361
f 1740/1344/366 1739/1343/366 1725/1331/361
f 1741/1345/367 1740/1344/366 1726/1333/361
f 1742/1347/369 1741/1345/367 1727/1346/368
f 1729/1335/364 1743/1348/370 1742/1347/369
f 1730/1336/364 1744/1350/370 1743/1348/370
f 1731/1349/364 1745/1351/370 1744/1350/370
f 1732/1337/364 1746/1364/370 1745/1351/370
f 1747/1352/371 1746/1364/370 1732/1337/364
f 1734/1339/364 1748/1367/371 1747/1352/371
f 1750/1353/372 1749/1370/372 1735/1354/365
f 1751/1355/372 1750/1353/372 1736/1340/365
f 1752/1357/372 1751/1355/372 1737/1356/366
f 1753/1358/372 1752/1357/372 1738/1341/366
f 1754/1359/372 1753/1358/372 1739/1343/366
f 1755/1360/373 1754/1359/372 1740/1344/366
f 1756/1361/374 1755/1360/373 1741/1345/367
f 1743/1348/370 1757/1362/375 1756/1361/374
f 1744/1350/370 1758/1363/375 1757/1362/375
f 1745/1351/370 1759/1365/375 1758/1363/375
f 1746/1364/370 1760/1366/375 1759/1365/375
f 1747/1352/371 1761/1368/375 1760/1366/375
f 1748/1367/371 1762/1381/375 1761/1368/375
f 1764/1369/376 1763/1384/376 1749/1370/372
f 1765/1371/376 1764/1369/376 1750/1353/372
f 1766/1372/376 1765/1371/376 1751/1355/372
f 1767/1373/376 1766/1372/376 1752/1357/372
f 1768/1374/376 1767/1373/376 1753/1358/372
f 1769/1375/377 1768/1374/376 1754/1359/372
f 1770/1376/378 1769/1375/377 1755/1360/373
f 1757/1362/375 1771/1377/379 1770/1376/378
f 1758/1363/375 1772/1378/379 1771/1377/379
f 1759/1365/375 1773/1379/379 1772/1378/379
f 1760/1366/375 1774/1380/379 1773/1379/379
f 1761/1368/375 1775/1382/379 1774/1380/379
f 1762/1381/375 1776/1395/379 1775/1382/379
f 1778/1383/380 1777/1398/385 1763/1384/376
f 1779/1385/380 1778/1383/380 1764/1369/376
f 1780/1386/380 1779/1385/380 1765/1371/376
f 1781/1387/380 1780/1386/380 1766/1372/376
f 1782/1388/380 1781/1387/380 1767/1373/376
f 1783/1389/381 1782/1388/380 1768/1374/376
f 1784/1390/382 1783/1389/381 1769/1375/377
f 1771/1377/379 1785/1391/383 1784/1390/382
f 1772/1378/379 1786/1392/383 1785/1391/383
f 1773/1379/379 1787/1393/383 1786/1392/383
f 1774/1380/379 1788/1394/383 1787/1393/383
f 1775/1382/379 1789/1396/383 1788/1394/383
f 1776/1395/379 1790/1409/389 1789/1396/383
f 1792/1397/384 1791/1412/384 1777/1398/385
f 1793/1399/384 1792/1397/384 1778/1383/380
f 1794/1400/384 1793/1399/384 1779/1385/380
f 1795/1401/384 1794/1400/384 1780/1386/380
f 1796/1402/384 1795/1401/384 1781/1387/380
f 1797/1403/386 1796/1402/384 1782/1388/380
f 1798/1404/387 1797/1403/386 1783/1389/381
f 1785/1391/383 1799/1405/388 1798/1404/387
f 1786/1392/383 1800/1406/388 1799/1405/388
f 1787/1393/383 1801/1407/388 1800/1406/388
f 1788/1394/383 1802/1408/388 1801/1407/388
f 1789/1396/383 1803/1410/388 1802/1408/388
f 1790/1409/389 1804/1425/393 1803/1410/388
f 1792/1397/384 1806/1413/390 1805/1411/390
f 1793/1399/384 1807/1414/390 1806/1413/390
f 1794/1400/384 1808/1415/390 1807/1414/390
f 1795/1401/384 1809/1416/390 1808/1415/390
f 1796/1402/384 1810/1417/390 1809/1416/390
f 1797/1403/386 1811/1431/395 1810/1417/390
f 1812/1418/391 1811/1431/395 1797/1403/386
f 1813/1419/392 1812/1418/391 1798/1404/387
f 1814/1420/392 1813/1419/392 1799/1405/388
f 1815/1421/392 1814/1420/392 1800/1406/388
f 1816/1422/392 1815/1421/392 1801/1407/388
f 1817/1423/392 1816/1422/392 1802/1408/388
f 1818/1424/392 1817/1423/392 1803/1410/388
f 1806/1413/390 1820/1427/394 1819/1426/394
f 1807/1414/390 1821/1428/394 1820/1427/394
f 1808/1415/390 1822/1429/394 1821/1428/394
f 1809/1416/390 1823/1430/394 1822/1429/394
f 1810/1417/390 1824/1432/394 1823/1430/394
f 1811/1431/395 1825/1446/401 1824/1432/394
f 1826/1433/396 1825/1446/401 1811/1431/395
f 1827/1434/397 1826/1433/396 1812/1418/391
f 1828/1435/397 1827/1434/397 1813/1419/392
f 1829/1436/397 1828/1435/397 1814/1420/392
f 1830/1437/397 1829/1436/397 1815/1421/392
f 1831/1438/397 1830/1437/397 1816/1422/392
f 1832/1439/397 1831/1438/397 1817/1423/392
f 1834/1440/398 1833/1454/399 1819/1426/394
f 1835/1441/399 1834/1440/398 1820/1427/394
f 1836/1442/398 1835/1441/399 1821/1428/394
f 1837/1443/398 1836/1442/398 1822/1429/394
f 1838/1444/398 1837/1443/398 1823/1430/394
f 1839/1445/400 1838/1444/398 1824/1432/394
f 1840/1447/402 1839/1445/400 1825/1446/401
f 1827/1434/397 1841/1448/403 1840/1447/402
f 1828/1435/397 1842/1449/403 1841/1448/403
f 1829/1436/397 1843/1450/403 1842/1449/403
f 1830/1437/397 1844/1451/404 1843/1450/403
f 1831/1438/397 1845/1452/403 1844/1451/404
f 1832/1439/397 1846/1465/403 1845/1452/403
f 1848/1453/405 1847/1468/405 1833/1454/399
f 1849/1455/405 1848/1453/405 1834/1440/398
f 1850/1456/405 1849/1455/405 1835/1441/399
f 1851/1457/406 1850/1456/405 1836/1442/398
f 1852/1458/405 1851/1457/406 1837/1443/398
f 1853/1459/407 1852/1458/405 1838/1444/398
f 1854/1460/408 1853/1459/407 1839/1445/400
f 1841/1448/403 1855/1461/409 1854/1460/408
f 1842/1449/403 1856/1462/410 1855/1461/409
f 1843/1450/403 1857/1463/409 1856/1462/410
f 1844/1451/404 1858/1464/410 1857/1463/409
f 1845/1452/403 1859/1466/409 1858/1464/410
f 1846/1465/403 1860/1479/409 1859/1466/409
f 1862/1467/411 1861/1482/411 1847/1468/405
f 1863/1469/411 1862/1467/411 1848/1453/405
f 1864/1470/411 1863/1469/411 1849/1455/405
f 1865/1471/411 1864/1470/411 1850/1456/405
f 1866/1472/411 1865/1471/411 1851/1457/406
f 1867/1473/412 1866/1472/411 1852/1458/405
f 1868/1474/413 1867/1473/412 1853/1459/407
f 1855/1461/409 1869/1475/414 1868/1474/413
f 1856/1462/410 1870/1476/414 1869/1475/414
f 1857/1463/409 1871/1477/414 1870/1476/414
f 1858/1464/410 1872/1478/414 1871/1477/414
f 1859/1466/409 1873/1480/414 1872/1478/414
f 1860/1479/409 1874/1493/414 1873/1480/414
f 1876/1481/415 1875/1496/420 1861/1482/411
f 1877/1483/415 1876/1481/415 1862/1467/411
f 1878/1484/415 1877/1483/415 1863/1469/411
f 1879/1485/415 1878/1484/415 1864/1470/411
f 1880/1486/415 1879/1485/415 1865/1471/411
f 1881/1487/416 1880/1486/415 1866/1472/411
f 1882/1488/417 1881/1487/416 1867/1473/412
f 1869/1475/414 1883/1489/418 1882/1488/417
f 1870/1476/414 1884/1490/418 1883/1489/418
f 1871/1477/414 1885/1491/418 1884/1490/418
f 1872/1478/414 1886/1492/418 1885/1491/418
f 1873/1480/414 1887/1494/418 1886/1492/418
f 1874/1493/414 1888/1507/424 1887/1494/418
f 1890/1495/419 1889/1510/419 1875/1496/420
f 1891/1497/419 1890/1495/419 1876/1481/415
f 1892/1498/419 1891/1497/419 1877/1483/415
f 1893/1499/419 1892/1498/419 1878/1484/415
f 1894/1500/419 1893/1499/419 1879/1485/415
f 1895/1501/421 1894/1500/419 1880/1486/415
f 1896/1502/422 1895/1501/421 1881/1487/416
f 1883/1489/418 1897/1503/423 1896/1502/422
f 1884/1490/418 1898/1504/423 1897/1503/423
f 1885/1491/418 1899/1505/423 1898/1504/423
f 1886/1492/418 1900/1506/423 1899/1505/423
f 1887/1494/418 1901/1508/423 1900/1506/423
f 1888/1507/424 1902/1521/423 1901/1508/423
f 1904/1509/425 1903/1524/425 1889/1510/419
f 1905/1511/425 1904/1509/425 1890/1495/419
f 1906/1512/425 1905/1511/425 1891/1497/419
f 1907/1513/425 1906/1512/425 1892/1498/419
f 1908/1514/425 1907/1513/425 1893/1499/419
f 1909/1515/426 1908/1514/425 1894/1500/419
f 1910/1516/427 1909/1515/426 1895/1501/421
f 1897/1503/423 1911/1517/428 1910/1516/427
f 1898/1504/423 1912/1518/428 1911/1517/428
f 1899/1505/423 1913/1519/428 1912/1518/428
f 1900/1506/423 1914/1520/428 1913/1519/428
f 1901/1508/423 1915/1522/428 1914/1520/428
f 1902/1521/423 1916/1535/428 1915/1522/428
f 1918/1523/429 1917/1538/430 1903/1524/425
f 1919/1525/430 1918/1523/429 1904/1509/425
f 1920/1526/430 1919/1525/430 1905/1511/425
f 1921/1527/430 1920/1526/430 1906/1512/425
f 1922/1528/430 1921/1527/430 1907/1513/425
f 1923/1529/431 1922/1528/430 1908/1514/425
f 1924/1530/432 1923/1529/431 1909/1515/426
f 1911/1517/428 1925/1531/433 1924/1530/432
f 1912/1518/428 1926/1532/433 1925/1531/433
f 1913/1519/428 1927/1533/433 1926/1532/433
f 1914/1520/428 1928/1534/433 1927/1533/433
f 1915/1522/428 1929/1536/434 1928/1534/433
f 1916/1535/428 1930/1549/433 1929/1536/434
f 1932/1537/435 1931/1552/435 1917/1538/430
f 1933/1539/436 1932/1537/435 1918/1523/429
f 1934/1540/436 1933/1539/436 1919/1525/430
f 1935/1541/436 1934/1540/436 1920/1526/430
f 1936/1542/435 1935/1541/436 1921/1527/430
f 1937/1543/437 1936/1542/435 1922/1528/430
f 1938/1544/438 1937/1543/437 1923/1529/431
f 1925/1531/433 1939/1545/439 1938/1544/438
f 1926/1532/433 1940/1546/440 1939/1545/439
f 1927/1533/433 1941/1547/440 1940/1546/440
f 1928/1534/433 1942/1548/440 1941/1547/440
f 1929/1536/434 1943/1550/439 1942/1548/440
f 1930/1549/433 1944/1563/440 1943/1550/439
f 1946/1551/441 1945/1566/441 1931/1552/435
f 1947/1553/442 1946/1551/441 1932/1537/435
f 1948/1554/442 1947/1553/442 1933/1539/436
f 1949/1555/443 1948/1554/442 1934/1540/436
f 1950/1556/441 1949/1555/443 1935/1541/436
f 1951/1557/444 1950/1556/441 1936/1542/435
f 1952/1558/445 1951/1557/444 1937/1543/437
f 1939/1545/439 1953/1559/446 1952/1558/445
f 1940/1546/440 1954/1560/447 1953/1559/446
f 1941/1547/440 1955/1561/448 1954/1560/447
f 1942/1548/440 1956/1562/448 1955/1561/448
f 1943/1550/439 1957/1564/446 1956/1562/448
f 1944/1563/440 1958/1577/446 1957/1564/446
f 1960/1565/449 1959/1580/449 1945/1566/441
f 1961/1567/449 1960/1565/449 1946/1551/441
f 1962/1568/449 1961/1567/449 1947/1553/442
f 1963/1569/449 1962/1568/449 1948/1554/442
f 1964/1570/449 1963/1569/449 1949/1555/443
f 1965/1571/450 1964/1570/449 1950/1556/441
f 1966/1572/451 1965/1571/450 1951/1557/444
f 1953/1559/446 1967/1573/452 1966/1572/451
f 1954/1560/447 1968/1574/452 1967/1573/452
f 1955/1561/448 1969/1575/452 1968/1574/452
f 1956/1562/448 1970/1576/452 1969/1575/452
f 1957/1564/446 1971/1578/453 1970/1576/452
f 1958/1577/446 1972/1593/452 1971/1578/453
f 1960/1565/449 1974/1581/454 1973/1579/454
f 1961/1567/449 1975/1582/454 1974/1581/454
f 1962/1568/449 1976/1583/454 1975/1582/454
f 1963/1569/449 1977/1584/454 1976/1583/454
f 1964/1570/449 1978/1585/454 1977/1584/454
f 1965/1571/450 1979/1599/459 1978/1585/454
f 1980/1586/455 1979/1599/459 1965/1571/450
f 1981/1587/456 1980/1586/455 1966/1572/451
f 1982/1588/456 1981/1587/456 1967/1573/452
f 1983/1589/456 1982/1588/456 1968/1574/452
f 1984/1590/456 1983/1589/456 1969/1575/452
f 1985/1591/456 1984/1590/456 1970/1576/452
f 1986/1592/457 1985/1591/456 1971/1578/453
f 1974/1581/454 1988/1595/458 1987/1594/458
f 1975/1582/454 1989/1596/458 1988/1595/458
f 1976/1583/454 1990/1597/458 1989/1596/458
f 1977/1584/454 1991/1598/458 1990/1597/458
f 1978/1585/454 1992/1600/458 1991/1598/458
f 1979/1599/459 1993/1614/464 1992/1600/458
f 1994/1601/460 1993/1614/464 1979/1599/459
f 1995/1602/461 1994/1601/460 1980/1586/455
f 1996/1603/461 1995/1602/461 1981/1587/456
f 1997/1604/461 1996/1603/461 1982/1588/456
f 1998/1605/461 1997/1604/461 1983/1589/456
f 1999/1606/461 1998/1605/461 1984/1590/456
f 2000/1607/461 1999/1606/461 1985/1591/456
f 2002/1608/462 2001/1622/468 1987/1594/458
f 2003/1609/462 2002/1608/462 1988/1595/458
f 2004/1610/462 2003/1609/462 1989/1596/458
f 2005/1611/462 2004/1610/462 1990/1597/458
f 2006/1612/462 2005/1611/462 1991/1598/458
f 2007/1613/463 2006/1612/462 1992/1600/458
f 2008/1615/465 2007/1613/463 1993/1614/464
f 1995/1602/461 2009/1616/466 2008/1615/465
f 1996/1603/461 2010/1617/466 2009/1616/466
f 1997/1604/461 2011/1618/466 2010/1617/466
f 1998/1605/461 2012/1619/466 2011/1618/466
f 1999/1606/461 2013/1620/466 2012/1619/466
f 2000/1607/461 2014/1633/472 2013/1620/466
f 2016/1621/467 2015/1636/467 2001/1622/468
f 2017/1623/467 2016/1621/467 2002/1608/462
f 2018/1624/467 2017/1623/467 2003/1609/462
f 2019/1625/467 2018/1624/467 2004/1610/462
f 2020/1626/467 2019/1625/467 2005/1611/462
f 2021/1627/469 2020/1626/467 2006/1612/462
f 2022/1628/470 2021/1627/469 2007/1613/463
f 2009/1616/466 2023/1629/471 2022/1628/470
f 2010/1617/466 2024/1630/471 2023/1629/471
f 2011/1618/466 2025/1631/471 2024/1630/471
f 2012/1619/466 2026/1632/471 2025/1631/471
f 2013/1620/466 2027/1634/471 2026/1632/471
f 2014/1633/472 2028/1647/471 2027/1634/471
f 2030/1635/473 2029/1650/473 2015/1636/467
f 2031/1637/473 2030/1635/473 2016/1621/467
f 2032/1638/473 2031/1637/473 2017/1623/467
f 2033/1639/473 2032/1638/473 2018/1624/467
f 2034/1640/473 2033/1639/473 2019/1625/467
f 2035/1641/474 2034/1640/473 2020/1626/467
f 2036/1642/475 2035/1641/474 2021/1627/469
f 2023/1629/471 2037/1643/476 2036/1642/475
f 2024/1630/471 2038/1644/476 2037/1643/476
f 2025/1631/471 2039/1645/476 2038/1644/476
f 2026/1632/471 2040/1646/476 2039/1645/476
f 2027/1634/471 2041/1648/476 2040/1646/476
f 2028/1647/471 2042/1661/476 2041/1648/476
f 2044/1649/477 2043/1664/477 2029/1650/473
f 2045/1651/478 2044/1649/477 2030/1635/473
f 2046/1652/477 2045/1651/478 2031/1637/473
f 2047/1653/477 2046/1652/477 2032/1638/473
f 2048/1654/477 2047/1653/477 2033/1639/473
f 2049/1655/479 2048/1654/477 2034/1640/473
f 2050/1656/480 2049/1655/479 2035/1641/474
f 2037/1643/476 2051/1657/481 2050/1656/480
f 2038/1644/476 2052/1658/481 2051/1657/481
f 2039/1645/476 2053/1659/481 2052/1658/481
f 2040/1646/476 2054/1660/482 2053/1659/481
f 2041/1648/476 2055/1662/481 2054/1660/482
f 2042/1661/476 2056/1675/481 2055/1662/481
f 2058/1663/483 2057/1678/492 2043/1664/477
f 2059/1665/484 2058/1663/483 2044/1649/477
f 2060/1666/485 2059/1665/484 2045/1651/478
f 2061/1667/483 2060/1666/485 2046/1652/477
f 2062/1668/483 2061/1667/483 2047/1653/477
f 2063/1669/486 2062/1668/483 2048/1654/477
f 2064/1670/487 2063/1669/486 2049/1655/479
f 2051/1657/481 2065/1671/488 2064/1670/487
f 2052/1658/481 2066/1672/489 2065/1671/488
f 2053/1659/481 2067/1673/488 2066/1672/489
f 2054/1660/482 2068/1674/490 2067/1673/488
f 2055/1662/481 2069/1676/489 2068/1674/490
f 2056/1675/481 2070/1689/490 2069/1676/489
f 2072/1677/491 2071/1692/493 2057/1678/492
f 2073/1679/493 2072/1677/491 2058/1663/483
f 2074/1680/494 2073/1679/493 2059/1665/484
f 2075/1681/493 2074/1680/494 2060/1666/485
f 2076/1682/494 2075/1681/493 2061/1667/483
f 2077/1683/495 2076/1682/494 2062/1668/483
f 2078/1684/496 2077/1683/495 2063/1669/486
f 2065/1671/488 2079/1685/497 2078/1684/496
f 2066/1672/489 2080/1686/498 2079/1685/497
f 2067/1673/488 2081/1687/497 2080/1686/498
f 2068/1674/490 2082/1688/498 2081/1687/497
f 2069/1676/489 2083/1690/499 2082/1688/498
f 2070/1689/490 2084/1703/498 2083/1690/499
f 2086/1691/500 2085/1706/502 2071/1692/493
f 2087/1693/501 2086/1691/500 2072/1677/491
f 2088/1694/500 2087/1693/501 2073/1679/493
f 2089/1695/502 2088/1694/500 2074/1680/494
f 2090/1696/502 2089/1695/502 2075/1681/493
f 2091/1697/503 2090/1696/502 2076/1682/494
f 2092/1698/504 2091/1697/503 2077/1683/495
f 2079/1685/497 2093/1699/505 2092/1698/504
f 2080/1686/498 2094/1700/506 2093/1699/505
f 2081/1687/497 2095/1701/505 2094/1700/506
f 2082/1688/498 2096/1702/507 2095/1701/505
f 2083/1690/499 2097/1704/505 2096/1702/507
f 2084/1703/498 2098/1717/506 2097/1704/505
f 2100/1705/508 2099/1720/508 2085/1706/502
f 2101/1707/508 2100/1705/508 2086/1691/500
f 2102/1708/508 2101/1707/508 2087/1693/501
f 2103/1709/508 2102/1708/508 2088/1694/500
f 2104/1710/508 2103/1709/508 2089/1695/502
f 2105/1711/509 2104/1710/508 2090/1696/502
f 2106/1712/510 2105/1711/509 2091/1697/503
f 2093/1699/505 2107/1713/511 2106/1712/510
f 2094/1700/506 2108/1714/511 2107/1713/511
f 2095/1701/505 2109/1715/511 2108/1714/511
f 2096/1702/507 2110/1716/511 2109/1715/511
f 2097/1704/505 2111/1718/511 2110/1716/511
f 2098/1717/506 2112/1731/511 2111/1718/511
f 2114/1719/512 2113/1734/512 2099/1720/508
f 2115/1721/512 2114/1719/512 2100/1705/508
f 2116/1722/512 2115/1721/512 2101/1707/508
f 2117/1723/512 2116/1722/512 2102/1708/508
f 2118/1724/512 2117/1723/512 2103/1709/508
f 2119/1725/513 2118/1724/512 2104/1710/508
f 2120/1726/514 2119/1725/513 2105/1711/509
f 2107/1713/511 2121/1727/515 2120/1726/514
f 2108/1714/511 2122/1728/515 2121/1727/515
f 2109/1715/511 2123/1729/515 2122/1728/515
f 2110/1716/511 2124/1730/515 2123/1729/515
f 2111/1718/511 2125/1732/515 2124/1730/515
f 2112/1731/511 2126/1745/515 2125/1732/515
f 2128/1733/516 2127/1748/516 2113/1734/512
f 2129/1735/516 2128/1733/516 2114/1719/512
f 2130/1736/516 2129/1735/516 2115/1721/512
f 2131/1737/516 2130/1736/516 2116/1722/512
f 2132/1738/516 2131/1737/516 2117/1723/512
f 2133/1739/517 2132/1738/516 2118/1724/512
f 2134/1740/518 2133/1739/517 2119/1725/513
f 2121/1727/515 2135/1741/519 2134/1740/518
f 2122/1728/515 2136/1742/519 2135/1741/519
f 2123/1729/515 2137/1743/519 2136/1742/519
f 2124/1730/515 2138/1744/519 2137/1743/519
f 2125/1732/515 2139/1746/519 2138/1744/519
f 2126/1745/515 2140/1761/519 2139/1746/519
f 2128/1733/516 2142/1749/520 2141/1747/520
f 2129/1735/516 2143/1750/520 2142/1749/520
f 2130/1736/516 2144/1751/520 2143/1750/520
f 2131/1737/516 2145/1752/520 2144/1751/520
f 2132/1738/516 2146/1753/520 2145/1752/520
f 2133/1739/517 2147/1767/526 2146/1753/520
f 2148/1754/521 2147/1767/526 2133/1739/517
f 2149/1755/522 2148/1754/521 2134/1740/518
f 2150/1756/522 2149/1755/522 2135/1741/519
f 2151/1757/522 2150/1756/522 2136/1742/519
f 2152/1758/522 2151/1757/522 2137/1743/519
f 2153/1759/522 2152/1758/522 2138/1744/519
f 2154/1760/523 2153/1759/522 2139/1746/519
f 2142/1749/520 2156/1763/525 2155/1762/524
f 2143/1750/520 2157/1764/525 2156/1763/525
f 2144/1751/520 2158/1765/524 2157/1764/525
f 2145/1752/520 2159/1766/524 2158/1765/524
f 2146/1753/520 2160/1768/524 2159/1766/524
f 2147/1767/526 2161/1782/533 2160/1768/524
f 2162/1769/527 2161/1782/533 2147/1767/526
f 2163/1770/528 2162/1769/527 2148/1754/521
f 2164/1771/529 2163/1770/528 2149/1755/522
f 2165/1772/528 2164/1771/529 2150/1756/522
f 2166/1773/528 2165/1772/528 2151/1757/522
f 2167/1774/529 2166/1773/528 2152/1758/522
f 2168/1775/528 2167/1774/529 2153/1759/522
f 2170/1776/530 2169/1790/530 2155/1762/524
f 2171/1777/531 2170/1776/530 2156/1763/525
f 2172/1778/530 2171/1777/531 2157/1764/525
f 2173/1779/531 2172/1778/530 2158/1765/524
f 2174/1780/531 2173/1779/531 2159/1766/524
f 2175/1781/532 2174/1780/531 2160/1768/524
f 2176/1783/534 2175/1781/532 2161/1782/533
f 2163/1770/528 2177/1784/535 2176/1783/534
f 2164/1771/529 2178/1785/535 2177/1784/535
f 2165/1772/528 2179/1786/536 2178/1785/535
f 2166/1773/528 2180/1787/535 2179/1786/536
f 2167/1774/529 2181/1788/535 2180/1787/535
f 2168/1775/528 2182/1801/536 2181/1788/535
f 2184/1789/537 2183/1804/544 2169/1790/530
f 2185/1791/538 2184/1789/537 2170/1776/530
f 2186/1792/537 2185/1791/538 2171/1777/531
f 2187/1793/537 2186/1792/537 2172/1778/530
f 2188/1794/537 2187/1793/537 2173/1779/531
f 2189/1795/539 2188/1794/537 2174/1780/531
f 2190/1796/540 2189/1795/539 2175/1781/532
f 2177/1784/535 2191/1797/541 2190/1796/540
f 2178/1785/535 2192/1798/542 2191/1797/541
f 2179/1786/536 2193/1799/541 2192/1798/542
f 2180/1787/535 2194/1800/541 2193/1799/541
f 2181/1788/535 2195/1802/541 2194/1800/541
f 2182/1801/536 2196/1815/548 2195/1802/541
f 2198/1803/543 2197/1818/550 2183/1804/544
f 2199/1805/543 2198/1803/543 2184/1789/537
f 2200/1806/543 2199/1805/543 2185/1791/538
f 2201/1807/543 2200/1806/543 2186/1792/537
f 2202/1808/543 2201/1807/543 2187/1793/537
f 2203/1809/545 2202/1808/543 2188/1794/537
f 2204/1810/546 2203/1809/545 2189/1795/539
f 2191/1797/541 2205/1811/547 2204/1810/546
f 2192/1798/542 2206/1812/547 2205/1811/547
f 2193/1799/541 2207/1813/547 2206/1812/547
f 2194/1800/541 2208/1814/547 2207/1813/547
f 2195/1802/541 2209/1816/547 2208/1814/547
f 2196/1815/548 2210/1829/556 2209/1816/547
f 2212/1817/549 2211/1832/551 2197/1818/550
f 2213/1819/549 2212/1817/549 2198/1803/543
f 2214/1820/549 2213/1819/549 2199/1805/543
f 2215/1821/549 2214/1820/549 2200/1806/543
f 2216/1822/551 2215/1821/549 2201/1807/543
f 2217/1823/552 2216/1822/551 2202/1808/543
f 2218/1824/553 2217/1823/552 2203/1809/545
f 2205/1811/547 2219/1825/554 2218/1824/553
f 2206/1812/547 2220/1826/555 2219/1825/554
f 2207/1813/547 2221/1827/555 2220/1826/555
f 2208/1814/547 2222/1828/555 2221/1827/555
f 2209/1816/547 2223/1830/555 2222/1828/555
f 2210/1829/556 2224/1843/554 2223/1830/555
f 2226/1831/557 2225/1846/557 2211/1832/551
f 2227/1833/557 2226/1831/557 2212/1817/549
f 2228/1834/557 2227/1833/557 2213/1819/549
f 2229/1835/557 2228/1834/557 2214/1820/549
f 2230/1836/557 2229/1835/557 2215/1821/549
f 2231/1837/558 2230/1836/557 2216/1822/551
f 2232/1838/559 2231/1837/558 2217/1823/552
f 2219/1825/554 2233/1839/560 2232/1838/559
f 2220/1826/555 2234/1840/560 2233/1839/560
f 2221/1827/555 2235/1841/560 2234/1840/560
f 2222/1828/555 2236/1842/560 2235/1841/560
f 2223/1830/555 2237/1844/560 2236/1842/560
f 2224/1843/554 2238/1857/560 2237/1844/560
f 2240/1845/561 2239/1860/561 2225/1846/557
f 2241/1847/561 2240/1845/561 2226/1831/557
f 2242/1848/561 2241/1847/561 2227/1833/557
f 2243/1849/561 2242/1848/561 2228/1834/557
f 2244/1850/561 2243/1849/561 2229/1835/557
f 2245/1851/562 2244/1850/561 2230/1836/557
f 2246/1852/563 2245/1851/562 2231/1837/558
f 2233/1839/560 2247/1853/564 2246/1852/563
f 2234/1840/560 2248/1854/564 2247/1853/564
f 2235/1841/560 2249/1855/564 2248/1854/564
f 2236/1842/560 2250/1856/564 2249/1855/564
f 2237/1844/560 2251/1858/564 2250/1856/564
f 2238/1857/560 2252/1871/564 2251/1858/564
f 2254/1859/565 2253/1874/565 2239/1860/561
f 2255/1861/565 2254/1859/565 2240/1845/561
f 2256/1862/565 2255/1861/565 2241/1847/561
f 2257/1863/565 2256/1862/565 2242/1848/561
f 2258/1864/565 2257/1863/565 2243/1849/561
f 2259/1865/566 2258/1864/565 2244/1850/561
f 2260/1866/567 2259/1865/566 2245/1851/562
f 2247/1853/564 2261/1867/568 2260/1866/567
f 2248/1854/564 2262/1868/568 2261/1867/568
f 2249/1855/564 2263/1869/568 2262/1868/568
f 2250/1856/564 2264/1870/568 2263/1869/568
f 2251/1858/564 2265/1872/568 2264/1870/568
f 2252/1871/564 2266/1885/568 2265/1872/568
f 2268/1873/569 2267/1888/569 2253/1874/565
f 2269/1875/569 2268/1873/569 2254/1859/565
f 2270/1876/569 2269/1875/569 2255/1861/565
f 2271/1877/569 2270/1876/569 2256/1862/565
f 2272/1878/569 2271/1877/569 2257/1863/565
f 2273/1879/570 2272/1878/569 2258/1864/565
f 2274/1880/571 2273/1879/570 2259/1865/566
f 2261/1867/568 2275/1881/572 2274/1880/571
f 2262/1868/568 2276/1882/572 2275/1881/572
f 2263/1869/568 2277/1883/572 2276/1882/572
f 2264/1870/568 2278/1884/572 2277/1883/572
f 2265/1872/568 2279/1886/572 2278/1884/572
f 2266/1885/568 2280/1899/572 2279/1886/572
f 2282/1887/573 2281/1902/573 2267/1888/569
f 2283/1889/573 2282/1887/573 2268/1873/569
f 2284/1890/573 2283/1889/573 2269/1875/569
f 2285/1891/573 2284/1890/573 2270/1876/569
f 2286/1892/573 2285/1891/573 2271/1877/569
f 2287/1893/574 2286/1892/573 2272/1878/569
f 2288/1894/575 2287/1893/574 2273/1879/570
f 2275/1881/572 2289/1895/576 2288/1894/575
f 2276/1882/572 2290/1896/576 2289/1895/576
f 2277/1883/572 2291/1897/576 2290/1896/576
f 2278/1884/572 2292/1898/576 2291/1897/576
f 2279/1886/572 2293/1900/576 2292/1898/576
f 2280/1899/572 2294/1913/576 2293/1900/576
f 2296/1901/577 2295/1916/578 2281/1902/573
f 2297/1903/578 2296/1901/577 2282/1887/573
f 2298/1904/577 2297/1903/578 2283/1889/573
f 2299/1905/578 2298/1904/577 2284/1890/573
f 2300/1906/577 2299/1905/578 2285/1891/573
f 2301/1907/579 2300/1906/577 2286/1892/573
f 2302/1908/580 2301/1907/579 2287/1893/574
f 2289/1895/576 2303/1909/581 2302/1908/580
f 2290/1896/576 2304/1910/582 2303/1909/581
f 2291/1897/576 2305/1911/581 2304/1910/582
f 2292/1898/576 2306/1912/582 2305/1911/581
f 2293/1900/576 2307/1914/581 2306/1912/582
f 2294/1913/576 2308/1927/582 2307/1914/581
f 2310/1915/583 2309/1930/583 2295/1916/578
f 2311/1917/583 2310/1915/583 2296/1901/577
f 2312/1918/583 2311/1917/583 2297/1903/578
f 2313/1919/583 2312/1918/583 2298/1904/577
f 2314/1920/583 2313/1919/583 2299/1905/578
f 2315/1921/584 2314/1920/583 2300/1906/577
f 2316/1922/585 2315/1921/584 2301/1907/579
f 2303/1909/581 2317/1923/586 2316/1922/585
f 2304/1910/582 2318/1924/586 2317/1923/586
f 2305/1911/581 2319/1925/586 2318/1924/586
f 2306/1912/582 2320/1926/586 2319/1925/586
f 2307/1914/581 2321/1928/586 2320/1926/586
f 2308/1927/582 2322/1943/586 2321/1928/586
f 2310/1915/583 2324/1931/587 2323/1929/587
f 2311/1917/583 2325/1932/587 2324/1931/587
f 2312/1918/583 2326/1933/587 2325/1932/587
f 2313/1919/583 2327/1934/587 2326/1933/587
f 2314/1920/583 2328/1935/587 2327/1934/587
f 2315/1921/584 2329/1949/591 2328/1935/587
f 2330/1936/588 2329/1949/591 2315/1921/584
f 2331/1937/589 2330/1936/588 2316/1922/585
f 2332/1938/589 2331/1937/589 2317/1923/586
f 2333/1939/589 2332/1938/589 2318/1924/586
f 2334/1940/589 2333/1939/589 2319/1925/586
f 2335/1941/589 2334/1940/589 2320/1926/586
f 2336/1942/589 2335/1941/589 2321/1928/586
f 2324/1931/587 2338/1945/590 2337/1944/590
f 2325/1932/587 2339/1946/590 2338/1945/590
f 2326/1933/587 2340/1947/590 2339/1946/590
f 2327/1934/587 2341/1948/590 2340/1947/590
f 2328/1935/587 2342/1950/590 2341/1948/590
f 2329/1949/591 2343/1963/596 2342/1950/590
f 2344/1951/592 2343/1963/596 2329/1949/591
f 2345/1952/593 2344/1951/592 2330/1936/588
f 2346/1953/593 2345/1952/593 2331/1937/589
f 2347/1954/593 2346/1953/593 2332/1938/589
f 2348/1955/593 2347/1954/593 2333/1939/589
f 2349/1956/593 2348/1955/593 2334/1940/589
f 2350/1957/593 2349/1956/593 2335/1941/589
f 2338/1945/590 2352/1959/595 2351/1958/594
f 2339/1946/590 2353/1960/594 2352/1959/595
f 2340/1947/590 2354/1961/595 2353/1960/594
f 2341/1948/590 2355/1962/595 2354/1961/595
f 2342/1950/590 2356/1964/595 2355/1962/595
f 2343/1963/596 2357/1977/601 2356/1964/595
f 2358/1965/597 2357/1977/601 2343/1963/596
f 2359/1966/598 2358/1965/597 2344/1951/592
f 2360/1967/598 2359/1966/598 2345/1952/593
f 2361/1968/599 2360/1967/598 2346/1953/593
f 2362/1969/598 2361/1968/599 2347/1954/593
f 2363/1970/598 2362/1969/598 2348/1955/593
f 2364/1971/599 2363/1970/598 2349/1956/593
f 2352/1959/595 2366/1973/600 2365/1972/600
f 2353/1960/594 2367/1974/600 2366/1973/600
f 2354/1961/595 2368/1975/600 2367/1974/600
f 2355/1962/595 2369/1976/600 2368/1975/600
f 2356/1964/595 2370/1978/600 2369/1976/600
f 2357/1977/601 2371/1991/605 2370/1978/600
f 2372/1979/602 2371/1991/605 2357/1977/601
f 2373/1980/603 2372/1979/602 2358/1965/597
f 2374/1981/603 2373/1980/603 2359/1966/598
f 2375/1982/603 2374/1981/603 2360/1967/598
f 2376/1983/603 2375/1982/603 2361/1968/599
f 2377/1984/603 2376/1983/603 2362/1969/598
f 2378/1985/603 2377/1984/603 2363/1970/598
f 2366/1973/600 2380/1987/604 2379/1986/604
f 2367/1974/600 2381/1988/604 2380/1987/604
f 2368/1975/600 2382/1989/604 2381/1988/604
f 2369/1976/600 2383/1990/604 2382/1989/604
f 2370/1978/600 2384/1992/604 2383/1990/604
f 2371/1991/605 2385/2005/609 2384/1992/604
f 2386/1993/606 2385/2005/609 2371/1991/605
f 2387/1994/607 2386/1993/606 2372/1979/602
f 2388/1995/607 2387/1994/607 2373/1980/603
f 2389/1996/607 2388/1995/607 2374/1981/603
f 2390/1997/607 2389/1996/607 2375/1982/603
f 2391/1998/607 2390/1997/607 2376/1983/603
f 2392/1999/607 2391/1998/607 2377/1984/603
f 2380/1987/604 2394/2001/608 2393/2000/608
f 2381/1988/604 2395/2002/608 2394/2001/608
f 2382/1989/604 2396/2003/608 2395/2002/608
f 2383/1990/604 2397/2004/608 2396/2003/608
f 2384/1992/604 2398/2006/608 2397/2004/608
f 2385/2005/609 2399/2019/613 2398/2006/608
f 2400/2007/610 2399/2019/613 2385/2005/609
f 2401/2008/611 2400/2007/610 2386/1993/606
f 2402/2009/611 2401/2008/611 2387/1994/607
f 2403/2010/611 2402/2009/611 2388/1995/607
f 2404/2011/611 2403/2010/611 2389/1996/607
f 2405/2012/611 2404/2011/611 2390/1997/607
f 2406/2013/611 2405/2012/611 2391/1998/607
f 2394/2001/608 2408/2015/612 2407/2014/612
f 2395/2002/608 2409/2016/612 2408/2015/612
f 2396/2003/608 2410/2017/612 2409/2016/612
f 2397/2004/608 2411/2018/612 2410/2017/612
f 2398/2006/608 2412/2020/612 2411/2018/612
f 2399/2019/613 2413/2033/617 2412/2020/612
f 2414/2021/614 2413/2033/617 2399/2019/613
f 2415/2022/615 2414/2021/614 2400/2007/610
f 2416/2023/615 2415/2022/615 2401/2008/611
f 2417/2024/615 2416/2023/615 2402/2009/611
f 2418/2025/615 2417/2024/615 2403/2010/611
f 2419/2026/615 2418/2025/615 2404/2011/611
f 2420/2027/615 2419/2026/615 2405/2012/611
f 2408/2015/612 2422/2029/616 2421/2028/616
f 2409/2016/612 2423/2030/616 2422/2029/616
f 2410/2017/612 2424/2031/616 2423/2030/616
f 2411/2018/612 2425/2032/616 2424/2031/616
f 2412/2020/612 2426/2034/616 2425/2032/616
f 2413/2033/617 2427/2047/622 2426/2034/616
f 2428/2035/618 2427/2047/622 2413/2033/617
f 2429/2036/619 2428/2035/618 2414/2021/614
f 2430/2037/619 2429/2036/619 2415/2022/615
f 2431/2038/619 2430/2037/619 2416/2023/615
f 2432/2039/619 2431/2038/619 2417/2024/615
f 2433/2040/619 2432/2039/619 2418/2025/615
f 2434/2041/619 2433/2040/619 2419/2026/615
f 2422/2029/616 2436/2043/620 2435/2042/620
f 2423/2030/616 2437/2044/621 2436/2043/620
f 2424/2031/616 2438/2045/620 2437/2044/621
f 2425/2032/616 2439/2046/620 2438/2045/620
f 2426/2034/616 2440/2048/620 2439/2046/620
f 2427/2047/622 2441/2061/627 2440/2048/620
f 2442/2049/623 2441/2061/627 2427/2047/622
f 2443/2050/624 2442/2049/623 2428/2035/618
f 2444/2051/624 2443/2050/624 2429/2036/619
f 2445/2052/624 2444/2051/624 2430/2037/619
f 2446/2053/625 2445/2052/624 2431/2038/619
f 2447/2054/624 2446/2053/625 2432/2039/619
f 2448/2055/624 2447/2054/624 2433/2040/619
f 2436/2043/620 2450/2057/626 2449/2056/626
f 2437/2044/621 2451/2058/626 2450/2057/626
f 2438/2045/620 2452/2059/626 2451/2058/626
f 2439/2046/620 2453/2060/626 2452/2059/626
f 2440/2048/620 2454/2062/626 2453/2060/626
f 2441/2061/627 2455/2075/631 2454/2062/626
f 2456/2063/628 2455/2075/631 2441/2061/627
f 2457/2064/629 2456/2063/628 2442/2049/623
f 2458/2065/629 2457/2064/629 2443/2050/624
f 2459/2066/629 2458/2065/629 2444/2051/624
f 2460/2067/629 2459/2066/629 2445/2052/624
f 2461/2068/629 2460/2067/629 2446/2053/625
f 2462/2069/629 2461/2068/629 2447/2054/624
f 2450/2057/626 2464/2071/630 2463/2070/630
f 2451/2058/626 2465/2072/630 2464/2071/630
f 2452/2059/626 2466/2073/630 2465/2072/630
f 2453/2060/626 2467/2074/630 2466/2073/630
f 2454/2062/626 2468/2076/630 2467/2074/630
f 2455/2075/631 2469/2089/635 2468/2076/630
f 2470/2077/632 2469/2089/635 2455/2075/631
f 2471/2078/633 2470/2077/632 2456/2063/628
f 2472/2079/633 2471/2078/633 2457/2064/629
f 2473/2080/633 2472/2079/633 2458/2065/629
f 2474/2081/633 2473/2080/633 2459/2066/629
f 2475/2082/633 2474/2081/633 2460/2067/629
f 2476/2083/633 2475/2082/633 2461/2068/629
f 2464/2071/630 2478/2085/634 2477/2084/634
f 2465/2072/630 2479/2086/634 2478/2085/634
f 2466/2073/630 2480/2087/634 2479/2086/634
f 2467/2074/630 2481/2099/634 2480/2087/634
f 2482/2088/634 2481/2099/634 2467/2074/630
f 2469/2089/635 2483/2102/639 2482/2088/634
f 2484/2090/636 2483/2102/639 2469/2089/635
f 2485/2091/637 2484/2090/636 2470/2077/632
f 2472/2079/633 2486/2107/637 2485/2091/637
f 2487/2092/637 2486/2107/637 2472/2079/633
f 2488/2093/637 2487/2092/637 2473/2080/633
f 2489/2094/637 2488/2093/637 2474/2081/633
f 2490/2095/637 2489/2094/637 2475/2082/633
f 2478/2085/634 2492/2097/638 2491/2096/638
f 2479/2086/634 2493/2098/638 2492/2097/638
f 2480/2087/634 2494/2100/638 2493/2098/638
f 2481/2099/634 2495/2101/638 2494/2100/638
f 2482/2088/634 2496/2103/638 2495/2101/638
f 2483/2102/639 2497/2117/643 2496/2103/638
f 2498/2104/640 2497/2117/643 2483/2102/639
f 2499/2105/641 2498/2104/640 2484/2090/636
f 2500/2106/641 2499/2105/641 2485/2091/637
f 2501/2108/641 2500/2106/641 2486/2107/637
f 2502/2109/641 2501/2108/641 2487/2092/637
f 2503/2110/641 2502/2109/641 2488/2093/637
f 2504/2111/641 2503/2110/641 2489/2094/637
f 2492/2097/638 2506/2113/642 2505/2112/642
f 2493/2098/638 2507/2114/642 2506/2113/642
f 2494/2100/638 2508/2115/642 2507/2114/642
f 2495/2101/638 2509/2116/642 2508/2115/642
f 2496/2103/638 2510/2118/642 2509/2116/642
f 2497/2117/643 2511/2131/648 2510/2118/642
f 2512/2119/644 2511/2131/648 2497/2117/643
f 2513/2120/645 2512/2119/644 2498/2104/640
f 2514/2121/645 2513/2120/645 2499/2105/641
f 2515/2122/645 2514/2121/645 2500/2106/641
f 2516/2123/645 2515/2122/645 2501/2108/641
f 2517/2124/645 2516/2123/645 2502/2109/641
f 2518/2125/645 2517/2124/645 2503/2110/641
f 2506/2113/642 2520/2127/646 2519/2126/646
f 2507/2114/642 2521/2128/646 2520/2127/646
f 2508/2115/642 2522/2129/646 2521/2128/646
f 2509/2116/642 2523/2130/647 2522/2129/646
f 2510/2118/642 2524/2132/646 2523/2130/647
f 2511/2131/648 2525/2145/652 2524/2132/646
f 2526/2133/649 2525/2145/652 2511/2131/648
f 2527/2134/650 2526/2133/649 2512/2119/644
f 2528/2135/650 2527/2134/650 2513/2120/645
f 2529/2136/650 2528/2135/650 2514/2121/645
f 2530/2137/650 2529/2136/650 2515/2122/645
f 2531/2138/650 2530/2137/650 2516/2123/645
f 2532/2139/650 2531/2138/650 2517/2124/645
f 2520/2127/646 2534/2141/651 2533/2140/651
f 2521/2128/646 2535/2142/651 2534/2141/651
f 2522/2129/646 2536/2143/651 2535/2142/651
f 2523/2130/647 2537/2144/651 2536/2143/651
f 2524/2132/646 2538/2146/651 2537/2144/651
f 2525/2145/652 2539/2159/658 2538/2146/651
f 2540/2147/653 2539/2159/658 2525/2145/652
f 2541/2148/654 2540/2147/653 2526/2133/649
f 2542/2149/654 2541/2148/654 2527/2134/650
f 2543/2150/654 2542/2149/654 2528/2135/650
f 2544/2151/654 2543/2150/654 2529/2136/650
f 2545/2152/654 2544/2151/654 2530/2137/650
f 2546/2153/654 2545/2152/654 2531/2138/650
f 2534/2141/651 2548/2155/656 2547/2154/655
f 2535/2142/651 2549/2156/657 2548/2155/656
f 2536/2143/651 2550/2157/657 2549/2156/657
f 2537/2144/651 2551/2158/656 2550/2157/657
f 2538/2146/651 2552/2160/657 2551/2158/656
f 2539/2159/658 2553/2173/665 2552/2160/657
f 2554/2161/659 2553/2173/665 2539/2159/658
f 2555/2162/660 2554/2161/659 2540/2147/653
f 2556/2163/661 2555/2162/660 2541/2148/654
f 2557/2164/660 2556/2163/661 2542/2149/654
f 2558/2165/660 2557/2164/660 2543/2150/654
f 2559/2166/661 2558/2165/660 2544/2151/654
f 2560/2167/662 2559/2166/661 2545/2152/654
f 2548/2155/656 2562/2169/664 2561/2168/663
f 2549/2156/657 2563/2170/663 2562/2169/664
f 2550/2157/657 2564/2171/664 2563/2170/663
f 2551/2158/656 2565/2172/664 2564/2171/664
f 2552/2160/657 2566/2174/664 2565/2172/664
f 2553/2173/665 2567/2187/671 2566/2174/664
f 2568/2175/666 2567/2187/671 2553/2173/665
f 2569/2176/667 2568/2175/666 2554/2161/659
f 2570/2177/667 2569/2176/667 2555/2162/660
f 2571/2178/667 2570/2177/667 2556/2163/661
f 2572/2179/668 2571/2178/667 2557/2164/660
f 2573/2180/667 2572/2179/668 2558/2165/660
f 2574/2181/668 2573/2180/667 2559/2166/661
f 2562/2169/664 2576/2183/669 2575/2182/669
f 2563/2170/663 2577/2184/669 2576/2183/669
f 2564/2171/664 2578/2185/670 2577/2184/669
f 2565/2172/664 2579/2186/669 2578/2185/670
f 2566/2174/664 2580/2188/670 2579/2186/669
f 2567/2187/671 2581/2201/677 2580/2188/670
f 2582/2189/672 2581/2201/677 2567/2187/671
f 2583/2190/673 2582/2189/672 2568/2175/666
f 2584/2191/674 2583/2190/673 2569/2176/667
f 2585/2192/673 2584/2191/674 2570/2177/667
f 2586/2193/674 2585/2192/673 2571/2178/667
f 2587/2194/674 2586/2193/674 2572/2179/668
f 2588/2195/674 2587/2194/674 2573/2180/667
f 2576/2183/669 2590/2197/676 2589/2196/675
f 2577/2184/669 2591/2198/675 2590/2197/676
f 2578/2185/670 2592/2199/676 2591/2198/675
f 2579/2186/669 2593/2200/676 2592/2199/676
f 2580/2188/670 2594/2202/676 2593/2200/676
f 2581/2201/677 2595/2215/682 2594/2202/676
f 2596/2203/678 2595/2215/682 2581/2201/677
f 2597/2204/679 2596/2203/678 2582/2189/672
f 2598/2205/679 2597/2204/679 2583/2190/673
f 2599/2206/679 2598/2205/679 2584/2191/674
f 2600/2207/680 2599/2206/679 2585/2192/673
f 2601/2208/679 2600/2207/680 2586/2193/674
f 2602/2209/680 2601/2208/679 2587/2194/674
f 2590/2197/676 2604/2211/681 2603/2210/681
f 2591/2198/675 2605/2212/681 2604/2211/681
f 2592/2199/676 2606/2213/681 2605/2212/681
f 2593/2200/676 2607/2214/681 2606/2213/681
f 2594/2202/676 2608/2216/681 2607/2214/681
f 2595/2215/682 2609/2229/686 2608/2216/681
f 2610/2217/683 2609/2229/686 2595/2215/682
f 2611/2218/684 2610/2217/683 2596/2203/678
f 2612/2219/684 2611/2218/684 2597/2204/679
f 2613/2220/684 2612/2219/684 2598/2205/679
f 2614/2221/684 2613/2220/684 2599/2206/679
f 2615/2222/684 2614/2221/684 2600/2207/680
f 2616/2223/684 2615/2222/684 2601/2208/679
f 2604/2211/681 2618/2225/685 2617/2224/685
f 2605/2212/681 2619/2226/685 2618/2225/685
f 2606/2213/681 2620/2227/685 2619/2226/685
f 2607/2214/681 2621/2228/685 2620/2227/685
f 2608/2216/681 2622/2230/685 2621/2228/685
f 2609/2229/686 2623/2243/690 2622/2230/685
f 2624/2231/687 2623/2243/690 2609/2229/686
f 2625/2232/688 2624/2231/687 2610/2217/683
f 2626/2233/688 2625/2232/688 2611/2218/684
f 2627/2234/688 2626/2233/688 2612/2219/684
f 2628/2235/688 2627/2234/688 2613/2220/684
f 2629/2236/688 2628/2235/688 2614/2221/684
f 2630/2237/688 2629/2236/688 2615/2222/684
f 2618/2225/685 2632/2239/689 2631/2238/689
f 2619/2226/685 2633/2240/689 2632/2239/689
f 2620/2227/685 2634/2241/689 2633/2240/689
f 2621/2228/685 2635/2242/689 2634/2241/689
f 2622/2230/685 2636/2244/689 2635/2242/689
f 2623/2243/690 2637/2258/695 2636/2244/689
f 2638/2245/691 2637/2258/695 2623/2243/690
f 2639/2246/692 2638/2245/691 2624/2231/687
f 2640/2247/692 2639/2246/692 2625/2232/688
f 2641/2248/692 2640/2247/692 2626/2233/688
f 2642/2249/692 2641/2248/692 2627/2234/688
f 2643/2250/692 2642/2249/692 2628/2235/688
f 2644/2251/692 2643/2250/692 2629/2236/688
f 2646/2252/693 2645/2266/693 2631/2238/689
f 2647/2253/693 2646/2252/693 2632/2239/689
f 2648/2254/693 2647/2253/693 2633/2240/689
f 2649/2255/693 2648/2254/693 2634/2241/689
f 2650/2256/693 2649/2255/693 2635/2242/689
f 2651/2257/694 2650/2256/693 2636/2244/689
f 2652/2259/696 2651/2257/694 2637/2258/695
f 2639/2246/692 2653/2260/697 2652/2259/696
f 2640/2247/692 2654/2261/697 2653/2260/697
f 2641/2248/692 2655/2262/697 2654/2261/697
f 2642/2249/692 2656/2263/697 2655/2262/697
f 2643/2250/692 2657/2264/697 2656/2263/697
f 2644/2251/692 2658/2277/697 2657/2264/697
f 2660/2265/698 2659/2280/699 2645/2266/693
f 2661/2267/698 2660/2265/698 2646/2252/693
f 2662/2268/699 2661/2267/698 2647/2253/693
f 2663/2269/699 2662/2268/699 2648/2254/693
f 2664/2270/699 2663/2269/699 2649/2255/693
f 2665/2271/700 2664/2270/699 2650/2256/693
f 2666/2272/701 2665/2271/700 2651/2257/694
f 2653/2260/697 2667/2273/702 2666/2272/701
f 2654/2261/697 2668/2274/702 2667/2273/702
f 2655/2262/697 2669/2275/702 2668/2274/702
f 2656/2263/697 2670/2276/703 2669/2275/702
f 2657/2264/697 2671/2278/703 2670/2276/703
f 2658/2277/697 2672/2293/702 2671/2278/703
f 2660/2265/698 2674/2281/705 2673/2279/704
f 2661/2267/698 2675/2282/705 2674/2281/705
f 2662/2268/699 2676/2283/705 2675/2282/705
f 2663/2269/699 2677/2284/705 2676/2283/705
f 2664/2270/699 2678/2285/705 2677/2284/705
f 2665/2271/700 2679/2299/711 2678/2285/705
f 2680/2286/706 2679/2299/711 2665/2271/700
f 2681/2287/707 2680/2286/706 2666/2272/701
f 2682/2288/707 2681/2287/707 2667/2273/702
f 2683/2289/707 2682/2288/707 2668/2274/702
f 2684/2290/707 2683/2289/707 2669/2275/702
f 2685/2291/707 2684/2290/707 2670/2276/703
f 2686/2292/708 2685/2291/707 2671/2278/703
f 2674/2281/705 2688/2295/709 2687/2294/709
f 2675/2282/705 2689/2296/709 2688/2295/709
f 2676/2283/705 2690/2297/710 2689/2296/709
f 2677/2284/705 2691/2298/709 2690/2297/710
f 2678/2285/705 2692/2300/709 2691/2298/709
f 2679/2299/711 2693/2313/716 2692/2300/709
f 2694/2301/712 2693/2313/716 2679/2299/711
f 2695/2302/713 2694/2301/712 2680/2286/706
f 2696/2303/713 2695/2302/713 2681/2287/707
f 2697/2304/714 2696/2303/713 2682/2288/707
f 2698/2305/713 2697/2304/714 2683/2289/707
f 2699/2306/713 2698/2305/713 2684/2290/707
f 2700/2307/713 2699/2306/713 2685/2291/707
f 2688/2295/709 2702/2309/715 2701/2308/715
f 2689/2296/709 2703/2310/715 2702/2309/715
f 2690/2297/710 2704/2311/715 2703/2310/715
f 2691/2298/709 2705/2312/715 2704/2311/715
f 2692/2300/709 2706/2314/715 2705/2312/715
f 2693/2313/716 2707/2327/720 2706/2314/715
f 2708/2315/717 2707/2327/720 2693/2313/716
f 2709/2316/718 2708/2315/717 2694/2301/712
f 2710/2317/718 2709/2316/718 2695/2302/713
f 2711/2318/718 2710/2317/718 2696/2303/713
f 2712/2319/718 2711/2318/718 2697/2304/714
f 2713/2320/718 2712/2319/718 2698/2305/713
f 2714/2321/718 2713/2320/718 2699/2306/713
f 2702/2309/715 2716/2323/719 2715/2322/719
f 2703/2310/715 2717/2324/719 2716/2323/719
f 2704/2311/715 2718/2325/719 2717/2324/719
f 2705/2312/715 2719/2326/719 2718/2325/719
f 2706/2314/715 2720/2328/719 2719/2326/719
f 2707/2327/720 2721/2341/725 2720/2328/719
f 2722/2329/721 2721/2341/725 2707/2327/720
f 2723/2330/722 2722/2329/721 2708/2315/717
f 2724/2331/722 2723/2330/722 2709/2316/718
f 2725/2332/722 2724/2331/722 2710/2317/718
f 2726/2333/722 2725/2332/722 2711/2318/718
f 2727/2334/722 2726/2333/722 2712/2319/718
f 2728/2335/722 2727/2334/722 2713/2320/718
f 2716/2323/719 2730/2337/724 2729/2336/723
f 2717/2324/719 2731/2338/723 2730/2337/724
f 2718/2325/719 2732/2339/723 2731/2338/723
f 2719/2326/719 2733/2340/724 2732/2339/723
f 2720/2328/719 2734/2342/724 2733/2340/724
f 2721/2341/725 2735/2355/731 2734/2342/724
f 2736/2343/726 2735/2355/731 2721/2341/725
f 2737/2344/727 2736/2343/726 2722/2329/721
f 2738/2345/727 2737/2344/727 2723/2330/722
f 2739/2346/728 2738/2345/727 2724/2331/722
f 2740/2347/728 2739/2346/728 2725/2332/722
f 2741/2348/727 2740/2347/728 2726/2333/722
f 2742/2349/727 2741/2348/727 2727/2334/722
f 2730/2337/724 2744/2351/729 2743/2350/729
f 2731/2338/723 2745/2352/729 2744/2351/729
f 2732/2339/723 2746/2353/730 2745/2352/729
f 2733/2340/724 2747/2354/729 2746/2353/730
f 2734/2342/724 2748/2356/729 2747/2354/729
f 2735/2355/731 2749/2369/736 2748/2356/729
f 2750/2357/732 2749/2369/736 2735/2355/731
f 2751/2358/733 2750/2357/732 2736/2343/726
f 2752/2359/733 2751/2358/733 2737/2344/727
f 2753/2360/734 2752/2359/733 2738/2345/727
f 2754/2361/733 2753/2360/734 2739/2346/728
f 2755/2362/733 2754/2361/733 2740/2347/728
f 2756/2363/734 2755/2362/733 2741/2348/727
f 2744/2351/729 2758/2365/735 2757/2364/735
f 2745/2352/729 2759/2366/735 2758/2365/735
f 2746/2353/730 2760/2367/735 2759/2366/735
f 2747/2354/729 2761/2368/735 2760/2367/735
f 2748/2356/729 2762/2370/735 2761/2368/735
f 2749/2369/736 2763/2383/740 2762/2370/735
f 2764/2371/737 2763/2383/740 2749/2369/736
f 2765/2372/738 2764/2371/737 2750/2357/732
f 2766/2373/738 2765/2372/738 2751/2358/733
f 2767/2374/738 2766/2373/738 2752/2359/733
f 2768/2375/738 2767/2374/738 2753/2360/734
f 2769/2376/738 2768/2375/738 2754/2361/733
f 2770/2377/738 2769/2376/738 2755/2362/733
f 2758/2365/735 2772/2379/739 2771/2378/739
f 2759/2366/735 2773/2380/739 2772/2379/739
f 2760/2367/735 2774/2381/739 2773/2380/739
f 2761/2368/735 2775/2382/739 2774/2381/739
f 2762/2370/735 2776/2384/739 2775/2382/739
f 2763/2383/740 2777/2397/744 2776/2384/739
f 2778/2385/741 2777/2397/744 2763/2383/740
f 2779/2386/742 2778/2385/741 2764/2371/737
f 2780/2387/742 2779/2386/742 2765/2372/738
f 2781/2388/742 2780/2387/742 2766/2373/738
f 2782/2389/742 2781/2388/742 2767/2374/738
f 2783/2390/742 2782/2389/742 2768/2375/738
f 2784/2391/742 2783/2390/742 2769/2376/738
f 2772/2379/739 2786/2393/743 2785/2392/743
f 2773/2380/739 2787/2394/743 2786/2393/743
f 2774/2381/739 2788/2395/743 2787/2394/743
f 2775/2382/739 2789/2396/743 2788/2395/743
f 2776/2384/739 2790/2398/743 2789/2396/743
f 2777/2397/744 2791/2411/748 2790/2398/743
f 2792/2399/745 2791/2411/748 2777/2397/744
f 2793/2400/746 2792/2399/745 2778/2385/741
f 2794/2401/746 2793/2400/746 2779/2386/742
f 2795/2402/746 2794/2401/746 2780/2387/742
f 2796/2403/746 2795/2402/746 2781/2388/742
f 2797/2404/746 2796/2403/746 2782/2389/742
f 2798/2405/746 2797/2404/746 2783/2390/742
f 2786/2393/743 2800/2407/747 2799/2406/747
f 2787/2394/743 2801/2408/747 2800/2407/747
f 2788/2395/743 2802/2409/747 2801/2408/747
f 2789/2396/743 2803/2410/747 2802/2409/747
f 2790/2398/743 2804/2412/747 2803/2410/747
f 2791/2411/748 2805/2425/752 2804/2412/747
f 2806/2413/749 2805/2425/752 2791/2411/748
f 2807/2414/750 2806/2413/749 2792/2399/745
f 2808/2415/750 2807/2414/750 2793/2400/746
f 2809/2416/750 2808/2415/750 2794/2401/746
f 2810/2417/750 2809/2416/750 2795/2402/746
f 2811/2418/750 2810/2417/750 2796/2403/746
f 2812/2419/750 2811/2418/750 2797/2404/746
f 2800/2407/747 2814/2421/751 2813/2420/751
f 2801/2408/747 2815/2422/751 2814/2421/751
f 2802/2409/747 2816/2423/751 2815/2422/751
f 2803/2410/747 2817/2424/751 2816/2423/751
f 2804/2412/747 2818/2426/751 2817/2424/751
f 2805/2425/752 2819/2439/756 2818/2426/751
f 2820/2427/753 2819/2439/756 2805/2425/752
f 2821/2428/754 2820/2427/753 2806/2413/749
f 2822/2429/754 2821/2428/754 2807/2414/750
f 2823/2430/754 2822/2429/754 2808/2415/750
f 2824/2431/754 2823/2430/754 2809/2416/750
f 2825/2432/754 2824/2431/754 2810/2417/750
f 2826/2433/754 2825/2432/754 2811/2418/750
f 2814/2421/751 2828/2435/755 2827/2434/755
f 2815/2422/751 2829/2436/755 2828/2435/755
f 2816/2423/751 2830/2437/755 2829/2436/755
f 2817/2424/751 2831/2438/755 2830/2437/755
f 2818/2426/751 2832/2440/755 2831/2438/755
f 2819/2439/756 2833/2453/761 2832/2440/755
f 2834/2441/757 2833/2453/761 2819/2439/756
f 2835/2442/758 2834/2441/757 2820/2427/753
f 2836/2443/758 2835/2442/758 2821/2428/754
f 2837/2444/758 2836/2443/758 2822/2429/754
f 2838/2445/758 2837/2444/758 2823/2430/754
f 2839/2446/758 2838/2445/758 2824/2431/754
f 2840/2447/758 2839/2446/758 2825/2432/754
f 2828/2435/755 2842/2449/759 2841/2448/759
f 2829/2436/755 2843/2450/760 2842/2449/759
f 2830/2437/755 2844/2451/759 2843/2450/760
f 2831/2438/755 2845/2452/759 2844/2451/759
f 2832/2440/755 2846/2454/759 2845/2452/759
f 2833/2453/761 2847/2467/767 2846/2454/759
f 2848/2455/762 2847/2467/767 2833/2453/761
f 2849/2456/763 2848/2455/762 2834/2441/757
f 2850/2457/763 2849/2456/763 2835/2442/758
f 2851/2458/763 2850/2457/763 2836/2443/758
f 2852/2459/764 2851/2458/763 2837/2444/758
f 2853/2460/763 2852/2459/764 2838/2445/758
f 2854/2461/763 2853/2460/763 2839/2446/758
f 2842/2449/759 2856/2463/766 2855/2462/765
f 2843/2450/760 2857/2464/765 2856/2463/766
f 2844/2451/759 2858/2465/766 2857/2464/765
f 2845/2452/759 2859/2466/765 2858/2465/766
f 2846/2454/759 2860/2468/766 2859/2466/765
f 2847/2467/767 2861/2481/772 2860/2468/766
f 2862/2469/768 2861/2481/772 2847/2467/767
f 2863/2470/769 2862/2469/768 2848/2455/762
f 2864/2471/769 2863/2470/769 2849/2456/763
f 2865/2472/769 2864/2471/769 2850/2457/763
f 2866/2473/770 2865/2472/769 2851/2458/763
f 2867/2474/769 2866/2473/770 2852/2459/764
f 2868/2475/770 2867/2474/769 2853/2460/763
f 2856/2463/766 2870/2477/771 2869/2476/771
f 2857/2464/765 2871/2478/771 2870/2477/771
f 2858/2465/766 2872/2479/771 2871/2478/771
f 2859/2466/765 2873/2480/771 2872/2479/771
f 2860/2468/766 2874/2482/771 2873/2480/771
f 2861/2481/772 2875/2495/776 2874/2482/771
f 2876/2483/773 2875/2495/776 2861/2481/772
f 2877/2484/774 2876/2483/773 2862/2469/768
f 2878/2485/774 2877/2484/774 2863/2470/769
f 2879/2486/774 2878/2485/774 2864/2471/769
f 2880/2487/774 2879/2486/774 2865/2472/769
f 2881/2488/774 2880/2487/774 2866/2473/770
f 2882/2489/774 2881/2488/774 2867/2474/769
f 2870/2477/771 2884/2491/775 2883/2490/775
f 2871/2478/771 2885/2492/775 2884/2491/775
f 2872/2479/771 2886/2493/775 2885/2492/775
f 2873/2480/771 2887/2494/775 2886/2493/775
f 2874/2482/771 2888/2496/775 2887/2494/775
f 2875/2495/776 2889/2510/781 2888/2496/775
f 2890/2497/777 2889/2510/781 2875/2495/776
f 2891/2498/778 2890/2497/777 2876/2483/773
f 2892/2499/778 2891/2498/778 2877/2484/774
f 2893/2500/778 2892/2499/778 2878/2485/774
f 2894/2501/778 2893/2500/778 2879/2486/774
f 2895/2502/778 2894/2501/778 2880/2487/774
f 2896/2503/778 2895/2502/778 2881/2488/774
f 2884/2491/775 2898/2505/779 2897/2504/779
f 2885/2492/775 2899/2506/779 2898/2505/779
f 2886/2493/775 2900/2507/779 2899/2506/779
f 2887/2494/775 2901/2508/779 2900/2507/779
f 2888/2496/775 2902/2521/779 2901/2508/779
f 2903/2509/780 2902/2521/779 2888/2496/775
f 2904/2511/782 2903/2509/780 2889/2510/781
f 2891/2498/778 2905/2524/783 2904/2511/782
f 2906/2512/783 2905/2524/783 2891/2498/778
f 2907/2513/783 2906/2512/783 2892/2499/778
f 2894/2501/778 2908/2527/783 2907/2513/783
f 2909/2514/783 2908/2527/783 2894/2501/778
f 2910/2515/783 2909/2514/783 2895/2502/778
f 2912/2516/784 2911/2532/784 2897/2504/779
f 2913/2517/784 2912/2516/784 2898/2505/779
f 2914/2518/784 2913/2517/784 2899/2506/779
f 2915/2519/784 2914/2518/784 2900/2507/779
f 2916/2520/784 2915/2519/784 2901/2508/779
f 2917/2522/785 2916/2520/784 2902/2521/779
f 2918/2523/786 2917/2522/785 2903/2509/780
f 2905/2524/783 2919/2525/787 2918/2523/786
f 2906/2512/783 2920/2526/787 2919/2525/787
f 2907/2513/783 2921/2528/787 2920/2526/787
f 2908/2527/783 2922/2529/787 2921/2528/787
f 2909/2514/783 2923/2530/787 2922/2529/787
f 2910/2515/783 2924/2543/787 2923/2530/787
f 2926/2531/788 2925/2546/788 2911/2532/784
f 2927/2533/788 2926/2531/788 2912/2516/784
f 2928/2534/788 2927/2533/788 2913/2517/784
f 2929/2535/788 2928/2534/788 2914/2518/784
f 2930/2536/788 2929/2535/788 2915/2519/784
f 2931/2537/789 2930/2536/788 2916/2520/784
f 2932/2538/790 2931/2537/789 2917/2522/785
f 2919/2525/787 2933/2539/791 2932/2538/790
f 2920/2526/787 2934/2540/791 2933/2539/791
f 2921/2528/787 2935/2541/791 2934/2540/791
f 2922/2529/787 2936/2542/791 2935/2541/791
f 2923/2530/787 2937/2544/791 2936/2542/791
f 2924/2543/787 2938/2557/791 2937/2544/791
f 2940/2545/792 2939/2560/792 2925/2546/788
f 2941/2547/793 2940/2545/792 2926/2531/788
f 2942/2548/792 2941/2547/793 2927/2533/788
f 2943/2549/792 2942/2548/792 2928/2534/788
f 2944/2550/792 2943/2549/792 2929/2535/788
f 2945/2551/794 2944/2550/792 2930/2536/788
f 2946/2552/795 2945/2551/794 2931/2537/789
f 2933/2539/791 2947/2553/796 2946/2552/795
f 2934/2540/791 2948/2554/796 2947/2553/796
f 2935/2541/791 2949/2555/796 2948/2554/796
f 2936/2542/791 2950/2556/796 2949/2555/796
f 2937/2544/791 2951/2558/796 2950/2556/796
f 2938/2557/791 2952/2571/796 2951/2558/796
f 2954/2559/797 2953/2574/802 2939/2560/792
f 2955/2561/797 2954/2559/797 2940/2545/792
f 2956/2562/797 2955/2561/797 2941/2547/793
f 2957/2563/797 2956/2562/797 2942/2548/792
f 2958/2564/797 2957/2563/797 2943/2549/792
f 2959/2565/798 2958/2564/797 2944/2550/792
f 2960/2566/799 2959/2565/798 2945/2551/794
f 2947/2553/796 2961/2567/800 2960/2566/799
f 2948/2554/796 2962/2568/800 2961/2567/800
f 2949/2555/796 2963/2569/800 2962/2568/800
f 2950/2556/796 2964/2570/800 2963/2569/800
f 2951/2558/796 2965/2572/800 2964/2570/800
f 2952/2571/796 2966/2585/806 2965/2572/800
f 2968/2573/801 2967/2588/801 2953/2574/802
f 2969/2575/801 2968/2573/801 2954/2559/797
f 2970/2576/801 2969/2575/801 2955/2561/797
f 2971/2577/801 2970/2576/801 2956/2562/797
f 2972/2578/801 2971/2577/801 2957/2563/797
f 2973/2579/803 2972/2578/801 2958/2564/797
f 2974/2580/804 2973/2579/803 2959/2565/798
f 2961/2567/800 2975/2581/805 2974/2580/804
f 2962/2568/800 2976/2582/805 2975/2581/805
f 2963/2569/800 2977/2583/805 2976/2582/805
f 2964/2570/800 2978/2584/805 2977/2583/805
f 2965/2572/800 2979/2586/805 2978/2584/805
f 2966/2585/806 2980/2599/805 2979/2586/805
f 2982/2587/807 2981/2602/808 2967/2588/801
f 2983/2589/808 2982/2587/807 2968/2573/801
f 2984/2590/807 2983/2589/808 2969/2575/801
f 2985/2591/807 2984/2590/807 2970/2576/801
f 2986/2592/807 2985/2591/807 2971/2577/801
f 2987/2593/809 2986/2592/807 2972/2578/801
f 2988/2594/810 2987/2593/809 2973/2579/803
f 2975/2581/805 2989/2595/811 2988/2594/810
f 2976/2582/805 2990/2596/812 2989/2595/811
f 2977/2583/805 2991/2597/811 2990/2596/812
f 2978/2584/805 2992/2598/812 2991/2597/811
f 2979/2586/805 2993/2600/811 2992/2598/812
f 2980/2599/805 2994/2613/812 2993/2600/811
f 2996/2601/813 2995/2616/813 2981/2602/808
f 2997/2603/813 2996/2601/813 2982/2587/807
f 2998/2604/813 2997/2603/813 2983/2589/808
f 2999/2605/813 2998/2604/813 2984/2590/807
f 3000/2606/813 2999/2605/813 2985/2591/807
f 3001/2607/814 3000/2606/813 2986/2592/807
f 3002/2608/815 3001/2607/814 2987/2593/809
f 2989/2595/811 3003/2609/816 3002/2608/815
f 2990/2596/812 3004/2610/816 3003/2609/816
f 2991/2597/811 3005/2611/816 3004/2610/816
f 2992/2598/812 3006/2612/816 3005/2611/816
f 2993/2600/811 3007/2614/816 3006/2612/816
f 2994/2613/812 3008/2627/816 3007/2614/816
f 3010/2615/817 3009/2630/817 2995/2616/813
f 3011/2617/817 3010/2615/817 2996/2601/813
f 3012/2618/817 3011/2617/817 2997/2603/813
f 3013/2619/817 3012/2618/817 2998/2604/813
f 3014/2620/817 3013/2619/817 2999/2605/813
f 3015/2621/818 3014/2620/817 3000/2606/813
f 3016/2622/819 3015/2621/818 3001/2607/814
f 3003/2609/816 3017/2623/820 3016/2622/819
f 3004/2610/816 3018/2624/820 3017/2623/820
f 3005/2611/816 3019/2625/820 3018/2624/820
f 3006/2612/816 3020/2626/820 3019/2625/820
f 3007/2614/816 3021/2628/820 3020/2626/820
f 3008/2627/816 3022/2643/820 3021/2628/820
f 3010/2615/817 3024/2631/821 3023/2629/821
f 3011/2617/817 3025/2632/821 3024/2631/821
f 3012/2618/817 3026/2633/821 3025/2632/821
f 3013/2619/817 3027/2634/821 3026/2633/821
f 3014/2620/817 3028/2635/821 3027/2634/821
f 3015/2621/818 3029/2649/826 3028/2635/821
f 3030/2636/822 3029/2649/826 3015/2621/818
f 3031/2637/823 3030/2636/822 3016/2622/819
f 3032/2638/823 3031/2637/823 3017/2623/820
f 3033/2639/823 3032/2638/823 3018/2624/820
f 3034/2640/823 3033/2639/823 3019/2625/820
f 3035/2641/823 3034/2640/823 3020/2626/820
f 3036/2642/824 3035/2641/823 3021/2628/820
f 3024/2631/821 3038/2645/825 3037/2644/825
f 3025/2632/821 3039/2646/825 3038/2645/825
f 3026/2633/821 3040/2647/825 3039/2646/825
f 3027/2634/821 3041/2648/825 3040/2647/825
f 3028/2635/821 3042/2650/825 3041/2648/825
f 3029/2649/826 3043/2663/831 3042/2650/825
f 3044/2651/827 3043/2663/831 3029/2649/826
f 3045/2652/828 3044/2651/827 3030/2636/822
f 3046/2653/828 3045/2652/828 3031/2637/823
f 3047/2654/828 3046/2653/828 3032/2638/823
f 3048/2655/828 3047/2654/828 3033/2639/823
f 3049/2656/828 3048/2655/828 3034/2640/823
f 3050/2657/829 3049/2656/828 3035/2641/823
f 3038/2645/825 3052/2659/830 3051/2658/830
f 3039/2646/825 3053/2660/830 3052/2659/830
f 3040/2647/825 3054/2661/830 3053/2660/830
f 3041/2648/825 3055/2662/830 3054/2661/830
f 3042/2650/825 3056/2664/830 3055/2662/830
f 3043/2663/831 3057/2677/835 3056/2664/830
f 3058/2665/832 3057/2677/835 3043/2663/831
f 3059/2666/833 3058/2665/832 3044/2651/827
f 3060/2667/833 3059/2666/833 3045/2652/828
f 3061/2668/833 3060/2667/833 3046/2653/828
f 3062/2669/833 3061/2668/833 3047/2654/828
f 3063/2670/833 3062/2669/833 3048/2655/828
f 3064/2671/833 3063/2670/833 3049/2656/828
f 3052/2659/830 3066/2673/834 3065/2672/834
f 3053/2660/830 3067/2674/834 3066/2673/834
f 3054/2661/830 3068/2675/834 3067/2674/834
f 3055/2662/830 3069/2676/834 3068/2675/834
f 3056/2664/830 3070/2678/836 3069/2676/834
f 3057/2677/835 3071/2691/841 3070/2678/836
f 3072/2679/837 3071/2691/841 3057/2677/835
f 3073/2680/838 3072/2679/837 3058/2665/832
f 3074/2681/839 3073/2680/838 3059/2666/833
f 3075/2682/839 3074/2681/839 3060/2667/833
f 3076/2683/839 3075/2682/839 3061/2668/833
f 3077/2684/839 3076/2683/839 3062/2669/833
f 3078/2685/839 3077/2684/839 3063/2670/833
f 3066/2673/834 3080/2687/840 3079/2686/840
f 3067/2674/834 3081/2688/840 3080/2687/840
f 3068/2675/834 3082/2689/840 3081/2688/840
f 3069/2676/834 3083/2690/840 3082/2689/840
f 3070/2678/836 3084/2692/840 3083/2690/840
f 3071/2691/841 3085/2705/846 3084/2692/840
f 3086/2693/842 3085/2705/846 3071/2691/841
f 3087/2694/843 3086/2693/842 3072/2679/837
f 3088/2695/843 3087/2694/843 3073/2680/838
f 3089/2696/843 3088/2695/843 3074/2681/839
f 3090/2697/843 3089/2696/843 3075/2682/839
f 3091/2698/843 3090/2697/843 3076/2683/839
f 3092/2699/843 3091/2698/843 3077/2684/839
f 3080/2687/840 3094/2701/845 3093/2700/844
f 3081/2688/840 3095/2702/845 3094/2701/845
f 3082/2689/840 3096/2703/845 3095/2702/845
f 3083/2690/840 3097/2704/845 3096/2703/845
f 3084/2692/840 3098/2706/845 3097/2704/845
f 3085/2705/846 3099/2719/853 3098/2706/845
f 3100/2707/847 3099/2719/853 3085/2705/846
f 3101/2708/848 3100/2707/847 3086/2693/842
f 3102/2709/848 3101/2708/848 3087/2694/843
f 3103/2710/848 3102/2709/848 3088/2695/843
f 3104/2711/848 3103/2710/848 3089/2696/843
f 3105/2712/848 3104/2711/848 3090/2697/843
f 3106/2713/849 3105/2712/848 3091/2698/843
f 3094/2701/845 3108/2715/851 3107/2714/850
f 3095/2702/845 3109/2716/851 3108/2715/851
f 3096/2703/845 3110/2717/852 3109/2716/851
f 3097/2704/845 3111/2718/851 3110/2717/852
f 3098/2706/845 3112/2720/852 3111/2718/851
f 3099/2719/853 3113/2733/860 3112/2720/852
f 3114/2721/854 3113/2733/860 3099/2719/853
f 3115/2722/855 3114/2721/854 3100/2707/847
f 3116/2723/856 3115/2722/855 3101/2708/848
f 3117/2724/855 3116/2723/856 3102/2709/848
f 3118/2725/856 3117/2724/855 3103/2710/848
f 3119/2726/856 3118/2725/856 3104/2711/848
f 3120/2727/857 3119/2726/856 3105/2712/848
f 3108/2715/851 3122/2729/859 3121/2728/858
f 3109/2716/851 3123/2730/859 3122/2729/859
f 3110/2717/852 3124/2731/859 3123/2730/859
f 3111/2718/851 3125/2732/859 3124/2731/859
f 3112/2720/852 3126/2734/859 3125/2732/859
f 3113/2733/860 3127/2747/865 3126/2734/859
f 3128/2735/861 3127/2747/865 3113/2733/860
f 3129/2736/862 3128/2735/861 3114/2721/854
f 3130/2737/862 3129/2736/862 3115/2722/855
f 3131/2738/862 3130/2737/862 3116/2723/856
f 3132/2739/862 3131/2738/862 3117/2724/855
f 3133/2740/862 3132/2739/862 3118/2725/856
f 3134/2741/863 3133/2740/862 3119/2726/856
f 3122/2729/859 3136/2743/864 3135/2742/864
f 3123/2730/859 3137/2744/864 3136/2743/864
f 3124/2731/859 3138/2745/864 3137/2744/864
f 3125/2732/859 3139/2746/864 3138/2745/864
f 3126/2734/859 3140/2748/864 3139/2746/864
f 3127/2747/865 3141/2761/870 3140/2748/864
f 3142/2749/866 3141/2761/870 3127/2747/865
f 3143/2750/867 3142/2749/866 3128/2735/861
f 3144/2751/867 3143/2750/867 3129/2736/862
f 3145/2752/867 3144/2751/867 3130/2737/862
f 3146/2753/867 3145/2752/867 3131/2738/862
f 3147/2754/867 3146/2753/867 3132/2739/862
f 3148/2755/867 3147/2754/867 3133/2740/862
f 3136/2743/864 3150/2757/868 3149/2756/868
f 3137/2744/864 3151/2758/869 3150/2757/868
f 3138/2745/864 3152/2759/868 3151/2758/869
f 3139/2746/864 3153/2760/868 3152/2759/868
f 3140/2748/864 3154/2762/869 3153/2760/868
f 3141/2761/870 3155/2775/875 3154/2762/869
f 3156/2763/871 3155/2775/875 3141/2761/870
f 3157/2764/872 3156/2763/871 3142/2749/866
f 3158/2765/873 3157/2764/872 3143/2750/867
f 3159/2766/873 3158/2765/873 3144/2751/867
f 3160/2767/872 3159/2766/873 3145/2752/867
f 3161/2768/873 3160/2767/872 3146/2753/867
f 3162/2769/873 3161/2768/873 3147/2754/867
f 3150/2757/868 3164/2771/874 3163/2770/874
f 3151/2758/869 3165/2772/874 3164/2771/874
f 3152/2759/868 3166/2773/874 3165/2772/874
f 3153/2760/868 3167/2774/874 3166/2773/874
f 3154/2762/869 3168/2776/874 3167/2774/874
f 3155/2775/875 3169/2789/880 3168/2776/874
f 3170/2777/876 3169/2789/880 3155/2775/875
f 3171/2778/877 3170/2777/876 3156/2763/871
f 3172/2779/877 3171/2778/877 3157/2764/872
f 3173/2780/877 3172/2779/877 3158/2765/873
f 3174/2781/877 3173/2780/877 3159/2766/873
f 3175/2782/877 3174/2781/877 3160/2767/872
f 3176/2783/877 3175/2782/877 3161/2768/873
f 3164/2771/874 3178/2785/879 3177/2784/878
f 3165/2772/874 3179/2786/878 3178/2785/879
f 3166/2773/874 3180/2787/879 3179/2786/878
f 3167/2774/874 3181/2788/879 3180/2787/879
f 3168/2776/874 3182/2790/879 3181/2788/879
f 3169/2789/880 3183/2804/886 3182/2790/879
f 3184/2791/881 3183/2804/886 3169/2789/880
f 3185/2792/882 3184/2791/881 3170/2777/876
f 3186/2793/882 3185/2792/882 3171/2778/877
f 3187/2794/883 3186/2793/882 3172/2779/877
f 3188/2795/883 3187/2794/883 3173/2780/877
f 3189/2796/882 3188/2795/883 3174/2781/877
f 3190/2797/882 3189/2796/882 3175/2782/877
f 3192/2798/884 3191/2812/884 3177/2784/878
f 3193/2799/884 3192/2798/884 3178/2785/879
f 3194/2800/884 3193/2799/884 3179/2786/878
f 3195/2801/884 3194/2800/884 3180/2787/879
f 3196/2802/884 3195/2801/884 3181/2788/879
f 3197/2803/885 3196/2802/884 3182/2790/879
f 3198/2805/887 3197/2803/885 3183/2804/886
f 3185/2792/882 3199/2806/888 3198/2805/887
f 3186/2793/882 3200/2807/888 3199/2806/888
f 3187/2794/883 3201/2808/888 3200/2807/888
f 3188/2795/883 3202/2809/888 3201/2808/888
f 3189/2796/882 3203/2810/888 3202/2809/888
f 3190/2797/882 3204/2823/888 3203/2810/888
f 3206/2811/889 3205/2826/889 3191/2812/884
f 3207/2813/889 3206/2811/889 3192/2798/884
f 3208/2814/889 3207/2813/889 3193/2799/884
f 3209/2815/889 3208/2814/889 3194/2800/884
f 3210/2816/889 3209/2815/889 3195/2801/884
f 3211/2817/890 3210/2816/889 3196/2802/884
f 3212/2818/891 3211/2817/890 3197/2803/885
f 3199/2806/888 3213/2819/892 3212/2818/891
f 3200/2807/888 3214/2820/892 3213/2819/892
f 3201/2808/888 3215/2821/892 3214/2820/892
f 3202/2809/888 3216/2822/892 3215/2821/892
f 3203/2810/888 3217/2824/892 3216/2822/892
f 3204/2823/888 3218/2839/892 3217/2824/892
f 3206/2811/889 3220/2827/894 3219/2825/893
f 3207/2813/889 3221/2828/894 3220/2827/894
f 3208/2814/889 3222/2829/894 3221/2828/894
f 3209/2815/889 3223/2830/894 3222/2829/894
f 3210/2816/889 3224/2831/894 3223/2830/894
f 3211/2817/890 3225/2845/899 3224/2831/894
f 3226/2832/895 3225/2845/899 3211/2817/890
f 3227/2833/896 3226/2832/895 3212/2818/891
f 3228/2834/896 3227/2833/896 3213/2819/892
f 3229/2835/896 3228/2834/896 3214/2820/892
f 3230/2836/896 3229/2835/896 3215/2821/892
f 3231/2837/896 3230/2836/896 3216/2822/892
f 3232/2838/897 3231/2837/896 3217/2824/892
f 3220/2827/894 3234/2841/898 3233/2840/898
f 3221/2828/894 3235/2842/898 3234/2841/898
f 3222/2829/894 3236/2843/898 3235/2842/898
f 3223/2830/894 3237/2844/898 3236/2843/898
f 3224/2831/894 3238/2846/898 3237/2844/898
f 3225/2845/899 3239/2859/903 3238/2846/898
f 3240/2847/900 3239/2859/903 3225/2845/899
f 3241/2848/901 3240/2847/900 3226/2832/895
f 3242/2849/901 3241/2848/901 3227/2833/896
f 3243/2850/901 3242/2849/901 3228/2834/896
f 3244/2851/901 3243/2850/901 3229/2835/896
f 3245/2852/901 3244/2851/901 3230/2836/896
f 3246/2853/901 3245/2852/901 3231/2837/896
f 3234/2841/898 3248/2855/902 3247/2854/902
f 3235/2842/898 3249/2856/902 3248/2855/902
f 3236/2843/898 3250/2857/902 3249/2856/902
f 3237/2844/898 3251/2858/902 3250/2857/902
f 3238/2846/898 3252/2860/902 3251/2858/902
f 3239/2859/903 3253/2873/907 3252/2860/902
f 3254/2861/904 3253/2873/907 3239/2859/903
f 3255/2862/905 3254/2861/904 3240/2847/900
f 3256/2863/905 3255/2862/905 3241/2848/901
f 3257/2864/905 3256/2863/905 3242/2849/901
f 3258/2865/905 3257/2864/905 3243/2850/901
f 3259/2866/905 3258/2865/905 3244/2851/901
f 3260/2867/905 3259/2866/905 3245/2852/901
f 3248/2855/902 3262/2869/906 3261/2868/906
f 3249/2856/902 3263/2870/906 3262/2869/906
f 3250/2857/902 3264/2871/906 3263/2870/906
f 3251/2858/902 3265/2872/906 3264/2871/906
f 3252/2860/902 3266/2874/906 3265/2872/906
f 3253/2873/907 3267/2887/912 3266/2874/906
f 3268/2875/908 3267/2887/912 3253/2873/907
f 3269/2876/909 3268/2875/908 3254/2861/904
f 3270/2877/909 3269/2876/909 3255/2862/905
f 3271/2878/909 3270/2877/909 3256/2863/905
f 3272/2879/909 3271/2878/909 3257/2864/905
f 3273/2880/909 3272/2879/909 3258/2865/905
f 3274/2881/909 3273/2880/909 3259/2866/905
f 3262/2869/906 3276/2883/911 3275/2882/910
f 3263/2870/906 3277/2884/911 3276/2883/911
f 3264/2871/906 3278/2885/911 3277/2884/911
f 3265/2872/906 3279/2886/911 3278/2885/911
f 3266/2874/906 3280/2888/911 3279/2886/911
f 3267/2887/912 3281/2901/917 3280/2888/911
f 3282/2889/913 3281/2901/917 3267/2887/912
f 3283/2890/914 3282/2889/913 3268/2875/908
f 3284/2891/914 3283/2890/914 3269/2876/909
f 3285/2892/914 3284/2891/914 3270/2877/909
f 3286/2893/914 3285/2892/914 3271/2878/909
f 3287/2894/914 3286/2893/914 3272/2879/909
f 3288/2895/915 3287/2894/914 3273/2880/909
f 3276/2883/911 3290/2897/916 3289/2896/916
f 3277/2884/911 3291/2898/916 3290/2897/916
f 3278/2885/911 3292/2899/916 3291/2898/916
f 3279/2886/911 3293/2900/916 3292/2899/916
f 3280/2888/911 3294/2902/916 3293/2900/916
f 3281/2901/917 3295/2915/922 3294/2902/916
f 3296/2903/918 3295/2915/922 3281/2901/917
f 3297/2904/919 3296/2903/918 3282/2889/913
f 3298/2905/919 3297/2904/919 3283/2890/914
f 3299/2906/919 3298/2905/919 3284/2891/914
f 3300/2907/919 3299/2906/919 3285/2892/914
f 3301/2908/919 3300/2907/919 3286/2893/914
f 3302/2909/919 3301/2908/919 3287/2894/914
f 3290/2897/916 3304/2911/921 3303/2910/920
f 3291/2898/916 3305/2912/921 3304/2911/921
f 3292/2899/916 3306/2913/921 3305/2912/921
f 3293/2900/916 3307/2914/921 3306/2913/921
f 3294/2902/916 3308/2916/921 3307/2914/921
f 3295/2915/922 3309/2929/927 3308/2916/921
f 3310/2917/923 3309/2929/927 3295/2915/922
f 3311/2918/924 3310/2917/923 3296/2903/918
f 3312/2919/924 3311/2918/924 3297/2904/919
f 3313/2920/924 3312/2919/924 3298/2905/919
f 3314/2921/924 3313/2920/924 3299/2906/919
f 3315/2922/924 3314/2921/924 3300/2907/919
f 3316/2923/925 3315/2922/924 3301/2908/919
f 3304/2911/921 3318/2925/926 3317/2924/926
f 3305/2912/921 3319/2926/926 3318/2925/926
f 3306/2913/921 3320/2927/926 3319/2926/926
f 3307/2914/921 3321/2928/926 3320/2927/926
f 3308/2916/921 3322/2930/926 3321/2928/926
f 3309/2929/927 3323/2943/931 3322/2930/926
f 3324/2931/928 3323/2943/931 3309/2929/927
f 3325/2932/929 3324/2931/928 3310/2917/923
f 3326/2933/929 3325/2932/929 3311/2918/924
f 3327/2934/929 3326/2933/929 3312/2919/924
f 3328/2935/929 3327/2934/929 3313/2920/924
f 3329/2936/929 3328/2935/929 3314/2921/924
f 3330/2937/929 3329/2936/929 3315/2922/924
f 3318/2925/926 3332/2939/930 3331/2938/930
f 3319/2926/926 3333/2940/930 3332/2939/930
f 3320/2927/926 3334/2941/930 3333/2940/930
f 3321/2928/926 3335/2942/930 3334/2941/930
f 3322/2930/926 3336/2944/930 3335/2942/930
f 3323/2943/931 3337/2958/936 3336/2944/930
f 3338/2945/932 3337/2958/936 3323/2943/931
f 3339/2946/933 3338/2945/932 3324/2931/928
f 3340/2947/933 3339/2946/933 3325/2932/929
f 3341/2948/933 3340/2947/933 3326/2933/929
f 3342/2949/933 3341/2948/933 3327/2934/929
f 3343/2950/933 3342/2949/933 3328/2935/929
f 3344/2951/933 3343/2950/933 3329/2936/929
f 3346/2952/934 3345/2966/934 3331/2938/930
f 3347/2953/934 3346/2952/934 3332/2939/930
f 3348/2954/934 3347/2953/934 3333/2940/930
f 3349/2955/934 3348/2954/934 3334/2941/930
f 3350/2956/934 3349/2955/934 3335/2942/930
f 3351/2957/935 3350/2956/934 3336/2944/930
f 3352/2959/937 3351/2957/935 3337/2958/936
f 3339/2946/933 3353/2960/938 3352/2959/937
f 3340/2947/933 3354/2961/938 3353/2960/938
f 3341/2948/933 3355/2962/938 3354/2961/938
f 3342/2949/933 3356/2963/938 3355/2962/938
f 3343/2950/933 3357/2964/938 3356/2963/938
f 3344/2951/933 3358/2977/938 3357/2964/938
f 3360/2965/939 3359/2980/939 3345/2966/934
f 3361/2967/939 3360/2965/939 3346/2952/934
f 3362/2968/939 3361/2967/939 3347/2953/934
f 3363/2969/939 3362/2968/939 3348/2954/934
f 3364/2970/939 3363/2969/939 3349/2955/934
f 3365/2971/940 3364/2970/939 3350/2956/934
f 3366/2972/941 3365/2971/940 3351/2957/935
f 3353/2960/938 3367/2973/942 3366/2972/941
f 3354/2961/938 3368/2974/942 3367/2973/942
f 3355/2962/938 3369/2975/942 3368/2974/942
f 3356/2963/938 3370/2976/942 3369/2975/942
f 3357/2964/938 3371/2978/942 3370/2976/942
f 3358/2977/938 3372/2991/942 3371/2978/942
f 3374/2979/943 3373/2994/943 3359/2980/939
f 3375/2981/943 3374/2979/943 3360/2965/939
f 3376/2982/943 3375/2981/943 3361/2967/939
f 3377/2983/943 3376/2982/943 3362/2968/939
f 3378/2984/943 3377/2983/943 3363/2969/939
f 3379/2985/944 3378/2984/943 3364/2970/939
f 3380/2986/945 3379/2985/944 3365/2971/940
f 3367/2973/942 3381/2987/946 3380/2986/945
f 3368/2974/942 3382/2988/946 3381/2987/946
f 3369/2975/942 3383/2989/946 3382/2988/946
f 3370/2976/942 3384/2990/946 3383/2989/946
f 3371/2978/942 3385/2992/946 3384/2990/946
f 3372/2991/942 3386/3005/946 3385/2992/946
f 3388/2993/947 3387/3008/947 3373/2994/943
f 3389/2995/947 3388/2993/947 3374/2979/943
f 3390/2996/947 3389/2995/947 3375/2981/943
f 3391/2997/947 3390/2996/947 3376/2982/943
f 3392/2998/947 3391/2997/947 3377/2983/943
f 3393/2999/948 3392/2998/947 3378/2984/943
f 3394/3000/949 3393/2999/948 3379/2985/944
f 3381/2987/946 3395/3001/950 3394/3000/949
f 3382/2988/946 3396/3002/950 3395/3001/950
f 3383/2989/946 3397/3003/950 3396/3002/950
f 3384/2990/946 3398/3004/950 3397/3003/950
f 3385/2992/946 3399/3006/950 3398/3004/950
f 3386/3005/946 3400/3019/950 3399/3006/950
f 3402/3007/951 3401/3022/951 3387/3008/947
f 3403/3009/951 3402/3007/951 3388/2993/947
f 3404/3010/951 3403/3009/951 3389/2995/947
f 3405/3011/951 3404/3010/951 3390/2996/947
f 3406/3012/951 3405/3011/951 3391/2997/947
f 3407/3013/952 3406/3012/951 3392/2998/947
f 3408/3014/953 3407/3013/952 3393/2999/948
f 3395/3001/950 3409/3015/954 3408/3014/953
f 3396/3002/950 3410/3016/954 3409/3015/954
f 3397/3003/950 3411/3017/954 3410/3016/954
f 3398/3004/950 3412/3018/954 3411/3017/954
f 3399/3006/950 3413/3020/954 3412/3018/954
f 3400/3019/950 3414/3033/954 3413/3020/954
f 3416/3021/955 3415/3036/955 3401/3022/951
f 3417/3023/955 3416/3021/955 3402/3007/951
f 3418/3024/955 3417/3023/955 3403/3009/951
f 3419/3025/955 3418/3024/955 3404/3010/951
f 3420/3026/955 3419/3025/955 3405/3011/951
f 3421/3027/956 3420/3026/955 3406/3012/951
f 3422/3028/957 3421/3027/956 3407/3013/952
f 3409/3015/954 3423/3029/958 3422/3028/957
f 3410/3016/954 3424/3030/958 3423/3029/958
f 3411/3017/954 3425/3031/958 3424/3030/958
f 3412/3018/954 3426/3032/958 3425/3031/958
f 3413/3020/954 3427/3034/958 3426/3032/958
f 3414/3033/954 3428/3047/958 3427/3034/958
f 3430/3035/959 3429/3050/959 3415/3036/955
f 3431/3037/959 3430/3035/959 3416/3021/955
f 3432/3038/960 3431/3037/959 3417/3023/955
f 3433/3039/959 3432/3038/960 3418/3024/955
f 3434/3040/959 3433/3039/959 3419/3025/955
f 3435/3041/961 3434/3040/959 3420/3026/955
f 3436/3042/962 3435/3041/961 3421/3027/956
f 3423/3029/958 3437/3043/963 3436/3042/962
f 3424/3030/958 3438/3044/963 3437/3043/963
f 3425/3031/958 3439/3045/964 3438/3044/963
f 3426/3032/958 3440/3046/963 3439/3045/964
f 3427/3034/958 3441/3048/964 3440/3046/963
f 3428/3047/958 3442/3061/963 3441/3048/964
f 3444/3049/965 3443/3064/965 3429/3050/959
f 3445/3051/965 3444/3049/965 3430/3035/959
f 3446/3052/965 3445/3051/965 3431/3037/959
f 3447/3053/965 3446/3052/965 3432/3038/960
f 3448/3054/965 3447/3053/965 3433/3039/959
f 3449/3055/966 3448/3054/965 3434/3040/959
f 3450/3056/967 3449/3055/966 3435/3041/961
f 3437/3043/963 3451/3057/968 3450/3056/967
f 3438/3044/963 3452/3058/968 3451/3057/968
f 3439/3045/964 3453/3059/968 3452/3058/968
f 3440/3046/963 3454/3060/968 3453/3059/968
f 3441/3048/964 3455/3062/968 3454/3060/968
f 3442/3061/963 3456/3075/968 3455/3062/968
f 3458/3063/969 3457/3078/969 3443/3064/965
f 3459/3065/969 3458/3063/969 3444/3049/965
f 3460/3066/969 3459/3065/969 3445/3051/965
f 3461/3067/969 3460/3066/969 3446/3052/965
f 3462/3068/969 3461/3067/969 3447/3053/965
f 3463/3069/970 3462/3068/969 3448/3054/965
f 3464/3070/971 3463/3069/970 3449/3055/966
f 3451/3057/968 3465/3071/972 3464/3070/971
f 3452/3058/968 3466/3072/972 3465/3071/972
f 3453/3059/968 3467/3073/972 3466/3072/972
f 3454/3060/968 3468/3074/972 3467/3073/972
f 3455/3062/968 3469/3076/972 3468/3074/972
f 3456/3075/968 3470/3089/972 3469/3076/972
f 3472/3077/973 3471/3092/973 3457/3078/969
f 3473/3079/973 3472/3077/973 3458/3063/969
f 3474/3080/973 3473/3079/973 3459/3065/969
f 3475/3081/973 3474/3080/973 3460/3066/969
f 3476/3082/973 3475/3081/973 3461/3067/969
f 3477/3083/974 3476/3082/973 3462/3068/969
f 3478/3084/975 3477/3083/974 3463/3069/970
f 3465/3071/972 3479/3085/976 3478/3084/975
f 3466/3072/972 3480/3086/976 3479/3085/976
f 3467/3073/972 3481/3087/976 3480/3086/976
f 3468/3074/972 3482/3088/976 3481/3087/976
f 3469/3076/972 3483/3090/976 3482/3088/976
f 3470/3089/972 3484/3103/976 3483/3090/976
f 3486/3091/977 3485/3106/977 3471/3092/973
f 3487/3093/977 3486/3091/977 3472/3077/973
f 3488/3094/977 3487/3093/977 3473/3079/973
f 3489/3095/977 3488/3094/977 3474/3080/973
f 3490/3096/977 3489/3095/977 3475/3081/973
f 3491/3097/978 3490/3096/977 3476/3082/973
f 3492/3098/979 3491/3097/978 3477/3083/974
f 3479/3085/976 3493/3099/980 3492/3098/979
f 3480/3086/976 3494/3100/980 3493/3099/980
f 3481/3087/976 3495/3101/980 3494/3100/980
f 3482/3088/976 3496/3102/980 3495/3101/980
f 3483/3090/976 3497/3104/980 3496/3102/980
f 3484/3103/976 3498/3117/980 3497/3104/980
f 3500/3105/981 3499/3120/981 3485/3106/977
f 3501/3107/981 3500/3105/981 3486/3091/977
f 3502/3108/981 3501/3107/981 3487/3093/977
f 3503/3109/981 3502/3108/981 3488/3094/977
f 3504/3110/981 3503/3109/981 3489/3095/977
f 3505/3111/982 3504/3110/981 3490/3096/977
f 3506/3112/983 3505/3111/982 3491/3097/978
f 3493/3099/980 3507/3113/984 3506/3112/983
f 3494/3100/980 3508/3114/984 3507/3113/984
f 3495/3101/980 3509/3115/984 3508/3114/984
f 3496/3102/980 3510/3116/984 3509/3115/984
f 3497/3104/980 3511/3118/984 3510/3116/984
f 3498/3117/980 3512/3131/984 3511/3118/984
f 3514/3119/985 3513/3134/985 3499/3120/981
f 3515/3121/985 3514/3119/985 3500/3105/981
f 3516/3122/985 3515/3121/985 3501/3107/981
f 3517/3123/985 3516/3122/985 3502/3108/981
f 3518/3124/985 3517/3123/985 3503/3109/981
f 3519/3125/986 3518/3124/985 3504/3110/981
f 3520/3126/987 3519/3125/986 3505/3111/982
f 3507/3113/984 3521/3127/988 3520/3126/987
f 3508/3114/984 3522/3128/988 3521/3127/988
f 3509/3115/984 3523/3129/988 3522/3128/988
f 3510/3116/984 3524/3130/988 3523/3129/988
f 3511/3118/984 3525/3132/988 3524/3130/988
f 3512/3131/984 3526/3145/988 3525/3132/988
f 3528/3133/989 3527/3148/994 3513/3134/985
f 3529/3135/989 3528/3133/989 3514/3119/985
f 3530/3136/989 3529/3135/989 3515/3121/985
f 3531/3137/989 3530/3136/989 3516/3122/985
f 3532/3138/989 3531/3137/989 3517/3123/985
f 3533/3139/990 3532/3138/989 3518/3124/985
f 3534/3140/991 3533/3139/990 3519/3125/986
f 3521/3127/988 3535/3141/992 3534/3140/991
f 3522/3128/988 3536/3142/992 3535/3141/992
f 3523/3129/988 3537/3143/992 3536/3142/992
f 3524/3130/988 3538/3144/992 3537/3143/992
f 3525/3132/988 3539/3146/992 3538/3144/992
f 3526/3145/988 3540/3159/998 3539/3146/992
f 3542/3147/993 3541/3162/993 3527/3148/994
f 3543/3149/993 3542/3147/993 3528/3133/989
f 3544/3150/993 3543/3149/993 3529/3135/989
f 3545/3151/993 3544/3150/993 3530/3136/989
f 3546/3152/993 3545/3151/993 3531/3137/989
f 3547/3153/995 3546/3152/993 3532/3138/989
f 3548/3154/996 3547/3153/995 3533/3139/990
f 3535/3141/992 3549/3155/997 3548/3154/996
f 3536/3142/992 3550/3156/997 3549/3155/997
f 3537/3143/992 3551/3157/997 3550/3156/997
f 3538/3144/992 3552/3158/997 3551/3157/997
f 3539/3146/992 3553/3160/997 3552/3158/997
f 3540/3159/998 3554/3173/997 3553/3160/997
f 3556/3161/999 3555/3176/999 3541/3162/993
f 3557/3163/999 3556/3161/999 3542/3147/993
f 3558/3164/999 3557/3163/999 3543/3149/993
f 3559/3165/999 3558/3164/999 3544/3150/993
f 3560/3166/999 3559/3165/999 3545/3151/993
f 3561/3167/1000 3560/3166/999 3546/3152/993
f 3562/3168/1001 3561/3167/1000 3547/3153/995
f 3549/3155/997 3563/3169/1002 3562/3168/1001
f 3550/3156/997 3564/3170/1002 3563/3169/1002
f 3551/3157/997 3565/3171/1002 3564/3170/1002
f 3552/3158/997 3566/3172/1002 3565/3171/1002
f 3553/3160/997 3567/3174/1002 3566/3172/1002
f 3554/3173/997 3568/3187/1002 3567/3174/1002
f 3570/3175/1003 3569/3190/1004 3555/3176/999
f 3571/3177/1004 3570/3175/1003 3556/3161/999
f 3572/3178/1004 3571/3177/1004 3557/3163/999
f 3573/3179/1004 3572/3178/1004 3558/3164/999
f 3574/3180/1004 3573/3179/1004 3559/3165/999
f 3575/3181/1005 3574/3180/1004 3560/3166/999
f 3576/3182/1006 3575/3181/1005 3561/3167/1000
f 3563/3169/1002 3577/3183/1007 3576/3182/1006
f 3564/3170/1002 3578/3184/1007 3577/3183/1007
f 3565/3171/1002 3579/3185/1007 3578/3184/1007
f 3566/3172/1002 3580/3186/1007 3579/3185/1007
f 3567/3174/1002 3581/3188/1008 3580/3186/1007
f 3568/3187/1002 3582/3201/1007 3581/3188/1008
f 3584/3189/1009 3583/3204/1009 3569/3190/1004
f 3585/3191/1009 3584/3189/1009 3570/3175/1003
f 3586/3192/1009 3585/3191/1009 3571/3177/1004
f 3587/3193/1009 3586/3192/1009 3572/3178/1004
f 3588/3194/1009 3587/3193/1009 3573/3179/1004
f 3589/3195/1010 3588/3194/1009 3574/3180/1004
f 3590/3196/1011 3589/3195/1010 3575/3181/1005
f 3577/3183/1007 3591/3197/1012 3590/3196/1011
f 3578/3184/1007 3592/3198/1012 3591/3197/1012
f 3579/3185/1007 3593/3199/1012 3592/3198/1012
f 3580/3186/1007 3594/3200/1012 3593/3199/1012
f 3581/3188/1008 3595/3202/1012 3594/3200/1012
f 3582/3201/1007 3596/3215/1012 3595/3202/1012
f 3598/3203/1013 3597/3218/1013 3583/3204/1009
f 3599/3205/1013 3598/3203/1013 3584/3189/1009
f 3600/3206/1013 3599/3205/1013 3585/3191/1009
f 3601/3207/1013 3600/3206/1013 3586/3192/1009
f 3602/3208/1013 3601/3207/1013 3587/3193/1009
f 3603/3209/1014 3602/3208/1013 3588/3194/1009
f 3604/3210/1015 3603/3209/1014 3589/3195/1010
f 3591/3197/1012 3605/3211/1016 3604/3210/1015
f 3592/3198/1012 3606/3212/1016 3605/3211/1016
f 3593/3199/1012 3607/3213/1016 3606/3212/1016
f 3594/3200/1012 3608/3214/1016 3607/3213/1016
f 3595/3202/1012 3609/3216/1016 3608/3214/1016
f 3596/3215/1012 3610/3229/1016 3609/3216/1016
f 3612/3217/1017 3611/3232/1017 3597/3218/1013
f 3613/3219/1017 3612/3217/1017 3598/3203/1013
f 3614/3220/1018 3613/3219/1017 3599/3205/1013
f 3615/3221/1017 3614/3220/1018 3600/3206/1013
f 3616/3222/1017 3615/3221/1017 3601/3207/1013
f 3617/3223/1019 3616/3222/1017 3602/3208/1013
f 3618/3224/1020 3617/3223/1019 3603/3209/1014
f 3605/3211/1016 3619/3225/1021 3618/3224/1020
f 3606/3212/1016 3620/3226/1021 3619/3225/1021
f 3607/3213/1016 3621/3227/1022 3620/3226/1021
f 3608/3214/1016 3622/3228/1021 3621/3227/1022
f 3609/3216/1016 3623/3230/1021 3622/3228/1021
f 3610/3229/1016 3624/3243/1021 3623/3230/1021
f 3626/3231/1023 3625/3246/1023 3611/3232/1017
f 3627/3233/1023 3626/3231/1023 3612/3217/1017
f 3628/3234/1023 3627/3233/1023 3613/3219/1017
f 3629/3235/1023 3628/3234/1023 3614/3220/1018
f 3630/3236/1023 3629/3235/1023 3615/3221/1017
f 3631/3237/1024 3630/3236/1023 3616/3222/1017
f 3632/3238/1025 3631/3237/1024 3617/3223/1019
f 3619/3225/1021 3633/3239/1026 3632/3238/1025
f 3620/3226/1021 3634/3240/1026 3633/3239/1026
f 3621/3227/1022 3635/3241/1026 3634/3240/1026
f 3622/3228/1021 3636/3242/1026 3635/3241/1026
f 3623/3230/1021 3637/3244/1026 3636/3242/1026
f 3624/3243/1021 3638/3257/1026 3637/3244/1026
f 3640/3245/1027 3639/3260/1028 3625/3246/1023
f 3641/3247/1027 3640/3245/1027 3626/3231/1023
f 3642/3248/1027 3641/3247/1027 3627/3233/1023
f 3643/3249/1028 3642/3248/1027 3628/3234/1023
f 3644/3250/1027 3643/3249/1028 3629/3235/1023
f 3645/3251/1029 3644/3250/1027 3630/3236/1023
f 3646/3252/1030 3645/3251/1029 3631/3237/1024
f 3633/3239/1026 3647/3253/1031 3646/3252/1030
f 3634/3240/1026 3648/3254/1032 3647/3253/1031
f 3635/3241/1026 3649/3255/1031 3648/3254/1032
f 3636/3242/1026 3650/3256/1031 3649/3255/1031
f 3637/3244/1026 3651/3258/1032 3650/3256/1031
f 3638/3257/1026 3652/3271/1032 3651/3258/1032
f 3654/3259/1033 3653/3274/1033 3639/3260/1028
f 3655/3261/1033 3654/3259/1033 3640/3245/1027
f 3656/3262/1033 3655/3261/1033 3641/3247/1027
f 3657/3263/1033 3656/3262/1033 3642/3248/1027
f 3658/3264/1033 3657/3263/1033 3643/3249/1028
f 3659/3265/1034 3658/3264/1033 3644/3250/1027
f 3660/3266/1035 3659/3265/1034 3645/3251/1029
f 3647/3253/1031 3661/3267/1036 3660/3266/1035
f 3648/3254/1032 3662/3268/1036 3661/3267/1036
f 3649/3255/1031 3663/3269/1036 3662/3268/1036
f 3650/3256/1031 3664/3270/1036 3663/3269/1036
f 3651/3258/1032 3665/3272/1036 3664/3270/1036
f 3652/3271/1032 3666/3285/1036 3665/3272/1036
f 3668/3273/1037 3667/3288/1037 3653/3274/1033
f 3669/3275/1037 3668/3273/1037 3654/3259/1033
f 3670/3276/1037 3669/3275/1037 3655/3261/1033
f 3671/3277/1037 3670/3276/1037 3656/3262/1033
f 3672/3278/1037 3671/3277/1037 3657/3263/1033
f 3673/3279/1038 3672/3278/1037 3658/3264/1033
f 3674/3280/1039 3673/3279/1038 3659/3265/1034
f 3661/3267/1036 3675/3281/1040 3674/3280/1039
f 3662/3268/1036 3676/3282/1040 3675/3281/1040
f 3663/3269/1036 3677/3283/1040 3676/3282/1040
f 3664/3270/1036 3678/3284/1040 3677/3283/1040
f 3665/3272/1036 3679/3286/1040 3678/3284/1040
f 3666/3285/1036 3680/3299/1040 3679/3286/1040
f 3682/3287/1041 3681/3302/1041 3667/3288/1037
f 3683/3289/1041 3682/3287/1041 3668/3273/1037
f 3684/3290/1041 3683/3289/1041 3669/3275/1037
f 3685/3291/1041 3684/3290/1041 3670/3276/1037
f 3686/3292/1041 3685/3291/1041 3671/3277/1037
f 3687/3293/1042 3686/3292/1041 3672/3278/1037
f 3688/3294/1043 3687/3293/1042 3673/3279/1038
f 3675/3281/1040 3689/3295/1044 3688/3294/1043
f 3676/3282/1040 3690/3296/1044 3689/3295/1044
f 3677/3283/1040 3691/3297/1044 3690/3296/1044
f 3678/3284/1040 3692/3298/1044 3691/3297/1044
f 3679/3286/1040 3693/3300/1044 3692/3298/1044
f 3680/3299/1040 3694/3313/1044 3693/3300/1044
f 3696/3301/1045 3695/3316/1045 3681/3302/1041
f 3697/3303/1045 3696/3301/1045 3682/3287/1041
f 3698/3304/1045 3697/3303/1045 3683/3289/1041
f 3699/3305/1045 3698/3304/1045 3684/3290/1041
f 3700/3306/1045 3699/3305/1045 3685/3291/1041
f 3701/3307/1046 3700/3306/1045 3686/3292/1041
f 3702/3308/1047 3701/3307/1046 3687/3293/1042
f 3689/3295/1044 3703/3309/1048 3702/3308/1047
f 3690/3296/1044 3704/3310/1048 3703/3309/1048
f 3691/3297/1044 3705/3311/1048 3704/3310/1048
f 3692/3298/1044 3706/3312/1048 3705/3311/1048
f 3693/3300/1044 3707/3314/1048 3706/3312/1048
f 3694/3313/1044 3708/3327/1048 3707/3314/1048
f 3710/3315/1049 3709/3330/1049 3695/3316/1045
f 3711/3317/1049 3710/3315/1049 3696/3301/1045
f 3712/3318/1049 3711/3317/1049 3697/3303/1045
f 3713/3319/1049 3712/3318/1049 3698/3304/1045
f 3714/3320/1049 3713/3319/1049 3699/3305/1045
f 3715/3321/1050 3714/3320/1049 3700/3306/1045
f 3716/3322/1051 3715/3321/1050 3701/3307/1046
f 3703/3309/1048 3717/3323/1052 3716/3322/1051
f 3704/3310/1048 3718/3324/1052 3717/3323/1052
f 3705/3311/1048 3719/3325/1052 3718/3324/1052
f 3706/3312/1048 3720/3326/1052 3719/3325/1052
f 3707/3314/1048 3721/3328/1052 3720/3326/1052
f 3708/3327/1048 3722/3343/1052 3721/3328/1052
f 3710/3315/1049 3724/3331/1053 3723/3329/1053
f 3711/3317/1049 3725/3332/1053 3724/3331/1053
f 3712/3318/1049 3726/3333/1053 3725/3332/1053
f 3713/3319/1049 3727/3334/1053 3726/3333/1053
f 3714/3320/1049 3728/3335/1053 3727/3334/1053
f 3715/3321/1050 3729/3349/1058 3728/3335/1053
f 3730/3336/1054 3729/3349/1058 3715/3321/1050
f 3731/3337/1055 3730/3336/1054 3716/3322/1051
f 3732/3338/1055 3731/3337/1055 3717/3323/1052
f 3733/3339/1055 3732/3338/1055 3718/3324/1052
f 3734/3340/1055 3733/3339/1055 3719/3325/1052
f 3735/3341/1055 3734/3340/1055 3720/3326/1052
f 3736/3342/1055 3735/3341/1055 3721/3328/1052
f 3724/3331/1053 3738/3345/1056 3737/3344/1056
f 3725/3332/1053 3739/3346/1057 3738/3345/1056
f 3726/3333/1053 3740/3347/1056 3739/3346/1057
f 3727/3334/1053 3741/3348/1056 3740/3347/1056
f 3728/3335/1053 3742/3350/1056 3741/3348/1056
f 3729/3349/1058 3743/3363/1064 3742/3350/1056
f 3744/3351/1059 3743/3363/1064 3729/3349/1058
f 3745/3352/1060 3744/3351/1059 3730/3336/1054
f 3746/3353/1060 3745/3352/1060 3731/3337/1055
f 3747/3354/1060 3746/3353/1060 3732/3338/1055
f 3748/3355/1060 3747/3354/1060 3733/3339/1055
f 3749/3356/1060 3748/3355/1060 3734/3340/1055
f 3750/3357/1061 3749/3356/1060 3735/3341/1055
f 3738/3345/1056 3752/3359/1062 3751/3358/1062
f 3739/3346/1057 3753/3360/1062 3752/3359/1062
f 3740/3347/1056 3754/3361/1062 3753/3360/1062
f 3741/3348/1056 3755/3362/1063 3754/3361/1062
f 3742/3350/1056 3756/3364/1062 3755/3362/1063
f 3743/3363/1064 3757/3377/1070 3756/3364/1062
f 3758/3365/1065 3757/3377/1070 3743/3363/1064
f 3759/3366/1066 3758/3365/1065 3744/3351/1059
f 3760/3367/1067 3759/3366/1066 3745/3352/1060
f 3761/3368/1066 3760/3367/1067 3746/3353/1060
f 3762/3369/1066 3761/3368/1066 3747/3354/1060
f 3763/3370/1066 3762/3369/1066 3748/3355/1060
f 3764/3371/1066 3763/3370/1066 3749/3356/1060
f 3752/3359/1062 3766/3373/1068 3765/3372/1068
f 3753/3360/1062 3767/3374/1068 3766/3373/1068
f 3754/3361/1062 3768/3375/1069 3767/3374/1068
f 3755/3362/1063 3769/3376/1069 3768/3375/1069
f 3756/3364/1062 3770/3378/1068 3769/3376/1069
f 3757/3377/1070 3771/3391/1075 3770/3378/1068
f 3772/3379/1071 3771/3391/1075 3757/3377/1070
f 3773/3380/1072 3772/3379/1071 3758/3365/1065
f 3774/3381/1073 3773/3380/1072 3759/3366/1066
f 3775/3382/1073 3774/3381/1073 3760/3367/1067
f 3776/3383/1072 3775/3382/1073 3761/3368/1066
f 3777/3384/1072 3776/3383/1072 3762/3369/1066
f 3778/3385/1072 3777/3384/1072 3763/3370/1066
f 3766/3373/1068 3780/3387/1074 3779/3386/1074
f 3767/3374/1068 3781/3388/1074 3780/3387/1074
f 3768/3375/1069 3782/3389/1074 3781/3388/1074
f 3769/3376/1069 3783/3390/1074 3782/3389/1074
f 3770/3378/1068 3784/3392/1074 3783/3390/1074
f 3771/3391/1075 3785/3405/1079 3784/3392/1074
f 3786/3393/1076 3785/3405/1079 3771/3391/1075
f 3787/3394/1077 3786/3393/1076 3772/3379/1071
f 3788/3395/1077 3787/3394/1077 3773/3380/1072
f 3789/3396/1077 3788/3395/1077 3774/3381/1073
f 3790/3397/1077 3789/3396/1077 3775/3382/1073
f 3791/3398/1077 3790/3397/1077 3776/3383/1072
f 3792/3399/1077 3791/3398/1077 3777/3384/1072
f 3780/3387/1074 3794/3401/1078 3793/3400/1078
f 3781/3388/1074 3795/3402/1078 3794/3401/1078
f 3782/3389/1074 3796/3403/1078 3795/3402/1078
f 3783/3390/1074 3797/3404/1078 3796/3403/1078
f 3784/3392/1074 3798/3406/1078 3797/3404/1078
f 3785/3405/1079 3799/3419/1084 3798/3406/1078
f 3800/3407/1080 3799/3419/1084 3785/3405/1079
f 3801/3408/1081 3800/3407/1080 3786/3393/1076
f 3802/3409/1081 3801/3408/1081 3787/3394/1077
f 3803/3410/1081 3802/3409/1081 3788/3395/1077
f 3804/3411/1081 3803/3410/1081 3789/3396/1077
f 3805/3412/1081 3804/3411/1081 3790/3397/1077
f 3806/3413/1081 3805/3412/1081 3791/3398/1077
f 3794/3401/1078 3808/3415/1082 3807/3414/1082
f 3795/3402/1078 3809/3416/1083 3808/3415/1082
f 3796/3403/1078 3810/3417/1082 3809/3416/1083
f 3797/3404/1078 3811/3418/1082 3810/3417/1082
f 3798/3406/1078 3812/3420/1083 3811/3418/1082
f 3799/3419/1084 3813/3433/1090 3812/3420/1083
f 3814/3421/1085 3813/3433/1090 3799/3419/1084
f 3815/3422/1086 3814/3421/1085 3800/3407/1080
f 3816/3423/1087 3815/3422/1086 3801/3408/1081
f 3817/3424/1087 3816/3423/1087 3802/3409/1081
f 3818/3425/1086 3817/3424/1087 3803/3410/1081
f 3819/3426/1087 3818/3425/1086 3804/3411/1081
f 3820/3427/1087 3819/3426/1087 3805/3412/1081
f 3808/3415/1082 3822/3429/1089 3821/3428/1088
f 3809/3416/1083 3823/3430/1089 3822/3429/1089
f 3810/3417/1082 3824/3431/1089 3823/3430/1089
f 3811/3418/1082 3825/3432/1089 3824/3431/1089
f 3812/3420/1083 3826/3434/1089 3825/3432/1089
f 3813/3433/1090 3827/3447/1095 3826/3434/1089
f 3828/3435/1091 3827/3447/1095 3813/3433/1090
f 3829/3436/1092 3828/3435/1091 3814/3421/1085
f 3830/3437/1092 3829/3436/1092 3815/3422/1086
f 3831/3438/1092 3830/3437/1092 3816/3423/1087
f 3832/3439/1092 3831/3438/1092 3817/3424/1087
f 3833/3440/1092 3832/3439/1092 3818/3425/1086
f 3834/3441/1093 3833/3440/1092 3819/3426/1087
f 3822/3429/1089 3836/3443/1094 3835/3442/1094
f 3823/3430/1089 3837/3444/1094 3836/3443/1094
f 3824/3431/1089 3838/3445/1094 3837/3444/1094
f 3825/3432/1089 3839/3446/1094 3838/3445/1094
f 3826/3434/1089 3840/3448/1094 3839/3446/1094
f 3827/3447/1095 3841/3461/1099 3840/3448/1094
f 3842/3449/1096 3841/3461/1099 3827/3447/1095
f 3843/3450/1097 3842/3449/1096 3828/3435/1091
f 3844/3451/1097 3843/3450/1097 3829/3436/1092
f 3845/3452/1097 3844/3451/1097 3830/3437/1092
f 3846/3453/1097 3845/3452/1097 3831/3438/1092
f 3847/3454/1097 3846/3453/1097 3832/3439/1092
f 3848/3455/1097 3847/3454/1097 3833/3440/1092
f 3836/3443/1094 3850/3457/1098 3849/3456/1098
f 3837/3444/1094 3851/3458/1098 3850/3457/1098
f 3838/3445/1094 3852/3459/1098 3851/3458/1098
f 3839/3446/1094 3853/3460/1098 3852/3459/1098
f 3840/3448/1094 3854/3462/1098 3853/3460/1098
f 3841/3461/1099 3855/3475/1104 3854/3462/1098
f 3856/3463/1100 3855/3475/1104 3841/3461/1099
f 3857/3464/1101 3856/3463/1100 3842/3449/1096
f 3858/3465/1101 3857/3464/1101 3843/3450/1097
f 3859/3466/1101 3858/3465/1101 3844/3451/1097
f 3860/3467/1101 3859/3466/1101 3845/3452/1097
f 3861/3468/1101 3860/3467/1101 3846/3453/1097
f 3862/3469/1101 3861/3468/1101 3847/3454/1097
f 3850/3457/1098 3864/3471/1103 3863/3470/1102
f 3851/3458/1098 3865/3472/1103 3864/3471/1103
f 3852/3459/1098 3866/3473/1103 3865/3472/1103
f 3853/3460/1098 3867/3474/1103 3866/3473/1103
f 3854/3462/1098 3868/3476/1103 3867/3474/1103
f 3855/3475/1104 3869/3489/1110 3868/3476/1103
f 3870/3477/1105 3869/3489/1110 3855/3475/1104
f 3871/3478/1106 3870/3477/1105 3856/3463/1100
f 3872/3479/1106 3871/3478/1106 3857/3464/1101
f 3873/3480/1106 3872/3479/1106 3858/3465/1101
f 3874/3481/1106 3873/3480/1106 3859/3466/1101
f 3875/3482/1106 3874/3481/1106 3860/3467/1101
f 3876/3483/1107 3875/3482/1106 3861/3468/1101
f 3864/3471/1103 3878/3485/1109 3877/3484/1108
f 3865/3472/1103 3879/3486/1109 3878/3485/1109
f 3866/3473/1103 3880/3487/1109 3879/3486/1109
f 3867/3474/1103 3881/3488/1109 3880/3487/1109
f 3868/3476/1103 3882/3490/1109 3881/3488/1109
f 3869/3489/1110 3883/3503/1115 3882/3490/1109
f 3884/3491/1111 3883/3503/1115 3869/3489/1110
f 3885/3492/1112 3884/3491/1111 3870/3477/1105
f 3886/3493/1112 3885/3492/1112 3871/3478/1106
f 3887/3494/1112 3886/3493/1112 3872/3479/1106
f 3888/3495/1112 3887/3494/1112 3873/3480/1106
f 3889/3496/1112 3888/3495/1112 3874/3481/1106
f 3890/3497/1113 3889/3496/1112 3875/3482/1106
f 3878/3485/1109 3892/3499/1114 3891/3498/1114
f 3879/3486/1109 3893/3500/1114 3892/3499/1114
f 3880/3487/1109 3894/3501/1114 3893/3500/1114
f 3881/3488/1109 3895/3502/1114 3894/3501/1114
f 3882/3490/1109 3896/3504/1114 3895/3502/1114
f 3883/3503/1115 3897/3517/1119 3896/3504/1114
f 3898/3505/1116 3897/3517/1119 3883/3503/1115
f 3899/3506/1117 3898/3505/1116 3884/3491/1111
f 3900/3507/1117 3899/3506/1117 3885/3492/1112
f 3901/3508/1117 3900/3507/1117 3886/3493/1112
f 3902/3509/1117 3901/3508/1117 3887/3494/1112
f 3903/3510/1117 3902/3509/1117 3888/3495/1112
f 3904/3511/1117 3903/3510/1117 3889/3496/1112
f 3892/3499/1114 3906/3513/1118 3905/3512/1118
f 3893/3500/1114 3907/3514/1118 3906/3513/1118
f 3894/3501/1114 3908/3515/1118 3907/3514/1118
f 3895/3502/1114 3909/3516/1118 3908/3515/1118
f 3896/3504/1114 3910/3518/1118 3909/3516/1118
f 3897/3517/1119 3911/3531/1123 3910/3518/1118
f 3912/3519/1120 3911/3531/1123 3897/3517/1119
f 3913/3520/1121 3912/3519/1120 3898/3505/1116
f 3914/3521/1121 3913/3520/1121 3899/3506/1117
f 3915/3522/1121 3914/3521/1121 3900/3507/1117
f 3916/3523/1121 3915/3522/1121 3901/3508/1117
f 3917/3524/1121 3916/3523/1121 3902/3509/1117
f 3918/3525/1121 3917/3524/1121 3903/3510/1117
f 3906/3513/1118 3920/3527/1122 3919/3526/1122
f 3907/3514/1118 3921/3528/1122 3920/3527/1122
f 3908/3515/1118 3922/3529/1122 3921/3528/1122
f 3909/3516/1118 3923/3530/1122 3922/3529/1122
f 3910/3518/1118 3924/3532/1122 3923/3530/1122
f 3911/3531/1123 3925/3545/1128 3924/3532/1122
f 3926/3533/1124 3925/3545/1128 3911/3531/1123
f 3927/3534/1125 3926/3533/1124 3912/3519/1120
f 3928/3535/1125 3927/3534/1125 3913/3520/1121
f 3929/3536/1125 3928/3535/1125 3914/3521/1121
f 3930/3537/1125 3929/3536/1125 3915/3522/1121
f 3931/3538/1125 3930/3537/1125 3916/3523/1121
f 3932/3539/1125 3931/3538/1125 3917/3524/1121
f 3920/3527/1122 3934/3541/1126 3933/3540/1126
f 3921/3528/1122 3935/3542/1127 3934/3541/1126
f 3922/3529/1122 3936/3543/1126 3935/3542/1127
f 3923/3530/1122 3937/3544/1126 3936/3543/1126
f 3924/3532/1122 3938/3546/1127 3937/3544/1126
f 3925/3545/1128 3939/3559/1133 3938/3546/1127
f 3940/3547/1129 3939/3559/1133 3925/3545/1128
f 3941/3548/1130 3940/3547/1129 3926/3533/1124
f 3942/3549/1131 3941/3548/1130 3927/3534/1125
f 3943/3550/1131 3942/3549/1131 3928/3535/1125
f 3944/3551/1130 3943/3550/1131 3929/3536/1125
f 3945/3552/1131 3944/3551/1130 3930/3537/1125
f 3946/3553/1131 3945/3552/1131 3931/3538/1125
f 3934/3541/1126 3948/3555/1132 3947/3554/1132
f 3935/3542/1127 3949/3556/1132 3948/3555/1132
f 3936/3543/1126 3950/3557/1132 3949/3556/1132
f 3937/3544/1126 3951/3558/1132 3950/3557/1132
f 3938/3546/1127 3952/3560/1132 3951/3558/1132
f 3939/3559/1133 3953/3573/1137 3952/3560/1132
f 3954/3561/1134 3953/3573/1137 3939/3559/1133
f 3955/3562/1135 3954/3561/1134 3940/3547/1129
f 3956/3563/1135 3955/3562/1135 3941/3548/1130
f 3957/3564/1135 3956/3563/1135 3942/3549/1131
f 3958/3565/1135 3957/3564/1135 3943/3550/1131
f 3959/3566/1135 3958/3565/1135 3944/3551/1130
f 3960/3567/1135 3959/3566/1135 3945/3552/1131
f 3948/3555/1132 3962/3569/1136 3961/3568/1136
f 3949/3556/1132 3963/3570/1136 3962/3569/1136
f 3950/3557/1132 3964/3571/1136 3963/3570/1136
f 3951/3558/1132 3965/3572/1136 3964/3571/1136
f 3952/3560/1132 3966/3574/1136 3965/3572/1136
f 3953/3573/1137 3967/3587/1141 3966/3574/1136
f 3968/3575/1138 3967/3587/1141 3953/3573/1137
f 3969/3576/1139 3968/3575/1138 3954/3561/1134
f 3970/3577/1139 3969/3576/1139 3955/3562/1135
f 3971/3578/1139 3970/3577/1139 3956/3563/1135
f 3972/3579/1139 3971/3578/1139 3957/3564/1135
f 3973/3580/1139 3972/3579/1139 3958/3565/1135
f 3974/3581/1139 3973/3580/1139 3959/3566/1135
f 3962/3569/1136 3976/3583/1140 3975/3582/1140
f 3963/3570/1136 3977/3584/1140 3976/3583/1140
f 3964/3571/1136 3978/3585/1140 3977/3584/1140
f 3965/3572/1136 3979/3586/1140 3978/3585/1140
f 3966/3574/1136 3980/3588/1140 3979/3586/1140
f 3967/3587/1141 3981/3601/1146 3980/3588/1140
f 3982/3589/1142 3981/3601/1146 3967/3587/1141
f 3983/3590/1143 3982/3589/1142 3968/3575/1138
f 3984/3591/1143 3983/3590/1143 3969/3576/1139
f 3985/3592/1143 3984/3591/1143 3970/3577/1139
f 3986/3593/1143 3985/3592/1143 3971/3578/1139
f 3987/3594/1143 3986/3593/1143 3972/3579/1139
f 3988/3595/1143 3987/3594/1143 3973/3580/1139
f 3976/3583/1140 3990/3597/1145 3989/3596/1144
f 3977/3584/1140 3991/3598/1144 3990/3597/1145
f 3978/3585/1140 3992/3599/1144 3991/3598/1144
f 3979/3586/1140 3993/3600/1144 3992/3599/1144
f 3980/3588/1140 3994/3602/1144 3993/3600/1144
f 3981/3601/1146 3995/3615/1151 3994/3602/1144
f 3996/3603/1147 3995/3615/1151 3981/3601/1146
f 3997/3604/1148 3996/3603/1147 3982/3589/1142
f 3998/3605/1148 3997/3604/1148 3983/3590/1143
f 3999/3606/1148 3998/3605/1148 3984/3591/1143
f 4000/3607/1148 3999/3606/1148 3985/3592/1143
f 4001/3608/1149 4000/3607/1148 3986/3593/1143
f 4002/3609/1148 4001/3608/1149 3987/3594/1143
f 3990/3597/1145 4004/3611/1150 4003/3610/1150
f 3991/3598/1144 4005/3612/1150 4004/3611/1150
f 3992/3599/1144 4006/3613/1150 4005/3612/1150
f 3993/3600/1144 4007/3614/1150 4006/3613/1150
f 3994/3602/1144 4008/3616/1150 4007/3614/1150
f 3995/3615/1151 4009/3629/1158 4008/3616/1150
f 4010/3617/1152 4009/3629/1158 3995/3615/1151
f 4011/3618/1153 4010/3617/1152 3996/3603/1147
f 4012/3619/1153 4011/3618/1153 3997/3604/1148
f 4013/3620/1153 4012/3619/1153 3998/3605/1148
f 4014/3621/1153 4013/3620/1153 3999/3606/1148
f 4015/3622/1153 4014/3621/1153 4000/3607/1148
f 4016/3623/1154 4015/3622/1153 4001/3608/1149
f 4004/3611/1150 4018/3625/1156 4017/3624/1155
f 4005/3612/1150 4019/3626/1155 4018/3625/1156
f 4006/3613/1150 4020/3627/1155 4019/3626/1155
f 4007/3614/1150 4021/3628/1157 4020/3627/1155
f 4008/3616/1150 4022/3630/1157 4021/3628/1157
f 4009/3629/1158 4023/3644/1166 4022/3630/1157
f 4024/3631/1159 4023/3644/1166 4009/3629/1158
f 4025/3632/1160 4024/3631/1159 4010/3617/1152
f 4026/3633/1161 4025/3632/1160 4011/3618/1153
f 4027/3634/1162 4026/3633/1161 4012/3619/1153
f 4028/3635/1162 4027/3634/1162 4013/3620/1153
f 4029/3636/1160 4028/3635/1162 4014/3621/1153
f 4030/3637/1162 4029/3636/1160 4015/3622/1153
f 4032/3638/1163 4031/3652/1164 4017/3624/1155
f 4033/3639/1164 4032/3638/1163 4018/3625/1156
f 4034/3640/1164 4033/3639/1164 4019/3626/1155
f 4035/3641/1164 4034/3640/1164 4020/3627/1155
f 4036/3642/1164 4035/3641/1164 4021/3628/1157
f 4037/3643/1165 4036/3642/1164 4022/3630/1157
f 4038/3645/1167 4037/3643/1165 4023/3644/1166
f 4025/3632/1160 4039/3646/1168 4038/3645/1167
f 4026/3633/1161 4040/3647/1168 4039/3646/1168
f 4027/3634/1162 4041/3648/1168 4040/3647/1168
f 4028/3635/1162 4042/3649/1168 4041/3648/1168
f 4029/3636/1160 4043/3650/1169 4042/3649/1168
f 4030/3637/1162 4044/3663/1174 4043/3650/1169
f 4046/3651/1170 4045/3666/1170 4031/3652/1164
f 4047/3653/1170 4046/3651/1170 4032/3638/1163
f 4048/3654/1170 4047/3653/1170 4033/3639/1164
f 4049/3655/1170 4048/3654/1170 4034/3640/1164
f 4050/3656/1170 4049/3655/1170 4035/3641/1164
f 4051/3657/1171 4050/3656/1170 4036/3642/1164
f 4052/3658/1172 4051/3657/1171 4037/3643/1165
f 4039/3646/1168 4053/3659/1173 4052/3658/1172
f 4040/3647/1168 4054/3660/1173 4053/3659/1173
f 4041/3648/1168 4055/3661/1173 4054/3660/1173
f 4042/3649/1168 4056/3662/1173 4055/3661/1173
f 4043/3650/1169 4057/3664/1173 4056/3662/1173
f 4044/3663/1174 4058/3679/1173 4057/3664/1173
f 4046/3651/1170 4060/3667/1175 4059/3665/1175
f 4047/3653/1170 4061/3668/1175 4060/3667/1175
f 4048/3654/1170 4062/3669/1176 4061/3668/1175
f 4049/3655/1170 4063/3670/1175 4062/3669/1176
f 4050/3656/1170 4064/3671/1176 4063/3670/1175
f 4051/3657/1171 4065/3685/1181 4064/3671/1176
f 4066/3672/1177 4065/3685/1181 4051/3657/1171
f 4067/3673/1178 4066/3672/1177 4052/3658/1172
f 4068/3674/1179 4067/3673/1178 4053/3659/1173
f 4069/3675/1179 4068/3674/1179 4054/3660/1173
f 4070/3676/1179 4069/3675/1179 4055/3661/1173
f 4071/3677/1179 4070/3676/1179 4056/3662/1173
f 4072/3678/1179 4071/3677/1179 4057/3664/1173
f 4060/3667/1175 4074/3681/1180 4073/3680/1180
f 4061/3668/1175 4075/3682/1180 4074/3681/1180
f 4062/3669/1176 4076/3683/1180 4075/3682/1180
f 4063/3670/1175 4077/3684/1180 4076/3683/1180
f 4064/3671/1176 4078/3686/1180 4077/3684/1180
f 4065/3685/1181 4079/3699/1186 4078/3686/1180
f 4080/3687/1182 4079/3699/1186 4065/3685/1181
f 4081/3688/1183 4080/3687/1182 4066/3672/1177
f 4082/3689/1183 4081/3688/1183 4067/3673/1178
f 4083/3690/1183 4082/3689/1183 4068/3674/1179
f 4084/3691/1183 4083/3690/1183 4069/3675/1179
f 4085/3692/1183 4084/3691/1183 4070/3676/1179
f 4086/3693/1183 4085/3692/1183 4071/3677/1179
f 4074/3681/1180 4088/3695/1185 4087/3694/1184
f 4075/3682/1180 4089/3696/1185 4088/3695/1185
f 4076/3683/1180 4090/3697/1184 4089/3696/1185
f 4077/3684/1180 4091/3698/1185 4090/3697/1184
f 4078/3686/1180 4092/3700/1185 4091/3698/1185
f 4079/3699/1186 4093/3713/1191 4092/3700/1185
f 4094/3701/1187 4093/3713/1191 4079/3699/1186
f 4095/3702/1188 4094/3701/1187 4080/3687/1182
f 4096/3703/1188 4095/3702/1188 4081/3688/1183
f 4097/3704/1189 4096/3703/1188 4082/3689/1183
f 4098/3705/1188 4097/3704/1189 4083/3690/1183
f 4099/3706/1188 4098/3705/1188 4084/3691/1183
f 4100/3707/1189 4099/3706/1188 4085/3692/1183
f 4088/3695/1185 4102/3709/1190 4101/3708/1190
f 4089/3696/1185 4103/3710/1190 4102/3709/1190
f 4090/3697/1184 4104/3711/1190 4103/3710/1190
f 4091/3698/1185 4105/3712/1190 4104/3711/1190
f 4092/3700/1185 4106/3714/1190 4105/3712/1190
f 4093/3713/1191 4107/3727/1196 4106/3714/1190
f 4108/3715/1192 4107/3727/1196 4093/3713/1191
f 4109/3716/1193 4108/3715/1192 4094/3701/1187
f 4110/3717/1193 4109/3716/1193 4095/3702/1188
f 4111/3718/1193 4110/3717/1193 4096/3703/1188
f 4112/3719/1193 4111/3718/1193 4097/3704/1189
f 4113/3720/1193 4112/3719/1193 4098/3705/1188
f 4114/3721/1193 4113/3720/1193 4099/3706/1188
f 4102/3709/1190 4116/3723/1195 4115/3722/1194
f 4103/3710/1190 4117/3724/1195 4116/3723/1195
f 4104/3711/1190 4118/3725/1195 4117/3724/1195
f 4105/3712/1190 4119/3726/1195 4118/3725/1195
f 4106/3714/1190 4120/3728/1195 4119/3726/1195
f 4107/3727/1196 4121/3741/1201 4120/3728/1195
f 4122/3729/1197 4121/3741/1201 4107/3727/1196
f 4123/3730/1198 4122/3729/1197 4108/3715/1192
f 4124/3731/1198 4123/3730/1198 4109/3716/1193
f 4125/3732/1198 4124/3731/1198 4110/3717/1193
f 4126/3733/1198 4125/3732/1198 4111/3718/1193
f 4127/3734/1198 4126/3733/1198 4112/3719/1193
f 4128/3735/1199 4127/3734/1198 4113/3720/1193
f 4116/3723/1195 4130/3737/1200 4129/3736/1200
f 4117/3724/1195 4131/3738/1200 4130/3737/1200
f 4118/3725/1195 4132/3739/1200 4131/3738/1200
f 4119/3726/1195 4133/3740/1200 4132/3739/1200
f 4120/3728/1195 4134/3742/1200 4133/3740/1200
f 4121/3741/1201 4135/3755/1206 4134/3742/1200
f 4136/3743/1202 4135/3755/1206 4121/3741/1201
f 4137/3744/1203 4136/3743/1202 4122/3729/1197
f 4138/3745/1203 4137/3744/1203 4123/3730/1198
f 4139/3746/1203 4138/3745/1203 4124/3731/1198
f 4140/3747/1203 4139/3746/1203 4125/3732/1198
f 4141/3748/1203 4140/3747/1203 4126/3733/1198
f 4142/3749/1203 4141/3748/1203 4127/3734/1198
f 4130/3737/1200 4144/3751/1205 4143/3750/1204
f 4131/3738/1200 4145/3752/1204 4144/3751/1205
f 4132/3739/1200 4146/3753/1204 4145/3752/1204
f 4133/3740/1200 4147/3754/1204 4146/3753/1204
f 4134/3742/1200 4148/3756/1204 4147/3754/1204
f 4135/3755/1206 4149/3769/1210 4148/3756/1204
f 4150/3757/1207 4149/3769/1210 4135/3755/1206
f 4151/3758/1208 4150/3757/1207 4136/3743/1202
f 4152/3759/1208 4151/3758/1208 4137/3744/1203
f 4153/3760/1208 4152/3759/1208 4138/3745/1203
f 4154/3761/1208 4153/3760/1208 4139/3746/1203
f 4155/3762/1208 4154/3761/1208 4140/3747/1203
f 4156/3763/1208 4155/3762/1208 4141/3748/1203
f 4144/3751/1205 4158/3765/1209 4157/3764/1209
f 4145/3752/1204 4159/3766/1209 4158/3765/1209
f 4146/3753/1204 4160/3767/1209 4159/3766/1209
f 4147/3754/1204 4161/3768/1209 4160/3767/1209
f 4148/3756/1204 4162/3770/1209 4161/3768/1209
f 4149/3769/1210 4163/3783/1215 4162/3770/1209
f 4164/3771/1211 4163/3783/1215 4149/3769/1210
f 4165/3772/1212 4164/3771/1211 4150/3757/1207
f 4166/3773/1213 4165/3772/1212 4151/3758/1208
f 4167/3774/1212 4166/3773/1213 4152/3759/1208
f 4168/3775/1212 4167/3774/1212 4153/3760/1208
f 4169/3776/1212 4168/3775/1212 4154/3761/1208
f 4170/3777/1212 4169/3776/1212 4155/3762/1208
f 4158/3765/1209 4172/3779/1214 4171/3778/1214
f 4159/3766/1209 4173/3780/1214 4172/3779/1214
f 4160/3767/1209 4174/3781/1214 4173/3780/1214
f 4161/3768/1209 4175/3782/1214 4174/3781/1214
f 4162/3770/1209 4176/3784/1214 4175/3782/1214
f 4163/3783/1215 4177/3797/1222 4176/3784/1214
f 4178/3785/1216 4177/3797/1222 4163/3783/1215
f 4179/3786/1217 4178/3785/1216 4164/3771/1211
f 4180/3787/1217 4179/3786/1217 4165/3772/1212
f 4181/3788/1217 4180/3787/1217 4166/3773/1213
f 4182/3789/1217 4181/3788/1217 4167/3774/1212
f 4183/3790/1218 4182/3789/1217 4168/3775/1212
f 4184/3791/1217 4183/3790/1218 4169/3776/1212
f 4172/3779/1214 4186/3793/1220 4185/3792/1219
f 4173/3780/1214 4187/3794/1219 4186/3793/1220
f 4174/3781/1214 4188/3795/1221 4187/3794/1219
f 4175/3782/1214 4189/3796/1221 4188/3795/1221
f 4176/3784/1214 4190/3798/1219 4189/3796/1221
f 4177/3797/1222 4191/3812/1229 4190/3798/1219
f 4192/3799/1223 4191/3812/1229 4177/3797/1222
f 4193/3800/1224 4192/3799/1223 4178/3785/1216
f 4194/3801/1225 4193/3800/1224 4179/3786/1217
f 4195/3802/1225 4194/3801/1225 4180/3787/1217
f 4196/3803/1224 4195/3802/1225 4181/3788/1217
f 4197/3804/1225 4196/3803/1224 4182/3789/1217
f 4198/3805/1224 4197/3804/1225 4183/3790/1218
f 4200/3806/1226 4199/3820/1227 4185/3792/1219
f 4201/3807/1226 4200/3806/1226 4186/3793/1220
f 4202/3808/1227 4201/3807/1226 4187/3794/1219
f 4203/3809/1226 4202/3808/1227 4188/3795/1221
f 4204/3810/1226 4203/3809/1226 4189/3796/1221
f 4205/3811/1228 4204/3810/1226 4190/3798/1219
f 4206/3813/1230 4205/3811/1228 4191/3812/1229
f 4193/3800/1224 4207/3814/1231 4206/3813/1230
f 4194/3801/1225 4208/3815/1231 4207/3814/1231
f 4195/3802/1225 4209/3816/1232 4208/3815/1231
f 4196/3803/1224 4210/3817/1232 4209/3816/1232
f 4197/3804/1225 4211/3818/1231 4210/3817/1232
f 4198/3805/1224 4212/3831/1232 4211/3818/1231
f 4214/3819/1233 4213/3834/1233 4199/3820/1227
f 4215/3821/1233 4214/3819/1233 4200/3806/1226
f 4216/3822/1233 4215/3821/1233 4201/3807/1226
f 4217/3823/1233 4216/3822/1233 4202/3808/1227
f 4218/3824/1233 4217/3823/1233 4203/3809/1226
f 4219/3825/1234 4218/3824/1233 4204/3810/1226
f 4220/3826/1235 4219/3825/1234 4205/3811/1228
f 4207/3814/1231 4221/3827/1236 4220/3826/1235
f 4208/3815/1231 4222/3828/1236 4221/3827/1236
f 4209/3816/1232 4223/3829/1236 4222/3828/1236
f 4210/3817/1232 4224/3830/1236 4223/3829/1236
f 4211/3818/1231 4225/3832/1236 4224/3830/1236
f 4212/3831/1232 4226/3845/1236 4225/3832/1236
f 4228/3833/1237 4227/3848/1237 4213/3834/1233
f 4229/3835/1237 4228/3833/1237 4214/3819/1233
f 4230/3836/1237 4229/3835/1237 4215/3821/1233
f 4231/3837/1237 4230/3836/1237 4216/3822/1233
f 4232/3838/1237 4231/3837/1237 4217/3823/1233
f 4233/3839/1238 4232/3838/1237 4218/3824/1233
f 4234/3840/1239 4233/3839/1238 4219/3825/1234
f 4221/3827/1236 4235/3841/1240 4234/3840/1239
f 4222/3828/1236 4236/3842/1240 4235/3841/1240
f 4223/3829/1236 4237/3843/1240 4236/3842/1240
f 4224/3830/1236 4238/3844/1240 4237/3843/1240
f 4225/3832/1236 4239/3846/1240 4238/3844/1240
f 4226/3845/1236 4240/3859/1240 4239/3846/1240
f 4242/3847/1241 4241/3862/1241 4227/3848/1237
f 4243/3849/1241 4242/3847/1241 4228/3833/1237
f 4244/3850/1241 4243/3849/1241 4229/3835/1237
f 4245/3851/1241 4244/3850/1241 4230/3836/1237
f 4246/3852/1241 4245/3851/1241 4231/3837/1237
f 4247/3853/1242 4246/3852/1241 4232/3838/1237
f 4248/3854/1243 4247/3853/1242 4233/3839/1238
f 4235/3841/1240 4249/3855/1244 4248/3854/1243
f 4236/3842/1240 4250/3856/1244 4249/3855/1244
f 4237/3843/1240 4251/3857/1244 4250/3856/1244
f 4238/3844/1240 4252/3858/1244 4251/3857/1244
f 4239/3846/1240 4253/3860/1244 4252/3858/1244
f 4240/3859/1240 4254/3873/1244 4253/3860/1244
f 4256/3861/1245 4255/3876/1245 4241/3862/1241
f 4257/3863/1245 4256/3861/1245 4242/3847/1241
f 4258/3864/1245 4257/3863/1245 4243/3849/1241
f 4259/3865/1245 4258/3864/1245 4244/3850/1241
f 4260/3866/1245 4259/3865/1245 4245/3851/1241
f 4261/3867/1246 4260/3866/1245 4246/3852/1241
f 4262/3868/1247 4261/3867/1246 4247/3853/1242
f 4249/3855/1244 4263/3869/1248 4262/3868/1247
f 4250/3856/1244 4264/3870/1248 4263/3869/1248
f 4251/3857/1244 4265/3871/1248 4264/3870/1248
f 4252/3858/1244 4266/3872/1248 4265/3871/1248
f 4253/3860/1244 4267/3874/1248 4266/3872/1248
f 4254/3873/1244 4268/3887/1248 4267/3874/1248
f 4270/3875/1249 4269/3890/1249 4255/3876/1245
f 4271/3877/1249 4270/3875/1249 4256/3861/1245
f 4272/3878/1249 4271/3877/1249 4257/3863/1245
f 4273/3879/1249 4272/3878/1249 4258/3864/1245
f 4274/3880/1249 4273/3879/1249 4259/3865/1245
f 4275/3881/1250 4274/3880/1249 4260/3866/1245
f 4276/3882/1251 4275/3881/1250 4261/3867/1246
f 4263/3869/1248 4277/3883/1252 4276/3882/1251
f 4264/3870/1248 4278/3884/1252 4277/3883/1252
f 4265/3871/1248 4279/3885/1252 4278/3884/1252
f 4266/3872/1248 4280/3886/1252 4279/3885/1252
f 4267/3874/1248 4281/3888/1252 4280/3886/1252
f 4268/3887/1248 4282/3901/1252 4281/3888/1252
f 4284/3889/1253 4283/3904/1253 4269/3890/1249
f 4285/3891/1253 4284/3889/1253 4270/3875/1249
f 4286/3892/1253 4285/3891/1253 4271/3877/1249
f 4287/3893/1253 4286/3892/1253 4272/3878/1249
f 4288/3894/1253 4287/3893/1253 4273/3879/1249
f 4289/3895/1254 4288/3894/1253 4274/3880/1249
f 4290/3896/1255 4289/3895/1254 4275/3881/1250
f 4277/3883/1252 4291/3897/1256 4290/3896/1255
f 4278/3884/1252 4292/3898/1256 4291/3897/1256
f 4279/3885/1252 4293/3899/1256 4292/3898/1256
f 4280/3886/1252 4294/3900/1256 4293/3899/1256
f 4281/3888/1252 4295/3902/1256 4294/3900/1256
f 4282/3901/1252 4296/3915/1256 4295/3902/1256
f 4298/3903/1257 4297/3918/1257 4283/3904/1253
f 4299/3905/1257 4298/3903/1257 4284/3889/1253
f 4300/3906/1257 4299/3905/1257 4285/3891/1253
f 4301/3907/1257 4300/3906/1257 4286/3892/1253
f 4302/3908/1257 4301/3907/1257 4287/3893/1253
f 4303/3909/1258 4302/3908/1257 4288/3894/1253
f 4304/3910/1259 4303/3909/1258 4289/3895/1254
f 4291/3897/1256 4305/3911/1260 4304/3910/1259
f 4292/3898/1256 4306/3912/1260 4305/3911/1260
f 4293/3899/1256 4307/3913/1260 4306/3912/1260
f 4294/3900/1256 4308/3914/1260 4307/3913/1260
f 4295/3902/1256 4309/3916/1260 4308/3914/1260
f 4296/3915/1256 4310/3929/1260 4309/3916/1260
f 4312/3917/1261 4311/3932/1261 4297/3918/1257
f 4313/3919/1261 4312/3917/1261 4298/3903/1257
f 4314/3920/1261 4313/3919/1261 4299/3905/1257
f 4315/3921/1261 4314/3920/1261 4300/3906/1257
f 4316/3922/1261 4315/3921/1261 4301/3907/1257
f 4317/3923/1262 4316/3922/1261 4302/3908/1257
f 4318/3924/1263 4317/3923/1262 4303/3909/1258
f 4305/3911/1260 4319/3925/1264 4318/3924/1263
f 4306/3912/1260 4320/3926/1264 4319/3925/1264
f 4307/3913/1260 4321/3927/1264 4320/3926/1264
f 4308/3914/1260 4322/3928/1264 4321/3927/1264
f 4309/3916/1260 4323/3930/1264 4322/3928/1264
f 4310/3929/1260 4324/3943/1264 4323/3930/1264
f 4326/3931/1265 4325/3946/1265 4311/3932/1261
f 4327/3933/1265 4326/3931/1265 4312/3917/1261
f 4328/3934/1265 4327/3933/1265 4313/3919/1261
f 4329/3935/1265 4328/3934/1265 4314/3920/1261
f 4330/3936/1265 4329/3935/1265 4315/3921/1261
f 4331/3937/1266 4330/3936/1265 4316/3922/1261
f 4332/3938/1267 4331/3937/1266 4317/3923/1262
f 4319/3925/1264 4333/3939/1268 4332/3938/1267
f 4320/3926/1264 4334/3940/1268 4333/3939/1268
f 4321/3927/1264 4335/3941/1268 4334/3940/1268
f 4322/3928/1264 4336/3942/1268 4335/3941/1268
f 4323/3930/1264 4337/3944/1268 4336/3942/1268
f 4324/3943/1264 4338/3957/1268 4337/3944/1268
f 4340/3945/1269 4339/3960/1269 4325/3946/1265
f 4341/3947/1269 4340/3945/1269 4326/3931/1265
f 4342/3948/1269 4341/3947/1269 4327/3933/1265
f 4343/3949/1269 4342/3948/1269 4328/3934/1265
f 4344/3950/1269 4343/3949/1269 4329/3935/1265
f 4345/3951/1270 4344/3950/1269 4330/3936/1265
f 4346/3952/1271 4345/3951/1270 4331/3937/1266
f 4333/3939/1268 4347/3953/1272 4346/3952/1271
f 4334/3940/1268 4348/3954/1272 4347/3953/1272
f 4335/3941/1268 4349/3955/1272 4348/3954/1272
f 4336/3942/1268 4350/3956/1272 4349/3955/1272
f 4337/3944/1268 4351/3958/1272 4350/3956/1272
f 4338/3957/1268 4352/3971/1272 4351/3958/1272
f 4354/3959/1273 4353/3974/1273 4339/3960/1269
f 4355/3961/1273 4354/3959/1273 4340/3945/1269
f 4356/3962/1273 4355/3961/1273 4341/3947/1269
f 4357/3963/1273 4356/3962/1273 4342/3948/1269
f 4358/3964/1273 4357/3963/1273 4343/3949/1269
f 4359/3965/1274 4358/3964/1273 4344/3950/1269
f 4360/3966/1275 4359/3965/1274 4345/3951/1270
f 4347/3953/1272 4361/3967/1276 4360/3966/1275
f 4348/3954/1272 4362/3968/1276 4361/3967/1276
f 4349/3955/1272 4363/3969/1276 4362/3968/1276
f 4350/3956/1272 4364/3970/1276 4363/3969/1276
f 4351/3958/1272 4365/3972/1276 4364/3970/1276
f 4352/3971/1272 4366/3987/1276 4365/3972/1276
f 4354/3959/1273 4368/3975/1277 4367/3973/1277
f 4355/3961/1273 4369/3976/1277 4368/3975/1277
f 4356/3962/1273 4370/3977/1277 4369/3976/1277
f 4357/3963/1273 4371/3978/1277 4370/3977/1277
f 4358/3964/1273 4372/3979/1277 4371/3978/1277
f 4359/3965/1274 4373/3994/1283 4372/3979/1277
f 4374/3980/1278 4373/3994/1283 4359/3965/1274
f 4375/3981/1279 4374/3980/1278 4360/3966/1275
f 4376/3982/1279 4375/3981/1279 4361/3967/1276
f 4377/3983/1279 4376/3982/1279 4362/3968/1276
f 4378/3984/1279 4377/3983/1279 4363/3969/1276
f 4379/3985/1279 4378/3984/1279 4364/3970/1276
f 4380/3986/1279 4379/3985/1279 4365/3972/1276
f 4382/3988/1280 4381/4002/1280 4367/3973/1277
f 4383/3989/1280 4382/3988/1280 4368/3975/1277
f 4384/3990/1281 4383/3989/1280 4369/3976/1277
f 4385/3991/1280 4384/3990/1281 4370/3977/1277
f 4386/3992/1280 4385/3991/1280 4371/3978/1277
f 4387/3993/1282 4386/3992/1280 4372/3979/1277
f 4388/3995/1284 4387/3993/1282 4373/3994/1283
f 4375/3981/1279 4389/3996/1285 4388/3995/1284
f 4376/3982/1279 4390/3997/1285 4389/3996/1285
f 4377/3983/1279 4391/3998/1285 4390/3997/1285
f 4378/3984/1279 4392/3999/1285 4391/3998/1285
f 4379/3985/1279 4393/4000/1285 4392/3999/1285
f 4380/3986/1279 4394/4015/1285 4393/4000/1285
f 4382/3988/1280 4396/4003/1287 4395/4001/1286
f 4383/3989/1280 4397/4004/1287 4396/4003/1287
f 4384/3990/1281 4398/4005/1287 4397/4004/1287
f 4385/3991/1280 4399/4006/1287 4398/4005/1287
f 4386/3992/1280 4400/4007/1287 4399/4006/1287
f 4387/3993/1282 4401/4022/1294 4400/4007/1287
f 4402/4008/1288 4401/4022/1294 4387/3993/1282
f 4403/4009/1289 4402/4008/1288 4388/3995/1284
f 4404/4010/1289 4403/4009/1289 4389/3996/1285
f 4405/4011/1289 4404/4010/1289 4390/3997/1285
f 4406/4012/1289 4405/4011/1289 4391/3998/1285
f 4407/4013/1289 4406/4012/1289 4392/3999/1285
f 4408/4014/1290 4407/4013/1289 4393/4000/1285
f 4410/4016/1291 4409/4030/1292 4395/4001/1286
f 4411/4017/1291 4410/4016/1291 4396/4003/1287
f 4412/4018/1292 4411/4017/1291 4397/4004/1287
f 4413/4019/1292 4412/4018/1292 4398/4005/1287
f 4414/4020/1291 4413/4019/1292 4399/4006/1287
f 4415/4021/1293 4414/4020/1291 4400/4007/1287
f 4416/4023/1295 4415/4021/1293 4401/4022/1294
f 4403/4009/1289 4417/4024/1296 4416/4023/1295
f 4404/4010/1289 4418/4025/1296 4417/4024/1296
f 4405/4011/1289 4419/4026/1297 4418/4025/1296
f 4406/4012/1289 4420/4027/1296 4419/4026/1297
f 4407/4013/1289 4421/4028/1296 4420/4027/1296
f 4408/4014/1290 4422/4041/1296 4421/4028/1296
f 4424/4029/1298 4423/4044/1299 4409/4030/1292
f 4425/4031/1299 4424/4029/1298 4410/4016/1291
f 4426/4032/1299 4425/4031/1299 4411/4017/1291
f 4427/4033/1299 4426/4032/1299 4412/4018/1292
f 4428/4034/1299 4427/4033/1299 4413/4019/1292
f 4429/4035/1300 4428/4034/1299 4414/4020/1291
f 4430/4036/1301 4429/4035/1300 4415/4021/1293
f 4417/4024/1296 4431/4037/1302 4430/4036/1301
f 4418/4025/1296 4432/4038/1302 4431/4037/1302
f 4419/4026/1297 4433/4039/1302 4432/4038/1302
f 4420/4027/1296 4434/4040/1302 4433/4039/1302
f 4421/4028/1296 4435/4042/1303 4434/4040/1302
f 4422/4041/1296 4436/4055/1302 4435/4042/1303
f 4438/4043/1304 4437/4058/1304 4423/4044/1299
f 4439/4045/1304 4438/4043/1304 4424/4029/1298
f 4440/4046/1304 4439/4045/1304 4425/4031/1299
f 4441/4047/1304 4440/4046/1304 4426/4032/1299
f 4442/4048/1304 4441/4047/1304 4427/4033/1299
f 4443/4049/1305 4442/4048/1304 4428/4034/1299
f 4444/4050/1306 4443/4049/1305 4429/4035/1300
f 4431/4037/1302 4445/4051/1307 4444/4050/1306
f 4432/4038/1302 4446/4052/1307 4445/4051/1307
f 4433/4039/1302 4447/4053/1307 4446/4052/1307
f 4434/4040/1302 4448/4054/1307 4447/4053/1307
f 4435/4042/1303 4449/4056/1307 4448/4054/1307
f 4436/4055/1302 4450/4069/1307 4449/4056/1307
f 4452/4057/1308 4451/4072/1308 4437/4058/1304
f 4453/4059/1308 4452/4057/1308 4438/4043/1304
f 4454/4060/1308 4453/4059/1308 4439/4045/1304
f 4455/4061/1309 4454/4060/1308 4440/4046/1304
f 4456/4062/1308 4455/4061/1309 4441/4047/1304
f 4457/4063/1310 4456/4062/1308 4442/4048/1304
f 4458/4064/1311 4457/4063/1310 4443/4049/1305
f 4445/4051/1307 4459/4065/1312 4458/4064/1311
f 4446/4052/1307 4460/4066/1313 4459/4065/1312
f 4447/4053/1307 4461/4067/1312 4460/4066/1313
f 4448/4054/1307 4462/4068/1313 4461/4067/1312
f 4449/4056/1307 4463/4070/1312 4462/4068/1313
f 4450/4069/1307 4464/4083/1312 4463/4070/1312
f 4466/4071/1314 4465/4086/1314 4451/4072/1308
f 4467/4073/1314 4466/4071/1314 4452/4057/1308
f 4468/4074/1314 4467/4073/1314 4453/4059/1308
f 4469/4075/1314 4468/4074/1314 4454/4060/1308
f 4470/4076/1314 4469/4075/1314 4455/4061/1309
f 4471/4077/1315 4470/4076/1314 4456/4062/1308
f 4472/4078/1316 4471/4077/1315 4457/4063/1310
f 4459/4065/1312 4473/4079/1317 4472/4078/1316
f 4460/4066/1313 4474/4080/1317 4473/4079/1317
f 4461/4067/1312 4475/4081/1317 4474/4080/1317
f 4462/4068/1313 4476/4082/1317 4475/4081/1317
f 4463/4070/1312 4477/4084/1317 4476/4082/1317
f 4464/4083/1312 4478/4097/1322 4477/4084/1317
f 4480/4085/1318 4479/4100/1318 4465/4086/1314
f 4481/4087/1318 4480/4085/1318 4466/4071/1314
f 4482/4088/1318 4481/4087/1318 4467/4073/1314
f 4483/4089/1318 4482/4088/1318 4468/4074/1314
f 4484/4090/1318 4483/4089/1318 4469/4075/1314
f 4485/4091/1319 4484/4090/1318 4470/4076/1314
f 4486/4092/1320 4485/4091/1319 4471/4077/1315
f 4473/4079/1317 4487/4093/1321 4486/4092/1320
f 4474/4080/1317 4488/4094/1321 4487/4093/1321
f 4475/4081/1317 4489/4095/1321 4488/4094/1321
f 4476/4082/1317 4490/4096/1321 4489/4095/1321
f 4477/4084/1317 4491/4098/1321 4490/4096/1321
f 4478/4097/1322 4492/4111/1321 4491/4098/1321
f 4494/4099/1323 4493/4114/1323 4479/4100/1318
f 4495/4101/1323 4494/4099/1323 4480/4085/1318
f 4496/4102/1323 4495/4101/1323 4481/4087/1318
f 4497/4103/1323 4496/4102/1323 4482/4088/1318
f 4498/4104/1323 4497/4103/1323 4483/4089/1318
f 4499/4105/1324 4498/4104/1323 4484/4090/1318
f 4500/4106/1325 4499/4105/1324 4485/4091/1319
f 4487/4093/1321 4501/4107/1326 4500/4106/1325
f 4488/4094/1321 4502/4108/1326 4501/4107/1326
f 4489/4095/1321 4503/4109/1326 4502/4108/1326
f 4490/4096/1321 4504/4110/1326 4503/4109/1326
f 4491/4098/1321 4505/4112/1326 4504/4110/1326
f 4492/4111/1321 4506/4125/1326 4505/4112/1326
f 4508/4113/1327 4507/4128/1328 4493/4114/1323
f 4509/4115/1327 4508/4113/1327 4494/4099/1323
f 4510/4116/1327 4509/4115/1327 4495/4101/1323
f 4511/4117/1328 4510/4116/1327 4496/4102/1323
f 4512/4118/1328 4511/4117/1328 4497/4103/1323
f 4513/4119/1329 4512/4118/1328 4498/4104/1323
f 4514/4120/1330 4513/4119/1329 4499/4105/1324
f 4501/4107/1326 4515/4121/1331 4514/4120/1330
f 4502/4108/1326 4516/4122/1331 4515/4121/1331
f 4503/4109/1326 4517/4123/1332 4516/4122/1331
f 4504/4110/1326 4518/4124/1332 4517/4123/1332
f 4505/4112/1326 4519/4126/1332 4518/4124/1332
f 4506/4125/1326 4520/4139/1331 4519/4126/1332
f 4522/4127/1333 4521/4142/1333 4507/4128/1328
f 4523/4129/1333 4522/4127/1333 4508/4113/1327
f 4524/4130/1333 4523/4129/1333 4509/4115/1327
f 4525/4131/1333 4524/4130/1333 4510/4116/1327
f 4526/4132/1333 4525/4131/1333 4511/4117/1328
f 4527/4133/1334 4526/4132/1333 4512/4118/1328
f 4528/4134/1335 4527/4133/1334 4513/4119/1329
f 4515/4121/1331 4529/4135/1336 4528/4134/1335
f 4516/4122/1331 4530/4136/1336 4529/4135/1336
f 4517/4123/1332 4531/4137/1336 4530/4136/1336
f 4518/4124/1332 4532/4138/1336 4531/4137/1336
f 4519/4126/1332 4533/4140/1336 4532/4138/1336
f 4520/4139/1331 4534/4153/1336 4533/4140/1336
f 4536/4141/1337 4535/4156/1338 4521/4142/1333
f 4537/4143/1338 4536/4141/1337 4522/4127/1333
f 4538/4144/1337 4537/4143/1338 4523/4129/1333
f 4539/4145/1338 4538/4144/1337 4524/4130/1333
f 4540/4146/1338 4539/4145/1338 4525/4131/1333
f 4541/4147/1339 4540/4146/1338 4526/4132/1333
f 4542/4148/1340 4541/4147/1339 4527/4133/1334
f 4529/4135/1336 4543/4149/1341 4542/4148/1340
f 4530/4136/1336 4544/4150/1341 4543/4149/1341
f 4531/4137/1336 4545/4151/1342 4544/4150/1341
f 4532/4138/1336 4546/4152/1341 4545/4151/1342
f 4533/4140/1336 4547/4154/1342 4546/4152/1341
f 4534/4153/1336 4548/4169/1341 4547/4154/1342
f 4536/4141/1337 4550/4157/1343 4549/4155/1343
f 4537/4143/1338 4551/4158/1343 4550/4157/1343
f 4538/4144/1337 4552/4159/1343 4551/4158/1343
f 4539/4145/1338 4553/4160/1343 4552/4159/1343
f 4540/4146/1338 4554/4161/1343 4553/4160/1343
f 4541/4147/1339 4555/4175/1347 4554/4161/1343
f 4556/4162/1344 4555/4175/1347 4541/4147/1339
f 4557/4163/1345 4556/4162/1344 4542/4148/1340
f 4558/4164/1345 4557/4163/1345 4543/4149/1341
f 4559/4165/1345 4558/4164/1345 4544/4150/1341
f 4560/4166/1345 4559/4165/1345 4545/4151/1342
f 4561/4167/1345 4560/4166/1345 4546/4152/1341
f 4562/4168/1345 4561/4167/1345 4547/4154/1342
f 4550/4157/1343 4564/4171/1346 4563/4170/1346
f 4551/4158/1343 4565/4172/1346 4564/4171/1346
f 4552/4159/1343 4566/4173/1346 4565/4172/1346
f 4553/4160/1343 4567/4174/1346 4566/4173/1346
f 4554/4161/1343 4568/4176/1346 4567/4174/1346
f 4555/4175/1347 4569/4190/1352 4568/4176/1346
f 4570/4177/1348 4569/4190/1352 4555/4175/1347
f 4571/4178/1349 4570/4177/1348 4556/4162/1344
f 4572/4179/1349 4571/4178/1349 4557/4163/1345
f 4573/4180/1349 4572/4179/1349 4558/4164/1345
f 4574/4181/1349 4573/4180/1349 4559/4165/1345
f 4575/4182/1349 4574/4181/1349 4560/4166/1345
f 4576/4183/1349 4575/4182/1349 4561/4167/1345
f 4578/4184/1350 4577/4198/1350 4563/4170/1346
f 4579/4185/1350 4578/4184/1350 4564/4171/1346
f 4580/4186/1350 4579/4185/1350 4565/4172/1346
f 4581/4187/1350 4580/4186/1350 4566/4173/1346
f 4582/4188/1350 4581/4187/1350 4567/4174/1346
f 4583/4189/1351 4582/4188/1350 4568/4176/1346
f 4584/4191/1353 4583/4189/1351 4569/4190/1352
f 4571/4178/1349 4585/4192/1354 4584/4191/1353
f 4572/4179/1349 4586/4193/1354 4585/4192/1354
f 4573/4180/1349 4587/4194/1354 4586/4193/1354
f 4574/4181/1349 4588/4195/1354 4587/4194/1354
f 4575/4182/1349 4589/4196/1354 4588/4195/1354
f 4576/4183/1349 4590/4209/1354 4589/4196/1354
f 4592/4197/1355 4591/4212/1355 4577/4198/1350
f 4593/4199/1355 4592/4197/1355 4578/4184/1350
f 4594/4200/1355 4593/4199/1355 4579/4185/1350
f 4595/4201/1355 4594/4200/1355 4580/4186/1350
f 4596/4202/1355 4595/4201/1355 4581/4187/1350
f 4597/4203/1356 4596/4202/1355 4582/4188/1350
f 4598/4204/1357 4597/4203/1356 4583/4189/1351
f 4585/4192/1354 4599/4205/1358 4598/4204/1357
f 4586/4193/1354 4600/4206/1358 4599/4205/1358
f 4587/4194/1354 4601/4207/1358 4600/4206/1358
f 4588/4195/1354 4602/4208/1358 4601/4207/1358
f 4589/4196/1354 4603/4210/1358 4602/4208/1358
f 4590/4209/1354 4604/4223/1358 4603/4210/1358
f 4606/4211/1359 4605/4226/1360 4591/4212/1355
f 4607/4213/1359 4606/4211/1359 4592/4197/1355
f 4608/4214/1359 4607/4213/1359 4593/4199/1355
f 4609/4215/1360 4608/4214/1359 4594/4200/1355
f 4610/4216/1359 4609/4215/1360 4595/4201/1355
f 4611/4217/1361 4610/4216/1359 4596/4202/1355
f 4612/4218/1362 4611/4217/1361 4597/4203/1356
f 4599/4205/1358 4613/4219/1363 4612/4218/1362
f 4600/4206/1358 4614/4220/1364 4613/4219/1363
f 4601/4207/1358 4615/4221/1363 4614/4220/1364
f 4602/4208/1358 4616/4222/1363 4615/4221/1363
f 4603/4210/1358 4617/4224/1363 4616/4222/1363
f 4604/4223/1358 4618/4237/1364 4617/4224/1363
f 4620/4225/1365 4619/4240/1365 4605/4226/1360
f 4621/4227/1366 4620/4225/1365 4606/4211/1359
f 4622/4228/1366 4621/4227/1366 4607/4213/1359
f 4623/4229/1365 4622/4228/1366 4608/4214/1359
f 4624/4230/1365 4623/4229/1365 4609/4215/1360
f 4625/4231/1367 4624/4230/1365 4610/4216/1359
f 4626/4232/1368 4625/4231/1367 4611/4217/1361
f 4613/4219/1363 4627/4233/1369 4626/4232/1368
f 4614/4220/1364 4628/4234/1369 4627/4233/1369
f 4615/4221/1363 4629/4235/1369 4628/4234/1369
f 4616/4222/1363 4630/4236/1370 4629/4235/1369
f 4617/4224/1363 4631/4238/1369 4630/4236/1370
f 4618/4237/1364 4632/4251/1370 4631/4238/1369
f 4634/4239/1371 4633/4254/1371 4619/4240/1365
f 4635/4241/1371 4634/4239/1371 4620/4225/1365
f 4636/4242/1371 4635/4241/1371 4621/4227/1366
f 4637/4243/1371 4636/4242/1371 4622/4228/1366
f 4638/4244/1371 4637/4243/1371 4623/4229/1365
f 4639/4245/1372 4638/4244/1371 4624/4230/1365
f 4640/4246/1373 4639/4245/1372 4625/4231/1367
f 4627/4233/1369 4641/4247/1374 4640/4246/1373
f 4628/4234/1369 4642/4248/1374 4641/4247/1374
f 4629/4235/1369 4643/4249/1374 4642/4248/1374
f 4630/4236/1370 4644/4250/1374 4643/4249/1374
f 4631/4238/1369 4645/4252/1374 4644/4250/1374
f 4632/4251/1370 4646/4265/1374 4645/4252/1374
f 4648/4253/1375 4647/4268/1375 4633/4254/1371
f 4649/4255/1375 4648/4253/1375 4634/4239/1371
f 4650/4256/1375 4649/4255/1375 4635/4241/1371
f 4651/4257/1375 4650/4256/1375 4636/4242/1371
f 4652/4258/1375 4651/4257/1375 4637/4243/1371
f 4653/4259/1376 4652/4258/1375 4638/4244/1371
f 4654/4260/1377 4653/4259/1376 4639/4245/1372
f 4641/4247/1374 4655/4261/1378 4654/4260/1377
f 4642/4248/1374 4656/4262/1378 4655/4261/1378
f 4643/4249/1374 4657/4263/1378 4656/4262/1378
f 4644/4250/1374 4658/4264/1378 4657/4263/1378
f 4645/4252/1374 4659/4266/1378 4658/4264/1378
f 4646/4265/1374 4660/4279/1378 4659/4266/1378
f 4662/4267/1379 4661/4282/1379 4647/4268/1375
f 4663/4269/1379 4662/4267/1379 4648/4253/1375
f 4664/4270/1379 4663/4269/1379 4649/4255/1375
f 4665/4271/1379 4664/4270/1379 4650/4256/1375
f 4666/4272/1379 4665/4271/1379 4651/4257/1375
f 4667/4273/1380 4666/4272/1379 4652/4258/1375
f 4668/4274/1381 4667/4273/1380 4653/4259/1376
f 4655/4261/1378 4669/4275/1382 4668/4274/1381
f 4656/4262/1378 4670/4276/1382 4669/4275/1382
f 4657/4263/1378 4671/4277/1382 4670/4276/1382
f 4658/4264/1378 4672/4278/1382 4671/4277/1382
f 4659/4266/1378 4673/4280/1382 4672/4278/1382
f 4660/4279/1378 4674/4293/1382 4673/4280/1382
f 4676/4281/1383 4675/4296/1384 4661/4282/1379
f 4677/4283/1384 4676/4281/1383 4662/4267/1379
f 4678/4284/1384 4677/4283/1384 4663/4269/1379
f 4679/4285/1384 4678/4284/1384 4664/4270/1379
f 4680/4286/1384 4679/4285/1384 4665/4271/1379
f 4681/4287/1385 4680/4286/1384 4666/4272/1379
f 4682/4288/1386 4681/4287/1385 4667/4273/1380
f 4669/4275/1382 4683/4289/1387 4682/4288/1386
f 4670/4276/1382 4684/4290/1387 4683/4289/1387
f 4671/4277/1382 4685/4291/1387 4684/4290/1387
f 4672/4278/1382 4686/4292/1387 4685/4291/1387
f 4673/4280/1382 4687/4294/1388 4686/4292/1387
f 4674/4293/1382 4688/4307/1387 4687/4294/1388
f 4690/4295/1389 4689/4310/1389 4675/4296/1384
f 4691/4297/1390 4690/4295/1389 4676/4281/1383
f 4692/4298/1389 4691/4297/1390 4677/4283/1384
f 4693/4299/1389 4692/4298/1389 4678/4284/1384
f 4694/4300/1389 4693/4299/1389 4679/4285/1384
f 4695/4301/1391 4694/4300/1389 4680/4286/1384
f 4696/4302/1392 4695/4301/1391 4681/4287/1385
f 4683/4289/1387 4697/4303/1393 4696/4302/1392
f 4684/4290/1387 4698/4304/1394 4697/4303/1393
f 4685/4291/1387 4699/4305/1394 4698/4304/1394
f 4686/4292/1387 4700/4306/1393 4699/4305/1394
f 4687/4294/1388 4701/4308/1394 4700/4306/1393
f 4688/4307/1387 4702/4321/1394 4701/4308/1394
f 4704/4309/1395 4703/4324/1395 4689/4310/1389
f 4705/4311/1395 4704/4309/1395 4690/4295/1389
f 4706/4312/1396 4705/4311/1395 4691/4297/1390
f 4707/4313/1395 4706/4312/1396 4692/4298/1389
f 4708/4314/1395 4707/4313/1395 4693/4299/1389
f 4709/4315/1397 4708/4314/1395 4694/4300/1389
f 4710/4316/1398 4709/4315/1397 4695/4301/1391
f 4697/4303/1393 4711/4317/1399 4710/4316/1398
f 4698/4304/1394 4712/4318/1399 4711/4317/1399
f 4699/4305/1394 4713/4319/1400 4712/4318/1399
f 4700/4306/1393 4714/4320/1399 4713/4319/1400
f 4701/4308/1394 4715/4322/1399 4714/4320/1399
f 4702/4321/1394 4716/4337/1399 4715/4322/1399
f 4704/4309/1395 4718/4325/1401 4717/4323/1401
f 4705/4311/1395 4719/4326/1401 4718/4325/1401
f 4706/4312/1396 4720/4327/1401 4719/4326/1401
f 4707/4313/1395 4721/4328/1401 4720/4327/1401
f 4708/4314/1395 4722/4329/1401 4721/4328/1401
f 4709/4315/1397 4723/4343/1405 4722/4329/1401
f 4724/4330/1402 4723/4343/1405 4709/4315/1397
f 4725/4331/1403 4724/4330/1402 4710/4316/1398
f 4726/4332/1403 4725/4331/1403 4711/4317/1399
f 4727/4333/1403 4726/4332/1403 4712/4318/1399
f 4728/4334/1403 4727/4333/1403 4713/4319/1400
f 4729/4335/1403 4728/4334/1403 4714/4320/1399
f 4730/4336/1403 4729/4335/1403 4715/4322/1399
f 4718/4325/1401 4732/4339/1404 4731/4338/1404
f 4719/4326/1401 4733/4340/1404 4732/4339/1404
f 4720/4327/1401 4734/4341/1404 4733/4340/1404
f 4721/4328/1401 4735/4342/1404 4734/4341/1404
f 4722/4329/1401 4736/4344/1404 4735/4342/1404
f 4723/4343/1405 4737/4358/1411 4736/4344/1404
f 4738/4345/1406 4737/4358/1411 4723/4343/1405
f 4739/4346/1407 4738/4345/1406 4724/4330/1402
f 4740/4347/1407 4739/4346/1407 4725/4331/1403
f 4741/4348/1407 4740/4347/1407 4726/4332/1403
f 4742/4349/1407 4741/4348/1407 4727/4333/1403
f 4743/4350/1407 4742/4349/1407 4728/4334/1403
f 4744/4351/1407 4743/4350/1407 4729/4335/1403
f 4746/4352/1408 4745/4366/1408 4731/4338/1404
f 4747/4353/1408 4746/4352/1408 4732/4339/1404
f 4748/4354/1409 4747/4353/1408 4733/4340/1404
f 4749/4355/1408 4748/4354/1409 4734/4341/1404
f 4750/4356/1409 4749/4355/1408 4735/4342/1404
f 4751/4357/1410 4750/4356/1409 4736/4344/1404
f 4752/4359/1412 4751/4357/1410 4737/4358/1411
f 4739/4346/1407 4753/4360/1413 4752/4359/1412
f 4740/4347/1407 4754/4361/1414 4753/4360/1413
f 4741/4348/1407 4755/4362/1413 4754/4361/1414
f 4742/4349/1407 4756/4363/1414 4755/4362/1413
f 4743/4350/1407 4757/4364/1414 4756/4363/1414
f 4744/4351/1407 4758/4377/1413 4757/4364/1414
f 4760/4365/1415 4759/4380/1415 4745/4366/1408
f 4761/4367/1416 4760/4365/1415 4746/4352/1408
f 4762/4368/1415 4761/4367/1416 4747/4353/1408
f 4763/4369/1416 4762/4368/1415 4748/4354/1409
f 4764/4370/1416 4763/4369/1416 4749/4355/1408
f 4765/4371/1417 4764/4370/1416 4750/4356/1409
f 4766/4372/1418 4765/4371/1417 4751/4357/1410
f 4753/4360/1413 4767/4373/1419 4766/4372/1418
f 4754/4361/1414 4768/4374/1419 4767/4373/1419
f 4755/4362/1413 4769/4375/1420 4768/4374/1419
f 4756/4363/1414 4770/4376/1419 4769/4375/1420
f 4757/4364/1414 4771/4378/1419 4770/4376/1419
f 4758/4377/1413 4772/4392/1420 4771/4378/1419
f 4774/4379/1421 4773/4394/1421 4759/4380/1415
f 4775/4381/1421 4774/4379/1421 4760/4365/1415
f 4776/4382/1421 4775/4381/1421 4761/4367/1416
f 4777/4383/1421 4776/4382/1421 4762/4368/1415
f 4778/4384/1421 4777/4383/1421 4763/4369/1416
f 4779/4385/1422 4778/4384/1421 4764/4370/1416
f 4780/4386/1423 4779/4385/1422 4765/4371/1417
f 4767/4373/1419 4781/4387/1424 4780/4386/1423
f 4768/4374/1419 4782/4388/1424 4781/4387/1424
f 4769/4375/1420 4783/4389/1424 4782/4388/1424
f 4770/4376/1419 4784/4390/1424 4783/4389/1424
f 4771/4378/1419 4785/4404/1424 4784/4390/1424
f 4786/4391/1424 4785/4404/1424 4771/4378/1419
f 4788/4393/1425 4787/4408/1425 4773/4394/1421
f 4789/4395/1425 4788/4393/1425 4774/4379/1421
f 4790/4396/1425 4789/4395/1425 4775/4381/1421
f 4791/4397/1425 4790/4396/1425 4776/4382/1421
f 4792/4398/1425 4791/4397/1425 4777/4383/1421
f 4793/4399/1426 4792/4398/1425 4778/4384/1421
f 4794/4400/1427 4793/4399/1426 4779/4385/1422
f 4781/4387/1424 4795/4401/1428 4794/4400/1427
f 4782/4388/1424 4796/4402/1428 4795/4401/1428
f 4783/4389/1424 4797/4403/1428 4796/4402/1428
f 4784/4390/1424 4798/4405/1428 4797/4403/1428
f 4785/4404/1424 4799/4406/1428 4798/4405/1428
f 4786/4391/1424 4800/4420/1428 4799/4406/1428
f 4802/4407/1429 4801/4422/1429 4787/4408/1425
f 4803/4409/1429 4802/4407/1429 4788/4393/1425
f 4804/4410/1429 4803/4409/1429 4789/4395/1425
f 4805/4411/1429 4804/4410/1429 4790/4396/1425
f 4806/4412/1429 4805/4411/1429 4791/4397/1425
f 4807/4413/1430 4806/4412/1429 4792/4398/1425
f 4808/4414/1431 4807/4413/1430 4793/4399/1426
f 4795/4401/1428 4809/4415/1432 4808/4414/1431
f 4796/4402/1428 4810/4416/1432 4809/4415/1432
f 4797/4403/1428 4811/4417/1432 4810/4416/1432
f 4798/4405/1428 4812/4418/1432 4811/4417/1432
f 4799/4406/1428 4813/4432/1432 4812/4418/1432
f 4814/4419/1432 4813/4432/1432 4799/4406/1428
f 4816/4421/1433 4815/4436/1433 4801/4422/1429
f 4817/4423/1433 4816/4421/1433 4802/4407/1429
f 4818/4424/1433 4817/4423/1433 4803/4409/1429
f 4819/4425/1433 4818/4424/1433 4804/4410/1429
f 4820/4426/1433 4819/4425/1433 4805/4411/1429
f 4821/4427/1434 4820/4426/1433 4806/4412/1429
f 4822/4428/1435 4821/4427/1434 4807/4413/1430
f 4809/4415/1432 4823/4429/1436 4822/4428/1435
f 4810/4416/1432 4824/4430/1436 4823/4429/1436
f 4811/4417/1432 4825/4431/1436 4824/4430/1436
f 4812/4418/1432 4826/4433/1436 4825/4431/1436
f 4813/4432/1432 4827/4434/1436 4826/4433/1436
f 4814/4419/1432 4828/4447/1436 4827/4434/1436
f 4830/4435/1437 4829/4450/1437 4815/4436/1433
f 4831/4437/1437 4830/4435/1437 4816/4421/1433
f 4832/4438/1437 4831/4437/1437 4817/4423/1433
f 4833/4439/1437 4832/4438/1437 4818/4424/1433
f 4834/4440/1437 4833/4439/1437 4819/4425/1433
f 4835/4441/1438 4834/4440/1437 4820/4426/1433
f 4836/4442/1439 4835/4441/1438 4821/4427/1434
f 4823/4429/1436 4837/4443/1440 4836/4442/1439
f 4824/4430/1436 4838/4444/1440 4837/4443/1440
f 4825/4431/1436 4839/4445/1440 4838/4444/1440
f 4826/4433/1436 4840/4446/1440 4839/4445/1440
f 4827/4434/1436 4841/4448/1440 4840/4446/1440
f 4828/4447/1436 4842/4461/1440 4841/4448/1440
f 4844/4449/1441 4843/4464/1441 4829/4450/1437
f 4845/4451/1441 4844/4449/1441 4830/4435/1437
f 4846/4452/1441 4845/4451/1441 4831/4437/1437
f 4847/4453/1441 4846/4452/1441 4832/4438/1437
f 4848/4454/1441 4847/4453/1441 4833/4439/1437
f 4849/4455/1442 4848/4454/1441 4834/4440/1437
f 4850/4456/1443 4849/4455/1442 4835/4441/1438
f 4837/4443/1440 4851/4457/1444 4850/4456/1443
f 4838/4444/1440 4852/4458/1444 4851/4457/1444
f 4839/4445/1440 4853/4459/1444 4852/4458/1444
f 4840/4446/1440 4854/4460/1444 4853/4459/1444
f 4841/4448/1440 4855/4462/1444 4854/4460/1444
f 4842/4461/1440 4856/4475/1444 4855/4462/1444
f 4858/4463/1445 4857/4478/1445 4843/4464/1441
f 4859/4465/1445 4858/4463/1445 4844/4449/1441
f 4860/4466/1445 4859/4465/1445 4845/4451/1441
f 4861/4467/1445 4860/4466/1445 4846/4452/1441
f 4862/4468/1445 4861/4467/1445 4847/4453/1441
f 4863/4469/1446 4862/4468/1445 4848/4454/1441
f 4864/4470/1447 4863/4469/1446 4849/4455/1442
f 4851/4457/1444 4865/4471/1448 4864/4470/1447
f 4852/4458/1444 4866/4472/1448 4865/4471/1448
f 4853/4459/1444 4867/4473/1448 4866/4472/1448
f 4854/4460/1444 4868/4474/1448 4867/4473/1448
f 4855/4462/1444 4869/4476/1448 4868/4474/1448
f 4856/4475/1444 4870/4489/1448 4869/4476/1448
f 4872/4477/1449 4871/4492/1449 4857/4478/1445
f 4873/4479/1449 4872/4477/1449 4858/4463/1445
f 4874/4480/1449 4873/4479/1449 4859/4465/1445
f 4875/4481/1449 4874/4480/1449 4860/4466/1445
f 4876/4482/1449 4875/4481/1449 4861/4467/1445
f 4877/4483/1450 4876/4482/1449 4862/4468/1445
f 4878/4484/1451 4877/4483/1450 4863/4469/1446
f 4865/4471/1448 4879/4485/1452 4878/4484/1451
f 4866/4472/1448 4880/4486/1452 4879/4485/1452
f 4867/4473/1448 4881/4487/1452 4880/4486/1452
f 4868/4474/1448 4882/4488/1452 4881/4487/1452
f 4869/4476/1448 4883/4490/1452 4882/4488/1452
f 4870/4489/1448 4884/4503/1452 4883/4490/1452
f 4886/4491/1453 4885/4506/1453 4871/4492/1449
f 4887/4493/1453 4886/4491/1453 4872/4477/1449
f 4888/4494/1453 4887/4493/1453 4873/4479/1449
f 4889/4495/1453 4888/4494/1453 4874/4480/1449
f 4890/4496/1453 4889/4495/1453 4875/4481/1449
f 4891/4497/1454 4890/4496/1453 4876/4482/1449
f 4892/4498/1455 4891/4497/1454 4877/4483/1450
f 4879/4485/1452 4893/4499/1456 4892/4498/1455
f 4880/4486/1452 4894/4500/1456 4893/4499/1456
f 4881/4487/1452 4895/4501/1456 4894/4500/1456
f 4882/4488/1452 4896/4502/1456 4895/4501/1456
f 4883/4490/1452 4897/4504/1456 4896/4502/1456
f 4884/4503/1452 4898/4517/1456 4897/4504/1456
f 4900/4505/1457 4899/4520/1457 4885/4506/1453
f 4901/4507/1457 4900/4505/1457 4886/4491/1453
f 4902/4508/1458 4901/4507/1457 4887/4493/1453
f 4903/4509/1457 4902/4508/1458 4888/4494/1453
f 4904/4510/1457 4903/4509/1457 4889/4495/1453
f 4905/4511/1459 4904/4510/1457 4890/4496/1453
f 4906/4512/1460 4905/4511/1459 4891/4497/1454
f 4893/4499/1456 4907/4513/1461 4906/4512/1460
f 4894/4500/1456 4908/4514/1461 4907/4513/1461
f 4895/4501/1456 4909/4515/1462 4908/4514/1461
f 4896/4502/1456 4910/4516/1461 4909/4515/1462
f 4897/4504/1456 4911/4518/1461 4910/4516/1461
f 4898/4517/1456 4912/4531/1461 4911/4518/1461
f 4914/4519/1463 4913/4534/1463 4899/4520/1457
f 4915/4521/1463 4914/4519/1463 4900/4505/1457
f 4916/4522/1463 4915/4521/1463 4901/4507/1457
f 4917/4523/1463 4916/4522/1463 4902/4508/1458
f 4918/4524/1463 4917/4523/1463 4903/4509/1457
f 4919/4525/1464 4918/4524/1463 4904/4510/1457
f 4920/4526/1465 4919/4525/1464 4905/4511/1459
f 4907/4513/1461 4921/4527/1466 4920/4526/1465
f 4908/4514/1461 4922/4528/1466 4921/4527/1466
f 4909/4515/1462 4923/4529/1466 4922/4528/1466
f 4910/4516/1461 4924/4530/1466 4923/4529/1466
f 4911/4518/1461 4925/4532/1466 4924/4530/1466
f 4912/4531/1461 4926/4545/1466 4925/4532/1466
f 4928/4533/1467 4927/4548/1467 4913/4534/1463
f 4929/4535/1467 4928/4533/1467 4914/4519/1463
f 4930/4536/1467 4929/4535/1467 4915/4521/1463
f 4931/4537/1467 4930/4536/1467 4916/4522/1463
f 4932/4538/1467 4931/4537/1467 4917/4523/1463
f 4933/4539/1468 4932/4538/1467 4918/4524/1463
f 4934/4540/1469 4933/4539/1468 4919/4525/1464
f 4921/4527/1466 4935/4541/1470 4934/4540/1469
f 4922/4528/1466 4936/4542/1470 4935/4541/1470
f 4923/4529/1466 4937/4543/1470 4936/4542/1470
f 4924/4530/1466 4938/4544/1470 4937/4543/1470
f 4925/4532/1466 4939/4546/1470 4938/4544/1470
f 4926/4545/1466 4940/4559/1470 4939/4546/1470
f 4942/4547/1471 4941/4562/1471 4927/4548/1467
f 4943/4549/1471 4942/4547/1471 4928/4533/1467
f 4944/4550/1471 4943/4549/1471 4929/4535/1467
f 4945/4551/1471 4944/4550/1471 4930/4536/1467
f 4946/4552/1471 4945/4551/1471 4931/4537/1467
f 4947/4553/1472 4946/4552/1471 4932/4538/1467
f 4948/4554/1473 4947/4553/1472 4933/4539/1468
f 4935/4541/1470 4949/4555/1474 4948/4554/1473
f 4936/4542/1470 4950/4556/1474 4949/4555/1474
f 4937/4543/1470 4951/4557/1474 4950/4556/1474
f 4938/4544/1470 4952/4558/1474 4951/4557/1474
f 4939/4546/1470 4953/4560/1474 4952/4558/1474
f 4940/4559/1470 4954/4573/1474 4953/4560/1474
f 4956/4561/1475 4955/4576/1475 4941/4562/1471
f 4957/4563/1475 4956/4561/1475 4942/4547/1471
f 4958/4564/1475 4957/4563/1475 4943/4549/1471
f 4959/4565/1475 4958/4564/1475 4944/4550/1471
f 4960/4566/1475 4959/4565/1475 4945/4551/1471
f 4961/4567/1476 4960/4566/1475 4946/4552/1471
f 4962/4568/1477 4961/4567/1476 4947/4553/1472
f 4949/4555/1474 4963/4569/1478 4962/4568/1477
f 4950/4556/1474 4964/4570/1478 4963/4569/1478
f 4951/4557/1474 4965/4571/1478 4964/4570/1478
f 4952/4558/1474 4966/4572/1478 4965/4571/1478
f 4953/4560/1474 4967/4574/1478 4966/4572/1478
f 4954/4573/1474 4968/4587/1478 4967/4574/1478
f 4970/4575/1479 4969/4590/1479 4955/4576/1475
f 4971/4577/1479 4970/4575/1479 4956/4561/1475
f 4972/4578/1479 4971/4577/1479 4957/4563/1475
f 4973/4579/1479 4972/4578/1479 4958/4564/1475
f 4974/4580/1479 4973/4579/1479 4959/4565/1475
f 4975/4581/1480 4974/4580/1479 4960/4566/1475
f 4976/4582/1481 4975/4581/1480 4961/4567/1476
f 4963/4569/1478 4977/4583/1482 4976/4582/1481
f 4964/4570/1478 4978/4584/1482 4977/4583/1482
f 4965/4571/1478 4979/4585/1482 4978/4584/1482
f 4966/4572/1478 4980/4586/1482 4979/4585/1482
f 4967/4574/1478 4981/4588/1482 4980/4586/1482
f 4968/4587/1478 4982/4601/1482 4981/4588/1482
f 4984/4589/1483 4983/4604/1483 4969/4590/1479
f 4985/4591/1484 4984/4589/1483 4970/4575/1479
f 4986/4592/1483 4985/4591/1484 4971/4577/1479
f 4987/4593/1483 4986/4592/1483 4972/4578/1479
f 4988/4594/1483 4987/4593/1483 4973/4579/1479
f 4989/4595/1485 4988/4594/1483 4974/4580/1479
f 4990/4596/1486 4989/4595/1485 4975/4581/1480
f 4977/4583/1482 4991/4597/1487 4990/4596/1486
f 4978/4584/1482 4992/4598/1487 4991/4597/1487
f 4979/4585/1482 4993/4599/1487 4992/4598/1487
f 4980/4586/1482 4994/4600/1487 4993/4599/1487
f 4981/4588/1482 4995/4602/1487 4994/4600/1487
f 4982/4601/1482 4996/4615/1487 4995/4602/1487
f 4998/4603/1488 4997/4618/1488 4983/4604/1483
f 4999/4605/1488 4998/4603/1488 4984/4589/1483
f 5000/4606/1488 4999/4605/1488 4985/4591/1484
f 5001/4607/1488 5000/4606/1488 4986/4592/1483
f 5002/4608/1488 5001/4607/1488 4987/4593/1483
f 5003/4609/1489 5002/4608/1488 4988/4594/1483
f 5004/4610/1490 5003/4609/1489 4989/4595/1485
f 4991/4597/1487 5005/4611/1491 5004/4610/1490
f 4992/4598/1487 5006/4612/1491 5005/4611/1491
f 4993/4599/1487 5007/4613/1491 5006/4612/1491
f 4994/4600/1487 5008/4614/1491 5007/4613/1491
f 4995/4602/1487 5009/4616/1491 5008/4614/1491
f 4996/4615/1487 5010/4629/1491 5009/4616/1491
f 5012/4617/1492 5011/4632/1492 4997/4618/1488
f 5013/4619/1493 5012/4617/1492 4998/4603/1488
f 5014/4620/1492 5013/4619/1493 4999/4605/1488
f 5015/4621/1492 5014/4620/1492 5000/4606/1488
f 5016/4622/1492 5015/4621/1492 5001/4607/1488
f 5017/4623/1494 5016/4622/1492 5002/4608/1488
f 5018/4624/1495 5017/4623/1494 5003/4609/1489
f 5005/4611/1491 5019/4625/1496 5018/4624/1495
f 5006/4612/1491 5020/4626/1496 5019/4625/1496
f 5007/4613/1491 5021/4627/1496 5020/4626/1496
f 5008/4614/1491 5022/4628/1497 5021/4627/1496
f 5009/4616/1491 5023/4630/1496 5022/4628/1497
f 5010/4629/1491 5024/4643/1496 5023/4630/1496
f 5026/4631/1498 5025/4646/1498 5011/4632/1492
f 5027/4633/1498 5026/4631/1498 5012/4617/1492
f 5028/4634/1498 5027/4633/1498 5013/4619/1493
f 5029/4635/1498 5028/4634/1498 5014/4620/1492
f 5030/4636/1498 5029/4635/1498 5015/4621/1492
f 5031/4637/1499 5030/4636/1498 5016/4622/1492
f 5032/4638/1500 5031/4637/1499 5017/4623/1494
f 5019/4625/1496 5033/4639/1501 5032/4638/1500
f 5020/4626/1496 5034/4640/1501 5033/4639/1501
f 5021/4627/1496 5035/4641/1501 5034/4640/1501
f 5022/4628/1497 5036/4642/1501 5035/4641/1501
f 5023/4630/1496 5037/4644/1501 5036/4642/1501
f 5024/4643/1496 5038/4657/1501 5037/4644/1501
f 5040/4645/1502 5039/4660/1503 5025/4646/1498
f 5041/4647/1503 5040/4645/1502 5026/4631/1498
f 5042/4648/1502 5041/4647/1503 5027/4633/1498
f 5043/4649/1502 5042/4648/1502 5028/4634/1498
f 5044/4650/1502 5043/4649/1502 5029/4635/1498
f 5045/4651/1504 5044/4650/1502 5030/4636/1498
f 5046/4652/1505 5045/4651/1504 5031/4637/1499
f 5033/4639/1501 5047/4653/1506 5046/4652/1505
f 5034/4640/1501 5048/4654/1507 5047/4653/1506
f 5035/4641/1501 5049/4655/1506 5048/4654/1507
f 5036/4642/1501 5050/4656/1506 5049/4655/1506
f 5037/4644/1501 5051/4658/1507 5050/4656/1506
f 5038/4657/1501 5052/4673/1507 5051/4658/1507
f 5040/4645/1502 5054/4661/1508 5053/4659/1508
f 5041/4647/1503 5055/4662/1508 5054/4661/1508
f 5042/4648/1502 5056/4663/1508 5055/4662/1508
f 5043/4649/1502 5057/4664/1508 5056/4663/1508
f 5044/4650/1502 5058/4665/1508 5057/4664/1508
f 5045/4651/1504 5059/4679/1512 5058/4665/1508
f 5060/4666/1509 5059/4679/1512 5045/4651/1504
f 5061/4667/1510 5060/4666/1509 5046/4652/1505
f 5062/4668/1510 5061/4667/1510 5047/4653/1506
f 5063/4669/1510 5062/4668/1510 5048/4654/1507
f 5064/4670/1510 5063/4669/1510 5049/4655/1506
f 5065/4671/1510 5064/4670/1510 5050/4656/1506
f 5066/4672/1510 5065/4671/1510 5051/4658/1507
f 5054/4661/1508 5068/4675/1511 5067/4674/1511
f 5055/4662/1508 5069/4676/1511 5068/4675/1511
f 5056/4663/1508 5070/4677/1511 5069/4676/1511
f 5057/4664/1508 5071/4678/1511 5070/4677/1511
f 5058/4665/1508 5072/4680/1511 5071/4678/1511
f 5059/4679/1512 5073/4693/1517 5072/4680/1511
f 5074/4681/1513 5073/4693/1517 5059/4679/1512
f 5075/4682/1514 5074/4681/1513 5060/4666/1509
f 5076/4683/1514 5075/4682/1514 5061/4667/1510
f 5077/4684/1514 5076/4683/1514 5062/4668/1510
f 5078/4685/1514 5077/4684/1514 5063/4669/1510
f 5079/4686/1514 5078/4685/1514 5064/4670/1510
f 5080/4687/1514 5079/4686/1514 5065/4671/1510
f 5068/4675/1511 5082/4689/1516 5081/4688/1515
f 5069/4676/1511 5083/4690/1515 5082/4689/1516
f 5070/4677/1511 5084/4691/1515 5083/4690/1515
f 5071/4678/1511 5085/4692/1515 5084/4691/1515
f 5072/4680/1511 5086/4694/1515 5085/4692/1515
f 5073/4693/1517 5087/4707/1522 5086/4694/1515
f 5088/4695/1518 5087/4707/1522 5073/4693/1517
f 5089/4696/1519 5088/4695/1518 5074/4681/1513
f 5090/4697/1520 5089/4696/1519 5075/4682/1514
f 5091/4698/1519 5090/4697/1520 5076/4683/1514
f 5092/4699/1519 5091/4698/1519 5077/4684/1514
f 5093/4700/1520 5092/4699/1519 5078/4685/1514
f 5094/4701/1519 5093/4700/1520 5079/4686/1514
f 5082/4689/1516 5096/4703/1521 5095/4702/1521
f 5083/4690/1515 5097/4704/1521 5096/4703/1521
f 5084/4691/1515 5098/4705/1521 5097/4704/1521
f 5085/4692/1515 5099/4706/1521 5098/4705/1521
f 5086/4694/1515 5100/4708/1521 5099/4706/1521
f 5087/4707/1522 5101/4721/1526 5100/4708/1521
f 5102/4709/1523 5101/4721/1526 5087/4707/1522
f 5103/4710/1524 5102/4709/1523 5088/4695/1518
f 5104/4711/1524 5103/4710/1524 5089/4696/1519
f 5105/4712/1524 5104/4711/1524 5090/4697/1520
f 5106/4713/1524 5105/4712/1524 5091/4698/1519
f 5107/4714/1524 5106/4713/1524 5092/4699/1519
f 5108/4715/1524 5107/4714/1524 5093/4700/1520
f 5096/4703/1521 5110/4717/1525 5109/4716/1525
f 5097/4704/1521 5111/4718/1525 5110/4717/1525
f 5098/4705/1521 5112/4719/1525 5111/4718/1525
f 5099/4706/1521 5113/4720/1525 5112/4719/1525
f 5100/4708/1521 5114/4722/1525 5113/4720/1525
f 5101/4721/1526 5115/4735/1530 5114/4722/1525
f 5116/4723/1527 5115/4735/1530 5101/4721/1526
f 5117/4724/1528 5116/4723/1527 5102/4709/1523
f 5118/4725/1528 5117/4724/1528 5103/4710/1524
f 5119/4726/1528 5118/4725/1528 5104/4711/1524
f 5120/4727/1528 5119/4726/1528 5105/4712/1524
f 5121/4728/1528 5120/4727/1528 5106/4713/1524
f 5122/4729/1528 5121/4728/1528 5107/4714/1524
f 5110/4717/1525 5124/4731/1529 5123/4730/1529
f 5111/4718/1525 5125/4732/1529 5124/4731/1529
f 5112/4719/1525 5126/4733/1529 5125/4732/1529
f 5113/4720/1525 5127/4734/1529 5126/4733/1529
f 5114/4722/1525 5128/4736/1529 5127/4734/1529
f 5115/4735/1530 5129/4749/1534 5128/4736/1529
f 5130/4737/1531 5129/4749/1534 5115/4735/1530
f 5131/4738/1532 5130/4737/1531 5116/4723/1527
f 5132/4739/1532 5131/4738/1532 5117/4724/1528
f 5133/4740/1532 5132/4739/1532 5118/4725/1528
f 5134/4741/1532 5133/4740/1532 5119/4726/1528
f 5135/4742/1532 5134/4741/1532 5120/4727/1528
f 5136/4743/1532 5135/4742/1532 5121/4728/1528
f 5124/4731/1529 5138/4745/1533 5137/4744/1533
f 5125/4732/1529 5139/4746/1533 5138/4745/1533
f 5126/4733/1529 5140/4747/1533 5139/4746/1533
f 5127/4734/1529 5141/4748/1533 5140/4747/1533
f 5128/4736/1529 5142/4750/1533 5141/4748/1533
f 5129/4749/1534 5143/4763/1538 5142/4750/1533
f 5144/4751/1535 5143/4763/1538 5129/4749/1534
f 5145/4752/1536 5144/4751/1535 5130/4737/1531
f 5146/4753/1536 5145/4752/1536 5131/4738/1532
f 5147/4754/1536 5146/4753/1536 5132/4739/1532
f 5148/4755/1536 5147/4754/1536 5133/4740/1532
f 5149/4756/1536 5148/4755/1536 5134/4741/1532
f 5150/4757/1536 5149/4756/1536 5135/4742/1532
f 5138/4745/1533 5152/4759/1537 5151/4758/1537
f 5139/4746/1533 5153/4760/1537 5152/4759/1537
f 5140/4747/1533 5154/4761/1537 5153/4760/1537
f 5141/4748/1533 5155/4762/1537 5154/4761/1537
f 5142/4750/1533 5156/4764/1537 5155/4762/1537
f 5143/4763/1538 5157/4777/1542 5156/4764/1537
f 5158/4765/1539 5157/4777/1542 5143/4763/1538
f 5159/4766/1540 5158/4765/1539 5144/4751/1535
f 5160/4767/1540 5159/4766/1540 5145/4752/1536
f 5161/4768/1540 5160/4767/1540 5146/4753/1536
f 5162/4769/1540 5161/4768/1540 5147/4754/1536
f 5163/4770/1540 5162/4769/1540 5148/4755/1536
f 5164/4771/1540 5163/4770/1540 5149/4756/1536
f 5152/4759/1537 5166/4773/1541 5165/4772/1541
f 5153/4760/1537 5167/4774/1541 5166/4773/1541
f 5154/4761/1537 5168/4775/1541 5167/4774/1541
f 5155/4762/1537 5169/4776/1541 5168/4775/1541
f 5156/4764/1537 5170/4778/1543 5169/4776/1541
f 5157/4777/1542 5171/4791/1547 5170/4778/1543
f 5172/4779/1544 5171/4791/1547 5157/4777/1542
f 5173/4780/1545 5172/4779/1544 5158/4765/1539
f 5174/4781/1545 5173/4780/1545 5159/4766/1540
f 5175/4782/1545 5174/4781/1545 5160/4767/1540
f 5176/4783/1545 5175/4782/1545 5161/4768/1540
f 5177/4784/1545 5176/4783/1545 5162/4769/1540
f 5178/4785/1545 5177/4784/1545 5163/4770/1540
f 5166/4773/1541 5180/4787/1546 5179/4786/1546
f 5167/4774/1541 5181/4788/1546 5180/4787/1546
f 5168/4775/1541 5182/4789/1546 5181/4788/1546
f 5169/4776/1541 5183/4790/1546 5182/4789/1546
f 5170/4778/1543 5184/4792/1546 5183/4790/1546
f 5171/4791/1547 5185/4805/1551 5184/4792/1546
f 5186/4793/1548 5185/4805/1551 5171/4791/1547
f 5187/4794/1549 5186/4793/1548 5172/4779/1544
f 5188/4795/1549 5187/4794/1549 5173/4780/1545
f 5189/4796/1549 5188/4795/1549 5174/4781/1545
f 5190/4797/1549 5189/4796/1549 5175/4782/1545
f 5191/4798/1549 5190/4797/1549 5176/4783/1545
f 5192/4799/1549 5191/4798/1549 5177/4784/1545
f 5180/4787/1546 5194/4801/1550 5193/4800/1550
f 5181/4788/1546 5195/4802/1550 5194/4801/1550
f 5182/4789/1546 5196/4803/1550 5195/4802/1550
f 5183/4790/1546 5197/4804/1550 5196/4803/1550
f 5184/4792/1546 5198/4806/1550 5197/4804/1550
f 5185/4805/1551 5199/4819/1555 5198/4806/1550
f 5200/4807/1552 5199/4819/1555 5185/4805/1551
f 5201/4808/1553 5200/4807/1552 5186/4793/1548
f 5202/4809/1553 5201/4808/1553 5187/4794/1549
f 5203/4810/1553 5202/4809/1553 5188/4795/1549
f 5204/4811/1553 5203/4810/1553 5189/4796/1549
f 5205/4812/1553 5204/4811/1553 5190/4797/1549
f 5206/4813/1553 5205/4812/1553 5191/4798/1549
f 5194/4801/1550 5208/4815/1554 5207/4814/1554
f 5195/4802/1550 5209/4816/1554 5208/4815/1554
f 5196/4803/1550 5210/4817/1554 5209/4816/1554
f 5197/4804/1550 5211/4818/1554 5210/4817/1554
f 5198/4806/1550 5212/4820/1554 5211/4818/1554
f 5199/4819/1555 5213/4834/1560 5212/4820/1554
f 5214/4821/1556 5213/4834/1560 5199/4819/1555
f 5215/4822/1557 5214/4821/1556 5200/4807/1552
f 5216/4823/1557 5215/4822/1557 5201/4808/1553
f 5217/4824/1557 5216/4823/1557 5202/4809/1553
f 5218/4825/1557 5217/4824/1557 5203/4810/1553
f 5219/4826/1557 5218/4825/1557 5204/4811/1553
f 5220/4827/1557 5219/4826/1557 5205/4812/1553
f 5222/4828/1558 5221/4842/1558 5207/4814/1554
f 5223/4829/1558 5222/4828/1558 5208/4815/1554
f 5224/4830/1558 5223/4829/1558 5209/4816/1554
f 5225/4831/1558 5224/4830/1558 5210/4817/1554
f 5226/4832/1558 5225/4831/1558 5211/4818/1554
f 5227/4833/1559 5226/4832/1558 5212/4820/1554
f 5228/4835/1561 5227/4833/1559 5213/4834/1560
f 5215/4822/1557 5229/4836/1562 5228/4835/1561
f 5216/4823/1557 5230/4837/1562 5229/4836/1562
f 5217/4824/1557 5231/4838/1562 5230/4837/1562
f 5218/4825/1557 5232/4839/1562 5231/4838/1562
f 5219/4826/1557 5233/4840/1562 5232/4839/1562
f 5220/4827/1557 5234/4853/1562 5233/4840/1562
f 5236/4841/1563 5235/4856/1564 5221/4842/1558
f 5237/4843/1563 5236/4841/1563 5222/4828/1558
f 5238/4844/1564 5237/4843/1563 5223/4829/1558
f 5239/4845/1563 5238/4844/1564 5224/4830/1558
f 5240/4846/1564 5239/4845/1563 5225/4831/1558
f 5241/4847/1565 5240/4846/1564 5226/4832/1558
f 5242/4848/1566 5241/4847/1565 5227/4833/1559
f 5229/4836/1562 5243/4849/1567 5242/4848/1566
f 5230/4837/1562 5244/4850/1568 5243/4849/1567
f 5231/4838/1562 5245/4851/1567 5244/4850/1568
f 5232/4839/1562 5246/4852/1568 5245/4851/1567
f 5233/4840/1562 5247/4854/1567 5246/4852/1568
f 5234/4853/1562 5248/4869/1567 5247/4854/1567
f 5236/4841/1563 5250/4857/1569 5249/4855/1569
f 5237/4843/1563 5251/4858/1569 5250/4857/1569
f 5238/4844/1564 5252/4859/1569 5251/4858/1569
f 5239/4845/1563 5253/4860/1569 5252/4859/1569
f 5240/4846/1564 5254/4861/1569 5253/4860/1569
f 5241/4847/1565 5255/4875/1574 5254/4861/1569
f 5256/4862/1570 5255/4875/1574 5241/4847/1565
f 5257/4863/1571 5256/4862/1570 5242/4848/1566
f 5258/4864/1571 5257/4863/1571 5243/4849/1567
f 5259/4865/1571 5258/4864/1571 5244/4850/1568
f 5260/4866/1571 5259/4865/1571 5245/4851/1567
f 5261/4867/1571 5260/4866/1571 5246/4852/1568
f 5262/4868/1571 5261/4867/1571 5247/4854/1567
f 5250/4857/1569 5264/4871/1573 5263/4870/1572
f 5251/4858/1569 5265/4872/1572 5264/4871/1573
f 5252/4859/1569 5266/4873/1573 5265/4872/1572
f 5253/4860/1569 5267/4874/1572 5266/4873/1573
f 5254/4861/1569 5268/4876/1572 5267/4874/1572
f 5255/4875/1574 5269/4889/1580 5268/4876/1572
f 5270/4877/1575 5269/4889/1580 5255/4875/1574
f 5271/4878/1576 5270/4877/1575 5256/4862/1570
f 5272/4879/1576 5271/4878/1576 5257/4863/1571
f 5273/4880/1576 5272/4879/1576 5258/4864/1571
f 5274/4881/1576 5273/4880/1576 5259/4865/1571
f 5275/4882/1577 5274/4881/1576 5260/4866/1571
f 5276/4883/1576 5275/4882/1577 5261/4867/1571
f 5264/4871/1573 5278/4885/1579 5277/4884/1578
f 5265/4872/1572 5279/4886/1579 5278/4885/1579
f 5266/4873/1573 5280/4887/1578 5279/4886/1579
f 5267/4874/1572 5281/4888/1578 5280/4887/1578
f 5268/4876/1572 5282/4890/1578 5281/4888/1578
f 5269/4889/1580 5283/4903/1585 5282/4890/1578
f 5284/4891/1581 5283/4903/1585 5269/4889/1580
f 5285/4892/1582 5284/4891/1581 5270/4877/1575
f 5286/4893/1582 5285/4892/1582 5271/4878/1576
f 5287/4894/1582 5286/4893/1582 5272/4879/1576
f 5288/4895/1583 5287/4894/1582 5273/4880/1576
f 5289/4896/1583 5288/4895/1583 5274/4881/1576
f 5290/4897/1582 5289/4896/1583 5275/4882/1577
f 5278/4885/1579 5292/4899/1584 5291/4898/1584
f 5279/4886/1579 5293/4900/1584 5292/4899/1584
f 5280/4887/1578 5294/4901/1584 5293/4900/1584
f 5281/4888/1578 5295/4902/1584 5294/4901/1584
f 5282/4890/1578 5296/4904/1584 5295/4902/1584
f 5283/4903/1585 5297/4917/1589 5296/4904/1584
f 5298/4905/1586 5297/4917/1589 5283/4903/1585
f 5299/4906/1587 5298/4905/1586 5284/4891/1581
f 5300/4907/1587 5299/4906/1587 5285/4892/1582
f 5301/4908/1587 5300/4907/1587 5286/4893/1582
f 5302/4909/1587 5301/4908/1587 5287/4894/1582
f 5303/4910/1587 5302/4909/1587 5288/4895/1583
f 5304/4911/1587 5303/4910/1587 5289/4896/1583
f 5292/4899/1584 5306/4913/1588 5305/4912/1588
f 5293/4900/1584 5307/4914/1588 5306/4913/1588
f 5294/4901/1584 5308/4915/1588 5307/4914/1588
f 5295/4902/1584 5309/4916/1588 5308/4915/1588
f 5296/4904/1584 5310/4918/1588 5309/4916/1588
f 5297/4917/1589 5311/4931/1593 5310/4918/1588
f 5312/4919/1590 5311/4931/1593 5297/4917/1589
f 5313/4920/1591 5312/4919/1590 5298/4905/1586
f 5314/4921/1591 5313/4920/1591 5299/4906/1587
f 5315/4922/1591 5314/4921/1591 5300/4907/1587
f 5316/4923/1591 5315/4922/1591 5301/4908/1587
f 5317/4924/1591 5316/4923/1591 5302/4909/1587
f 5318/4925/1591 5317/4924/1591 5303/4910/1587
f 5306/4913/1588 5320/4927/1592 5319/4926/1592
f 5307/4914/1588 5321/4928/1592 5320/4927/1592
f 5308/4915/1588 5322/4929/1592 5321/4928/1592
f 5309/4916/1588 5323/4930/1592 5322/4929/1592
f 5310/4918/1588 5324/4932/1592 5323/4930/1592
f 5311/4931/1593 5325/4945/1597 5324/4932/1592
f 5326/4933/1594 5325/4945/1597 5311/4931/1593
f 5327/4934/1595 5326/4933/1594 5312/4919/1590
f 5328/4935/1595 5327/4934/1595 5313/4920/1591
f 5329/4936/1595 5328/4935/1595 5314/4921/1591
f 5330/4937/1595 5329/4936/1595 5315/4922/1591
f 5331/4938/1595 5330/4937/1595 5316/4923/1591
f 5332/4939/1595 5331/4938/1595 5317/4924/1591
f 5320/4927/1592 5334/4941/1596 5333/4940/1596
f 5321/4928/1592 5335/4942/1596 5334/4941/1596
f 5322/4929/1592 5336/4943/1596 5335/4942/1596
f 5323/4930/1592 5337/4944/1596 5336/4943/1596
f 5324/4932/1592 5338/4946/1596 5337/4944/1596
f 5325/4945/1597 5339/4959/1601 5338/4946/1596
f 5340/4947/1598 5339/4959/1601 5325/4945/1597
f 5341/4948/1599 5340/4947/1598 5326/4933/1594
f 5342/4949/1599 5341/4948/1599 5327/4934/1595
f 5343/4950/1599 5342/4949/1599 5328/4935/1595
f 5344/4951/1599 5343/4950/1599 5329/4936/1595
f 5345/4952/1599 5344/4951/1599 5330/4937/1595
f 5346/4953/1599 5345/4952/1599 5331/4938/1595
f 5334/4941/1596 5348/4955/1600 5347/4954/1600
f 5335/4942/1596 5349/4956/1600 5348/4955/1600
f 5336/4943/1596 5350/4957/1600 5349/4956/1600
f 5337/4944/1596 5351/4958/1600 5350/4957/1600
f 5338/4946/1596 5352/4960/1600 5351/4958/1600
f 5339/4959/1601 5353/4973/1606 5352/4960/1600
f 5354/4961/1602 5353/4973/1606 5339/4959/1601
f 5355/4962/1603 5354/4961/1602 5340/4947/1598
f 5356/4963/1603 5355/4962/1603 5341/4948/1599
f 5357/4964/1603 5356/4963/1603 5342/4949/1599
f 5358/4965/1603 5357/4964/1603 5343/4950/1599
f 5359/4966/1603 5358/4965/1603 5344/4951/1599
f 5360/4967/1603 5359/4966/1603 5345/4952/1599
f 5348/4955/1600 5362/4969/1605 5361/4968/1604
f 5349/4956/1600 5363/4970/1605 5362/4969/1605
f 5350/4957/1600 5364/4971/1605 5363/4970/1605
f 5351/4958/1600 5365/4972/1605 5364/4971/1605
f 5352/4960/1600 5366/4974/1605 5365/4972/1605
f 5353/4973/1606 5367/4987/1611 5366/4974/1605
f 5368/4975/1607 5367/4987/1611 5353/4973/1606
f 5369/4976/1608 5368/4975/1607 5354/4961/1602
f 5370/4977/1609 5369/4976/1608 5355/4962/1603
f 5371/4978/1608 5370/4977/1609 5356/4963/1603
f 5372/4979/1608 5371/4978/1608 5357/4964/1603
f 5373/4980/1608 5372/4979/1608 5358/4965/1603
f 5374/4981/1609 5373/4980/1608 5359/4966/1603
f 5362/4969/1605 5376/4983/1610 5375/4982/1610
f 5363/4970/1605 5377/4984/1610 5376/4983/1610
f 5364/4971/1605 5378/4985/1610 5377/4984/1610
f 5365/4972/1605 5379/4986/1610 5378/4985/1610
f 5366/4974/1605 5380/4988/1610 5379/4986/1610
f 5367/4987/1611 5381/5001/1616 5380/4988/1610
f 5382/4989/1612 5381/5001/1616 5367/4987/1611
f 5383/4990/1613 5382/4989/1612 5368/4975/1607
f 5384/4991/1613 5383/4990/1613 5369/4976/1608
f 5385/4992/1613 5384/4991/1613 5370/4977/1609
f 5386/4993/1613 5385/4992/1613 5371/4978/1608
f 5387/4994/1613 5386/4993/1613 5372/4979/1608
f 5388/4995/1613 5387/4994/1613 5373/4980/1608
f 5376/4983/1610 5390/4997/1615 5389/4996/1614
f 5377/4984/1610 5391/4998/1615 5390/4997/1615
f 5378/4985/1610 5392/4999/1614 5391/4998/1615
f 5379/4986/1610 5393/5000/1615 5392/4999/1614
f 5380/4988/1610 5394/5002/1615 5393/5000/1615
f 5381/5001/1616 5395/5015/1621 5394/5002/1615
f 5396/5003/1617 5395/5015/1621 5381/5001/1616
f 5397/5004/1618 5396/5003/1617 5382/4989/1612
f 5398/5005/1618 5397/5004/1618 5383/4990/1613
f 5399/5006/1619 5398/5005/1618 5384/4991/1613
f 5400/5007/1618 5399/5006/1619 5385/4992/1613
f 5401/5008/1618 5400/5007/1618 5386/4993/1613
f 5402/5009/1619 5401/5008/1618 5387/4994/1613
f 5390/4997/1615 5404/5011/1620 5403/5010/1620
f 5391/4998/1615 5405/5012/1620 5404/5011/1620
f 5392/4999/1614 5406/5013/1620 5405/5012/1620
f 5393/5000/1615 5407/5014/1620 5406/5013/1620
f 5394/5002/1615 5408/5016/1620 5407/5014/1620
f 5395/5015/1621 5409/5029/1626 5408/5016/1620
f 5410/5017/1622 5409/5029/1626 5395/5015/1621
f 5411/5018/1623 5410/5017/1622 5396/5003/1617
f 5412/5019/1623 5411/5018/1623 5397/5004/1618
f 5413/5020/1623 5412/5019/1623 5398/5005/1618
f 5414/5021/1623 5413/5020/1623 5399/5006/1619
f 5415/5022/1624 5414/5021/1623 5400/5007/1618
f 5416/5023/1623 5415/5022/1624 5401/5008/1618
f 5404/5011/1620 5418/5025/1625 5417/5024/1625
f 5405/5012/1620 5419/5026/1625 5418/5025/1625
f 5406/5013/1620 5420/5027/1625 5419/5026/1625
f 5407/5014/1620 5421/5028/1625 5420/5027/1625
f 5408/5016/1620 5422/5030/1625 5421/5028/1625
f 5409/5029/1626 5423/5043/1631 5422/5030/1625
f 5424/5031/1627 5423/5043/1631 5409/5029/1626
f 5425/5032/1628 5424/5031/1627 5410/5017/1622
f 5426/5033/1628 5425/5032/1628 5411/5018/1623
f 5427/5034/1628 5426/5033/1628 5412/5019/1623
f 5428/5035/1628 5427/5034/1628 5413/5020/1623
f 5429/5036/1628 5428/5035/1628 5414/5021/1623
f 5430/5037/1628 5429/5036/1628 5415/5022/1624
f 5418/5025/1625 5432/5039/1630 5431/5038/1629
f 5419/5026/1625 5433/5040/1629 5432/5039/1630
f 5420/5027/1625 5434/5041/1630 5433/5040/1629
f 5421/5028/1625 5435/5042/1630 5434/5041/1630
f 5422/5030/1625 5436/5044/1629 5435/5042/1630
f 5423/5043/1631 5437/5057/1637 5436/5044/1629
f 5438/5045/1632 5437/5057/1637 5423/5043/1631
f 5439/5046/1633 5438/5045/1632 5424/5031/1627
f 5440/5047/1634 5439/5046/1633 5425/5032/1628
f 5441/5048/1634 5440/5047/1634 5426/5033/1628
f 5442/5049/1633 5441/5048/1634 5427/5034/1628
f 5443/5050/1634 5442/5049/1633 5428/5035/1628
f 5444/5051/1633 5443/5050/1634 5429/5036/1628
f 5432/5039/1630 5446/5053/1635 5445/5052/1635
f 5433/5040/1629 5447/5054/1635 5446/5053/1635
f 5434/5041/1630 5448/5055/1635 5447/5054/1635
f 5435/5042/1630 5449/5056/1636 5448/5055/1635
f 5436/5044/1629 5450/5058/1635 5449/5056/1636
f 5437/5057/1637 5451/5071/1643 5450/5058/1635
f 5452/5059/1638 5451/5071/1643 5437/5057/1637
f 5453/5060/1639 5452/5059/1638 5438/5045/1632
f 5454/5061/1640 5453/5060/1639 5439/5046/1633
f 5455/5062/1639 5454/5061/1640 5440/5047/1634
f 5456/5063/1640 5455/5062/1639 5441/5048/1634
f 5457/5064/1639 5456/5063/1640 5442/5049/1633
f 5458/5065/1639 5457/5064/1639 5443/5050/1634
f 5446/5053/1635 5460/5067/1642 5459/5066/1641
f 5447/5054/1635 5461/5068/1642 5460/5067/1642
f 5448/5055/1635 5462/5069/1642 5461/5068/1642
f 5449/5056/1636 5463/5070/1642 5462/5069/1642
f 5450/5058/1635 5464/5072/1642 5463/5070/1642
f 5451/5071/1643 5465/5085/1649 5464/5072/1642
f 5466/5073/1644 5465/5085/1649 5451/5071/1643
f 5467/5074/1645 5466/5073/1644 5452/5059/1638
f 5468/5075/1645 5467/5074/1645 5453/5060/1639
f 5469/5076/1645 5468/5075/1645 5454/5061/1640
f 5470/5077/1645 5469/5076/1645 5455/5062/1639
f 5471/5078/1645 5470/5077/1645 5456/5063/1640
f 5472/5079/1646 5471/5078/1645 5457/5064/1639
f 5460/5067/1642 5474/5081/1648 5473/5080/1647
f 5461/5068/1642 5475/5082/1648 5474/5081/1648
f 5462/5069/1642 5476/5083/1648 5475/5082/1648
f 5463/5070/1642 5477/5084/1648 5476/5083/1648
f 5464/5072/1642 5478/5086/1648 5477/5084/1648
f 5465/5085/1649 5479/5099/1655 5478/5086/1648
f 5480/5087/1650 5479/5099/1655 5465/5085/1649
f 5481/5088/1651 5480/5087/1650 5466/5073/1644
f 5482/5089/1651 5481/5088/1651 5467/5074/1645
f 5483/5090/1651 5482/5089/1651 5468/5075/1645
f 5484/5091/1651 5483/5090/1651 5469/5076/1645
f 5485/5092/1651 5484/5091/1651 5470/5077/1645
f 5486/5093/1652 5485/5092/1651 5471/5078/1645
f 5474/5081/1648 5488/5095/1654 5487/5094/1653
f 5475/5082/1648 5489/5096/1654 5488/5095/1654
f 5476/5083/1648 5490/5097/1654 5489/5096/1654
f 5477/5084/1648 5491/5098/1654 5490/5097/1654
f 5478/5086/1648 5492/5100/1654 5491/5098/1654
f 5479/5099/1655 5493/5113/1661 5492/5100/1654
f 5494/5101/1656 5493/5113/1661 5479/5099/1655
f 5495/5102/1657 5494/5101/1656 5480/5087/1650
f 5496/5103/1657 5495/5102/1657 5481/5088/1651
f 5497/5104/1657 5496/5103/1657 5482/5089/1651
f 5498/5105/1657 5497/5104/1657 5483/5090/1651
f 5499/5106/1657 5498/5105/1657 5484/5091/1651
f 5500/5107/1658 5499/5106/1657 5485/5092/1651
f 5488/5095/1654 5502/5109/1659 5501/5108/1659
f 5489/5096/1654 5503/5110/1660 5502/5109/1659
f 5490/5097/1654 5504/5111/1659 5503/5110/1660
f 5491/5098/1654 5505/5112/1659 5504/5111/1659
f 5492/5100/1654 5506/5114/1660 5505/5112/1659
f 5493/5113/1661 5507/5127/1666 5506/5114/1660
f 5508/5115/1662 5507/5127/1666 5493/5113/1661
f 5509/5116/1663 5508/5115/1662 5494/5101/1656
f 5510/5117/1664 5509/5116/1663 5495/5102/1657
f 5511/5118/1664 5510/5117/1664 5496/5103/1657
f 5512/5119/1663 5511/5118/1664 5497/5104/1657
f 5513/5120/1663 5512/5119/1663 5498/5105/1657
f 5514/5121/1664 5513/5120/1663 5499/5106/1657
f 5502/5109/1659 5516/5123/1665 5515/5122/1665
f 5503/5110/1660 5517/5124/1665 5516/5123/1665
f 5504/5111/1659 5518/5125/1665 5517/5124/1665
f 5505/5112/1659 5519/5126/1665 5518/5125/1665
f 5506/5114/1660 5520/5128/1665 5519/5126/1665
f 5507/5127/1666 5521/5141/1670 5520/5128/1665
f 5522/5129/1667 5521/5141/1670 5507/5127/1666
f 5523/5130/1668 5522/5129/1667 5508/5115/1662
f 5524/5131/1668 5523/5130/1668 5509/5116/1663
f 5525/5132/1668 5524/5131/1668 5510/5117/1664
f 5526/5133/1668 5525/5132/1668 5511/5118/1664
f 5527/5134/1668 5526/5133/1668 5512/5119/1663
f 5528/5135/1668 5527/5134/1668 5513/5120/1663
f 5516/5123/1665 5530/5137/1669 5529/5136/1669
f 5517/5124/1665 5531/5138/1669 5530/5137/1669
f 5518/5125/1665 5532/5139/1669 5531/5138/1669
f 5519/5126/1665 5533/5140/1669 5532/5139/1669
f 5520/5128/1665 5534/5142/1669 5533/5140/1669
f 5521/5141/1670 5535/5155/1675 5534/5142/1669
f 5536/5143/1671 5535/5155/1675 5521/5141/1670
f 5537/5144/1672 5536/5143/1671 5522/5129/1667
f 5538/5145/1672 5537/5144/1672 5523/5130/1668
f 5539/5146/1672 5538/5145/1672 5524/5131/1668
f 5540/5147/1672 5539/5146/1672 5525/5132/1668
f 5541/5148/1673 5540/5147/1672 5526/5133/1668
f 5542/5149/1672 5541/5148/1673 5527/5134/1668
f 5530/5137/1669 5544/5151/1674 5543/5150/1674
f 5531/5138/1669 5545/5152/1674 5544/5151/1674
f 5532/5139/1669 5546/5153/1674 5545/5152/1674
f 5533/5140/1669 5547/5154/1674 5546/5153/1674
f 5534/5142/1669 5548/5156/1674 5547/5154/1674
f 5535/5155/1675 5549/5170/1681 5548/5156/1674
f 5550/5157/1676 5549/5170/1681 5535/5155/1675
f 5551/5158/1677 5550/5157/1676 5536/5143/1671
f 5552/5159/1677 5551/5158/1677 5537/5144/1672
f 5553/5160/1677 5552/5159/1677 5538/5145/1672
f 5554/5161/1677 5553/5160/1677 5539/5146/1672
f 5555/5162/1677 5554/5161/1677 5540/5147/1672
f 5556/5163/1678 5555/5162/1677 5541/5148/1673
f 5558/5164/1679 5557/5178/1679 5543/5150/1674
f 5559/5165/1679 5558/5164/1679 5544/5151/1674
f 5560/5166/1679 5559/5165/1679 5545/5152/1674
f 5561/5167/1679 5560/5166/1679 5546/5153/1674
f 5562/5168/1679 5561/5167/1679 5547/5154/1674
f 5563/5169/1680 5562/5168/1679 5548/5156/1674
f 5564/5171/1682 5563/5169/1680 5549/5170/1681
f 5551/5158/1677 5565/5172/1683 5564/5171/1682
f 5552/5159/1677 5566/5173/1683 5565/5172/1683
f 5553/5160/1677 5567/5174/1683 5566/5173/1683
f 5554/5161/1677 5568/5175/1683 5567/5174/1683
f 5555/5162/1677 5569/5176/1683 5568/5175/1683
f 5556/5163/1678 5570/5189/1683 5569/5176/1683
f 5572/5177/1684 5571/5192/1685 5557/5178/1679
f 5573/5179/1684 5572/5177/1684 5558/5164/1679
f 5574/5180/1685 5573/5179/1684 5559/5165/1679
f 5575/5181/1684 5574/5180/1685 5560/5166/1679
f 5576/5182/1684 5575/5181/1684 5561/5167/1679
f 5577/5183/1686 5576/5182/1684 5562/5168/1679
f 5578/5184/1687 5577/5183/1686 5563/5169/1680
f 5565/5172/1683 5579/5185/1688 5578/5184/1687
f 5566/5173/1683 5580/5186/1688 5579/5185/1688
f 5567/5174/1683 5581/5187/1689 5580/5186/1688
f 5568/5175/1683 5582/5188/1688 5581/5187/1689
f 5569/5176/1683 5583/5190/1688 5582/5188/1688
f 5570/5189/1683 5584/5205/1688 5583/5190/1688
f 5572/5177/1684 5586/5193/1691 5585/5191/1690
f 5573/5179/1684 5587/5194/1690 5586/5193/1691
f 5574/5180/1685 5588/5195/1691 5587/5194/1690
f 5575/5181/1684 5589/5196/1691 5588/5195/1691
f 5576/5182/1684 5590/5197/1691 5589/5196/1691
f 5577/5183/1686 5591/5211/1696 5590/5197/1691
f 5592/5198/1692 5591/5211/1696 5577/5183/1686
f 5593/5199/1693 5592/5198/1692 5578/5184/1687
f 5594/5200/1694 5593/5199/1693 5579/5185/1688
f 5595/5201/1693 5594/5200/1694 5580/5186/1688
f 5596/5202/1694 5595/5201/1693 5581/5187/1689
f 5597/5203/1693 5596/5202/1694 5582/5188/1688
f 5598/5204/1694 5597/5203/1693 5583/5190/1688
f 5586/5193/1691 5600/5207/1695 5599/5206/1695
f 5587/5194/1690 5601/5208/1695 5600/5207/1695
f 5588/5195/1691 5602/5209/1695 5601/5208/1695
f 5589/5196/1691 5603/5210/1695 5602/5209/1695
f 5590/5197/1691 5604/5212/1695 5603/5210/1695
f 5591/5211/1696 5605/5225/1701 5604/5212/1695
f 5606/5213/1697 5605/5225/1701 5591/5211/1696
f 5607/5214/1698 5606/5213/1697 5592/5198/1692
f 5608/5215/1698 5607/5214/1698 5593/5199/1693
f 5609/5216/1698 5608/5215/1698 5594/5200/1694
f 5610/5217/1698 5609/5216/1698 5595/5201/1693
f 5611/5218/1698 5610/5217/1698 5596/5202/1694
f 5612/5219/1699 5611/5218/1698 5597/5203/1693
f 5600/5207/1695 5614/5221/1700 5613/5220/1700
f 5601/5208/1695 5615/5222/1700 5614/5221/1700
f 5602/5209/1695 5616/5223/1700 5615/5222/1700
f 5603/5210/1695 5617/5224/1700 5616/5223/1700
f 5604/5212/1695 5618/5226/1700 5617/5224/1700
f 5605/5225/1701 5619/5239/1706 5618/5226/1700
f 5620/5227/1702 5619/5239/1706 5605/5225/1701
f 5621/5228/1703 5620/5227/1702 5606/5213/1697
f 5622/5229/1703 5621/5228/1703 5607/5214/1698
f 5623/5230/1703 5622/5229/1703 5608/5215/1698
f 5624/5231/1703 5623/5230/1703 5609/5216/1698
f 5625/5232/1703 5624/5231/1703 5610/5217/1698
f 5626/5233/1703 5625/5232/1703 5611/5218/1698
f 5614/5221/1700 5628/5235/1705 5627/5234/1704
f 5615/5222/1700 5629/5236/1705 5628/5235/1705
f 5616/5223/1700 5630/5249/1705 5629/5236/1705
f 5631/5237/1705 5630/5249/1705 5616/5223/1700
f 5632/5238/1705 5631/5237/1705 5617/5224/1700
f 5619/5239/1706 5633/5253/1713 5632/5238/1705
f 5634/5240/1707 5633/5253/1713 5619/5239/1706
f 5635/5241/1708 5634/5240/1707 5620/5227/1702
f 5622/5229/1703 5636/5255/1708 5635/5241/1708
f 5637/5242/1708 5636/5255/1708 5622/5229/1703
f 5638/5243/1708 5637/5242/1708 5623/5230/1703
f 5639/5244/1708 5638/5243/1708 5624/5231/1703
f 5640/5245/1709 5639/5244/1708 5625/5232/1703
f 5642/5246/1710 5641/5262/1718 5627/5234/1704
f 5643/5247/1711 5642/5246/1710 5628/5235/1705
f 5644/5248/1710 5643/5247/1711 5629/5236/1705
f 5645/5250/1710 5644/5248/1710 5630/5249/1705
f 5646/5251/1710 5645/5250/1710 5631/5237/1705
f 5647/5252/1712 5646/5251/1710 5632/5238/1705
f 5648/5254/1714 5647/5252/1712 5633/5253/1713
f 5635/5241/1708 5649/5256/1715 5648/5254/1714
f 5636/5255/1708 5650/5257/1715 5649/5256/1715
f 5637/5242/1708 5651/5258/1715 5650/5257/1715
f 5638/5243/1708 5652/5259/1716 5651/5258/1715
f 5639/5244/1708 5653/5260/1715 5652/5259/1716
f 5640/5245/1709 5654/5273/1722 5653/5260/1715
f 5656/5261/1717 5655/5276/1717 5641/5262/1718
f 5657/5263/1717 5656/5261/1717 5642/5246/1710
f 5658/5264/1717 5657/5263/1717 5643/5247/1711
f 5659/5265/1717 5658/5264/1717 5644/5248/1710
f 5660/5266/1717 5659/5265/1717 5645/5250/1710
f 5661/5267/1719 5660/5266/1717 5646/5251/1710
f 5662/5268/1720 5661/5267/1719 5647/5252/1712
f 5649/5256/1715 5663/5269/1721 5662/5268/1720
f 5650/5257/1715 5664/5270/1721 5663/5269/1721
f 5651/5258/1715 5665/5271/1721 5664/5270/1721
f 5652/5259/1716 5666/5272/1721 5665/5271/1721
f 5653/5260/1715 5667/5274/1721 5666/5272/1721
f 5654/5273/1722 5668/5287/1721 5667/5274/1721
f 5670/5275/1723 5669/5290/1724 5655/5276/1717
f 5671/5277/1723 5670/5275/1723 5656/5261/1717
f 5672/5278/1724 5671/5277/1723 5657/5263/1717
f 5673/5279/1724 5672/5278/1724 5658/5264/1717
f 5674/5280/1724 5673/5279/1724 5659/5265/1717
f 5675/5281/1725 5674/5280/1724 5660/5266/1717
f 5676/5282/1726 5675/5281/1725 5661/5267/1719
f 5663/5269/1721 5677/5283/1727 5676/5282/1726
f 5664/5270/1721 5678/5284/1728 5677/5283/1727
f 5665/5271/1721 5679/5285/1728 5678/5284/1728
f 5666/5272/1721 5680/5286/1727 5679/5285/1728
f 5667/5274/1721 5681/5288/1727 5680/5286/1727
f 5668/5287/1721 5682/5301/1728 5681/5288/1727
f 5684/5289/1729 5683/5304/1729 5669/5290/1724
f 5685/5291/1729 5684/5289/1729 5670/5275/1723
f 5686/5292/1729 5685/5291/1729 5671/5277/1723
f 5687/5293/1729 5686/5292/1729 5672/5278/1724
f 5688/5294/1729 5687/5293/1729 5673/5279/1724
f 5689/5295/1730 5688/5294/1729 5674/5280/1724
f 5690/5296/1731 5689/5295/1730 5675/5281/1725
f 5677/5283/1727 5691/5297/1732 5690/5296/1731
f 5678/5284/1728 5692/5298/1732 5691/5297/1732
f 5679/5285/1728 5693/5299/1732 5692/5298/1732
f 5680/5286/1727 5694/5300/1732 5693/5299/1732
f 5681/5288/1727 5695/5302/1732 5694/5300/1732
f 5682/5301/1728 5696/5315/1732 5695/5302/1732
f 5698/5303/1733 5697/5318/1733 5683/5304/1729
f 5699/5305/1733 5698/5303/1733 5684/5289/1729
f 5700/5306/1733 5699/5305/1733 5685/5291/1729
f 5701/5307/1733 5700/5306/1733 5686/5292/1729
f 5702/5308/1733 5701/5307/1733 5687/5293/1729
f 5703/5309/1734 5702/5308/1733 5688/5294/1729
f 5704/5310/1735 5703/5309/1734 5689/5295/1730
f 5691/5297/1732 5705/5311/1736 5704/5310/1735
f 5692/5298/1732 5706/5312/1736 5705/5311/1736
f 5693/5299/1732 5707/5313/1736 5706/5312/1736
f 5694/5300/1732 5708/5314/1736 5707/5313/1736
f 5695/5302/1732 5709/5316/1736 5708/5314/1736
f 5696/5315/1732 5710/5329/1736 5709/5316/1736
f 5712/5317/1737 5711/5332/1737 5697/5318/1733
f 5713/5319/1737 5712/5317/1737 5698/5303/1733
f 5714/5320/1737 5713/5319/1737 5699/5305/1733
f 5715/5321/1737 5714/5320/1737 5700/5306/1733
f 5716/5322/1737 5715/5321/1737 5701/5307/1733
f 5717/5323/1738 5716/5322/1737 5702/5308/1733
f 5718/5324/1739 5717/5323/1738 5703/5309/1734
f 5705/5311/1736 5719/5325/1740 5718/5324/1739
f 5706/5312/1736 5720/5326/1740 5719/5325/1740
f 5707/5313/1736 5721/5327/1740 5720/5326/1740
f 5708/5314/1736 5722/5328/1740 5721/5327/1740
f 5709/5316/1736 5723/5330/1740 5722/5328/1740
f 5710/5329/1736 5724/5343/1740 5723/5330/1740
f 5726/5331/1741 5725/5346/1742 5711/5332/1737
f 5727/5333/1742 5726/5331/1741 5712/5317/1737
f 5728/5334/1742 5727/5333/1742 5713/5319/1737
f 5729/5335/1741 5728/5334/1742 5714/5320/1737
f 5730/5336/1741 5729/5335/1741 5715/5321/1737
f 5731/5337/1743 5730/5336/1741 5716/5322/1737
f 5732/5338/1744 5731/5337/1743 5717/5323/1738
f 5719/5325/1740 5733/5339/1745 5732/5338/1744
f 5720/5326/1740 5734/5340/1745 5733/5339/1745
f 5721/5327/1740 5735/5341/1746 5734/5340/1745
f 5722/5328/1740 5736/5342/1746 5735/5341/1746
f 5723/5330/1740 5737/5344/1745 5736/5342/1746
f 5724/5343/1740 5738/5357/1746 5737/5344/1745
f 5740/5345/1747 5739/5360/1747 5725/5346/1742
f 5741/5347/1747 5740/5345/1747 5726/5331/1741
f 5742/5348/1747 5741/5347/1747 5727/5333/1742
f 5743/5349/1747 5742/5348/1747 5728/5334/1742
f 5744/5350/1747 5743/5349/1747 5729/5335/1741
f 5745/5351/1748 5744/5350/1747 5730/5336/1741
f 5746/5352/1749 5745/5351/1748 5731/5337/1743
f 5733/5339/1745 5747/5353/1750 5746/5352/1749
f 5734/5340/1745 5748/5354/1750 5747/5353/1750
f 5735/5341/1746 5749/5355/1750 5748/5354/1750
f 5736/5342/1746 5750/5356/1750 5749/5355/1750
f 5737/5344/1745 5751/5358/1751 5750/5356/1750
f 5738/5357/1746 5752/5373/1750 5751/5358/1751
f 5740/5345/1747 5754/5361/1752 5753/5359/1752
f 5741/5347/1747 5755/5362/1752 5754/5361/1752
f 5742/5348/1747 5756/5363/1752 5755/5362/1752
f 5743/5349/1747 5757/5364/1753 5756/5363/1752
f 5744/5350/1747 5758/5365/1752 5757/5364/1753
f 5745/5351/1748 5759/5379/1758 5758/5365/1752
f 5760/5366/1754 5759/5379/1758 5745/5351/1748
f 5761/5367/1755 5760/5366/1754 5746/5352/1749
f 5762/5368/1756 5761/5367/1755 5747/5353/1750
f 5763/5369/1755 5762/5368/1756 5748/5354/1750
f 5764/5370/1755 5763/5369/1755 5749/5355/1750
f 5765/5371/1755 5764/5370/1755 5750/5356/1750
f 5766/5372/1755 5765/5371/1755 5751/5358/1751
f 5754/5361/1752 5768/5375/1757 5767/5374/1757
f 5755/5362/1752 5769/5376/1757 5768/5375/1757
f 5756/5363/1752 5770/5377/1757 5769/5376/1757
f 5757/5364/1753 5771/5378/1757 5770/5377/1757
f 5758/5365/1752 5772/5380/1757 5771/5378/1757
f 5759/5379/1758 5773/5393/1762 5772/5380/1757
f 5774/5381/1759 5773/5393/1762 5759/5379/1758
f 5775/5382/1760 5774/5381/1759 5760/5366/1754
f 5776/5383/1760 5775/5382/1760 5761/5367/1755
f 5777/5384/1760 5776/5383/1760 5762/5368/1756
f 5778/5385/1760 5777/5384/1760 5763/5369/1755
f 5779/5386/1760 5778/5385/1760 5764/5370/1755
f 5780/5387/1760 5779/5386/1760 5765/5371/1755
f 5768/5375/1757 5782/5389/1761 5781/5388/1761
f 5769/5376/1757 5783/5390/1761 5782/5389/1761
f 5770/5377/1757 5784/5391/1761 5783/5390/1761
f 5771/5378/1757 5785/5392/1761 5784/5391/1761
f 5772/5380/1757 5786/5394/1761 5785/5392/1761
f 5773/5393/1762 5787/5407/1766 5786/5394/1761
f 5788/5395/1763 5787/5407/1766 5773/5393/1762
f 5789/5396/1764 5788/5395/1763 5774/5381/1759
f 5790/5397/1764 5789/5396/1764 5775/5382/1760
f 5791/5398/1764 5790/5397/1764 5776/5383/1760
f 5792/5399/1764 5791/5398/1764 5777/5384/1760
f 5793/5400/1764 5792/5399/1764 5778/5385/1760
f 5794/5401/1764 5793/5400/1764 5779/5386/1760
f 5782/5389/1761 5796/5403/1765 5795/5402/1765
f 5783/5390/1761 5797/5404/1765 5796/5403/1765
f 5784/5391/1761 5798/5405/1765 5797/5404/1765
f 5785/5392/1761 5799/5406/1765 5798/5405/1765
f 5786/5394/1761 5800/5408/1765 5799/5406/1765
f 5787/5407/1766 5801/5421/1771 5800/5408/1765
f 5802/5409/1767 5801/5421/1771 5787/5407/1766
f 5803/5410/1768 5802/5409/1767 5788/5395/1763
f 5804/5411/1768 5803/5410/1768 5789/5396/1764
f 5805/5412/1768 5804/5411/1768 5790/5397/1764
f 5806/5413/1768 5805/5412/1768 5791/5398/1764
f 5807/5414/1768 5806/5413/1768 5792/5399/1764
f 5808/5415/1768 5807/5414/1768 5793/5400/1764
f 5810/5416/1769 5809/5429/1770 5795/5402/1765
f 5811/5417/1770 5810/5416/1769 5796/5403/1765
f 5812/5418/1769 5811/5417/1770 5797/5404/1765
f 5813/5419/1769 5812/5418/1769 5798/5405/1765
f 5814/5420/1769 5813/5419/1769 5799/5406/1765
f 5801/5421/1771 5815/5435/1777 5814/5420/1769
f 5816/5422/1772 5815/5435/1777 5801/5421/1771
f 5817/5423/1773 5816/5422/1772 5802/5409/1767
f 5804/5411/1768 5818/5424/1773 5817/5423/1773
f 5805/5412/1768 5819/5425/1773 5818/5424/1773
f 5806/5413/1768 5820/5426/1774 5819/5425/1773
f 5807/5414/1768 5821/5440/1773 5820/5426/1774
f 5822/5427/1773 5821/5440/1773 5807/5414/1768
f 5824/5428/1775 5823/5444/1775 5809/5429/1770
f 5825/5430/1775 5824/5428/1775 5810/5416/1769
f 5826/5431/1775 5825/5430/1775 5811/5417/1770
f 5827/5432/1775 5826/5431/1775 5812/5418/1769
f 5828/5433/1775 5827/5432/1775 5813/5419/1769
f 5829/5434/1776 5828/5433/1775 5814/5420/1769
f 5830/5436/1778 5829/5434/1776 5815/5435/1777
f 5817/5423/1773 5831/5437/1779 5830/5436/1778
f 5818/5424/1773 5832/5438/1779 5831/5437/1779
f 5819/5425/1773 5833/5439/1779 5832/5438/1779
f 5820/5426/1774 5834/5441/1779 5833/5439/1779
f 5821/5440/1773 5835/5442/1779 5834/5441/1779
f 5822/5427/1773 5836/5455/1779 5835/5442/1779
f 5838/5443/1780 5837/5458/1780 5823/5444/1775
f 5839/5445/1780 5838/5443/1780 5824/5428/1775
f 5840/5446/1780 5839/5445/1780 5825/5430/1775
f 5841/5447/1780 5840/5446/1780 5826/5431/1775
f 5842/5448/1780 5841/5447/1780 5827/5432/1775
f 5843/5449/1781 5842/5448/1780 5828/5433/1775
f 5844/5450/1782 5843/5449/1781 5829/5434/1776
f 5831/5437/1779 5845/5451/1783 5844/5450/1782
f 5832/5438/1779 5846/5452/1783 5845/5451/1783
f 5833/5439/1779 5847/5453/1783 5846/5452/1783
f 5834/5441/1779 5848/5454/1783 5847/5453/1783
f 5835/5442/1779 5849/5456/1783 5848/5454/1783
f 5836/5455/1779 5850/5469/1783 5849/5456/1783
f 5852/5457/1784 5851/5472/1784 5837/5458/1780
f 5853/5459/1784 5852/5457/1784 5838/5443/1780
f 5854/5460/1784 5853/5459/1784 5839/5445/1780
f 5855/5461/1784 5854/5460/1784 5840/5446/1780
f 5856/5462/1784 5855/5461/1784 5841/5447/1780
f 5857/5463/1785 5856/5462/1784 5842/5448/1780
f 5858/5464/1786 5857/5463/1785 5843/5449/1781
f 5845/5451/1783 5859/5465/1787 5858/5464/1786
f 5846/5452/1783 5860/5466/1787 5859/5465/1787
f 5847/5453/1783 5861/5467/1787 5860/5466/1787
f 5848/5454/1783 5862/5468/1787 5861/5467/1787
f 5849/5456/1783 5863/5470/1787 5862/5468/1787
f 5850/5469/1783 5864/5483/1787 5863/5470/1787
f 5866/5471/1788 5865/5486/1788 5851/5472/1784
f 5867/5473/1788 5866/5471/1788 5852/5457/1784
f 5868/5474/1788 5867/5473/1788 5853/5459/1784
f 5869/5475/1788 5868/5474/1788 5854/5460/1784
f 5870/5476/1788 5869/5475/1788 5855/5461/1784
f 5871/5477/1789 5870/5476/1788 5856/5462/1784
f 5872/5478/1790 5871/5477/1789 5857/5463/1785
f 5859/5465/1787 5873/5479/1791 5872/5478/1790
f 5860/5466/1787 5874/5480/1791 5873/5479/1791
f 5861/5467/1787 5875/5481/1791 5874/5480/1791
f 5862/5468/1787 5876/5482/1791 5875/5481/1791
f 5863/5470/1787 5877/5484/1791 5876/5482/1791
f 5864/5483/1787 5878/5497/1791 5877/5484/1791
f 5880/5485/1792 5879/5500/1792 5865/5486/1788
f 5881/5487/1792 5880/5485/1792 5866/5471/1788
f 5882/5488/1792 5881/5487/1792 5867/5473/1788
f 5883/5489/1792 5882/5488/1792 5868/5474/1788
f 5884/5490/1792 5883/5489/1792 5869/5475/1788
f 5885/5491/1793 5884/5490/1792 5870/5476/1788
f 5886/5492/1794 5885/5491/1793 5871/5477/1789
f 5873/5479/1791 5887/5493/1795 5886/5492/1794
f 5874/5480/1791 5888/5494/1795 5887/5493/1795
f 5875/5481/1791 5889/5495/1795 5888/5494/1795
f 5876/5482/1791 5890/5496/1795 5889/5495/1795
f 5877/5484/1791 5891/5498/1795 5890/5496/1795
f 5878/5497/1791 5892/5511/1795 5891/5498/1795
f 5894/5499/1796 5893/5514/1796 5879/5500/1792
f 5895/5501/1796 5894/5499/1796 5880/5485/1792
f 5896/5502/1796 5895/5501/1796 5881/5487/1792
f 5897/5503/1796 5896/5502/1796 5882/5488/1792
f 5898/5504/1796 5897/5503/1796 5883/5489/1792
f 5899/5505/1797 5898/5504/1796 5884/5490/1792
f 5900/5506/1798 5899/5505/1797 5885/5491/1793
f 5887/5493/1795 5901/5507/1799 5900/5506/1798
f 5888/5494/1795 5902/5508/1799 5901/5507/1799
f 5889/5495/1795 5903/5509/1799 5902/5508/1799
f 5890/5496/1795 5904/5510/1799 5903/5509/1799
f 5891/5498/1795 5905/5512/1799 5904/5510/1799
f 5892/5511/1795 5906/5525/1799 5905/5512/1799
f 5908/5513/1800 5907/5528/1800 5893/5514/1796
f 5909/5515/1800 5908/5513/1800 5894/5499/1796
f 5910/5516/1800 5909/5515/1800 5895/5501/1796
f 5911/5517/1800 5910/5516/1800 5896/5502/1796
f 5912/5518/1800 5911/5517/1800 5897/5503/1796
f 5913/5519/1801 5912/5518/1800 5898/5504/1796
f 5914/5520/1802 5913/5519/1801 5899/5505/1797
f 5901/5507/1799 5915/5521/1803 5914/5520/1802
f 5902/5508/1799 5916/5522/1803 5915/5521/1803
f 5903/5509/1799 5917/5523/1803 5916/5522/1803
f 5904/5510/1799 5918/5524/1803 5917/5523/1803
f 5905/5512/1799 5919/5526/1803 5918/5524/1803
f 5906/5525/1799 5920/5541/1803 5919/5526/1803
f 5908/5513/1800 5922/5529/1804 5921/5527/1804
f 5909/5515/1800 5923/5530/1804 5922/5529/1804
f 5910/5516/1800 5924/5531/1804 5923/5530/1804
f 5911/5517/1800 5925/5532/1804 5924/5531/1804
f 5912/5518/1800 5926/5533/1804 5925/5532/1804
f 5913/5519/1801 5927/5547/1808 5926/5533/1804
f 5928/5534/1805 5927/5547/1808 5913/5519/1801
f 5929/5535/1806 5928/5534/1805 5914/5520/1802
f 5930/5536/1806 5929/5535/1806 5915/5521/1803
f 5931/5537/1806 5930/5536/1806 5916/5522/1803
f 5932/5538/1806 5931/5537/1806 5917/5523/1803
f 5933/5539/1806 5932/5538/1806 5918/5524/1803
f 5934/5540/1806 5933/5539/1806 5919/5526/1803
f 5922/5529/1804 5936/5543/1807 5935/5542/1807
f 5923/5530/1804 5937/5544/1807 5936/5543/1807
f 5924/5531/1804 5938/5545/1807 5937/5544/1807
f 5925/5532/1804 5939/5546/1807 5938/5545/1807
f 5926/5533/1804 5940/5548/1807 5939/5546/1807
f 5927/5547/1808 5941/5561/1812 5940/5548/1807
f 5942/5549/1809 5941/5561/1812 5927/5547/1808
f 5943/5550/1810 5942/5549/1809 5928/5534/1805
f 5944/5551/1810 5943/5550/1810 5929/5535/1806
f 5945/5552/1810 5944/5551/1810 5930/5536/1806
f 5946/5553/1810 5945/5552/1810 5931/5537/1806
f 5947/5554/1810 5946/5553/1810 5932/5538/1806
f 5948/5555/1810 5947/5554/1810 5933/5539/1806
f 5936/5543/1807 5950/5557/1811 5949/5556/1811
f 5937/5544/1807 5951/5558/1811 5950/5557/1811
f 5938/5545/1807 5952/5559/1811 5951/5558/1811
f 5939/5546/1807 5953/5560/1811 5952/5559/1811
f 5940/5548/1807 5954/5562/1811 5953/5560/1811
f 5941/5561/1812 5955/5576/1817 5954/5562/1811
f 5956/5563/1813 5955/5576/1817 5941/5561/1812
f 5957/5564/1814 5956/5563/1813 5942/5549/1809
f 5958/5565/1814 5957/5564/1814 5943/5550/1810
f 5959/5566/1814 5958/5565/1814 5944/5551/1810
f 5960/5567/1814 5959/5566/1814 5945/5552/1810
f 5961/5568/1814 5960/5567/1814 5946/5553/1810
f 5962/5569/1814 5961/5568/1814 5947/5554/1810
f 5964/5570/1815 5963/5584/1815 5949/5556/1811
f 5965/5571/1815 5964/5570/1815 5950/5557/1811
f 5966/5572/1815 5965/5571/1815 5951/5558/1811
f 5967/5573/1815 5966/5572/1815 5952/5559/1811
f 5968/5574/1815 5967/5573/1815 5953/5560/1811
f 5969/5575/1816 5968/5574/1815 5954/5562/1811
f 5970/5577/1818 5969/5575/1816 5955/5576/1817
f 5957/5564/1814 5971/5578/1819 5970/5577/1818
f 5958/5565/1814 5972/5579/1819 5971/5578/1819
f 5959/5566/1814 5973/5580/1819 5972/5579/1819
f 5960/5567/1814 5974/5581/1819 5973/5580/1819
f 5961/5568/1814 5975/5594/1819 5974/5581/1819
f 5976/5582/1819 5975/5594/1819 5961/5568/1814
f 5978/5583/1820 5977/5598/1820 5963/5584/1815
f 5979/5585/1820 5978/5583/1820 5964/5570/1815
f 5980/5586/1820 5979/5585/1820 5965/5571/1815
f 5981/5587/1820 5980/5586/1820 5966/5572/1815
f 5982/5588/1820 5981/5587/1820 5967/5573/1815
f 5983/5589/1821 5982/5588/1820 5968/5574/1815
f 5984/5590/1822 5983/5589/1821 5969/5575/1816
f 5971/5578/1819 5985/5591/1823 5984/5590/1822
f 5972/5579/1819 5986/5592/1823 5985/5591/1823
f 5973/5580/1819 5987/5593/1823 5986/5592/1823
f 5974/5581/1819 5988/5595/1823 5987/5593/1823
f 5975/5594/1819 5989/5596/1823 5988/5595/1823
f 5976/5582/1819 5990/5609/1823 5989/5596/1823
f 5992/5597/1824 5991/5612/1824 5977/5598/1820
f 5993/5599/1824 5992/5597/1824 5978/5583/1820
f 5994/5600/1824 5993/5599/1824 5979/5585/1820
f 5995/5601/1824 5994/5600/1824 5980/5586/1820
f 5996/5602/1824 5995/5601/1824 5981/5587/1820
f 5997/5603/1825 5996/5602/1824 5982/5588/1820
f 5998/5604/1826 5997/5603/1825 5983/5589/1821
f 5985/5591/1823 5999/5605/1827 5998/5604/1826
f 5986/5592/1823 6000/5606/1827 5999/5605/1827
f 5987/5593/1823 6001/5607/1827 6000/5606/1827
f 5988/5595/1823 6002/5608/1827 6001/5607/1827
f 5989/5596/1823 6003/5610/1827 6002/5608/1827
f 5990/5609/1823 6004/5623/1827 6003/5610/1827
f 6006/5611/1828 6005/5626/1828 5991/5612/1824
f 6007/5613/1828 6006/5611/1828 5992/5597/1824
f 6008/5614/1828 6007/5613/1828 5993/5599/1824
f 6009/5615/1828 6008/5614/1828 5994/5600/1824
f 6010/5616/1828 6009/5615/1828 5995/5601/1824
f 6011/5617/1829 6010/5616/1828 5996/5602/1824
f 6012/5618/1830 6011/5617/1829 5997/5603/1825
f 5999/5605/1827 6013/5619/1831 6012/5618/1830
f 6000/5606/1827 6014/5620/1831 6013/5619/1831
f 6001/5607/1827 6015/5621/1831 6014/5620/1831
f 6002/5608/1827 6016/5622/1831 6015/5621/1831
f 6003/5610/1827 6017/5624/1831 6016/5622/1831
f 6004/5623/1827 6018/5637/1836 6017/5624/1831
f 6020/5625/1832 6019/5640/1838 6005/5626/1828
f 6021/5627/1832 6020/5625/1832 6006/5611/1828
f 6022/5628/1832 6021/5627/1832 6007/5613/1828
f 6023/5629/1832 6022/5628/1832 6008/5614/1828
f 6024/5630/1832 6023/5629/1832 6009/5615/1828
f 6025/5631/1833 6024/5630/1832 6010/5616/1828
f 6026/5632/1834 6025/5631/1833 6011/5617/1829
f 6013/5619/1831 6027/5633/1835 6026/5632/1834
f 6014/5620/1831 6028/5634/1835 6027/5633/1835
f 6015/5621/1831 6029/5635/1835 6028/5634/1835
f 6016/5622/1831 6030/5636/1835 6029/5635/1835
f 6017/5624/1831 6031/5638/1835 6030/5636/1835
f 6018/5637/1836 6032/5651/1842 6031/5638/1835
f 6034/5639/1837 6033/5654/1837 6019/5640/1838
f 6035/5641/1837 6034/5639/1837 6020/5625/1832
f 6036/5642/1837 6035/5641/1837 6021/5627/1832
f 6037/5643/1837 6036/5642/1837 6022/5628/1832
f 6038/5644/1837 6037/5643/1837 6023/5629/1832
f 6039/5645/1839 6038/5644/1837 6024/5630/1832
f 6040/5646/1840 6039/5645/1839 6025/5631/1833
f 6027/5633/1835 6041/5647/1841 6040/5646/1840
f 6028/5634/1835 6042/5648/1841 6041/5647/1841
f 6029/5635/1835 6043/5649/1841 6042/5648/1841
f 6030/5636/1835 6044/5650/1841 6043/5649/1841
f 6031/5638/1835 6045/5652/1841 6044/5650/1841
f 6032/5651/1842 6046/5665/1841 6045/5652/1841
f 6048/5653/1843 6047/5668/1843 6033/5654/1837
f 6049/5655/1843 6048/5653/1843 6034/5639/1837
f 6050/5656/1843 6049/5655/1843 6035/5641/1837
f 6051/5657/1843 6050/5656/1843 6036/5642/1837
f 6052/5658/1843 6051/5657/1843 6037/5643/1837
f 6053/5659/1844 6052/5658/1843 6038/5644/1837
f 6054/5660/1845 6053/5659/1844 6039/5645/1839
f 6041/5647/1841 6055/5661/1846 6054/5660/1845
f 6042/5648/1841 6056/5662/1846 6055/5661/1846
f 6043/5649/1841 6057/5663/1846 6056/5662/1846
f 6044/5650/1841 6058/5664/1846 6057/5663/1846
f 6045/5652/1841 6059/5666/1846 6058/5664/1846
f 6046/5665/1841 6060/5679/1846 6059/5666/1846
f 6062/5667/1847 6061/5682/1847 6047/5668/1843
f 6063/5669/1847 6062/5667/1847 6048/5653/1843
f 6064/5670/1847 6063/5669/1847 6049/5655/1843
f 6065/5671/1847 6064/5670/1847 6050/5656/1843
f 6066/5672/1847 6065/5671/1847 6051/5657/1843
f 6067/5673/1848 6066/5672/1847 6052/5658/1843
f 6068/5674/1849 6067/5673/1848 6053/5659/1844
f 6055/5661/1846 6069/5675/1850 6068/5674/1849
f 6056/5662/1846 6070/5676/1850 6069/5675/1850
f 6057/5663/1846 6071/5677/1850 6070/5676/1850
f 6058/5664/1846 6072/5678/1850 6071/5677/1850
f 6059/5666/1846 6073/5680/1850 6072/5678/1850
f 6060/5679/1846 6074/5693/1850 6073/5680/1850
f 6076/5681/1851 6075/5696/1851 6061/5682/1847
f 6077/5683/1851 6076/5681/1851 6062/5667/1847
f 6078/5684/1851 6077/5683/1851 6063/5669/1847
f 6079/5685/1851 6078/5684/1851 6064/5670/1847
f 6080/5686/1851 6079/5685/1851 6065/5671/1847
f 6081/5687/1852 6080/5686/1851 6066/5672/1847
f 6082/5688/1853 6081/5687/1852 6067/5673/1848
f 6069/5675/1850 6083/5689/1854 6082/5688/1853
f 6070/5676/1850 6084/5690/1854 6083/5689/1854
f 6071/5677/1850 6085/5691/1854 6084/5690/1854
f 6072/5678/1850 6086/5692/1854 6085/5691/1854
f 6073/5680/1850 6087/5694/1854 6086/5692/1854
f 6074/5693/1850 6088/5709/1854 6087/5694/1854
f 6076/5681/1851 6090/5697/1855 6089/5695/1855
f 6077/5683/1851 6091/5698/1855 6090/5697/1855
f 6078/5684/1851 6092/5699/1855 6091/5698/1855
f 6079/5685/1851 6093/5700/1855 6092/5699/1855
f 6080/5686/1851 6094/5701/1855 6093/5700/1855
f 6081/5687/1852 6095/5715/1859 6094/5701/1855
f 6096/5702/1856 6095/5715/1859 6081/5687/1852
f 6097/5703/1857 6096/5702/1856 6082/5688/1853
f 6098/5704/1857 6097/5703/1857 6083/5689/1854
f 6099/5705/1857 6098/5704/1857 6084/5690/1854
f 6100/5706/1857 6099/5705/1857 6085/5691/1854
f 6101/5707/1857 6100/5706/1857 6086/5692/1854
f 6102/5708/1857 6101/5707/1857 6087/5694/1854
f 6090/5697/1855 6104/5711/1858 6103/5710/1858
f 6091/5698/1855 6105/5712/1858 6104/5711/1858
f 6092/5699/1855 6106/5713/1858 6105/5712/1858
f 6093/5700/1855 6107/5714/1858 6106/5713/1858
f 6094/5701/1855 6108/5716/1858 6107/5714/1858
f 6095/5715/1859 6109/5730/1864 6108/5716/1858
f 6110/5717/1860 6109/5730/1864 6095/5715/1859
f 6111/5718/1861 6110/5717/1860 6096/5702/1856
f 6112/5719/1861 6111/5718/1861 6097/5703/1857
f 6113/5720/1861 6112/5719/1861 6098/5704/1857
f 6114/5721/1861 6113/5720/1861 6099/5705/1857
f 6115/5722/1861 6114/5721/1861 6100/5706/1857
f 6116/5723/1861 6115/5722/1861 6101/5707/1857
f 6118/5724/1862 6117/5738/1862 6103/5710/1858
f 6119/5725/1862 6118/5724/1862 6104/5711/1858
f 6120/5726/1862 6119/5725/1862 6105/5712/1858
f 6121/5727/1862 6120/5726/1862 6106/5713/1858
f 6122/5728/1862 6121/5727/1862 6107/5714/1858
f 6123/5729/1863 6122/5728/1862 6108/5716/1858
f 6124/5731/1865 6123/5729/1863 6109/5730/1864
f 6111/5718/1861 6125/5732/1866 6124/5731/1865
f 6112/5719/1861 6126/5733/1866 6125/5732/1866
f 6113/5720/1861 6127/5734/1866 6126/5733/1866
f 6114/5721/1861 6128/5735/1866 6127/5734/1866
f 6115/5722/1861 6129/5736/1866 6128/5735/1866
f 6116/5723/1861 6130/5749/1866 6129/5736/1866
f 6132/5737/1867 6131/5752/1867 6117/5738/1862
f 6133/5739/1867 6132/5737/1867 6118/5724/1862
f 6134/5740/1867 6133/5739/1867 6119/5725/1862
f 6135/5741/1867 6134/5740/1867 6120/5726/1862
f 6136/5742/1867 6135/5741/1867 6121/5727/1862
f 6137/5743/1868 6136/5742/1867 6122/5728/1862
f 6138/5744/1869 6137/5743/1868 6123/5729/1863
f 6125/5732/1866 6139/5745/1870 6138/5744/1869
f 6126/5733/1866 6140/5746/1870 6139/5745/1870
f 6127/5734/1866 6141/5747/1870 6140/5746/1870
f 6128/5735/1866 6142/5748/1870 6141/5747/1870
f 6129/5736/1866 6143/5750/1870 6142/5748/1870
f 6130/5749/1866 6144/5763/1870 6143/5750/1870
f 6146/5751/1871 6145/5766/1871 6131/5752/1867
f 6147/5753/1871 6146/5751/1871 6132/5737/1867
f 6148/5754/1871 6147/5753/1871 6133/5739/1867
f 6149/5755/1871 6148/5754/1871 6134/5740/1867
f 6150/5756/1871 6149/5755/1871 6135/5741/1867
f 6151/5757/1872 6150/5756/1871 6136/5742/1867
f 6152/5758/1873 6151/5757/1872 6137/5743/1868
f 6139/5745/1870 6153/5759/1874 6152/5758/1873
f 6140/5746/1870 6154/5760/1874 6153/5759/1874
f 6141/5747/1870 6155/5761/1874 6154/5760/1874
f 6142/5748/1870 6156/5762/1874 6155/5761/1874
f 6143/5750/1870 6157/5764/1874 6156/5762/1874
f 6144/5763/1870 6158/5777/1881 6157/5764/1874
f 6160/5765/1875 6159/5780/1875 6145/5766/1871
f 6161/5767/1875 6160/5765/1875 6146/5751/1871
f 6162/5768/1876 6161/5767/1875 6147/5753/1871
f 6163/5769/1875 6162/5768/1876 6148/5754/1871
f 6164/5770/1876 6163/5769/1875 6149/5755/1871
f 6165/5771/1877 6164/5770/1876 6150/5756/1871
f 6166/5772/1878 6165/5771/1877 6151/5757/1872
f 6153/5759/1874 6167/5773/1879 6166/5772/1878
f 6154/5760/1874 6168/5774/1880 6167/5773/1879
f 6155/5761/1874 6169/5775/1879 6168/5774/1880
f 6156/5762/1874 6170/5776/1880 6169/5775/1879
f 6157/5764/1874 6171/5778/1880 6170/5776/1880
f 6158/5777/1881 6172/5791/1880 6171/5778/1880
f 6174/5779/1882 6173/5794/1883 6159/5780/1875
f 6175/5781/1883 6174/5779/1882 6160/5765/1875
f 6176/5782/1882 6175/5781/1883 6161/5767/1875
f 6177/5783/1882 6176/5782/1882 6162/5768/1876
f 6178/5784/1882 6177/5783/1882 6163/5769/1875
f 6179/5785/1884 6178/5784/1882 6164/5770/1876
f 6180/5786/1885 6179/5785/1884 6165/5771/1877
f 6167/5773/1879 6181/5787/1886 6180/5786/1885
f 6168/5774/1880 6182/5788/1886 6181/5787/1886
f 6169/5775/1879 6183/5789/1886 6182/5788/1886
f 6170/5776/1880 6184/5790/1887 6183/5789/1886
f 6171/5778/1880 6185/5792/1886 6184/5790/1887
f 6172/5791/1880 6186/5805/1894 6185/5792/1886
f 6188/5793/1888 6187/5808/1896 6173/5794/1883
f 6189/5795/1889 6188/5793/1888 6174/5779/1882
f 6190/5796/1889 6189/5795/1889 6175/5781/1883
f 6191/5797/1888 6190/5796/1889 6176/5782/1882
f 6192/5798/1889 6191/5797/1888 6177/5783/1882
f 6193/5799/1890 6192/5798/1889 6178/5784/1882
f 6194/5800/1891 6193/5799/1890 6179/5785/1884
f 6181/5787/1886 6195/5801/1892 6194/5800/1891
f 6182/5788/1886 6196/5802/1893 6195/5801/1892
f 6183/5789/1886 6197/5803/1892 6196/5802/1893
f 6184/5790/1887 6198/5804/1892 6197/5803/1892
f 6185/5792/1886 6199/5806/1893 6198/5804/1892
f 6186/5805/1894 6200/5819/1900 6199/5806/1893
f 6202/5807/1895 6201/5822/1895 6187/5808/1896
f 6203/5809/1895 6202/5807/1895 6188/5793/1888
f 6204/5810/1895 6203/5809/1895 6189/5795/1889
f 6205/5811/1895 6204/5810/1895 6190/5796/1889
f 6206/5812/1895 6205/5811/1895 6191/5797/1888
f 6207/5813/1897 6206/5812/1895 6192/5798/1889
f 6208/5814/1898 6207/5813/1897 6193/5799/1890
f 6195/5801/1892 6209/5815/1899 6208/5814/1898
f 6196/5802/1893 6210/5816/1899 6209/5815/1899
f 6197/5803/1892 6211/5817/1899 6210/5816/1899
f 6198/5804/1892 6212/5818/1899 6211/5817/1899
f 6199/5806/1893 6213/5820/1899 6212/5818/1899
f 6200/5819/1900 6214/5833/1899 6213/5820/1899
f 6216/5821/1901 6215/5836/1901 6201/5822/1895
f 6217/5823/1901 6216/5821/1901 6202/5807/1895
f 6218/5824/1901 6217/5823/1901 6203/5809/1895
f 6219/5825/1902 6218/5824/1901 6204/5810/1895
f 6220/5826/1901 6219/5825/1902 6205/5811/1895
f 6221/5827/1903 6220/5826/1901 6206/5812/1895
f 6222/5828/1904 6221/5827/1903 6207/5813/1897
f 6209/5815/1899 6223/5829/1905 6222/5828/1904
f 6210/5816/1899 6224/5830/1906 6223/5829/1905
f 6211/5817/1899 6225/5831/1905 6224/5830/1906
f 6212/5818/1899 6226/5832/1905 6225/5831/1905
f 6213/5820/1899 6227/5834/1905 6226/5832/1905
f 6214/5833/1899 6228/5847/1905 6227/5834/1905
f 6230/5835/1907 6229/5850/1907 6215/5836/1901
f 6231/5837/1907 6230/5835/1907 6216/5821/1901
f 6232/5838/1907 6231/5837/1907 6217/5823/1901
f 6233/5839/1907 6232/5838/1907 6218/5824/1901
f 6234/5840/1907 6233/5839/1907 6219/5825/1902
f 6235/5841/1908 6234/5840/1907 6220/5826/1901
f 6236/5842/1909 6235/5841/1908 6221/5827/1903
f 6223/5829/1905 6237/5843/1910 6236/5842/1909
f 6224/5830/1906 6238/5844/1910 6237/5843/1910
f 6225/5831/1905 6239/5845/1910 6238/5844/1910
f 6226/5832/1905 6240/5846/1910 6239/5845/1910
f 6227/5834/1905 6241/5848/1911 6240/5846/1910
f 6228/5847/1905 6242/5861/1910 6241/5848/1911
f 6244/5849/1912 6243/5864/1912 6229/5850/1907
f 6245/5851/1912 6244/5849/1912 6230/5835/1907
f 6246/5852/1912 6245/5851/1912 6231/5837/1907
f 6247/5853/1912 6246/5852/1912 6232/5838/1907
f 6248/5854/1912 6247/5853/1912 6233/5839/1907
f 6249/5855/1913 6248/5854/1912 6234/5840/1907
f 6250/5856/1914 6249/5855/1913 6235/5841/1908
f 6237/5843/1910 6251/5857/1915 6250/5856/1914
f 6238/5844/1910 6252/5858/1915 6251/5857/1915
f 6239/5845/1910 6253/5859/1915 6252/5858/1915
f 6240/5846/1910 6254/5860/1915 6253/5859/1915
f 6241/5848/1911 6255/5862/1915 6254/5860/1915
f 6242/5861/1910 6256/5875/1915 6255/5862/1915
f 784/5863/26 783/352/26 6243/5864/1912
f 785/5865/26 784/5863/26 6244/5849/1912
f 786/5866/26 785/5865/26 6245/5851/1912
f 787/5867/26 786/5866/26 6246/5852/1912
f 788/5868/26 787/5867/26 6247/5853/1912
f 789/5869/28 788/5868/26 6248/5854/1912
f 790/5870/30 789/5869/28 6249/5855/1913
f 6251/5857/1915 791/5871/31 790/5870/30
f 6252/5858/1915 792/5872/31 791/5871/31
f 6253/5859/1915 793/5873/31 792/5872/31
f 6254/5860/1915 794/5874/31 793/5873/31
f 6255/5862/1915 795/5876/31 794/5874/31
f 6256/5875/1915 796/5877/31 795/5876/31
