# Blender 5.2.0 LTS
# www.blender.org
mtllib Title.mtl
o テキスト
v 2.137086 0.110000 0.264605
v 2.123769 0.110000 0.272426
v 2.110438 0.110000 0.279469
v 2.096982 0.110000 0.285741
v 2.083290 0.110000 0.291249
v 2.069250 0.110000 0.296000
v 2.054753 0.110000 0.300001
v 2.039685 0.110000 0.303259
v 2.023938 0.110000 0.305781
v 2.007398 0.110000 0.307574
v 1.989956 0.110000 0.308645
v 1.971500 0.110000 0.309000
v 1.937801 0.110000 0.306665
v 1.906741 0.110000 0.299907
v 1.878375 0.110000 0.289094
v 1.852759 0.110000 0.274593
v 1.829949 0.110000 0.256772
v 1.810000 0.110000 0.236000
v 1.792968 0.110000 0.212645
v 1.778908 0.110000 0.187074
v 1.767875 0.110000 0.159656
v 1.759926 0.110000 0.130759
v 1.755116 0.110000 0.100751
v 1.753500 0.110000 0.070000
v 1.755264 0.110000 0.036944
v 1.760445 0.110000 0.005889
v 1.768875 0.110000 -0.023000
v 1.780389 0.110000 -0.049556
v 1.794819 0.110000 -0.073611
v 1.812000 0.110000 -0.095000
v 1.831764 0.110000 -0.113556
v 1.853945 0.110000 -0.129111
v 1.878375 0.110000 -0.141500
v 1.904889 0.110000 -0.150556
v 1.933320 0.110000 -0.156111
v 1.963500 0.110000 -0.158000
v 1.992335 0.110000 -0.156310
v 2.019264 0.110000 -0.151231
v 2.044172 0.110000 -0.142750
v 2.066945 0.110000 -0.130852
v 2.087467 0.110000 -0.115523
v 2.105625 0.110000 -0.096750
v 2.121304 0.110000 -0.074519
v 2.134389 0.110000 -0.048815
v 2.144766 0.110000 -0.019625
v 2.152320 0.110000 0.013065
v 2.156936 0.110000 0.049269
v 2.158500 0.110000 0.089000
v 1.842500 0.110000 0.089000
v 1.846770 0.110000 0.110352
v 1.852574 0.110000 0.129903
v 1.859906 0.110000 0.147641
v 1.868759 0.110000 0.163556
v 1.879126 0.110000 0.177637
v 1.891000 0.110000 0.189875
v 1.904374 0.110000 0.200259
v 1.919241 0.110000 0.208778
v 1.935594 0.110000 0.215422
v 1.953426 0.110000 0.220181
v 1.972730 0.110000 0.223043
v 1.993500 0.110000 0.224000
v 2.006940 0.110000 0.223587
v 2.020269 0.110000 0.222361
v 2.033500 0.110000 0.220344
v 2.046648 0.110000 0.217556
v 2.059727 0.110000 0.214017
v 2.072750 0.110000 0.209750
v 2.085732 0.110000 0.204774
v 2.098685 0.110000 0.199111
v 2.111625 0.110000 0.192781
v 2.124565 0.110000 0.185806
v 2.137519 0.110000 0.178205
v 2.150500 0.110000 0.170000
v 2.150500 0.110000 0.256000
v 2.069007 0.110000 0.013531
v 2.066056 0.110000 -0.001833
v 2.061688 0.110000 -0.016031
v 2.055945 0.110000 -0.029000
v 2.048868 0.110000 -0.040677
v 2.040500 0.110000 -0.051000
v 2.030882 0.110000 -0.059906
v 2.020056 0.110000 -0.067333
v 2.008063 0.110000 -0.073219
v 1.994945 0.110000 -0.077500
v 1.980743 0.110000 -0.080115
v 1.965500 0.110000 -0.081000
v 1.949064 0.110000 -0.080172
v 1.933759 0.110000 -0.077708
v 1.919594 0.110000 -0.073641
v 1.906574 0.110000 -0.068000
v 1.894707 0.110000 -0.060818
v 1.884000 0.110000 -0.052125
v 1.874460 0.110000 -0.041953
v 1.866093 0.110000 -0.030333
v 1.858906 0.110000 -0.017297
v 1.852907 0.110000 -0.002875
v 1.848103 0.110000 0.012901
v 1.844500 0.110000 0.030000
v 2.070500 0.110000 0.030000
v 1.508500 0.110000 0.300000
v 1.508500 0.110000 -0.382000
v 1.597500 0.110000 -0.382000
v 1.597500 0.110000 0.300000
v 1.369500 0.110000 -0.149000
v 1.369500 0.110000 -0.069000
v 1.227500 0.110000 -0.069000
v 1.227500 0.110000 0.161000
v 1.228263 0.110000 0.173472
v 1.230435 0.110000 0.184440
v 1.233844 0.110000 0.193984
v 1.238315 0.110000 0.202185
v 1.243675 0.110000 0.209122
v 1.249750 0.110000 0.214875
v 1.256367 0.110000 0.219524
v 1.263352 0.110000 0.223148
v 1.270531 0.110000 0.225828
v 1.277732 0.110000 0.227644
v 1.284779 0.110000 0.228674
v 1.291500 0.110000 0.229000
v 1.299522 0.110000 0.228771
v 1.307593 0.110000 0.228083
v 1.315719 0.110000 0.226938
v 1.323907 0.110000 0.225333
v 1.332165 0.110000 0.223271
v 1.340500 0.110000 0.220750
v 1.348918 0.110000 0.217771
v 1.357426 0.110000 0.214333
v 1.366031 0.110000 0.210438
v 1.374741 0.110000 0.206083
v 1.383561 0.110000 0.201271
v 1.392500 0.110000 0.196000
v 1.392500 0.110000 0.279000
v 1.384417 0.110000 0.283161
v 1.375750 0.110000 0.287125
v 1.366625 0.110000 0.290859
v 1.357167 0.110000 0.294333
v 1.347500 0.110000 0.297516
v 1.337750 0.110000 0.300375
v 1.328042 0.110000 0.302880
v 1.318500 0.110000 0.305000
v 1.309250 0.110000 0.306703
v 1.300417 0.110000 0.307958
v 1.292125 0.110000 0.308734
v 1.284500 0.110000 0.309000
v 1.261251 0.110000 0.307773
v 1.240005 0.110000 0.304181
v 1.220766 0.110000 0.298359
v 1.203537 0.110000 0.290444
v 1.188322 0.110000 0.280571
v 1.175125 0.110000 0.268875
v 1.163949 0.110000 0.255491
v 1.154796 0.110000 0.240556
v 1.147672 0.110000 0.224203
v 1.142579 0.110000 0.206569
v 1.139520 0.110000 0.187790
v 1.138500 0.110000 0.168000
v 1.138500 0.110000 -0.069000
v 1.060500 0.110000 -0.069000
v 1.060500 0.110000 -0.079000
v 1.227500 0.110000 -0.242000
v 1.227500 0.110000 -0.149000
v 0.856500 0.110000 0.300000
v 0.856500 0.110000 -0.149000
v 0.945500 0.110000 -0.149000
v 0.945500 0.110000 0.300000
v 0.894365 0.110000 -0.232489
v 0.887505 0.110000 -0.233912
v 0.880984 0.110000 -0.236203
v 0.874870 0.110000 -0.239296
v 0.869229 0.110000 -0.243126
v 0.864125 0.110000 -0.247625
v 0.859626 0.110000 -0.252729
v 0.855796 0.110000 -0.258370
v 0.852703 0.110000 -0.264484
v 0.850412 0.110000 -0.271005
v 0.848989 0.110000 -0.277865
v 0.848500 0.110000 -0.285000
v 0.848989 0.110000 -0.292135
v 0.850412 0.110000 -0.298995
v 0.852703 0.110000 -0.305516
v 0.855796 0.110000 -0.311630
v 0.859626 0.110000 -0.317271
v 0.864125 0.110000 -0.322375
v 0.869229 0.110000 -0.326874
v 0.874870 0.110000 -0.330704
v 0.880984 0.110000 -0.333797
v 0.887505 0.110000 -0.336088
v 0.894365 0.110000 -0.337511
v 0.901500 0.110000 -0.338000
v 0.908635 0.110000 -0.337511
v 0.915495 0.110000 -0.336088
v 0.922016 0.110000 -0.333797
v 0.928130 0.110000 -0.330704
v 0.933771 0.110000 -0.326874
v 0.938875 0.110000 -0.322375
v 0.943374 0.110000 -0.317271
v 0.947204 0.110000 -0.311630
v 0.950297 0.110000 -0.305516
v 0.952588 0.110000 -0.298995
v 0.954011 0.110000 -0.292135
v 0.954500 0.110000 -0.285000
v 0.954011 0.110000 -0.277865
v 0.952588 0.110000 -0.271005
v 0.950297 0.110000 -0.264484
v 0.947204 0.110000 -0.258370
v 0.943375 0.110000 -0.252729
v 0.938875 0.110000 -0.247625
v 0.933772 0.110000 -0.243126
v 0.928130 0.110000 -0.239296
v 0.922016 0.110000 -0.236203
v 0.915496 0.110000 -0.233912
v 0.908635 0.110000 -0.232489
v 0.901500 0.110000 -0.232000
v 0.488500 0.110000 -0.294000
v 0.488500 0.110000 0.300000
v 0.390500 0.110000 0.300000
v 0.390500 0.110000 -0.294000
v 0.154500 0.110000 -0.294000
v 0.154500 0.110000 -0.382000
v 0.724500 0.110000 -0.382000
v 0.724500 0.110000 -0.294000
v -0.264500 0.110000 -0.149000
v -0.264500 0.110000 -0.069000
v -0.406500 0.110000 -0.069000
v -0.406500 0.110000 0.161000
v -0.405737 0.110000 0.173472
v -0.403565 0.110000 0.184440
v -0.400156 0.110000 0.193984
v -0.395685 0.110000 0.202185
v -0.390325 0.110000 0.209122
v -0.384250 0.110000 0.214875
v -0.377633 0.110000 0.219524
v -0.370648 0.110000 0.223148
v -0.363469 0.110000 0.225828
v -0.356269 0.110000 0.227644
v -0.349221 0.110000 0.228674
v -0.342500 0.110000 0.229000
v -0.334478 0.110000 0.228771
v -0.326407 0.110000 0.228083
v -0.318281 0.110000 0.226938
v -0.310093 0.110000 0.225333
v -0.301835 0.110000 0.223271
v -0.293500 0.110000 0.220750
v -0.285082 0.110000 0.217771
v -0.276574 0.110000 0.214333
v -0.267969 0.110000 0.210438
v -0.259259 0.110000 0.206083
v -0.250439 0.110000 0.201271
v -0.241500 0.110000 0.196000
v -0.241500 0.110000 0.279000
v -0.249583 0.110000 0.283161
v -0.258250 0.110000 0.287125
v -0.267375 0.110000 0.290859
v -0.276833 0.110000 0.294333
v -0.286500 0.110000 0.297516
v -0.296250 0.110000 0.300375
v -0.305958 0.110000 0.302880
v -0.315500 0.110000 0.305000
v -0.324750 0.110000 0.306703
v -0.333583 0.110000 0.307958
v -0.341875 0.110000 0.308734
v -0.349500 0.110000 0.309000
v -0.372749 0.110000 0.307773
v -0.393995 0.110000 0.304181
v -0.413234 0.110000 0.298359
v -0.430463 0.110000 0.290444
v -0.445678 0.110000 0.280571
v -0.458875 0.110000 0.268875
v -0.470052 0.110000 0.255491
v -0.479204 0.110000 0.240556
v -0.486328 0.110000 0.224203
v -0.491421 0.110000 0.206569
v -0.494480 0.110000 0.187790
v -0.495500 0.110000 0.168000
v -0.495500 0.110000 -0.069000
v -0.573500 0.110000 -0.069000
v -0.573500 0.110000 -0.079000
v -0.406500 0.110000 -0.242000
v -0.406500 0.110000 -0.149000
v -0.696931 0.110000 -0.040857
v -0.709199 0.110000 -0.047940
v -0.721266 0.110000 -0.054266
v -0.733093 0.110000 -0.059852
v -0.744642 0.110000 -0.064716
v -0.755875 0.110000 -0.068875
v -0.766754 0.110000 -0.072347
v -0.777241 0.110000 -0.075148
v -0.787297 0.110000 -0.077297
v -0.796884 0.110000 -0.078810
v -0.805965 0.110000 -0.079705
v -0.814500 0.110000 -0.080000
v -0.823223 0.110000 -0.079652
v -0.831370 0.110000 -0.078630
v -0.838906 0.110000 -0.076969
v -0.845796 0.110000 -0.074704
v -0.852006 0.110000 -0.071869
v -0.857500 0.110000 -0.068500
v -0.862244 0.110000 -0.064631
v -0.866204 0.110000 -0.060296
v -0.869344 0.110000 -0.055531
v -0.871630 0.110000 -0.050370
v -0.873027 0.110000 -0.044848
v -0.873500 0.110000 -0.039000
v -0.872864 0.110000 -0.033906
v -0.870912 0.110000 -0.028583
v -0.867578 0.110000 -0.022969
v -0.862796 0.110000 -0.017000
v -0.856501 0.110000 -0.010615
v -0.848625 0.110000 -0.003750
v -0.839104 0.110000 0.003656
v -0.827870 0.110000 0.011667
v -0.814859 0.110000 0.020344
v -0.800005 0.110000 0.029750
v -0.783240 0.110000 0.039948
v -0.764500 0.110000 0.051000
v -0.746968 0.110000 0.062894
v -0.731324 0.110000 0.074153
v -0.717500 0.110000 0.084891
v -0.705426 0.110000 0.095222
v -0.695032 0.110000 0.105262
v -0.686250 0.110000 0.115125
v -0.679009 0.110000 0.124925
v -0.673241 0.110000 0.134778
v -0.668875 0.110000 0.144797
v -0.665843 0.110000 0.155097
v -0.664074 0.110000 0.165793
v -0.663500 0.110000 0.177000
v -0.664789 0.110000 0.196193
v -0.668560 0.110000 0.214208
v -0.674672 0.110000 0.230953
v -0.682981 0.110000 0.246333
v -0.693347 0.110000 0.260255
v -0.705625 0.110000 0.272625
v -0.719674 0.110000 0.283349
v -0.735352 0.110000 0.292333
v -0.752516 0.110000 0.299484
v -0.771023 0.110000 0.304708
v -0.790732 0.110000 0.307911
v -0.811500 0.110000 0.309000
v -0.825016 0.110000 0.308766
v -0.838125 0.110000 0.308046
v -0.850922 0.110000 0.306813
v -0.863500 0.110000 0.305037
v -0.875953 0.110000 0.302692
v -0.888375 0.110000 0.299750
v -0.900859 0.110000 0.296183
v -0.913500 0.110000 0.291963
v -0.926391 0.110000 0.287063
v -0.939625 0.110000 0.281454
v -0.953297 0.110000 0.275109
v -0.967500 0.110000 0.268000
v -0.967500 0.110000 0.172000
v -0.953111 0.110000 0.181564
v -0.938972 0.110000 0.190259
v -0.925125 0.110000 0.198094
v -0.911611 0.110000 0.205074
v -0.898472 0.110000 0.211207
v -0.885750 0.110000 0.216500
v -0.873486 0.110000 0.220960
v -0.861722 0.110000 0.224593
v -0.850500 0.110000 0.227406
v -0.839861 0.110000 0.229407
v -0.829847 0.110000 0.230603
v -0.820500 0.110000 0.231000
v -0.811639 0.110000 0.230187
v -0.803111 0.110000 0.228750
v -0.795000 0.110000 0.226687
v -0.787389 0.110000 0.224000
v -0.780361 0.110000 0.220687
v -0.774000 0.110000 0.216750
v -0.768389 0.110000 0.212187
v -0.763611 0.110000 0.207000
v -0.759750 0.110000 0.201187
v -0.756889 0.110000 0.194750
v -0.755111 0.110000 0.187688
v -0.754500 0.110000 0.180000
v -0.758632 0.110000 0.165036
v -0.770056 0.110000 0.150875
v -0.787313 0.110000 0.137109
v -0.808945 0.110000 0.123333
v -0.833493 0.110000 0.109141
v -0.859500 0.110000 0.094125
v -0.885507 0.110000 0.077880
v -0.910056 0.110000 0.060000
v -0.931688 0.110000 0.040078
v -0.948945 0.110000 0.017708
v -0.960368 0.110000 -0.007516
v -0.964500 0.110000 -0.036000
v -0.963307 0.110000 -0.054366
v -0.959787 0.110000 -0.071426
v -0.954031 0.110000 -0.087125
v -0.946130 0.110000 -0.101407
v -0.936173 0.110000 -0.114218
v -0.924250 0.110000 -0.125500
v -0.910453 0.110000 -0.135199
v -0.894870 0.110000 -0.143259
v -0.877594 0.110000 -0.149625
v -0.858713 0.110000 -0.154241
v -0.838318 0.110000 -0.157051
v -0.816500 0.110000 -0.158000
v -0.805977 0.110000 -0.157749
v -0.795403 0.110000 -0.156995
v -0.784766 0.110000 -0.155734
v -0.774056 0.110000 -0.153963
v -0.763262 0.110000 -0.151678
v -0.752375 0.110000 -0.148875
v -0.741384 0.110000 -0.145552
v -0.730278 0.110000 -0.141704
v -0.719047 0.110000 -0.137328
v -0.707681 0.110000 -0.132421
v -0.696168 0.110000 -0.126980
v -0.684500 0.110000 -0.121000
v -0.684500 0.110000 -0.033000
v -1.112915 0.110000 0.264605
v -1.126232 0.110000 0.272426
v -1.139563 0.110000 0.279469
v -1.153019 0.110000 0.285741
v -1.166711 0.110000 0.291249
v -1.180750 0.110000 0.296000
v -1.195248 0.110000 0.300001
v -1.210315 0.110000 0.303259
v -1.226063 0.110000 0.305781
v -1.242602 0.110000 0.307574
v -1.260044 0.110000 0.308645
v -1.278500 0.110000 0.309000
v -1.312199 0.110000 0.306665
v -1.343259 0.110000 0.299907
v -1.371625 0.110000 0.289094
v -1.397241 0.110000 0.274593
v -1.420051 0.110000 0.256772
v -1.440000 0.110000 0.236000
v -1.457032 0.110000 0.212645
v -1.471093 0.110000 0.187074
v -1.482125 0.110000 0.159656
v -1.490074 0.110000 0.130759
v -1.494884 0.110000 0.100751
v -1.496500 0.110000 0.070000
v -1.494736 0.110000 0.036944
v -1.489556 0.110000 0.005889
v -1.481125 0.110000 -0.023000
v -1.469611 0.110000 -0.049556
v -1.455181 0.110000 -0.073611
v -1.438000 0.110000 -0.095000
v -1.418236 0.110000 -0.113556
v -1.396056 0.110000 -0.129111
v -1.371625 0.110000 -0.141500
v -1.345111 0.110000 -0.150556
v -1.316681 0.110000 -0.156111
v -1.286500 0.110000 -0.158000
v -1.257665 0.110000 -0.156310
v -1.230736 0.110000 -0.151231
v -1.205828 0.110000 -0.142750
v -1.183056 0.110000 -0.130852
v -1.162533 0.110000 -0.115523
v -1.144375 0.110000 -0.096750
v -1.128696 0.110000 -0.074519
v -1.115611 0.110000 -0.048815
v -1.105235 0.110000 -0.019625
v -1.097681 0.110000 0.013065
v -1.093064 0.110000 0.049269
v -1.091500 0.110000 0.089000
v -1.407500 0.110000 0.089000
v -1.403231 0.110000 0.110352
v -1.397426 0.110000 0.129903
v -1.390094 0.110000 0.147641
v -1.381241 0.110000 0.163556
v -1.370874 0.110000 0.177637
v -1.359000 0.110000 0.189875
v -1.345626 0.110000 0.200259
v -1.330759 0.110000 0.208778
v -1.314406 0.110000 0.215422
v -1.296574 0.110000 0.220181
v -1.277270 0.110000 0.223043
v -1.256500 0.110000 0.224000
v -1.243060 0.110000 0.223587
v -1.229732 0.110000 0.222361
v -1.216500 0.110000 0.220344
v -1.203352 0.110000 0.217556
v -1.190273 0.110000 0.214017
v -1.177250 0.110000 0.209750
v -1.164268 0.110000 0.204774
v -1.151315 0.110000 0.199111
v -1.138375 0.110000 0.192781
v -1.125435 0.110000 0.185806
v -1.112482 0.110000 0.178205
v -1.099500 0.110000 0.170000
v -1.099500 0.110000 0.256000
v -1.180993 0.110000 0.013531
v -1.183945 0.110000 -0.001833
v -1.188313 0.110000 -0.016031
v -1.194056 0.110000 -0.029000
v -1.201132 0.110000 -0.040677
v -1.209500 0.110000 -0.051000
v -1.219118 0.110000 -0.059906
v -1.229945 0.110000 -0.067333
v -1.241938 0.110000 -0.073219
v -1.255056 0.110000 -0.077500
v -1.269257 0.110000 -0.080115
v -1.284500 0.110000 -0.081000
v -1.300936 0.110000 -0.080172
v -1.316241 0.110000 -0.077708
v -1.330406 0.110000 -0.073641
v -1.343426 0.110000 -0.068000
v -1.355293 0.110000 -0.060818
v -1.366000 0.110000 -0.052125
v -1.375541 0.110000 -0.041953
v -1.383908 0.110000 -0.030333
v -1.391094 0.110000 -0.017297
v -1.397093 0.110000 -0.002875
v -1.401897 0.110000 0.012901
v -1.405500 0.110000 0.030000
v -1.179500 0.110000 0.030000
v -1.840500 0.110000 -0.294000
v -1.840500 0.110000 0.300000
v -1.938500 0.110000 0.300000
v -1.938500 0.110000 -0.294000
v -2.174500 0.110000 -0.294000
v -2.174500 0.110000 -0.382000
v -1.604500 0.110000 -0.382000
v -1.604500 0.110000 -0.294000
v 2.137086 -0.110000 0.264605
v 2.123769 -0.110000 0.272426
v 2.110438 -0.110000 0.279469
v 2.096982 -0.110000 0.285741
v 2.083290 -0.110000 0.291249
v 2.069250 -0.110000 0.296000
v 2.054753 -0.110000 0.300001
v 2.039685 -0.110000 0.303259
v 2.023938 -0.110000 0.305781
v 2.007398 -0.110000 0.307574
v 1.989956 -0.110000 0.308645
v 1.971500 -0.110000 0.309000
v 1.937801 -0.110000 0.306665
v 1.906741 -0.110000 0.299907
v 1.878375 -0.110000 0.289094
v 1.852759 -0.110000 0.274593
v 1.829949 -0.110000 0.256772
v 1.810000 -0.110000 0.236000
v 1.792968 -0.110000 0.212645
v 1.778908 -0.110000 0.187074
v 1.767875 -0.110000 0.159656
v 1.759926 -0.110000 0.130759
v 1.755116 -0.110000 0.100751
v 1.753500 -0.110000 0.070000
v 1.755264 -0.110000 0.036944
v 1.760445 -0.110000 0.005889
v 1.768875 -0.110000 -0.023000
v 1.780389 -0.110000 -0.049556
v 1.794819 -0.110000 -0.073611
v 1.812000 -0.110000 -0.095000
v 1.831764 -0.110000 -0.113556
v 1.853945 -0.110000 -0.129111
v 1.878375 -0.110000 -0.141500
v 1.904889 -0.110000 -0.150556
v 1.933320 -0.110000 -0.156111
v 1.963500 -0.110000 -0.158000
v 1.992335 -0.110000 -0.156310
v 2.019264 -0.110000 -0.151231
v 2.044172 -0.110000 -0.142750
v 2.066945 -0.110000 -0.130852
v 2.087467 -0.110000 -0.115523
v 2.105625 -0.110000 -0.096750
v 2.121304 -0.110000 -0.074519
v 2.134389 -0.110000 -0.048815
v 2.144766 -0.110000 -0.019625
v 2.152320 -0.110000 0.013065
v 2.156936 -0.110000 0.049269
v 2.158500 -0.110000 0.089000
v 1.842500 -0.110000 0.089000
v 1.846770 -0.110000 0.110352
v 1.852574 -0.110000 0.129903
v 1.859906 -0.110000 0.147641
v 1.868759 -0.110000 0.163556
v 1.879126 -0.110000 0.177637
v 1.891000 -0.110000 0.189875
v 1.904374 -0.110000 0.200259
v 1.919241 -0.110000 0.208778
v 1.935594 -0.110000 0.215422
v 1.953426 -0.110000 0.220181
v 1.972730 -0.110000 0.223043
v 1.993500 -0.110000 0.224000
v 2.006940 -0.110000 0.223587
v 2.020269 -0.110000 0.222361
v 2.033500 -0.110000 0.220344
v 2.046648 -0.110000 0.217556
v 2.059727 -0.110000 0.214017
v 2.072750 -0.110000 0.209750
v 2.085732 -0.110000 0.204774
v 2.098685 -0.110000 0.199111
v 2.111625 -0.110000 0.192781
v 2.124565 -0.110000 0.185806
v 2.137519 -0.110000 0.178205
v 2.150500 -0.110000 0.170000
v 2.150500 -0.110000 0.256000
v 2.069007 -0.110000 0.013531
v 2.066056 -0.110000 -0.001833
v 2.061688 -0.110000 -0.016031
v 2.055945 -0.110000 -0.029000
v 2.048868 -0.110000 -0.040677
v 2.040500 -0.110000 -0.051000
v 2.030882 -0.110000 -0.059906
v 2.020056 -0.110000 -0.067333
v 2.008063 -0.110000 -0.073219
v 1.994945 -0.110000 -0.077500
v 1.980743 -0.110000 -0.080115
v 1.965500 -0.110000 -0.081000
v 1.949064 -0.110000 -0.080172
v 1.933759 -0.110000 -0.077708
v 1.919594 -0.110000 -0.073641
v 1.906574 -0.110000 -0.068000
v 1.894707 -0.110000 -0.060818
v 1.884000 -0.110000 -0.052125
v 1.874460 -0.110000 -0.041953
v 1.866093 -0.110000 -0.030333
v 1.858906 -0.110000 -0.017297
v 1.852907 -0.110000 -0.002875
v 1.848103 -0.110000 0.012901
v 1.844500 -0.110000 0.030000
v 2.070500 -0.110000 0.030000
v 1.508500 -0.110000 0.300000
v 1.508500 -0.110000 -0.382000
v 1.597500 -0.110000 -0.382000
v 1.597500 -0.110000 0.300000
v 1.369500 -0.110000 -0.149000
v 1.369500 -0.110000 -0.069000
v 1.227500 -0.110000 -0.069000
v 1.227500 -0.110000 0.161000
v 1.228263 -0.110000 0.173472
v 1.230435 -0.110000 0.184440
v 1.233844 -0.110000 0.193984
v 1.238315 -0.110000 0.202185
v 1.243675 -0.110000 0.209122
v 1.249750 -0.110000 0.214875
v 1.256367 -0.110000 0.219524
v 1.263352 -0.110000 0.223148
v 1.270531 -0.110000 0.225828
v 1.277732 -0.110000 0.227644
v 1.284779 -0.110000 0.228674
v 1.291500 -0.110000 0.229000
v 1.299522 -0.110000 0.228771
v 1.307593 -0.110000 0.228083
v 1.315719 -0.110000 0.226938
v 1.323907 -0.110000 0.225333
v 1.332165 -0.110000 0.223271
v 1.340500 -0.110000 0.220750
v 1.348918 -0.110000 0.217771
v 1.357426 -0.110000 0.214333
v 1.366031 -0.110000 0.210438
v 1.374741 -0.110000 0.206083
v 1.383561 -0.110000 0.201271
v 1.392500 -0.110000 0.196000
v 1.392500 -0.110000 0.279000
v 1.384417 -0.110000 0.283161
v 1.375750 -0.110000 0.287125
v 1.366625 -0.110000 0.290859
v 1.357167 -0.110000 0.294333
v 1.347500 -0.110000 0.297516
v 1.337750 -0.110000 0.300375
v 1.328042 -0.110000 0.302880
v 1.318500 -0.110000 0.305000
v 1.309250 -0.110000 0.306703
v 1.300417 -0.110000 0.307958
v 1.292125 -0.110000 0.308734
v 1.284500 -0.110000 0.309000
v 1.261251 -0.110000 0.307773
v 1.240005 -0.110000 0.304181
v 1.220766 -0.110000 0.298359
v 1.203537 -0.110000 0.290444
v 1.188322 -0.110000 0.280571
v 1.175125 -0.110000 0.268875
v 1.163949 -0.110000 0.255491
v 1.154796 -0.110000 0.240556
v 1.147672 -0.110000 0.224203
v 1.142579 -0.110000 0.206569
v 1.139520 -0.110000 0.187790
v 1.138500 -0.110000 0.168000
v 1.138500 -0.110000 -0.069000
v 1.060500 -0.110000 -0.069000
v 1.060500 -0.110000 -0.079000
v 1.227500 -0.110000 -0.242000
v 1.227500 -0.110000 -0.149000
v 0.856500 -0.110000 0.300000
v 0.856500 -0.110000 -0.149000
v 0.945500 -0.110000 -0.149000
v 0.945500 -0.110000 0.300000
v 0.894365 -0.110000 -0.232489
v 0.887505 -0.110000 -0.233912
v 0.880984 -0.110000 -0.236203
v 0.874870 -0.110000 -0.239296
v 0.869229 -0.110000 -0.243126
v 0.864125 -0.110000 -0.247625
v 0.859626 -0.110000 -0.252729
v 0.855796 -0.110000 -0.258370
v 0.852703 -0.110000 -0.264484
v 0.850412 -0.110000 -0.271005
v 0.848989 -0.110000 -0.277865
v 0.848500 -0.110000 -0.285000
v 0.848989 -0.110000 -0.292135
v 0.850412 -0.110000 -0.298995
v 0.852703 -0.110000 -0.305516
v 0.855796 -0.110000 -0.311630
v 0.859626 -0.110000 -0.317271
v 0.864125 -0.110000 -0.322375
v 0.869229 -0.110000 -0.326874
v 0.874870 -0.110000 -0.330704
v 0.880984 -0.110000 -0.333797
v 0.887505 -0.110000 -0.336088
v 0.894365 -0.110000 -0.337511
v 0.901500 -0.110000 -0.338000
v 0.908635 -0.110000 -0.337511
v 0.915495 -0.110000 -0.336088
v 0.922016 -0.110000 -0.333797
v 0.928130 -0.110000 -0.330704
v 0.933771 -0.110000 -0.326874
v 0.938875 -0.110000 -0.322375
v 0.943374 -0.110000 -0.317271
v 0.947204 -0.110000 -0.311630
v 0.950297 -0.110000 -0.305516
v 0.952588 -0.110000 -0.298995
v 0.954011 -0.110000 -0.292135
v 0.954500 -0.110000 -0.285000
v 0.954011 -0.110000 -0.277865
v 0.952588 -0.110000 -0.271005
v 0.950297 -0.110000 -0.264484
v 0.947204 -0.110000 -0.258370
v 0.943375 -0.110000 -0.252729
v 0.938875 -0.110000 -0.247625
v 0.933772 -0.110000 -0.243126
v 0.928130 -0.110000 -0.239296
v 0.922016 -0.110000 -0.236203
v 0.915496 -0.110000 -0.233912
v 0.908635 -0.110000 -0.232489
v 0.901500 -0.110000 -0.232000
v 0.488500 -0.110000 -0.294000
v 0.488500 -0.110000 0.300000
v 0.390500 -0.110000 0.300000
v 0.390500 -0.110000 -0.294000
v 0.154500 -0.110000 -0.294000
v 0.154500 -0.110000 -0.382000
v 0.724500 -0.110000 -0.382000
v 0.724500 -0.110000 -0.294000
v -0.264500 -0.110000 -0.149000
v -0.264500 -0.110000 -0.069000
v -0.406500 -0.110000 -0.069000
v -0.406500 -0.110000 0.161000
v -0.405737 -0.110000 0.173472
v -0.403565 -0.110000 0.184440
v -0.400156 -0.110000 0.193984
v -0.395685 -0.110000 0.202185
v -0.390325 -0.110000 0.209122
v -0.384250 -0.110000 0.214875
v -0.377633 -0.110000 0.219524
v -0.370648 -0.110000 0.223148
v -0.363469 -0.110000 0.225828
v -0.356269 -0.110000 0.227644
v -0.349221 -0.110000 0.228674
v -0.342500 -0.110000 0.229000
v -0.334478 -0.110000 0.228771
v -0.326407 -0.110000 0.228083
v -0.318281 -0.110000 0.226938
v -0.310093 -0.110000 0.225333
v -0.301835 -0.110000 0.223271
v -0.293500 -0.110000 0.220750
v -0.285082 -0.110000 0.217771
v -0.276574 -0.110000 0.214333
v -0.267969 -0.110000 0.210438
v -0.259259 -0.110000 0.206083
v -0.250439 -0.110000 0.201271
v -0.241500 -0.110000 0.196000
v -0.241500 -0.110000 0.279000
v -0.249583 -0.110000 0.283161
v -0.258250 -0.110000 0.287125
v -0.267375 -0.110000 0.290859
v -0.276833 -0.110000 0.294333
v -0.286500 -0.110000 0.297516
v -0.296250 -0.110000 0.300375
v -0.305958 -0.110000 0.302880
v -0.315500 -0.110000 0.305000
v -0.324750 -0.110000 0.306703
v -0.333583 -0.110000 0.307958
v -0.341875 -0.110000 0.308734
v -0.349500 -0.110000 0.309000
v -0.372749 -0.110000 0.307773
v -0.393995 -0.110000 0.304181
v -0.413234 -0.110000 0.298359
v -0.430463 -0.110000 0.290444
v -0.445678 -0.110000 0.280571
v -0.458875 -0.110000 0.268875
v -0.470052 -0.110000 0.255491
v -0.479204 -0.110000 0.240556
v -0.486328 -0.110000 0.224203
v -0.491421 -0.110000 0.206569
v -0.494480 -0.110000 0.187790
v -0.495500 -0.110000 0.168000
v -0.495500 -0.110000 -0.069000
v -0.573500 -0.110000 -0.069000
v -0.573500 -0.110000 -0.079000
v -0.406500 -0.110000 -0.242000
v -0.406500 -0.110000 -0.149000
v -0.696931 -0.110000 -0.040857
v -0.709199 -0.110000 -0.047940
v -0.721266 -0.110000 -0.054266
v -0.733093 -0.110000 -0.059852
v -0.744642 -0.110000 -0.064716
v -0.755875 -0.110000 -0.068875
v -0.766754 -0.110000 -0.072347
v -0.777241 -0.110000 -0.075148
v -0.787297 -0.110000 -0.077297
v -0.796884 -0.110000 -0.078810
v -0.805965 -0.110000 -0.079705
v -0.814500 -0.110000 -0.080000
v -0.823223 -0.110000 -0.079652
v -0.831370 -0.110000 -0.078630
v -0.838906 -0.110000 -0.076969
v -0.845796 -0.110000 -0.074704
v -0.852006 -0.110000 -0.071869
v -0.857500 -0.110000 -0.068500
v -0.862244 -0.110000 -0.064631
v -0.866204 -0.110000 -0.060296
v -0.869344 -0.110000 -0.055531
v -0.871630 -0.110000 -0.050370
v -0.873027 -0.110000 -0.044848
v -0.873500 -0.110000 -0.039000
v -0.872864 -0.110000 -0.033906
v -0.870912 -0.110000 -0.028583
v -0.867578 -0.110000 -0.022969
v -0.862796 -0.110000 -0.017000
v -0.856501 -0.110000 -0.010615
v -0.848625 -0.110000 -0.003750
v -0.839104 -0.110000 0.003656
v -0.827870 -0.110000 0.011667
v -0.814859 -0.110000 0.020344
v -0.800005 -0.110000 0.029750
v -0.783240 -0.110000 0.039948
v -0.764500 -0.110000 0.051000
v -0.746968 -0.110000 0.062894
v -0.731324 -0.110000 0.074153
v -0.717500 -0.110000 0.084891
v -0.705426 -0.110000 0.095222
v -0.695032 -0.110000 0.105262
v -0.686250 -0.110000 0.115125
v -0.679009 -0.110000 0.124925
v -0.673241 -0.110000 0.134778
v -0.668875 -0.110000 0.144797
v -0.665843 -0.110000 0.155097
v -0.664074 -0.110000 0.165793
v -0.663500 -0.110000 0.177000
v -0.664789 -0.110000 0.196193
v -0.668560 -0.110000 0.214208
v -0.674672 -0.110000 0.230953
v -0.682981 -0.110000 0.246333
v -0.693347 -0.110000 0.260255
v -0.705625 -0.110000 0.272625
v -0.719674 -0.110000 0.283349
v -0.735352 -0.110000 0.292333
v -0.752516 -0.110000 0.299484
v -0.771023 -0.110000 0.304708
v -0.790732 -0.110000 0.307911
v -0.811500 -0.110000 0.309000
v -0.825016 -0.110000 0.308766
v -0.838125 -0.110000 0.308046
v -0.850922 -0.110000 0.306813
v -0.863500 -0.110000 0.305037
v -0.875953 -0.110000 0.302692
v -0.888375 -0.110000 0.299750
v -0.900859 -0.110000 0.296183
v -0.913500 -0.110000 0.291963
v -0.926391 -0.110000 0.287063
v -0.939625 -0.110000 0.281454
v -0.953297 -0.110000 0.275109
v -0.967500 -0.110000 0.268000
v -0.967500 -0.110000 0.172000
v -0.953111 -0.110000 0.181564
v -0.938972 -0.110000 0.190259
v -0.925125 -0.110000 0.198094
v -0.911611 -0.110000 0.205074
v -0.898472 -0.110000 0.211207
v -0.885750 -0.110000 0.216500
v -0.873486 -0.110000 0.220960
v -0.861722 -0.110000 0.224593
v -0.850500 -0.110000 0.227406
v -0.839861 -0.110000 0.229407
v -0.829847 -0.110000 0.230603
v -0.820500 -0.110000 0.231000
v -0.811639 -0.110000 0.230187
v -0.803111 -0.110000 0.228750
v -0.795000 -0.110000 0.226687
v -0.787389 -0.110000 0.224000
v -0.780361 -0.110000 0.220687
v -0.774000 -0.110000 0.216750
v -0.768389 -0.110000 0.212187
v -0.763611 -0.110000 0.207000
v -0.759750 -0.110000 0.201187
v -0.756889 -0.110000 0.194750
v -0.755111 -0.110000 0.187688
v -0.754500 -0.110000 0.180000
v -0.758632 -0.110000 0.165036
v -0.770056 -0.110000 0.150875
v -0.787313 -0.110000 0.137109
v -0.808945 -0.110000 0.123333
v -0.833493 -0.110000 0.109141
v -0.859500 -0.110000 0.094125
v -0.885507 -0.110000 0.077880
v -0.910056 -0.110000 0.060000
v -0.931688 -0.110000 0.040078
v -0.948945 -0.110000 0.017708
v -0.960368 -0.110000 -0.007516
v -0.964500 -0.110000 -0.036000
v -0.963307 -0.110000 -0.054366
v -0.959787 -0.110000 -0.071426
v -0.954031 -0.110000 -0.087125
v -0.946130 -0.110000 -0.101407
v -0.936173 -0.110000 -0.114218
v -0.924250 -0.110000 -0.125500
v -0.910453 -0.110000 -0.135199
v -0.894870 -0.110000 -0.143259
v -0.877594 -0.110000 -0.149625
v -0.858713 -0.110000 -0.154241
v -0.838318 -0.110000 -0.157051
v -0.816500 -0.110000 -0.158000
v -0.805977 -0.110000 -0.157749
v -0.795403 -0.110000 -0.156995
v -0.784766 -0.110000 -0.155734
v -0.774056 -0.110000 -0.153963
v -0.763262 -0.110000 -0.151678
v -0.752375 -0.110000 -0.148875
v -0.741384 -0.110000 -0.145552
v -0.730278 -0.110000 -0.141704
v -0.719047 -0.110000 -0.137328
v -0.707681 -0.110000 -0.132421
v -0.696168 -0.110000 -0.126980
v -0.684500 -0.110000 -0.121000
v -0.684500 -0.110000 -0.033000
v -1.112915 -0.110000 0.264605
v -1.126232 -0.110000 0.272426
v -1.139563 -0.110000 0.279469
v -1.153019 -0.110000 0.285741
v -1.166711 -0.110000 0.291249
v -1.180750 -0.110000 0.296000
v -1.195248 -0.110000 0.300001
v -1.210315 -0.110000 0.303259
v -1.226063 -0.110000 0.305781
v -1.242602 -0.110000 0.307574
v -1.260044 -0.110000 0.308645
v -1.278500 -0.110000 0.309000
v -1.312199 -0.110000 0.306665
v -1.343259 -0.110000 0.299907
v -1.371625 -0.110000 0.289094
v -1.397241 -0.110000 0.274593
v -1.420051 -0.110000 0.256772
v -1.440000 -0.110000 0.236000
v -1.457032 -0.110000 0.212645
v -1.471093 -0.110000 0.187074
v -1.482125 -0.110000 0.159656
v -1.490074 -0.110000 0.130759
v -1.494884 -0.110000 0.100751
v -1.496500 -0.110000 0.070000
v -1.494736 -0.110000 0.036944
v -1.489556 -0.110000 0.005889
v -1.481125 -0.110000 -0.023000
v -1.469611 -0.110000 -0.049556
v -1.455181 -0.110000 -0.073611
v -1.438000 -0.110000 -0.095000
v -1.418236 -0.110000 -0.113556
v -1.396056 -0.110000 -0.129111
v -1.371625 -0.110000 -0.141500
v -1.345111 -0.110000 -0.150556
v -1.316681 -0.110000 -0.156111
v -1.286500 -0.110000 -0.158000
v -1.257665 -0.110000 -0.156310
v -1.230736 -0.110000 -0.151231
v -1.205828 -0.110000 -0.142750
v -1.183056 -0.110000 -0.130852
v -1.162533 -0.110000 -0.115523
v -1.144375 -0.110000 -0.096750
v -1.128696 -0.110000 -0.074519
v -1.115611 -0.110000 -0.048815
v -1.105235 -0.110000 -0.019625
v -1.097681 -0.110000 0.013065
v -1.093064 -0.110000 0.049269
v -1.091500 -0.110000 0.089000
v -1.407500 -0.110000 0.089000
v -1.403231 -0.110000 0.110352
v -1.397426 -0.110000 0.129903
v -1.390094 -0.110000 0.147641
v -1.381241 -0.110000 0.163556
v -1.370874 -0.110000 0.177637
v -1.359000 -0.110000 0.189875
v -1.345626 -0.110000 0.200259
v -1.330759 -0.110000 0.208778
v -1.314406 -0.110000 0.215422
v -1.296574 -0.110000 0.220181
v -1.277270 -0.110000 0.223043
v -1.256500 -0.110000 0.224000
v -1.243060 -0.110000 0.223587
v -1.229732 -0.110000 0.222361
v -1.216500 -0.110000 0.220344
v -1.203352 -0.110000 0.217556
v -1.190273 -0.110000 0.214017
v -1.177250 -0.110000 0.209750
v -1.164268 -0.110000 0.204774
v -1.151315 -0.110000 0.199111
v -1.138375 -0.110000 0.192781
v -1.125435 -0.110000 0.185806
v -1.112482 -0.110000 0.178205
v -1.099500 -0.110000 0.170000
v -1.099500 -0.110000 0.256000
v -1.180993 -0.110000 0.013531
v -1.183945 -0.110000 -0.001833
v -1.188313 -0.110000 -0.016031
v -1.194056 -0.110000 -0.029000
v -1.201132 -0.110000 -0.040677
v -1.209500 -0.110000 -0.051000
v -1.219118 -0.110000 -0.059906
v -1.229945 -0.110000 -0.067333
v -1.241938 -0.110000 -0.073219
v -1.255056 -0.110000 -0.077500
v -1.269257 -0.110000 -0.080115
v -1.284500 -0.110000 -0.081000
v -1.300936 -0.110000 -0.080172
v -1.316241 -0.110000 -0.077708
v -1.330406 -0.110000 -0.073641
v -1.343426 -0.110000 -0.068000
v -1.355293 -0.110000 -0.060818
v -1.366000 -0.110000 -0.052125
v -1.375541 -0.110000 -0.041953
v -1.383908 -0.110000 -0.030333
v -1.391094 -0.110000 -0.017297
v -1.397093 -0.110000 -0.002875
v -1.401897 -0.110000 0.012901
v -1.405500 -0.110000 0.030000
v -1.179500 -0.110000 0.030000
v -1.840500 -0.110000 -0.294000
v -1.840500 -0.110000 0.300000
v -1.938500 -0.110000 0.300000
v -1.938500 -0.110000 -0.294000
v -2.174500 -0.110000 -0.294000
v -2.174500 -0.110000 -0.382000
v -1.604500 -0.110000 -0.382000
v -1.604500 -0.110000 -0.294000
v -1.840500 -0.110000 -0.294000
v -1.836850 -0.106350 -0.290350
v -1.833580 -0.103080 -0.287080
v -1.830500 -0.100000 -0.284000
v -1.827420 -0.096920 -0.280920
v -1.824151 -0.093650 -0.277650
v -1.820500 -0.090000 -0.274000
v -1.820500 0.090000 -0.274000
v -1.824151 0.093650 -0.277650
v -1.827420 0.096920 -0.280920
v -1.830500 0.100000 -0.284000
v -1.833580 0.103080 -0.287080
v -1.836850 0.106350 -0.290350
v -1.840500 0.110000 -0.294000
v -1.840500 -0.110000 0.300000
v -1.836850 -0.106350 0.303650
v -1.833580 -0.103080 0.306920
v -1.830500 -0.100000 0.310000
v -1.827420 -0.096920 0.313080
v -1.824151 -0.093650 0.316350
v -1.820500 -0.090000 0.320000
v -1.820500 0.090000 0.320000
v -1.824151 0.093650 0.316350
v -1.827420 0.096920 0.313080
v -1.830500 0.100000 0.310000
v -1.833580 0.103080 0.306920
v -1.836850 0.106350 0.303650
v -1.840500 0.110000 0.300000
v -1.938500 -0.110000 0.300000
v -1.942151 -0.106350 0.303650
v -1.945421 -0.103080 0.306920
v -1.948500 -0.100000 0.310000
v -1.951580 -0.096920 0.313080
v -1.954850 -0.093650 0.316350
v -1.958500 -0.090000 0.320000
v -1.958500 0.090000 0.320000
v -1.954850 0.093650 0.316350
v -1.951580 0.096920 0.313080
v -1.948500 0.100000 0.310000
v -1.945421 0.103080 0.306920
v -1.942151 0.106350 0.303650
v -1.938500 0.110000 0.300000
v -1.938500 -0.110000 -0.294000
v -1.942151 -0.106350 -0.290350
v -1.945421 -0.103080 -0.287080
v -1.948500 -0.100000 -0.284000
v -1.951580 -0.096920 -0.280920
v -1.954850 -0.093650 -0.277650
v -1.958500 -0.090000 -0.274000
v -1.958500 0.090000 -0.274000
v -1.954850 0.093650 -0.277650
v -1.951580 0.096920 -0.280920
v -1.948500 0.100000 -0.284000
v -1.945421 0.103080 -0.287080
v -1.942151 0.106350 -0.290350
v -1.938500 0.110000 -0.294000
v -2.174500 -0.110000 -0.294000
v -2.178151 -0.106350 -0.290350
v -2.181421 -0.103080 -0.287080
v -2.184500 -0.100000 -0.284000
v -2.187580 -0.096920 -0.280920
v -2.190850 -0.093650 -0.277650
v -2.194500 -0.090000 -0.274000
v -2.194500 0.090000 -0.274000
v -2.190850 0.093650 -0.277650
v -2.187580 0.096920 -0.280920
v -2.184500 0.100000 -0.284000
v -2.181421 0.103080 -0.287080
v -2.178151 0.106350 -0.290350
v -2.174500 0.110000 -0.294000
v -2.174500 -0.110000 -0.382000
v -2.178151 -0.106350 -0.385650
v -2.181421 -0.103080 -0.388920
v -2.184500 -0.100000 -0.392000
v -2.187580 -0.096920 -0.395080
v -2.190850 -0.093650 -0.398350
v -2.194500 -0.090000 -0.402000
v -2.194500 0.090000 -0.402000
v -2.190850 0.093650 -0.398350
v -2.187580 0.096920 -0.395080
v -2.184500 0.100000 -0.392000
v -2.181421 0.103080 -0.388920
v -2.178151 0.106350 -0.385650
v -2.174500 0.110000 -0.382000
v -1.604500 -0.110000 -0.382000
v -1.600850 -0.106350 -0.385650
v -1.597580 -0.103080 -0.388920
v -1.594500 -0.100000 -0.392000
v -1.591421 -0.096920 -0.395080
v -1.588151 -0.093650 -0.398350
v -1.584500 -0.090000 -0.402000
v -1.584500 0.090000 -0.402000
v -1.588151 0.093650 -0.398350
v -1.591421 0.096920 -0.395080
v -1.594500 0.100000 -0.392000
v -1.597580 0.103080 -0.388920
v -1.600850 0.106350 -0.385650
v -1.604500 0.110000 -0.382000
v -1.604500 -0.110000 -0.294000
v -1.600850 -0.106350 -0.290350
v -1.597580 -0.103080 -0.287080
v -1.594500 -0.100000 -0.284000
v -1.591421 -0.096920 -0.280920
v -1.588151 -0.093650 -0.277650
v -1.584500 -0.090000 -0.274000
v -1.584500 0.090000 -0.274000
v -1.588151 0.093650 -0.277650
v -1.591421 0.096920 -0.280920
v -1.594500 0.100000 -0.284000
v -1.597580 0.103080 -0.287080
v -1.600850 0.106350 -0.290350
v -1.604500 0.110000 -0.294000
v -1.112915 -0.110000 0.264605
v -1.111004 -0.106350 0.267717
v -1.109293 -0.103080 0.270504
v -1.107681 -0.100000 0.273129
v -1.106069 -0.096920 0.275754
v -1.104358 -0.093650 0.278541
v -1.102447 -0.090000 0.281652
v -1.102447 0.090000 0.281652
v -1.104358 0.093650 0.278541
v -1.106069 0.096920 0.275754
v -1.107681 0.100000 0.273129
v -1.109293 0.103080 0.270504
v -1.111004 0.106350 0.267717
v -1.112915 0.110000 0.264605
v -1.126232 -0.110000 0.272426
v -1.124454 -0.106350 0.275615
v -1.122861 -0.103080 0.278472
v -1.121362 -0.100000 0.281163
v -1.119862 -0.096920 0.283854
v -1.118269 -0.093650 0.286710
v -1.116492 -0.090000 0.289900
v -1.116492 0.090000 0.289900
v -1.118269 0.093650 0.286710
v -1.119862 0.096920 0.283854
v -1.121362 0.100000 0.281163
v -1.122861 0.103080 0.278472
v -1.124454 0.106350 0.275615
v -1.126232 0.110000 0.272426
v -1.139563 -0.110000 0.279469
v -1.137938 -0.106350 0.282739
v -1.136483 -0.103080 0.285668
v -1.135112 -0.100000 0.288427
v -1.133741 -0.096920 0.291186
v -1.132286 -0.093650 0.294115
v -1.130661 -0.090000 0.297386
v -1.130661 0.090000 0.297386
v -1.132286 0.093650 0.294115
v -1.133741 0.096920 0.291186
v -1.135112 0.100000 0.288427
v -1.136483 0.103080 0.285668
v -1.137938 0.106350 0.282739
v -1.139563 0.110000 0.279469
v -1.153019 -0.110000 0.285741
v -1.151565 -0.106350 0.289091
v -1.150264 -0.103080 0.292092
v -1.149037 -0.100000 0.294918
v -1.147811 -0.096920 0.297744
v -1.146509 -0.093650 0.300745
v -1.145056 -0.090000 0.304095
v -1.145056 0.090000 0.304095
v -1.146509 0.093650 0.300745
v -1.147811 0.096920 0.297744
v -1.149037 0.100000 0.294918
v -1.150264 0.103080 0.292092
v -1.151565 0.106350 0.289091
v -1.153019 0.110000 0.285741
v -1.166711 -0.110000 0.291249
v -1.165444 -0.106350 0.294674
v -1.164308 -0.103080 0.297742
v -1.163239 -0.100000 0.300631
v -1.162170 -0.096920 0.303521
v -1.161035 -0.093650 0.306588
v -1.159768 -0.090000 0.310013
v -1.159768 0.090000 0.310013
v -1.161035 0.093650 0.306588
v -1.162170 0.096920 0.303521
v -1.163239 0.100000 0.300631
v -1.164308 0.103080 0.297742
v -1.165444 0.106350 0.294674
v -1.166711 0.110000 0.291249
v -1.180750 -0.110000 0.296000
v -1.179679 -0.106350 0.299491
v -1.178719 -0.103080 0.302618
v -1.177815 -0.100000 0.305564
v -1.176911 -0.096920 0.308509
v -1.175951 -0.093650 0.311636
v -1.174880 -0.090000 0.315127
v -1.174880 0.090000 0.315127
v -1.175951 0.093650 0.311636
v -1.176911 0.096920 0.308509
v -1.177815 0.100000 0.305564
v -1.178719 0.103080 0.302618
v -1.179679 0.106350 0.299491
v -1.180750 0.110000 0.296000
v -1.195248 -0.110000 0.300001
v -1.194376 -0.106350 0.303547
v -1.193595 -0.103080 0.306724
v -1.192859 -0.100000 0.309716
v -1.192123 -0.096920 0.312707
v -1.191342 -0.093650 0.315884
v -1.190470 -0.090000 0.319430
v -1.190470 0.090000 0.319430
v -1.191342 0.093650 0.315884
v -1.192123 0.096920 0.312707
v -1.192859 0.100000 0.309716
v -1.193595 0.103080 0.306724
v -1.194376 0.106350 0.303547
v -1.195248 0.110000 0.300001
v -1.210315 -0.110000 0.303259
v -1.209640 -0.106350 0.306848
v -1.209036 -0.103080 0.310063
v -1.208466 -0.100000 0.313091
v -1.207897 -0.096920 0.316118
v -1.207292 -0.093650 0.319333
v -1.206617 -0.090000 0.322922
v -1.206617 0.090000 0.322922
v -1.207292 0.093650 0.319333
v -1.207897 0.096920 0.316118
v -1.208466 0.100000 0.313091
v -1.209036 0.103080 0.310063
v -1.209640 0.106350 0.306848
v -1.210315 0.110000 0.303259
v -1.226063 -0.110000 0.305781
v -1.225577 -0.106350 0.309400
v -1.225142 -0.103080 0.312642
v -1.224732 -0.100000 0.315696
v -1.224323 -0.096920 0.318749
v -1.223888 -0.093650 0.321991
v -1.223402 -0.090000 0.325610
v -1.223402 0.090000 0.325610
v -1.223888 0.093650 0.321991
v -1.224323 0.096920 0.318749
v -1.224732 0.100000 0.315696
v -1.225142 0.103080 0.312642
v -1.225577 0.106350 0.309400
v -1.226063 0.110000 0.305781
v -1.242602 -0.110000 0.307574
v -1.242293 -0.106350 0.311212
v -1.242017 -0.103080 0.314472
v -1.241756 -0.100000 0.317541
v -1.241496 -0.096920 0.320610
v -1.241219 -0.093650 0.323870
v -1.240911 -0.090000 0.327508
v -1.240911 0.090000 0.327508
v -1.241219 0.093650 0.323870
v -1.241496 0.096920 0.320610
v -1.241756 0.100000 0.317541
v -1.242017 0.103080 0.314472
v -1.242293 0.106350 0.311212
v -1.242602 0.110000 0.307574
v -1.260044 -0.110000 0.308645
v -1.259897 -0.106350 0.312293
v -1.259765 -0.103080 0.315561
v -1.259641 -0.100000 0.318639
v -1.259517 -0.096920 0.321717
v -1.259386 -0.093650 0.324985
v -1.259239 -0.090000 0.328633
v -1.259239 0.090000 0.328633
v -1.259386 0.093650 0.324985
v -1.259517 0.096920 0.321717
v -1.259641 0.100000 0.318639
v -1.259765 0.103080 0.315561
v -1.259897 0.106350 0.312293
v -1.260044 0.110000 0.308645
v -1.278500 -0.110000 0.309000
v -1.278591 -0.106350 0.312653
v -1.278673 -0.103080 0.315925
v -1.278750 -0.100000 0.319007
v -1.278827 -0.096920 0.322088
v -1.278908 -0.093650 0.325360
v -1.279000 -0.090000 0.329013
v -1.279000 0.090000 0.329013
v -1.278908 0.093650 0.325360
v -1.278827 0.096920 0.322088
v -1.278750 0.100000 0.319007
v -1.278673 0.103080 0.315925
v -1.278591 0.106350 0.312653
v -1.278500 0.110000 0.309000
v -1.312199 -0.110000 0.306665
v -1.312716 -0.106350 0.310289
v -1.313179 -0.103080 0.313535
v -1.313615 -0.100000 0.316591
v -1.314051 -0.096920 0.319648
v -1.314514 -0.093650 0.322894
v -1.315031 -0.090000 0.326517
v -1.315031 0.090000 0.326517
v -1.314514 0.093650 0.322894
v -1.314051 0.096920 0.319648
v -1.313615 0.100000 0.316591
v -1.313179 0.103080 0.313535
v -1.312716 0.106350 0.310289
v -1.312199 0.110000 0.306665
v -1.343259 -0.110000 0.299907
v -1.344303 -0.106350 0.303416
v -1.345239 -0.103080 0.306559
v -1.346119 -0.100000 0.309519
v -1.347000 -0.096920 0.312479
v -1.347935 -0.093650 0.315622
v -1.348980 -0.090000 0.319131
v -1.348980 0.090000 0.319131
v -1.347935 0.093650 0.315622
v -1.347000 0.096920 0.312479
v -1.346119 0.100000 0.309519
v -1.345239 0.103080 0.306559
v -1.344303 0.106350 0.303416
v -1.343259 0.110000 0.299907
v -1.371625 -0.110000 0.289094
v -1.373183 -0.106350 0.292406
v -1.374579 -0.103080 0.295374
v -1.375893 -0.100000 0.298168
v -1.377208 -0.096920 0.300963
v -1.378604 -0.093650 0.303931
v -1.380162 -0.090000 0.307243
v -1.380162 0.090000 0.307243
v -1.378604 0.093650 0.303931
v -1.377208 0.096920 0.300963
v -1.375893 0.100000 0.298168
v -1.374579 0.103080 0.295374
v -1.373183 0.106350 0.292406
v -1.371625 0.110000 0.289094
v -1.397241 -0.110000 0.274593
v -1.399275 -0.106350 0.277636
v -1.401097 -0.103080 0.280362
v -1.402813 -0.100000 0.282929
v -1.404529 -0.096920 0.285497
v -1.406351 -0.093650 0.288223
v -1.408385 -0.090000 0.291266
v -1.408385 0.090000 0.291266
v -1.406351 0.093650 0.288223
v -1.404529 0.096920 0.285497
v -1.402813 0.100000 0.282929
v -1.401097 0.103080 0.280362
v -1.399275 0.106350 0.277636
v -1.397241 0.110000 0.274593
v -1.420051 -0.110000 0.256772
v -1.422503 -0.106350 0.259488
v -1.424700 -0.103080 0.261922
v -1.426769 -0.100000 0.264213
v -1.428838 -0.096920 0.266505
v -1.431035 -0.093650 0.268938
v -1.433488 -0.090000 0.271654
v -1.433488 0.090000 0.271654
v -1.431035 0.093650 0.268938
v -1.428838 0.096920 0.266505
v -1.426769 0.100000 0.264213
v -1.424700 0.103080 0.261922
v -1.422503 0.106350 0.259488
v -1.420051 0.110000 0.256772
v -1.440000 -0.110000 0.236000
v -1.442804 -0.106350 0.238350
v -1.445316 -0.103080 0.240456
v -1.447681 -0.100000 0.242439
v -1.450047 -0.096920 0.244422
v -1.452558 -0.093650 0.246527
v -1.455362 -0.090000 0.248878
v -1.455362 0.090000 0.248878
v -1.452558 0.093650 0.246527
v -1.450047 0.096920 0.244422
v -1.447681 0.100000 0.242439
v -1.445316 0.103080 0.240456
v -1.442804 0.106350 0.238350
v -1.440000 0.110000 0.236000
v -1.457032 -0.110000 0.212645
v -1.460119 -0.106350 0.214608
v -1.462884 -0.103080 0.216366
v -1.465488 -0.100000 0.218022
v -1.468092 -0.096920 0.219678
v -1.470857 -0.093650 0.221436
v -1.473943 -0.090000 0.223399
v -1.473943 0.090000 0.223399
v -1.470857 0.093650 0.221436
v -1.468092 0.096920 0.219678
v -1.465488 0.100000 0.218022
v -1.462884 0.103080 0.216366
v -1.460119 0.106350 0.214608
v -1.457032 0.110000 0.212645
v -1.471093 -0.110000 0.187074
v -1.474397 -0.106350 0.188641
v -1.477357 -0.103080 0.190044
v -1.480145 -0.100000 0.191365
v -1.482933 -0.096920 0.192687
v -1.485893 -0.093650 0.194090
v -1.489198 -0.090000 0.195656
v -1.489198 0.090000 0.195656
v -1.485893 0.093650 0.194090
v -1.482933 0.096920 0.192687
v -1.480145 0.100000 0.191365
v -1.477357 0.103080 0.190044
v -1.474397 0.106350 0.188641
v -1.471093 0.110000 0.187074
v -1.482125 -0.110000 0.159656
v -1.485589 -0.106350 0.160826
v -1.488693 -0.103080 0.161873
v -1.491615 -0.100000 0.162859
v -1.494538 -0.096920 0.163846
v -1.497641 -0.093650 0.164893
v -1.501106 -0.090000 0.166062
v -1.501106 0.090000 0.166062
v -1.497641 0.093650 0.164893
v -1.494538 0.096920 0.163846
v -1.491615 0.100000 0.162859
v -1.488693 0.103080 0.161873
v -1.485589 0.106350 0.160826
v -1.482125 0.110000 0.159656
v -1.490074 -0.110000 0.130759
v -1.493647 -0.106350 0.131535
v -1.496847 -0.103080 0.132229
v -1.499861 -0.100000 0.132883
v -1.502875 -0.096920 0.133537
v -1.506076 -0.093650 0.134232
v -1.509649 -0.090000 0.135007
v -1.509649 0.090000 0.135007
v -1.506076 0.093650 0.134232
v -1.502875 0.096920 0.133537
v -1.499861 0.100000 0.132883
v -1.496847 0.103080 0.132229
v -1.493647 0.106350 0.131535
v -1.490074 0.110000 0.130759
v -1.494884 -0.110000 0.100751
v -1.498520 -0.106350 0.101137
v -1.501776 -0.103080 0.101482
v -1.504843 -0.100000 0.101808
v -1.507909 -0.096920 0.102133
v -1.511166 -0.093650 0.102479
v -1.514801 -0.090000 0.102865
v -1.514801 0.090000 0.102865
v -1.511166 0.093650 0.102479
v -1.507909 0.096920 0.102133
v -1.504843 0.100000 0.101808
v -1.501776 0.103080 0.101482
v -1.498520 0.106350 0.101137
v -1.494884 0.110000 0.100751
v -1.496500 -0.110000 0.070000
v -1.500156 -0.106350 0.069999
v -1.503430 -0.103080 0.069997
v -1.506514 -0.100000 0.069996
v -1.509598 -0.096920 0.069995
v -1.512873 -0.093650 0.069993
v -1.516528 -0.090000 0.069992
v -1.516528 0.090000 0.069992
v -1.512873 0.093650 0.069993
v -1.509598 0.096920 0.069995
v -1.506514 0.100000 0.069996
v -1.503430 0.103080 0.069997
v -1.500156 0.106350 0.069999
v -1.496500 0.110000 0.070000
v -1.494736 -0.110000 0.036944
v -1.498371 -0.106350 0.036546
v -1.501626 -0.103080 0.036188
v -1.504692 -0.100000 0.035852
v -1.507758 -0.096920 0.035515
v -1.511014 -0.093650 0.035158
v -1.514648 -0.090000 0.034759
v -1.514648 0.090000 0.034759
v -1.511014 0.093650 0.035158
v -1.507758 0.096920 0.035515
v -1.504692 0.100000 0.035852
v -1.501626 0.103080 0.036188
v -1.498371 0.106350 0.036546
v -1.494736 0.110000 0.036944
v -1.489556 -0.110000 0.005889
v -1.493121 -0.106350 0.005074
v -1.496314 -0.103080 0.004345
v -1.499322 -0.100000 0.003658
v -1.502329 -0.096920 0.002970
v -1.505523 -0.093650 0.002241
v -1.509088 -0.090000 0.001426
v -1.509088 0.090000 0.001426
v -1.505523 0.093650 0.002241
v -1.502329 0.096920 0.002970
v -1.499322 0.100000 0.003658
v -1.496314 0.103080 0.004345
v -1.493121 0.106350 0.005074
v -1.489556 0.110000 0.005889
v -1.481125 -0.110000 -0.023000
v -1.484565 -0.106350 -0.024242
v -1.487647 -0.103080 -0.025355
v -1.490549 -0.100000 -0.026403
v -1.493451 -0.096920 -0.027451
v -1.496533 -0.093650 -0.028564
v -1.499973 -0.090000 -0.029806
v -1.499973 0.090000 -0.029806
v -1.496533 0.093650 -0.028564
v -1.493451 0.096920 -0.027451
v -1.490549 0.100000 -0.026403
v -1.487647 0.103080 -0.025355
v -1.484565 0.106350 -0.024242
v -1.481125 0.110000 -0.023000
v -1.469611 -0.110000 -0.049556
v -1.472865 -0.106350 -0.051228
v -1.475780 -0.103080 -0.052726
v -1.478525 -0.100000 -0.054136
v -1.481270 -0.096920 -0.055547
v -1.484184 -0.093650 -0.057045
v -1.487438 -0.090000 -0.058717
v -1.487438 0.090000 -0.058717
v -1.484184 0.093650 -0.057045
v -1.481270 0.096920 -0.055547
v -1.478525 0.100000 -0.054136
v -1.475780 0.103080 -0.052726
v -1.472865 0.106350 -0.051228
v -1.469611 0.110000 -0.049556
v -1.455181 -0.110000 -0.073611
v -1.458183 -0.106350 -0.075703
v -1.460872 -0.103080 -0.077576
v -1.463405 -0.100000 -0.079341
v -1.465937 -0.096920 -0.081106
v -1.468627 -0.093650 -0.082979
v -1.471629 -0.090000 -0.085071
v -1.471629 0.090000 -0.085071
v -1.468627 0.093650 -0.082979
v -1.465937 0.096920 -0.081106
v -1.463405 0.100000 -0.079341
v -1.460872 0.103080 -0.077576
v -1.458183 0.106350 -0.075703
v -1.455181 0.110000 -0.073611
v -1.438000 -0.110000 -0.095000
v -1.440686 -0.106350 -0.097486
v -1.443091 -0.103080 -0.099713
v -1.445357 -0.100000 -0.101810
v -1.447622 -0.096920 -0.103907
v -1.450028 -0.093650 -0.106134
v -1.452713 -0.090000 -0.108620
v -1.452713 0.090000 -0.108620
v -1.450028 0.093650 -0.106134
v -1.447622 0.096920 -0.103907
v -1.445357 0.100000 -0.101810
v -1.443091 0.103080 -0.099713
v -1.440686 0.106350 -0.097486
v -1.438000 0.110000 -0.095000
v -1.418236 -0.110000 -0.113556
v -1.420545 -0.106350 -0.116395
v -1.422614 -0.103080 -0.118938
v -1.424562 -0.100000 -0.121334
v -1.426509 -0.096920 -0.123729
v -1.428578 -0.093650 -0.126272
v -1.430887 -0.090000 -0.129112
v -1.430887 0.090000 -0.129112
v -1.428578 0.093650 -0.126272
v -1.426509 0.096920 -0.123729
v -1.424562 0.100000 -0.121334
v -1.422614 0.103080 -0.118938
v -1.420545 0.106350 -0.116395
v -1.418236 0.110000 -0.113556
v -1.396056 -0.110000 -0.129111
v -1.397939 -0.106350 -0.132249
v -1.399625 -0.103080 -0.135060
v -1.401214 -0.100000 -0.137708
v -1.402803 -0.096920 -0.140355
v -1.404489 -0.093650 -0.143166
v -1.406372 -0.090000 -0.146304
v -1.406372 0.090000 -0.146304
v -1.404489 0.093650 -0.143166
v -1.402803 0.096920 -0.140355
v -1.401214 0.100000 -0.137708
v -1.399625 0.103080 -0.135060
v -1.397939 0.106350 -0.132249
v -1.396056 0.110000 -0.129111
v -1.371625 -0.110000 -0.141500
v -1.373048 -0.106350 -0.144872
v -1.374322 -0.103080 -0.147892
v -1.375522 -0.100000 -0.150736
v -1.376722 -0.096920 -0.153581
v -1.377996 -0.093650 -0.156601
v -1.379418 -0.090000 -0.159973
v -1.379418 0.090000 -0.159973
v -1.377996 0.093650 -0.156601
v -1.376722 0.096920 -0.153581
v -1.375522 0.100000 -0.150736
v -1.374322 0.103080 -0.147892
v -1.373048 0.106350 -0.144872
v -1.371625 0.110000 -0.141500
v -1.345111 -0.110000 -0.150556
v -1.346056 -0.106350 -0.154091
v -1.346902 -0.103080 -0.157257
v -1.347698 -0.100000 -0.160239
v -1.348495 -0.096920 -0.163221
v -1.349341 -0.093650 -0.166388
v -1.350285 -0.090000 -0.169923
v -1.350285 0.090000 -0.169923
v -1.349341 0.093650 -0.166388
v -1.348495 0.096920 -0.163221
v -1.347698 0.100000 -0.160239
v -1.346902 0.103080 -0.157257
v -1.346056 0.106350 -0.154091
v -1.345111 0.110000 -0.150556
v -1.316681 -0.110000 -0.156111
v -1.317147 -0.106350 -0.159740
v -1.317564 -0.103080 -0.162990
v -1.317957 -0.100000 -0.166051
v -1.318350 -0.096920 -0.169112
v -1.318768 -0.093650 -0.172362
v -1.319234 -0.090000 -0.175990
v -1.319234 0.090000 -0.175990
v -1.318768 0.093650 -0.172362
v -1.318350 0.096920 -0.169112
v -1.317957 0.100000 -0.166051
v -1.317564 0.103080 -0.162990
v -1.317147 0.106350 -0.159740
v -1.316681 0.110000 -0.156111
v -1.286500 -0.110000 -0.158000
v -1.286507 -0.106350 -0.161657
v -1.286514 -0.103080 -0.164933
v -1.286520 -0.100000 -0.168018
v -1.286526 -0.096920 -0.171104
v -1.286533 -0.093650 -0.174380
v -1.286540 -0.090000 -0.178037
v -1.286540 0.090000 -0.178037
v -1.286533 0.093650 -0.174380
v -1.286526 0.096920 -0.171104
v -1.286520 0.100000 -0.168018
v -1.286514 0.103080 -0.164933
v -1.286507 0.106350 -0.161657
v -1.286500 0.110000 -0.158000
v -1.257665 -0.110000 -0.156310
v -1.257218 -0.106350 -0.159941
v -1.256818 -0.103080 -0.163193
v -1.256441 -0.100000 -0.166256
v -1.256064 -0.096920 -0.169318
v -1.255663 -0.093650 -0.172571
v -1.255216 -0.090000 -0.176201
v -1.255216 0.090000 -0.176201
v -1.255663 0.093650 -0.172571
v -1.256064 0.096920 -0.169318
v -1.256441 0.100000 -0.166256
v -1.256818 0.103080 -0.163193
v -1.257218 0.106350 -0.159941
v -1.257665 0.110000 -0.156310
v -1.230736 -0.110000 -0.151231
v -1.229805 -0.106350 -0.154771
v -1.228971 -0.103080 -0.157941
v -1.228185 -0.100000 -0.160927
v -1.227399 -0.096920 -0.163912
v -1.226565 -0.093650 -0.167083
v -1.225634 -0.090000 -0.170622
v -1.225634 0.090000 -0.170622
v -1.226565 0.093650 -0.167083
v -1.227399 0.096920 -0.163912
v -1.228185 0.100000 -0.160927
v -1.228971 0.103080 -0.157941
v -1.229805 0.106350 -0.154771
v -1.230736 0.110000 -0.151231
v -1.205828 -0.110000 -0.142750
v -1.204386 -0.106350 -0.146115
v -1.203094 -0.103080 -0.149130
v -1.201878 -0.100000 -0.151969
v -1.200661 -0.096920 -0.154808
v -1.199370 -0.093650 -0.157822
v -1.197928 -0.090000 -0.161187
v -1.197928 0.090000 -0.161187
v -1.199370 0.093650 -0.157822
v -1.200661 0.096920 -0.154808
v -1.201878 0.100000 -0.151969
v -1.203094 0.103080 -0.149130
v -1.204386 0.106350 -0.146115
v -1.205828 0.110000 -0.142750
v -1.183056 -0.110000 -0.130852
v -1.181106 -0.106350 -0.133952
v -1.179359 -0.103080 -0.136728
v -1.177714 -0.100000 -0.139344
v -1.176069 -0.096920 -0.141959
v -1.174322 -0.093650 -0.144736
v -1.172372 -0.090000 -0.147835
v -1.172372 0.090000 -0.147835
v -1.174322 0.093650 -0.144736
v -1.176069 0.096920 -0.141959
v -1.177714 0.100000 -0.139344
v -1.179359 0.103080 -0.136728
v -1.181106 0.106350 -0.133952
v -1.183056 0.110000 -0.130852
v -1.162533 -0.110000 -0.115523
v -1.160113 -0.106350 -0.118272
v -1.157946 -0.103080 -0.120735
v -1.155904 -0.100000 -0.123054
v -1.153863 -0.096920 -0.125373
v -1.151695 -0.093650 -0.127835
v -1.149276 -0.090000 -0.130584
v -1.149276 0.090000 -0.130584
v -1.151695 0.093650 -0.127835
v -1.153863 0.096920 -0.125373
v -1.155904 0.100000 -0.123054
v -1.157946 0.103080 -0.120735
v -1.160113 0.106350 -0.118272
v -1.162533 0.110000 -0.115523
v -1.144375 -0.110000 -0.096750
v -1.141555 -0.106350 -0.099085
v -1.139028 -0.103080 -0.101176
v -1.136649 -0.100000 -0.103146
v -1.134270 -0.096920 -0.105116
v -1.131743 -0.093650 -0.107207
v -1.128923 -0.090000 -0.109542
v -1.128923 0.090000 -0.109542
v -1.131743 0.093650 -0.107207
v -1.134270 0.096920 -0.105116
v -1.136649 0.100000 -0.103146
v -1.139028 0.103080 -0.101176
v -1.141555 0.106350 -0.099085
v -1.144375 0.110000 -0.096750
v -1.128696 -0.110000 -0.074519
v -1.125562 -0.106350 -0.076408
v -1.122754 -0.103080 -0.078101
v -1.120110 -0.100000 -0.079695
v -1.117466 -0.096920 -0.081289
v -1.114659 -0.093650 -0.082982
v -1.111524 -0.090000 -0.084872
v -1.111524 0.090000 -0.084872
v -1.114659 0.093650 -0.082982
v -1.117466 0.096920 -0.081289
v -1.120110 0.100000 -0.079695
v -1.122754 0.103080 -0.078101
v -1.125562 0.106350 -0.076408
v -1.128696 0.110000 -0.074519
v -1.115611 -0.110000 -0.048815
v -1.112251 -0.106350 -0.050260
v -1.109241 -0.103080 -0.051555
v -1.106406 -0.100000 -0.052774
v -1.103571 -0.096920 -0.053994
v -1.100561 -0.093650 -0.055289
v -1.097200 -0.090000 -0.056734
v -1.097200 0.090000 -0.056734
v -1.100561 0.093650 -0.055289
v -1.103571 0.096920 -0.053994
v -1.106406 0.100000 -0.052774
v -1.109241 0.103080 -0.051555
v -1.112251 0.106350 -0.050260
v -1.115611 0.110000 -0.048815
v -1.105235 -0.110000 -0.019625
v -1.101725 -0.106350 -0.020651
v -1.098581 -0.103080 -0.021569
v -1.095620 -0.100000 -0.022435
v -1.092659 -0.096920 -0.023300
v -1.089516 -0.093650 -0.024219
v -1.086006 -0.090000 -0.025244
v -1.086006 0.090000 -0.025244
v -1.089516 0.093650 -0.024219
v -1.092659 0.096920 -0.023300
v -1.095620 0.100000 -0.022435
v -1.098581 0.103080 -0.021569
v -1.101725 0.106350 -0.020651
v -1.105235 0.110000 -0.019625
v -1.097681 -0.110000 0.013065
v -1.094083 -0.106350 0.012421
v -1.090860 -0.103080 0.011845
v -1.087824 -0.100000 0.011302
v -1.084789 -0.096920 0.010759
v -1.081566 -0.093650 0.010183
v -1.077968 -0.090000 0.009540
v -1.077968 0.090000 0.009540
v -1.081566 0.093650 0.010183
v -1.084789 0.096920 0.010759
v -1.087824 0.100000 0.011302
v -1.090860 0.103080 0.011845
v -1.094083 0.106350 0.012421
v -1.097681 0.110000 0.013065
v -1.093064 -0.110000 0.049269
v -1.089423 -0.106350 0.048965
v -1.086161 -0.103080 0.048694
v -1.083089 -0.100000 0.048438
v -1.080017 -0.096920 0.048182
v -1.076756 -0.093650 0.047910
v -1.073114 -0.090000 0.047607
v -1.073114 0.090000 0.047607
v -1.076756 0.093650 0.047910
v -1.080017 0.096920 0.048182
v -1.083089 0.100000 0.048438
v -1.086161 0.103080 0.048694
v -1.089423 0.106350 0.048965
v -1.093064 0.110000 0.049269
v -1.091500 -0.110000 0.089000
v -1.087703 -0.106350 0.092650
v -1.084302 -0.103080 0.095920
v -1.081099 -0.100000 0.099000
v -1.077895 -0.096920 0.102080
v -1.074494 -0.093650 0.105350
v -1.070697 -0.090000 0.109000
v -1.070697 0.090000 0.109000
v -1.074494 0.093650 0.105350
v -1.077895 0.096920 0.102080
v -1.081099 0.100000 0.099000
v -1.084302 0.103080 0.095920
v -1.087703 0.106350 0.092650
v -1.091500 0.110000 0.089000
v -1.407500 -0.110000 0.089000
v -1.403048 -0.106350 0.092650
v -1.399059 -0.103080 0.095920
v -1.395303 -0.100000 0.099000
v -1.391546 -0.096920 0.102080
v -1.387558 -0.093650 0.105350
v -1.383105 -0.090000 0.109000
v -1.383105 0.090000 0.109000
v -1.387558 0.093650 0.105350
v -1.391546 0.096920 0.102080
v -1.395303 0.100000 0.099000
v -1.399059 0.103080 0.095920
v -1.403048 0.106350 0.092650
v -1.407500 0.110000 0.089000
v -1.403231 -0.110000 0.110352
v -1.399684 -0.106350 0.109473
v -1.396506 -0.103080 0.108686
v -1.393514 -0.100000 0.107944
v -1.390522 -0.096920 0.107202
v -1.387345 -0.093650 0.106415
v -1.383798 -0.090000 0.105535
v -1.383798 0.090000 0.105535
v -1.387345 0.093650 0.106415
v -1.390522 0.096920 0.107202
v -1.393514 0.100000 0.107944
v -1.396506 0.103080 0.108686
v -1.399684 0.106350 0.109473
v -1.403231 0.110000 0.110352
v -1.397426 -0.110000 0.129903
v -1.393980 -0.106350 0.128683
v -1.390894 -0.103080 0.127590
v -1.387987 -0.100000 0.126561
v -1.385080 -0.096920 0.125531
v -1.381994 -0.093650 0.124439
v -1.378548 -0.090000 0.123219
v -1.378548 0.090000 0.123219
v -1.381994 0.093650 0.124439
v -1.385080 0.096920 0.125531
v -1.387987 0.100000 0.126561
v -1.390894 0.103080 0.127590
v -1.393980 0.106350 0.128683
v -1.397426 0.110000 0.129903
v -1.390094 -0.110000 0.147641
v -1.386801 -0.106350 0.146051
v -1.383852 -0.103080 0.144627
v -1.381074 -0.100000 0.143285
v -1.378296 -0.096920 0.141944
v -1.375346 -0.093650 0.140520
v -1.372053 -0.090000 0.138930
v -1.372053 0.090000 0.138930
v -1.375346 0.093650 0.140520
v -1.378296 0.096920 0.141944
v -1.381074 0.100000 0.143285
v -1.383852 0.103080 0.144627
v -1.386801 0.106350 0.146051
v -1.390094 0.110000 0.147641
v -1.381241 -0.110000 0.163556
v -1.378164 -0.106350 0.161578
v -1.375407 -0.103080 0.159807
v -1.372811 -0.100000 0.158139
v -1.370215 -0.096920 0.156471
v -1.367458 -0.093650 0.154699
v -1.364381 -0.090000 0.152722
v -1.364381 0.090000 0.152722
v -1.367458 0.093650 0.154699
v -1.370215 0.096920 0.156471
v -1.372811 0.100000 0.158139
v -1.375407 0.103080 0.159807
v -1.378164 0.106350 0.161578
v -1.381241 0.110000 0.163556
v -1.370874 -0.110000 0.177637
v -1.368081 -0.106350 0.175273
v -1.365580 -0.103080 0.173156
v -1.363224 -0.100000 0.171161
v -1.360868 -0.096920 0.169167
v -1.358366 -0.093650 0.167049
v -1.355574 -0.090000 0.164685
v -1.355574 0.090000 0.164685
v -1.358366 0.093650 0.167049
v -1.360868 0.096920 0.169167
v -1.363224 0.100000 0.171161
v -1.365580 0.103080 0.173156
v -1.368081 0.106350 0.175273
v -1.370874 0.110000 0.177637
v -1.359000 -0.110000 0.189875
v -1.356559 -0.106350 0.187149
v -1.354372 -0.103080 0.184707
v -1.352312 -0.100000 0.182407
v -1.350253 -0.096920 0.180107
v -1.348066 -0.093650 0.177665
v -1.345625 -0.090000 0.174939
v -1.345625 0.090000 0.174939
v -1.348066 0.093650 0.177665
v -1.350253 0.096920 0.180107
v -1.352312 0.100000 0.182407
v -1.354372 0.103080 0.184707
v -1.356559 0.106350 0.187149
v -1.359000 0.110000 0.189875
v -1.345626 -0.110000 0.200259
v -1.343590 -0.106350 0.197219
v -1.341765 -0.103080 0.194495
v -1.340047 -0.100000 0.191930
v -1.338329 -0.096920 0.189366
v -1.336504 -0.093650 0.186642
v -1.334467 -0.090000 0.183602
v -1.334467 0.090000 0.183602
v -1.336504 0.093650 0.186642
v -1.338329 0.096920 0.189366
v -1.340047 0.100000 0.191930
v -1.341765 0.103080 0.194495
v -1.343590 0.106350 0.197219
v -1.345626 0.110000 0.200259
v -1.330759 -0.110000 0.208778
v -1.329158 -0.106350 0.205488
v -1.327723 -0.103080 0.202542
v -1.326372 -0.100000 0.199767
v -1.325020 -0.096920 0.196992
v -1.323586 -0.093650 0.194045
v -1.321984 -0.090000 0.190755
v -1.321984 0.090000 0.190755
v -1.323586 0.093650 0.194045
v -1.325020 0.096920 0.196992
v -1.326372 0.100000 0.199767
v -1.327723 0.103080 0.202542
v -1.329158 0.106350 0.205488
v -1.330759 0.110000 0.208778
v -1.314406 -0.110000 0.215422
v -1.313244 -0.106350 0.211954
v -1.312203 -0.103080 0.208847
v -1.311223 -0.100000 0.205922
v -1.310242 -0.096920 0.202996
v -1.309201 -0.093650 0.199889
v -1.308039 -0.090000 0.196421
v -1.308039 0.090000 0.196421
v -1.309201 0.093650 0.199889
v -1.310242 0.096920 0.202996
v -1.311223 0.100000 0.205922
v -1.312203 0.103080 0.208847
v -1.313244 0.106350 0.211954
v -1.314406 0.110000 0.215422
v -1.296574 -0.110000 0.220181
v -1.295833 -0.106350 0.216600
v -1.295170 -0.103080 0.213393
v -1.294545 -0.100000 0.210372
v -1.293920 -0.096920 0.207351
v -1.293257 -0.093650 0.204144
v -1.292516 -0.090000 0.200564
v -1.292516 0.090000 0.200564
v -1.293257 0.093650 0.204144
v -1.293920 0.096920 0.207351
v -1.294545 0.100000 0.210372
v -1.295170 0.103080 0.213393
v -1.295833 0.106350 0.216600
v -1.296574 0.110000 0.220181
v -1.277270 -0.110000 0.223043
v -1.276917 -0.106350 0.219405
v -1.276601 -0.103080 0.216147
v -1.276304 -0.100000 0.213077
v -1.276006 -0.096920 0.210008
v -1.275690 -0.093650 0.206749
v -1.275338 -0.090000 0.203111
v -1.275338 0.090000 0.203111
v -1.275690 0.093650 0.206749
v -1.276006 0.096920 0.210008
v -1.276304 0.100000 0.213077
v -1.276601 0.103080 0.216147
v -1.276917 0.106350 0.219405
v -1.277270 0.110000 0.223043
v -1.256500 -0.110000 0.224000
v -1.256472 -0.106350 0.220347
v -1.256447 -0.103080 0.217075
v -1.256424 -0.100000 0.213993
v -1.256400 -0.096920 0.210911
v -1.256375 -0.093650 0.207639
v -1.256347 -0.090000 0.203986
v -1.256347 0.090000 0.203986
v -1.256375 0.093650 0.207639
v -1.256400 0.096920 0.210911
v -1.256424 0.100000 0.213993
v -1.256447 0.103080 0.217075
v -1.256472 0.106350 0.220347
v -1.256500 0.110000 0.224000
v -1.243060 -0.110000 0.223587
v -1.243284 -0.106350 0.219942
v -1.243484 -0.103080 0.216676
v -1.243672 -0.100000 0.213601
v -1.243861 -0.096920 0.210526
v -1.244061 -0.093650 0.207260
v -1.244284 -0.090000 0.203615
v -1.244284 0.090000 0.203615
v -1.244061 0.093650 0.207260
v -1.243861 0.096920 0.210526
v -1.243672 0.100000 0.213601
v -1.243484 0.103080 0.216676
v -1.243284 0.106350 0.219942
v -1.243060 0.110000 0.223587
v -1.229732 -0.110000 0.222361
v -1.230174 -0.106350 0.218736
v -1.230571 -0.103080 0.215489
v -1.230944 -0.100000 0.212430
v -1.231318 -0.096920 0.209372
v -1.231714 -0.093650 0.206125
v -1.232157 -0.090000 0.202500
v -1.232157 0.090000 0.202500
v -1.231714 0.093650 0.206125
v -1.231318 0.096920 0.209372
v -1.230944 0.100000 0.212430
v -1.230571 0.103080 0.215489
v -1.230174 0.106350 0.218736
v -1.229732 0.110000 0.222361
v -1.216500 -0.110000 0.220344
v -1.217154 -0.106350 0.216751
v -1.217740 -0.103080 0.213533
v -1.218292 -0.100000 0.210501
v -1.218844 -0.096920 0.207470
v -1.219430 -0.093650 0.204252
v -1.220085 -0.090000 0.200659
v -1.220085 0.090000 0.200659
v -1.219430 0.093650 0.204252
v -1.218844 0.096920 0.207470
v -1.218292 0.100000 0.210501
v -1.217740 0.103080 0.213533
v -1.217154 0.106350 0.216751
v -1.216500 0.110000 0.220344
v -1.203352 -0.110000 0.217556
v -1.204208 -0.106350 0.214005
v -1.204975 -0.103080 0.210825
v -1.205697 -0.100000 0.207830
v -1.206419 -0.096920 0.204835
v -1.207185 -0.093650 0.201655
v -1.208041 -0.090000 0.198105
v -1.208041 0.090000 0.198105
v -1.207185 0.093650 0.201655
v -1.206419 0.096920 0.204835
v -1.205697 0.100000 0.207830
v -1.204975 0.103080 0.210825
v -1.204208 0.106350 0.214005
v -1.203352 0.110000 0.217556
v -1.190273 -0.110000 0.214017
v -1.191319 -0.106350 0.210519
v -1.192256 -0.103080 0.207385
v -1.193138 -0.100000 0.204433
v -1.194020 -0.096920 0.201481
v -1.194957 -0.093650 0.198347
v -1.196002 -0.090000 0.194848
v -1.196002 0.090000 0.194848
v -1.194957 0.093650 0.198347
v -1.194020 0.096920 0.201481
v -1.193138 0.100000 0.204433
v -1.192256 0.103080 0.207385
v -1.191319 0.106350 0.210519
v -1.190273 0.110000 0.214017
v -1.177250 -0.110000 0.209750
v -1.178472 -0.106350 0.206309
v -1.179567 -0.103080 0.203227
v -1.180598 -0.100000 0.200324
v -1.181630 -0.096920 0.197421
v -1.182725 -0.093650 0.194339
v -1.183947 -0.090000 0.190898
v -1.183947 0.090000 0.190898
v -1.182725 0.093650 0.194339
v -1.181630 0.096920 0.197421
v -1.180598 0.100000 0.200324
v -1.179567 0.103080 0.203227
v -1.178472 0.106350 0.206309
v -1.177250 0.110000 0.209750
v -1.164268 -0.110000 0.204774
v -1.165654 -0.106350 0.201396
v -1.166894 -0.103080 0.198370
v -1.168063 -0.100000 0.195519
v -1.169231 -0.096920 0.192669
v -1.170472 -0.093650 0.189643
v -1.171857 -0.090000 0.186264
v -1.171857 0.090000 0.186264
v -1.170472 0.093650 0.189643
v -1.169231 0.096920 0.192669
v -1.168063 0.100000 0.195519
v -1.166894 0.103080 0.198370
v -1.165654 0.106350 0.201396
v -1.164268 0.110000 0.204774
v -1.151315 -0.110000 0.199111
v -1.152849 -0.106350 0.195798
v -1.154223 -0.103080 0.192830
v -1.155517 -0.100000 0.190034
v -1.156811 -0.096920 0.187239
v -1.158185 -0.093650 0.184271
v -1.159719 -0.090000 0.180957
v -1.159719 0.090000 0.180957
v -1.158185 0.093650 0.184271
v -1.156811 0.096920 0.187239
v -1.155517 0.100000 0.190034
v -1.154223 0.103080 0.192830
v -1.152849 0.106350 0.195798
v -1.151315 0.110000 0.199111
v -1.138375 -0.110000 0.192781
v -1.140044 -0.106350 0.189534
v -1.141539 -0.103080 0.186625
v -1.142947 -0.100000 0.183885
v -1.144354 -0.096920 0.181145
v -1.145849 -0.093650 0.178237
v -1.147518 -0.090000 0.174989
v -1.147518 0.090000 0.174989
v -1.145849 0.093650 0.178237
v -1.144354 0.096920 0.181145
v -1.142947 0.100000 0.183885
v -1.141539 0.103080 0.186625
v -1.140044 0.106350 0.189534
v -1.138375 0.110000 0.192781
v -1.125435 -0.110000 0.185806
v -1.127226 -0.106350 0.182624
v -1.128829 -0.103080 0.179773
v -1.130340 -0.100000 0.177089
v -1.131850 -0.096920 0.174405
v -1.133454 -0.093650 0.171554
v -1.135244 -0.090000 0.168373
v -1.135244 0.090000 0.168373
v -1.133454 0.093650 0.171554
v -1.131850 0.096920 0.174405
v -1.130340 0.100000 0.177089
v -1.128829 0.103080 0.179773
v -1.127226 0.106350 0.182624
v -1.125435 0.110000 0.185806
v -1.112482 -0.110000 0.178205
v -1.114381 -0.106350 0.175087
v -1.116082 -0.103080 0.172294
v -1.117685 -0.100000 0.169664
v -1.119287 -0.096920 0.167033
v -1.120989 -0.093650 0.164240
v -1.122888 -0.090000 0.161122
v -1.122888 0.090000 0.161122
v -1.120989 0.093650 0.164240
v -1.119287 0.096920 0.167033
v -1.117685 0.100000 0.169664
v -1.116082 0.103080 0.172294
v -1.114381 0.106350 0.175087
v -1.112482 0.110000 0.178205
v -1.099500 -0.110000 0.170000
v -1.095850 -0.106350 0.163374
v -1.092580 -0.103080 0.157439
v -1.089500 -0.100000 0.151850
v -1.086421 -0.096920 0.146260
v -1.083151 -0.093650 0.140325
v -1.079500 -0.090000 0.133699
v -1.079500 0.090000 0.133699
v -1.083151 0.093650 0.140325
v -1.086421 0.096920 0.146260
v -1.089500 0.100000 0.151850
v -1.092580 0.103080 0.157439
v -1.095850 0.106350 0.163374
v -1.099500 0.110000 0.170000
v -1.099500 -0.110000 0.256000
v -1.095850 -0.106350 0.257995
v -1.092580 -0.103080 0.259782
v -1.089500 -0.100000 0.261466
v -1.086421 -0.096920 0.263149
v -1.083151 -0.093650 0.264936
v -1.079500 -0.090000 0.266932
v -1.079500 0.090000 0.266932
v -1.083151 0.093650 0.264936
v -1.086421 0.096920 0.263149
v -1.089500 0.100000 0.261466
v -1.092580 0.103080 0.259782
v -1.095850 0.106350 0.257995
v -1.099500 0.110000 0.256000
v -1.180993 -0.110000 0.013531
v -1.184612 -0.106350 0.014042
v -1.187854 -0.103080 0.014499
v -1.190908 -0.100000 0.014929
v -1.193961 -0.096920 0.015360
v -1.197203 -0.093650 0.015817
v -1.200822 -0.090000 0.016328
v -1.200822 0.090000 0.016328
v -1.197203 0.093650 0.015817
v -1.193961 0.096920 0.015360
v -1.190908 0.100000 0.014929
v -1.187854 0.103080 0.014499
v -1.184612 0.106350 0.014042
v -1.180993 0.110000 0.013531
v -1.183945 -0.110000 -0.001833
v -1.187492 -0.106350 -0.000950
v -1.190670 -0.103080 -0.000158
v -1.193663 -0.100000 0.000587
v -1.196655 -0.096920 0.001333
v -1.199833 -0.093650 0.002124
v -1.203380 -0.090000 0.003008
v -1.203380 0.090000 0.003008
v -1.199833 0.093650 0.002124
v -1.196655 0.096920 0.001333
v -1.193663 0.100000 0.000587
v -1.190670 0.103080 -0.000158
v -1.187492 0.106350 -0.000950
v -1.183945 0.110000 -0.001833
v -1.188313 -0.110000 -0.016031
v -1.191738 -0.106350 -0.014751
v -1.194807 -0.103080 -0.013604
v -1.197696 -0.100000 -0.012524
v -1.200586 -0.096920 -0.011444
v -1.203655 -0.093650 -0.010297
v -1.207080 -0.090000 -0.009017
v -1.207080 0.090000 -0.009017
v -1.203655 0.093650 -0.010297
v -1.200586 0.096920 -0.011444
v -1.197696 0.100000 -0.012524
v -1.194807 0.103080 -0.013604
v -1.191738 0.106350 -0.014751
v -1.188313 0.110000 -0.016031
v -1.194056 -0.110000 -0.029000
v -1.197299 -0.106350 -0.027308
v -1.200204 -0.103080 -0.025793
v -1.202940 -0.100000 -0.024365
v -1.205676 -0.096920 -0.022938
v -1.208581 -0.093650 -0.021422
v -1.211824 -0.090000 -0.019730
v -1.211824 0.090000 -0.019730
v -1.208581 0.093650 -0.021422
v -1.205676 0.096920 -0.022938
v -1.202940 0.100000 -0.024365
v -1.200204 0.103080 -0.025793
v -1.197299 0.106350 -0.027308
v -1.194056 0.110000 -0.029000
v -1.201132 -0.110000 -0.040677
v -1.204125 -0.106350 -0.038572
v -1.206806 -0.103080 -0.036686
v -1.209330 -0.100000 -0.034910
v -1.211855 -0.096920 -0.033134
v -1.214536 -0.093650 -0.031249
v -1.217529 -0.090000 -0.029144
v -1.217529 0.090000 -0.029144
v -1.214536 0.093650 -0.031249
v -1.211855 0.096920 -0.033134
v -1.209330 0.100000 -0.034910
v -1.206806 0.103080 -0.036686
v -1.204125 0.106350 -0.038572
v -1.201132 0.110000 -0.040677
v -1.209500 -0.110000 -0.051000
v -1.212172 -0.106350 -0.048499
v -1.214565 -0.103080 -0.046258
v -1.216819 -0.100000 -0.044148
v -1.219072 -0.096920 -0.042038
v -1.221466 -0.093650 -0.039797
v -1.224137 -0.090000 -0.037296
v -1.224137 0.090000 -0.037296
v -1.221466 0.093650 -0.039797
v -1.219072 0.096920 -0.042038
v -1.216819 0.100000 -0.044148
v -1.214565 0.103080 -0.046258
v -1.212172 0.106350 -0.048499
v -1.209500 0.110000 -0.051000
v -1.219118 -0.110000 -0.059906
v -1.221403 -0.106350 -0.057047
v -1.223450 -0.103080 -0.054485
v -1.225377 -0.100000 -0.052073
v -1.227305 -0.096920 -0.049661
v -1.229351 -0.093650 -0.047099
v -1.231636 -0.090000 -0.044240
v -1.231636 0.090000 -0.044240
v -1.229351 0.093650 -0.047099
v -1.227305 0.096920 -0.049661
v -1.225377 0.100000 -0.052073
v -1.223450 0.103080 -0.054485
v -1.221403 0.106350 -0.057047
v -1.219118 0.110000 -0.059906
v -1.229945 -0.110000 -0.067333
v -1.231791 -0.106350 -0.064173
v -1.233445 -0.103080 -0.061342
v -1.235002 -0.100000 -0.058676
v -1.236560 -0.096920 -0.056010
v -1.238214 -0.093650 -0.053179
v -1.240060 -0.090000 -0.050019
v -1.240060 0.090000 -0.050019
v -1.238214 0.093650 -0.053179
v -1.236560 0.096920 -0.056010
v -1.235002 0.100000 -0.058676
v -1.233445 0.103080 -0.061342
v -1.231791 0.106350 -0.064173
v -1.229945 0.110000 -0.067333
v -1.241938 -0.110000 -0.073219
v -1.243315 -0.106350 -0.069828
v -1.244548 -0.103080 -0.066791
v -1.245710 -0.100000 -0.063931
v -1.246872 -0.096920 -0.061071
v -1.248106 -0.093650 -0.058034
v -1.249483 -0.090000 -0.054643
v -1.249483 0.090000 -0.054643
v -1.248106 0.093650 -0.058034
v -1.246872 0.096920 -0.061071
v -1.245710 0.100000 -0.063931
v -1.244548 0.103080 -0.066791
v -1.243315 0.106350 -0.069828
v -1.241938 0.110000 -0.073219
v -1.255056 -0.110000 -0.077500
v -1.255956 -0.106350 -0.073954
v -1.256763 -0.103080 -0.070778
v -1.257523 -0.100000 -0.067786
v -1.258283 -0.096920 -0.064795
v -1.259090 -0.093650 -0.061618
v -1.259991 -0.090000 -0.058072
v -1.259991 0.090000 -0.058072
v -1.259090 0.093650 -0.061618
v -1.258283 0.096920 -0.064795
v -1.257523 0.100000 -0.067786
v -1.256763 0.103080 -0.070778
v -1.255956 0.106350 -0.073954
v -1.255056 0.110000 -0.077500
v -1.269257 -0.110000 -0.080115
v -1.269695 -0.106350 -0.076483
v -1.270087 -0.103080 -0.073231
v -1.270457 -0.100000 -0.070167
v -1.270826 -0.096920 -0.067104
v -1.271219 -0.093650 -0.063851
v -1.271657 -0.090000 -0.060220
v -1.271657 0.090000 -0.060220
v -1.271219 0.093650 -0.063851
v -1.270826 0.096920 -0.067104
v -1.270457 0.100000 -0.070167
v -1.270087 0.103080 -0.073231
v -1.269695 0.106350 -0.076483
v -1.269257 0.110000 -0.080115
v -1.284500 -0.110000 -0.081000
v -1.284514 -0.106350 -0.077344
v -1.284527 -0.103080 -0.074070
v -1.284539 -0.100000 -0.070985
v -1.284550 -0.096920 -0.067901
v -1.284563 -0.093650 -0.064627
v -1.284577 -0.090000 -0.060971
v -1.284577 0.090000 -0.060971
v -1.284563 0.093650 -0.064627
v -1.284550 0.096920 -0.067901
v -1.284539 0.100000 -0.070985
v -1.284527 0.103080 -0.074070
v -1.284514 0.106350 -0.077344
v -1.284500 0.110000 -0.081000
v -1.300936 -0.110000 -0.080172
v -1.300553 -0.106350 -0.076536
v -1.300210 -0.103080 -0.073279
v -1.299887 -0.100000 -0.070212
v -1.299564 -0.096920 -0.067145
v -1.299221 -0.093650 -0.063888
v -1.298838 -0.090000 -0.060252
v -1.298838 0.090000 -0.060252
v -1.299221 0.093650 -0.063888
v -1.299564 0.096920 -0.067145
v -1.299887 0.100000 -0.070212
v -1.300210 0.103080 -0.073279
v -1.300553 0.106350 -0.076536
v -1.300936 0.110000 -0.080172
v -1.316241 -0.110000 -0.077708
v -1.315444 -0.106350 -0.074139
v -1.314731 -0.103080 -0.070942
v -1.314058 -0.100000 -0.067931
v -1.313386 -0.096920 -0.064920
v -1.312673 -0.093650 -0.061723
v -1.311876 -0.090000 -0.058154
v -1.311876 0.090000 -0.058154
v -1.312673 0.093650 -0.061723
v -1.313386 0.096920 -0.064920
v -1.314058 0.100000 -0.067931
v -1.314731 0.103080 -0.070942
v -1.315444 0.106350 -0.074139
v -1.316241 0.110000 -0.077708
v -1.330406 -0.110000 -0.073641
v -1.329172 -0.106350 -0.070197
v -1.328066 -0.103080 -0.067113
v -1.327025 -0.100000 -0.064208
v -1.325983 -0.096920 -0.061303
v -1.324877 -0.093650 -0.058218
v -1.323643 -0.090000 -0.054775
v -1.323643 0.090000 -0.054775
v -1.324877 0.093650 -0.058218
v -1.325983 0.096920 -0.061303
v -1.327025 0.100000 -0.064208
v -1.328066 0.103080 -0.067113
v -1.329172 0.106350 -0.070197
v -1.330406 0.110000 -0.073641
v -1.343426 -0.110000 -0.068000
v -1.341748 -0.106350 -0.064749
v -1.340244 -0.103080 -0.061837
v -1.338828 -0.100000 -0.059094
v -1.337413 -0.096920 -0.056351
v -1.335909 -0.093650 -0.053439
v -1.334231 -0.090000 -0.050187
v -1.334231 0.090000 -0.050187
v -1.335909 0.093650 -0.053439
v -1.337413 0.096920 -0.056351
v -1.338828 0.100000 -0.059094
v -1.340244 0.103080 -0.061837
v -1.341748 0.106350 -0.064749
v -1.343426 0.110000 -0.068000
v -1.355293 -0.110000 -0.060818
v -1.353188 -0.106350 -0.057825
v -1.351302 -0.103080 -0.055144
v -1.349525 -0.100000 -0.052620
v -1.347749 -0.096920 -0.050095
v -1.345863 -0.093650 -0.047414
v -1.343758 -0.090000 -0.044421
v -1.343758 0.090000 -0.044421
v -1.345863 0.093650 -0.047414
v -1.347749 0.096920 -0.050095
v -1.349525 0.100000 -0.052620
v -1.351302 0.103080 -0.055144
v -1.353188 0.106350 -0.057825
v -1.355293 0.110000 -0.060818
v -1.366000 -0.110000 -0.052125
v -1.363507 -0.106350 -0.049447
v -1.361274 -0.103080 -0.047048
v -1.359171 -0.100000 -0.044789
v -1.357067 -0.096920 -0.042530
v -1.354834 -0.093650 -0.040131
v -1.352341 -0.090000 -0.037453
v -1.352341 0.090000 -0.037453
v -1.354834 0.093650 -0.040131
v -1.357067 0.096920 -0.042530
v -1.359171 0.100000 -0.044789
v -1.361274 0.103080 -0.047048
v -1.363507 0.106350 -0.049447
v -1.366000 0.110000 -0.052125
v -1.375541 -0.110000 -0.041953
v -1.372716 -0.106350 -0.039628
v -1.370187 -0.103080 -0.037546
v -1.367804 -0.100000 -0.035584
v -1.365421 -0.096920 -0.033623
v -1.362891 -0.093650 -0.031540
v -1.360067 -0.090000 -0.029215
v -1.360067 0.090000 -0.029215
v -1.362891 0.093650 -0.031540
v -1.365421 0.096920 -0.033623
v -1.367804 0.100000 -0.035584
v -1.370187 0.103080 -0.037546
v -1.372716 0.106350 -0.039628
v -1.375541 0.110000 -0.041953
v -1.383908 -0.110000 -0.030333
v -1.380817 -0.106350 -0.028379
v -1.378048 -0.103080 -0.026628
v -1.375441 -0.100000 -0.024979
v -1.372833 -0.096920 -0.023329
v -1.370065 -0.093650 -0.021578
v -1.366974 -0.090000 -0.019624
v -1.366974 0.090000 -0.019624
v -1.370065 0.093650 -0.021578
v -1.372833 0.096920 -0.023329
v -1.375441 0.100000 -0.024979
v -1.378048 0.103080 -0.026628
v -1.380817 0.106350 -0.028379
v -1.383908 0.110000 -0.030333
v -1.391094 -0.110000 -0.017297
v -1.387800 -0.106350 -0.015710
v -1.384850 -0.103080 -0.014289
v -1.382072 -0.100000 -0.012950
v -1.379293 -0.096920 -0.011611
v -1.376343 -0.093650 -0.010190
v -1.373049 -0.090000 -0.008603
v -1.373049 0.090000 -0.008603
v -1.376343 0.093650 -0.010190
v -1.379293 0.096920 -0.011611
v -1.382072 0.100000 -0.012950
v -1.384850 0.103080 -0.014289
v -1.387800 0.106350 -0.015710
v -1.391094 0.110000 -0.017297
v -1.397093 -0.110000 -0.002875
v -1.393653 -0.106350 -0.001639
v -1.390572 -0.103080 -0.000532
v -1.387670 -0.100000 0.000510
v -1.384768 -0.096920 0.001553
v -1.381687 -0.093650 0.002660
v -1.378248 -0.090000 0.003895
v -1.378248 0.090000 0.003895
v -1.381687 0.093650 0.002660
v -1.384768 0.096920 0.001553
v -1.387670 0.100000 0.000510
v -1.390572 0.103080 -0.000532
v -1.393653 0.106350 -0.001639
v -1.397093 0.110000 -0.002875
v -1.401897 -0.110000 0.012901
v -1.398358 -0.106350 0.013811
v -1.395188 -0.103080 0.014626
v -1.392203 -0.100000 0.015393
v -1.389217 -0.096920 0.016161
v -1.386047 -0.093650 0.016976
v -1.382508 -0.090000 0.017886
v -1.382508 0.090000 0.017886
v -1.386047 0.093650 0.016976
v -1.389217 0.096920 0.016161
v -1.392203 0.100000 0.015393
v -1.395188 0.103080 0.014626
v -1.398358 0.106350 0.013811
v -1.401897 0.110000 0.012901
v -1.405500 -0.110000 0.030000
v -1.401000 -0.106350 0.026350
v -1.396970 -0.103080 0.023080
v -1.393173 -0.100000 0.020000
v -1.389377 -0.096920 0.016920
v -1.385347 -0.093650 0.013650
v -1.380847 -0.090000 0.010000
v -1.380847 0.090000 0.010000
v -1.385347 0.093650 0.013650
v -1.389377 0.096920 0.016920
v -1.393173 0.100000 0.020000
v -1.396970 0.103080 0.023080
v -1.401000 0.106350 0.026350
v -1.405500 0.110000 0.030000
v -1.179500 -0.110000 0.030000
v -1.183496 -0.106350 0.026350
v -1.187076 -0.103080 0.023080
v -1.190448 -0.100000 0.020000
v -1.193819 -0.096920 0.016920
v -1.197399 -0.093650 0.013650
v -1.201396 -0.090000 0.010000
v -1.201396 0.090000 0.010000
v -1.197399 0.093650 0.013650
v -1.193819 0.096920 0.016920
v -1.190448 0.100000 0.020000
v -1.187076 0.103080 0.023080
v -1.183496 0.106350 0.026350
v -1.179500 0.110000 0.030000
v -0.696931 -0.110000 -0.040857
v -0.698820 -0.106350 -0.037732
v -0.700511 -0.103080 -0.034933
v -0.702105 -0.100000 -0.032297
v -0.703698 -0.096920 -0.029661
v -0.705389 -0.093650 -0.026862
v -0.707278 -0.090000 -0.023737
v -0.707278 0.090000 -0.023737
v -0.705389 0.093650 -0.026862
v -0.703698 0.096920 -0.029661
v -0.702105 0.100000 -0.032297
v -0.700511 0.103080 -0.034933
v -0.698820 0.106350 -0.037732
v -0.696931 0.110000 -0.040857
v -0.709199 -0.110000 -0.047940
v -0.710960 -0.106350 -0.044741
v -0.712537 -0.103080 -0.041876
v -0.714023 -0.100000 -0.039178
v -0.715508 -0.096920 -0.036479
v -0.717085 -0.093650 -0.033614
v -0.718846 -0.090000 -0.030416
v -0.718846 0.090000 -0.030416
v -0.717085 0.093650 -0.033614
v -0.715508 0.096920 -0.036479
v -0.714023 0.100000 -0.039178
v -0.712537 0.103080 -0.041876
v -0.710960 0.106350 -0.044741
v -0.709199 0.110000 -0.047940
v -0.721266 -0.110000 -0.054266
v -0.722893 -0.106350 -0.050997
v -0.724351 -0.103080 -0.048070
v -0.725725 -0.100000 -0.045312
v -0.727098 -0.096920 -0.042555
v -0.728556 -0.093650 -0.039627
v -0.730183 -0.090000 -0.036359
v -0.730183 0.090000 -0.036359
v -0.728556 0.093650 -0.039627
v -0.727098 0.096920 -0.042555
v -0.725725 0.100000 -0.045312
v -0.724351 0.103080 -0.048070
v -0.722893 0.106350 -0.050997
v -0.721266 0.110000 -0.054266
v -0.733093 -0.110000 -0.059852
v -0.734581 -0.106350 -0.056518
v -0.735915 -0.103080 -0.053531
v -0.737171 -0.100000 -0.050719
v -0.738426 -0.096920 -0.047906
v -0.739760 -0.093650 -0.044919
v -0.741249 -0.090000 -0.041585
v -0.741249 0.090000 -0.041585
v -0.739760 0.093650 -0.044919
v -0.738426 0.096920 -0.047906
v -0.737171 0.100000 -0.050719
v -0.735915 0.103080 -0.053531
v -0.734581 0.106350 -0.056518
v -0.733093 0.110000 -0.059852
v -0.744642 -0.110000 -0.064716
v -0.745985 -0.106350 -0.061320
v -0.747187 -0.103080 -0.058279
v -0.748320 -0.100000 -0.055414
v -0.749453 -0.096920 -0.052550
v -0.750656 -0.093650 -0.049508
v -0.751999 -0.090000 -0.046113
v -0.751999 0.090000 -0.046113
v -0.750656 0.093650 -0.049508
v -0.749453 0.096920 -0.052550
v -0.748320 0.100000 -0.055414
v -0.747187 0.103080 -0.058279
v -0.745985 0.106350 -0.061320
v -0.744642 0.110000 -0.064716
v -0.755875 -0.110000 -0.068875
v -0.757064 -0.106350 -0.065423
v -0.758130 -0.103080 -0.062330
v -0.759133 -0.100000 -0.059418
v -0.760136 -0.096920 -0.056505
v -0.761201 -0.093650 -0.053413
v -0.762391 -0.090000 -0.049961
v -0.762391 0.090000 -0.049961
v -0.761201 0.093650 -0.053413
v -0.760136 0.096920 -0.056505
v -0.759133 0.100000 -0.059418
v -0.758130 0.103080 -0.062330
v -0.757064 0.106350 -0.065423
v -0.755875 0.110000 -0.068875
v -0.766754 -0.110000 -0.072347
v -0.767781 -0.106350 -0.068842
v -0.768700 -0.103080 -0.065704
v -0.769566 -0.100000 -0.062747
v -0.770432 -0.096920 -0.059791
v -0.771352 -0.093650 -0.056652
v -0.772378 -0.090000 -0.053148
v -0.772378 0.090000 -0.053148
v -0.771352 0.093650 -0.056652
v -0.770432 0.096920 -0.059791
v -0.769566 0.100000 -0.062747
v -0.768700 0.103080 -0.065704
v -0.767781 0.106350 -0.068842
v -0.766754 0.110000 -0.072347
v -0.777241 -0.110000 -0.075148
v -0.778094 -0.106350 -0.071598
v -0.778858 -0.103080 -0.068417
v -0.779577 -0.100000 -0.065422
v -0.780297 -0.096920 -0.062426
v -0.781061 -0.093650 -0.059246
v -0.781914 -0.090000 -0.055695
v -0.781914 0.090000 -0.055695
v -0.781061 0.093650 -0.059246
v -0.780297 0.096920 -0.062426
v -0.779577 0.100000 -0.065422
v -0.778858 0.103080 -0.068417
v -0.778094 0.106350 -0.071598
v -0.777241 0.110000 -0.075148
v -0.787297 -0.110000 -0.077297
v -0.787963 -0.106350 -0.073706
v -0.788560 -0.103080 -0.070490
v -0.789123 -0.100000 -0.067461
v -0.789685 -0.096920 -0.064432
v -0.790282 -0.093650 -0.061216
v -0.790948 -0.090000 -0.057626
v -0.790948 0.090000 -0.057626
v -0.790282 0.093650 -0.061216
v -0.789685 0.096920 -0.064432
v -0.789123 0.100000 -0.067461
v -0.788560 0.103080 -0.070490
v -0.787963 0.106350 -0.073706
v -0.787297 0.110000 -0.077297
v -0.796884 -0.110000 -0.078810
v -0.797348 -0.106350 -0.075188
v -0.797764 -0.103080 -0.071943
v -0.798156 -0.100000 -0.068887
v -0.798547 -0.096920 -0.065831
v -0.798963 -0.093650 -0.062586
v -0.799427 -0.090000 -0.058964
v -0.799427 0.090000 -0.058964
v -0.798963 0.093650 -0.062586
v -0.798547 0.096920 -0.065831
v -0.798156 0.100000 -0.068887
v -0.797764 0.103080 -0.071943
v -0.797348 0.106350 -0.075188
v -0.796884 0.110000 -0.078810
v -0.805965 -0.110000 -0.079705
v -0.806207 -0.106350 -0.076061
v -0.806424 -0.103080 -0.072797
v -0.806628 -0.100000 -0.069722
v -0.806833 -0.096920 -0.066648
v -0.807050 -0.093650 -0.063384
v -0.807292 -0.090000 -0.059739
v -0.807292 0.090000 -0.059739
v -0.807050 0.093650 -0.063384
v -0.806833 0.096920 -0.066648
v -0.806628 0.100000 -0.069722
v -0.806424 0.103080 -0.072797
v -0.806207 0.106350 -0.076061
v -0.805965 0.110000 -0.079705
v -0.814500 -0.110000 -0.080000
v -0.814490 -0.106350 -0.076347
v -0.814481 -0.103080 -0.073075
v -0.814473 -0.100000 -0.069993
v -0.814465 -0.096920 -0.066911
v -0.814456 -0.093650 -0.063639
v -0.814446 -0.090000 -0.059986
v -0.814446 0.090000 -0.059986
v -0.814456 0.093650 -0.063639
v -0.814465 0.096920 -0.066911
v -0.814473 0.100000 -0.069993
v -0.814481 0.103080 -0.073075
v -0.814490 0.106350 -0.076347
v -0.814500 0.110000 -0.080000
v -0.823223 -0.110000 -0.079652
v -0.822923 -0.106350 -0.076010
v -0.822654 -0.103080 -0.072749
v -0.822400 -0.100000 -0.069677
v -0.822146 -0.096920 -0.066605
v -0.821877 -0.093650 -0.063343
v -0.821577 -0.090000 -0.059701
v -0.821577 0.090000 -0.059701
v -0.821877 0.093650 -0.063343
v -0.822146 0.096920 -0.066605
v -0.822400 0.100000 -0.069677
v -0.822654 0.103080 -0.072749
v -0.822923 0.106350 -0.076010
v -0.823223 0.110000 -0.079652
v -0.831370 -0.110000 -0.078630
v -0.830749 -0.106350 -0.075029
v -0.830193 -0.103080 -0.071803
v -0.829668 -0.100000 -0.068765
v -0.829144 -0.096920 -0.065727
v -0.828588 -0.093650 -0.062501
v -0.827966 -0.090000 -0.058900
v -0.827966 0.090000 -0.058900
v -0.828588 0.093650 -0.062501
v -0.829144 0.096920 -0.065727
v -0.829668 0.100000 -0.068765
v -0.830193 0.103080 -0.071803
v -0.830749 0.106350 -0.075029
v -0.831370 0.110000 -0.078630
v -0.838906 -0.110000 -0.076969
v -0.837941 -0.106350 -0.073443
v -0.837076 -0.103080 -0.070286
v -0.836262 -0.100000 -0.067312
v -0.835448 -0.096920 -0.064337
v -0.834583 -0.093650 -0.061180
v -0.833618 -0.090000 -0.057654
v -0.833618 0.090000 -0.057654
v -0.834583 0.093650 -0.061180
v -0.835448 0.096920 -0.064337
v -0.836262 0.100000 -0.067312
v -0.837076 0.103080 -0.070286
v -0.837941 0.106350 -0.073443
v -0.838906 0.110000 -0.076969
v -0.845796 -0.110000 -0.074704
v -0.844464 -0.106350 -0.071299
v -0.843271 -0.103080 -0.068249
v -0.842147 -0.100000 -0.065377
v -0.841024 -0.096920 -0.062504
v -0.839830 -0.093650 -0.059455
v -0.838498 -0.090000 -0.056050
v -0.838498 0.090000 -0.056050
v -0.839830 0.093650 -0.059455
v -0.841024 0.096920 -0.062504
v -0.842147 0.100000 -0.065377
v -0.843271 0.103080 -0.068249
v -0.844464 0.106350 -0.071299
v -0.845796 0.110000 -0.074704
v -0.852006 -0.110000 -0.071869
v -0.850287 -0.106350 -0.068641
v -0.848748 -0.103080 -0.065749
v -0.847298 -0.100000 -0.063026
v -0.845849 -0.096920 -0.060302
v -0.844309 -0.093650 -0.057410
v -0.842591 -0.090000 -0.054182
v -0.842591 0.090000 -0.054182
v -0.844309 0.093650 -0.057410
v -0.845849 0.096920 -0.060302
v -0.847298 0.100000 -0.063026
v -0.848748 0.103080 -0.065749
v -0.850287 0.106350 -0.068641
v -0.852006 0.110000 -0.071869
v -0.857500 -0.110000 -0.068500
v -0.855383 -0.106350 -0.065516
v -0.853486 -0.103080 -0.062843
v -0.851700 -0.100000 -0.060326
v -0.849914 -0.096920 -0.057809
v -0.848017 -0.093650 -0.055136
v -0.845900 -0.090000 -0.052152
v -0.845900 0.090000 -0.052152
v -0.848017 0.093650 -0.055136
v -0.849914 0.096920 -0.057809
v -0.851700 0.100000 -0.060326
v -0.853486 0.103080 -0.062843
v -0.855383 0.106350 -0.065516
v -0.857500 0.110000 -0.068500
v -0.862244 -0.110000 -0.064631
v -0.859730 -0.106350 -0.061971
v -0.857477 -0.103080 -0.059589
v -0.855356 -0.100000 -0.057345
v -0.853234 -0.096920 -0.055101
v -0.850982 -0.093650 -0.052719
v -0.848467 -0.090000 -0.050059
v -0.848467 0.090000 -0.050059
v -0.850982 0.093650 -0.052719
v -0.853234 0.096920 -0.055101
v -0.855356 0.100000 -0.057345
v -0.857477 0.103080 -0.059589
v -0.859730 0.106350 -0.061971
v -0.862244 0.110000 -0.064631
v -0.866204 -0.110000 -0.060296
v -0.863314 -0.106350 -0.058047
v -0.860726 -0.103080 -0.056032
v -0.858288 -0.100000 -0.054135
v -0.855850 -0.096920 -0.052237
v -0.853262 -0.093650 -0.050222
v -0.850372 -0.090000 -0.047973
v -0.850372 0.090000 -0.047973
v -0.853262 0.093650 -0.050222
v -0.855850 0.096920 -0.052237
v -0.858288 0.100000 -0.054135
v -0.860726 0.103080 -0.056032
v -0.863314 0.106350 -0.058047
v -0.866204 0.110000 -0.060296
v -0.869344 -0.110000 -0.055531
v -0.866129 -0.106350 -0.053776
v -0.863249 -0.103080 -0.052203
v -0.860537 -0.100000 -0.050722
v -0.857825 -0.096920 -0.049241
v -0.854945 -0.093650 -0.047669
v -0.851730 -0.090000 -0.045913
v -0.851730 0.090000 -0.045913
v -0.854945 0.093650 -0.047669
v -0.857825 0.096920 -0.049241
v -0.860537 0.100000 -0.050722
v -0.863249 0.103080 -0.052203
v -0.866129 0.106350 -0.053776
v -0.869344 0.110000 -0.055531
v -0.871630 -0.110000 -0.050370
v -0.868167 -0.106350 -0.049175
v -0.865065 -0.103080 -0.048104
v -0.862143 -0.100000 -0.047096
v -0.859222 -0.096920 -0.046087
v -0.856120 -0.093650 -0.045017
v -0.852656 -0.090000 -0.043821
v -0.852656 0.090000 -0.043821
v -0.856120 0.093650 -0.045017
v -0.859222 0.096920 -0.046087
v -0.862143 0.100000 -0.047096
v -0.865065 0.103080 -0.048104
v -0.868167 0.106350 -0.049175
v -0.871630 0.110000 -0.050370
v -0.873027 -0.110000 -0.044848
v -0.869413 -0.106350 -0.044249
v -0.866176 -0.103080 -0.043713
v -0.863127 -0.100000 -0.043207
v -0.860078 -0.096920 -0.042702
v -0.856841 -0.093650 -0.042165
v -0.853227 -0.090000 -0.041566
v -0.853227 0.090000 -0.041566
v -0.856841 0.093650 -0.042165
v -0.860078 0.096920 -0.042702
v -0.863127 0.100000 -0.043207
v -0.866176 0.103080 -0.043713
v -0.869413 0.106350 -0.044249
v -0.873027 0.110000 -0.044848
v -0.873500 -0.110000 -0.039000
v -0.869831 -0.106350 -0.039080
v -0.866545 -0.103080 -0.039151
v -0.863450 -0.100000 -0.039218
v -0.860355 -0.096920 -0.039286
v -0.857068 -0.093650 -0.039357
v -0.853399 -0.090000 -0.039437
v -0.853399 0.090000 -0.039437
v -0.857068 0.093650 -0.039357
v -0.860355 0.096920 -0.039286
v -0.863450 0.100000 -0.039218
v -0.866545 0.103080 -0.039151
v -0.869831 0.106350 -0.039080
v -0.873500 0.110000 -0.039000
v -0.872864 -0.110000 -0.033906
v -0.869293 -0.106350 -0.034772
v -0.866095 -0.103080 -0.035547
v -0.863083 -0.100000 -0.036278
v -0.860070 -0.096920 -0.037008
v -0.856872 -0.093650 -0.037783
v -0.853301 -0.090000 -0.038649
v -0.853301 0.090000 -0.038649
v -0.856872 0.093650 -0.037783
v -0.860070 0.096920 -0.037008
v -0.863083 0.100000 -0.036278
v -0.866095 0.103080 -0.035547
v -0.869293 0.106350 -0.034772
v -0.872864 0.110000 -0.033906
v -0.870912 -0.110000 -0.028583
v -0.867601 -0.106350 -0.030157
v -0.864635 -0.103080 -0.031567
v -0.861842 -0.100000 -0.032894
v -0.859048 -0.096920 -0.034222
v -0.856082 -0.093650 -0.035631
v -0.852771 -0.090000 -0.037205
v -0.852771 0.090000 -0.037205
v -0.856082 0.093650 -0.035631
v -0.859048 0.096920 -0.034222
v -0.861842 0.100000 -0.032894
v -0.864635 0.103080 -0.031567
v -0.867601 0.106350 -0.030157
v -0.870912 0.110000 -0.028583
v -0.867578 -0.110000 -0.022969
v -0.864570 -0.106350 -0.025052
v -0.861875 -0.103080 -0.026918
v -0.859337 -0.100000 -0.028676
v -0.856799 -0.096920 -0.030433
v -0.854104 -0.093650 -0.032299
v -0.851095 -0.090000 -0.034382
v -0.851095 0.090000 -0.034382
v -0.854104 0.093650 -0.032299
v -0.856799 0.096920 -0.030433
v -0.859337 0.100000 -0.028676
v -0.861875 0.103080 -0.026918
v -0.864570 0.106350 -0.025052
v -0.867578 0.110000 -0.022969
v -0.862796 -0.110000 -0.017000
v -0.860065 -0.106350 -0.019429
v -0.857618 -0.103080 -0.021605
v -0.855314 -0.100000 -0.023654
v -0.853010 -0.096920 -0.025704
v -0.850563 -0.093650 -0.027879
v -0.847832 -0.090000 -0.030308
v -0.847832 0.090000 -0.030308
v -0.850563 0.093650 -0.027879
v -0.853010 0.096920 -0.025704
v -0.855314 0.100000 -0.023654
v -0.857618 0.103080 -0.021605
v -0.860065 0.106350 -0.019429
v -0.862796 0.110000 -0.017000
v -0.856501 -0.110000 -0.010615
v -0.853998 -0.106350 -0.013276
v -0.851756 -0.103080 -0.015660
v -0.849645 -0.100000 -0.017905
v -0.847534 -0.096920 -0.020150
v -0.845292 -0.093650 -0.022533
v -0.842790 -0.090000 -0.025195
v -0.842790 0.090000 -0.025195
v -0.845292 0.093650 -0.022533
v -0.847534 0.096920 -0.020150
v -0.849645 0.100000 -0.017905
v -0.851756 0.103080 -0.015660
v -0.853998 0.106350 -0.013276
v -0.856501 0.110000 -0.010615
v -0.848625 -0.110000 -0.003750
v -0.846303 -0.106350 -0.006569
v -0.844224 -0.103080 -0.009094
v -0.842265 -0.100000 -0.011472
v -0.840306 -0.096920 -0.013850
v -0.838226 -0.093650 -0.016375
v -0.835905 -0.090000 -0.019194
v -0.835905 0.090000 -0.019194
v -0.838226 0.093650 -0.016375
v -0.840306 0.096920 -0.013850
v -0.842265 0.100000 -0.011472
v -0.844224 0.103080 -0.009094
v -0.846303 0.106350 -0.006569
v -0.848625 0.110000 -0.003750
v -0.839104 -0.110000 0.003656
v -0.836922 -0.106350 0.000728
v -0.834968 -0.103080 -0.001895
v -0.833128 -0.100000 -0.004365
v -0.831288 -0.096920 -0.006835
v -0.829334 -0.093650 -0.009458
v -0.827153 -0.090000 -0.012386
v -0.827153 0.090000 -0.012386
v -0.829334 0.093650 -0.009458
v -0.831288 0.096920 -0.006835
v -0.833128 0.100000 -0.004365
v -0.834968 0.103080 -0.001895
v -0.836922 0.106350 0.000728
v -0.839104 0.110000 0.003656
v -0.827870 -0.110000 0.011667
v -0.825797 -0.106350 0.008661
v -0.823941 -0.103080 0.005969
v -0.822192 -0.100000 0.003434
v -0.820443 -0.096920 0.000899
v -0.818586 -0.093650 -0.001794
v -0.816513 -0.090000 -0.004799
v -0.816513 0.090000 -0.004799
v -0.818586 0.093650 -0.001794
v -0.820443 0.096920 0.000899
v -0.822192 0.100000 0.003434
v -0.823941 0.103080 0.005969
v -0.825797 0.106350 0.008661
v -0.827870 0.110000 0.011667
v -0.814859 -0.110000 0.020344
v -0.812870 -0.106350 0.017283
v -0.811088 -0.103080 0.014541
v -0.809410 -0.100000 0.011958
v -0.807731 -0.096920 0.009376
v -0.805949 -0.093650 0.006634
v -0.803960 -0.090000 0.003573
v -0.803960 0.090000 0.003573
v -0.805949 0.093650 0.006634
v -0.807731 0.096920 0.009376
v -0.809410 0.100000 0.011958
v -0.811088 0.103080 0.014541
v -0.812870 0.106350 0.017283
v -0.814859 0.110000 0.020344
v -0.800005 -0.110000 0.029750
v -0.798080 -0.106350 0.026648
v -0.796355 -0.103080 0.023870
v -0.794731 -0.100000 0.021253
v -0.793107 -0.096920 0.018637
v -0.791382 -0.093650 0.015858
v -0.789457 -0.090000 0.012757
v -0.789457 0.090000 0.012757
v -0.791382 0.093650 0.015858
v -0.793107 0.096920 0.018637
v -0.794731 0.100000 0.021253
v -0.796355 0.103080 0.023870
v -0.798080 0.106350 0.026648
v -0.800005 0.110000 0.029750
v -0.783240 -0.110000 0.039948
v -0.781364 -0.106350 0.036816
v -0.779684 -0.103080 0.034011
v -0.778102 -0.100000 0.031369
v -0.776519 -0.096920 0.028727
v -0.774839 -0.093650 0.025922
v -0.772963 -0.090000 0.022790
v -0.772963 0.090000 0.022790
v -0.774839 0.093650 0.025922
v -0.776519 0.096920 0.028727
v -0.778102 0.100000 0.031369
v -0.779684 0.103080 0.034011
v -0.781364 0.106350 0.036816
v -0.783240 0.110000 0.039948
v -0.764500 -0.110000 0.051000
v -0.762546 -0.106350 0.047914
v -0.760796 -0.103080 0.045150
v -0.759148 -0.100000 0.042547
v -0.757499 -0.096920 0.039944
v -0.755749 -0.093650 0.037180
v -0.753795 -0.090000 0.034094
v -0.753795 0.090000 0.034094
v -0.755749 0.093650 0.037180
v -0.757499 0.096920 0.039944
v -0.759148 0.100000 0.042547
v -0.760796 0.103080 0.045150
v -0.762546 0.106350 0.047914
v -0.764500 0.110000 0.051000
v -0.746968 -0.110000 0.062894
v -0.744876 -0.106350 0.059902
v -0.743003 -0.103080 0.057221
v -0.741239 -0.100000 0.054697
v -0.739475 -0.096920 0.052172
v -0.737601 -0.093650 0.049492
v -0.735510 -0.090000 0.046499
v -0.735510 0.090000 0.046499
v -0.737601 0.093650 0.049492
v -0.739475 0.096920 0.052172
v -0.741239 0.100000 0.054697
v -0.743003 0.103080 0.057221
v -0.744876 0.106350 0.059902
v -0.746968 0.110000 0.062894
v -0.731324 -0.110000 0.074153
v -0.729138 -0.106350 0.071229
v -0.727179 -0.103080 0.068610
v -0.725334 -0.100000 0.066143
v -0.723490 -0.096920 0.063676
v -0.721531 -0.093650 0.061057
v -0.719344 -0.090000 0.058133
v -0.719344 0.090000 0.058133
v -0.721531 0.093650 0.061057
v -0.723490 0.096920 0.063676
v -0.725334 0.100000 0.066143
v -0.727179 0.103080 0.068610
v -0.729138 0.106350 0.071229
v -0.731324 0.110000 0.074153
v -0.717500 -0.110000 0.084891
v -0.715192 -0.106350 0.082061
v -0.713125 -0.103080 0.079526
v -0.711179 -0.100000 0.077139
v -0.709232 -0.096920 0.074751
v -0.707165 -0.093650 0.072216
v -0.704857 -0.090000 0.069386
v -0.704857 0.090000 0.069386
v -0.707165 0.093650 0.072216
v -0.709232 0.096920 0.074751
v -0.711179 0.100000 0.077139
v -0.713125 0.103080 0.079526
v -0.715192 0.106350 0.082061
v -0.717500 0.110000 0.084891
v -0.705426 -0.110000 0.095222
v -0.702969 -0.106350 0.092520
v -0.700768 -0.103080 0.090100
v -0.698695 -0.100000 0.087820
v -0.696622 -0.096920 0.085541
v -0.694422 -0.093650 0.083120
v -0.691965 -0.090000 0.080418
v -0.691965 0.090000 0.080418
v -0.694422 0.093650 0.083120
v -0.696622 0.096920 0.085541
v -0.698695 0.100000 0.087820
v -0.700768 0.103080 0.090100
v -0.702969 0.106350 0.092520
v -0.705426 0.110000 0.095222
v -0.695032 -0.110000 0.105262
v -0.692398 -0.106350 0.102732
v -0.690037 -0.103080 0.100466
v -0.687814 -0.100000 0.098331
v -0.685591 -0.096920 0.096197
v -0.683231 -0.093650 0.093930
v -0.680596 -0.090000 0.091400
v -0.680596 0.090000 0.091400
v -0.683231 0.093650 0.093930
v -0.685591 0.096920 0.096197
v -0.687814 0.100000 0.098331
v -0.690037 0.103080 0.100466
v -0.692398 0.106350 0.102732
v -0.695032 0.110000 0.105262
v -0.686250 -0.110000 0.115125
v -0.683413 -0.106350 0.112822
v -0.680872 -0.103080 0.110759
v -0.678478 -0.100000 0.108816
v -0.676085 -0.096920 0.106873
v -0.673544 -0.093650 0.104809
v -0.670707 -0.090000 0.102506
v -0.670707 0.090000 0.102506
v -0.673544 0.093650 0.104809
v -0.676085 0.096920 0.106873
v -0.678478 0.100000 0.108816
v -0.680872 0.103080 0.110759
v -0.683413 0.106350 0.112822
v -0.686250 0.110000 0.115125
v -0.679009 -0.110000 0.124925
v -0.675958 -0.106350 0.122913
v -0.673224 -0.103080 0.121110
v -0.670649 -0.100000 0.119412
v -0.668075 -0.096920 0.117714
v -0.665341 -0.093650 0.115912
v -0.662289 -0.090000 0.113899
v -0.662289 0.090000 0.113899
v -0.665341 0.093650 0.115912
v -0.668075 0.096920 0.117714
v -0.670649 0.100000 0.119412
v -0.673224 0.103080 0.121110
v -0.675958 0.106350 0.122913
v -0.679009 0.110000 0.124925
v -0.673241 -0.110000 0.134778
v -0.669981 -0.106350 0.133121
v -0.667061 -0.103080 0.131636
v -0.664311 -0.100000 0.130238
v -0.661561 -0.096920 0.128840
v -0.658641 -0.093650 0.127356
v -0.655381 -0.090000 0.125699
v -0.655381 0.090000 0.125699
v -0.658641 0.093650 0.127356
v -0.661561 0.096920 0.128840
v -0.664311 0.100000 0.130238
v -0.667061 0.103080 0.131636
v -0.669981 0.106350 0.133121
v -0.673241 0.110000 0.134778
v -0.668875 -0.110000 0.144797
v -0.665438 -0.106350 0.143547
v -0.662358 -0.103080 0.142428
v -0.659458 -0.100000 0.141374
v -0.656558 -0.096920 0.140320
v -0.653479 -0.093650 0.139201
v -0.650042 -0.090000 0.137952
v -0.650042 0.090000 0.137952
v -0.653479 0.093650 0.139201
v -0.656558 0.096920 0.140320
v -0.659458 0.100000 0.141374
v -0.662358 0.103080 0.142428
v -0.665438 0.106350 0.143547
v -0.668875 0.110000 0.144797
v -0.665843 -0.110000 0.155097
v -0.662278 -0.106350 0.154281
v -0.659084 -0.103080 0.153550
v -0.656077 -0.100000 0.152861
v -0.653069 -0.096920 0.152173
v -0.649876 -0.093650 0.151441
v -0.646311 -0.090000 0.150625
v -0.646311 0.090000 0.150625
v -0.649876 0.093650 0.151441
v -0.653069 0.096920 0.152173
v -0.656077 0.100000 0.152861
v -0.659084 0.103080 0.153550
v -0.662278 0.106350 0.154281
v -0.665843 0.110000 0.155097
v -0.664074 -0.110000 0.165793
v -0.660439 -0.106350 0.165401
v -0.657183 -0.103080 0.165050
v -0.654116 -0.100000 0.164719
v -0.651049 -0.096920 0.164388
v -0.647793 -0.093650 0.164036
v -0.644158 -0.090000 0.163644
v -0.644158 0.090000 0.163644
v -0.647793 0.093650 0.164036
v -0.651049 0.096920 0.164388
v -0.654116 0.100000 0.164719
v -0.657183 0.103080 0.165050
v -0.660439 0.106350 0.165401
v -0.664074 0.110000 0.165793
v -0.663500 -0.110000 0.177000
v -0.659843 -0.106350 0.177029
v -0.656568 -0.103080 0.177055
v -0.653483 -0.100000 0.177079
v -0.650398 -0.096920 0.177104
v -0.647122 -0.093650 0.177130
v -0.643466 -0.090000 0.177159
v -0.643466 0.090000 0.177159
v -0.647122 0.093650 0.177130
v -0.650398 0.096920 0.177104
v -0.653483 0.100000 0.177079
v -0.656568 0.103080 0.177055
v -0.659843 0.106350 0.177029
v -0.663500 0.110000 0.177000
v -0.664789 -0.110000 0.196193
v -0.661164 -0.106350 0.196691
v -0.657916 -0.103080 0.197138
v -0.654858 -0.100000 0.197559
v -0.651800 -0.096920 0.197980
v -0.648552 -0.093650 0.198426
v -0.644927 -0.090000 0.198925
v -0.644927 0.090000 0.198925
v -0.648552 0.093650 0.198426
v -0.651800 0.096920 0.197980
v -0.654858 0.100000 0.197559
v -0.657916 0.103080 0.197138
v -0.661164 0.106350 0.196691
v -0.664789 0.110000 0.196193
v -0.668560 -0.110000 0.214208
v -0.665041 -0.106350 0.215213
v -0.661889 -0.103080 0.216114
v -0.658920 -0.100000 0.216961
v -0.655951 -0.096920 0.217809
v -0.652798 -0.093650 0.218709
v -0.649279 -0.090000 0.219714
v -0.649279 0.090000 0.219714
v -0.652798 0.093650 0.218709
v -0.655951 0.096920 0.217809
v -0.658920 0.100000 0.216961
v -0.661889 0.103080 0.216114
v -0.665041 0.106350 0.215213
v -0.668560 0.110000 0.214208
v -0.674672 -0.110000 0.230953
v -0.671334 -0.106350 0.232454
v -0.668344 -0.103080 0.233799
v -0.665528 -0.100000 0.235066
v -0.662712 -0.096920 0.236332
v -0.659722 -0.093650 0.237677
v -0.656384 -0.090000 0.239179
v -0.656384 0.090000 0.239179
v -0.659722 0.093650 0.237677
v -0.662712 0.096920 0.236332
v -0.665528 0.100000 0.235066
v -0.668344 0.103080 0.233799
v -0.671334 0.106350 0.232454
v -0.674672 0.110000 0.230953
v -0.682981 -0.110000 0.246333
v -0.679896 -0.106350 0.248301
v -0.677131 -0.103080 0.250064
v -0.674528 -0.100000 0.251724
v -0.671924 -0.096920 0.253384
v -0.669160 -0.093650 0.255147
v -0.666074 -0.090000 0.257115
v -0.666074 0.090000 0.257115
v -0.669160 0.093650 0.255147
v -0.671924 0.096920 0.253384
v -0.674528 0.100000 0.251724
v -0.677131 0.103080 0.250064
v -0.679896 0.106350 0.248301
v -0.682981 0.110000 0.246333
v -0.693347 -0.110000 0.260255
v -0.690573 -0.106350 0.262643
v -0.688089 -0.103080 0.264782
v -0.685749 -0.100000 0.266796
v -0.683410 -0.096920 0.268811
v -0.680926 -0.093650 0.270950
v -0.678152 -0.090000 0.273337
v -0.678152 0.090000 0.273337
v -0.680926 0.093650 0.270950
v -0.683410 0.096920 0.268811
v -0.685749 0.100000 0.266796
v -0.688089 0.103080 0.264782
v -0.690573 0.106350 0.262643
v -0.693347 0.110000 0.260255
v -0.705625 -0.110000 0.272625
v -0.703211 -0.106350 0.275375
v -0.701048 -0.103080 0.277838
v -0.699012 -0.100000 0.280157
v -0.696975 -0.096920 0.282477
v -0.694812 -0.093650 0.284940
v -0.692398 -0.090000 0.287689
v -0.692398 0.090000 0.287689
v -0.694812 0.093650 0.284940
v -0.696975 0.096920 0.282477
v -0.699012 0.100000 0.280157
v -0.701048 0.103080 0.277838
v -0.703211 0.106350 0.275375
v -0.705625 0.110000 0.272625
v -0.719674 -0.110000 0.283349
v -0.717651 -0.106350 0.286397
v -0.715838 -0.103080 0.289127
v -0.714130 -0.100000 0.291698
v -0.712423 -0.096920 0.294269
v -0.710610 -0.093650 0.296999
v -0.708587 -0.090000 0.300046
v -0.708587 0.090000 0.300046
v -0.710610 0.093650 0.296999
v -0.712423 0.096920 0.294269
v -0.714130 0.100000 0.291698
v -0.715838 0.103080 0.289127
v -0.717651 0.106350 0.286397
v -0.719674 0.110000 0.283349
v -0.735352 -0.110000 0.292333
v -0.733736 -0.106350 0.295615
v -0.732289 -0.103080 0.298554
v -0.730925 -0.100000 0.301322
v -0.729562 -0.096920 0.304091
v -0.728115 -0.093650 0.307030
v -0.726499 -0.090000 0.310311
v -0.726499 0.090000 0.310311
v -0.728115 0.093650 0.307030
v -0.729562 0.096920 0.304091
v -0.730925 0.100000 0.301322
v -0.732289 0.103080 0.298554
v -0.733736 0.106350 0.295615
v -0.735352 0.110000 0.292333
v -0.752516 -0.110000 0.299484
v -0.751314 -0.106350 0.302938
v -0.750237 -0.103080 0.306032
v -0.749223 -0.100000 0.308946
v -0.748209 -0.096920 0.311859
v -0.747132 -0.093650 0.314953
v -0.745930 -0.090000 0.318407
v -0.745930 0.090000 0.318407
v -0.747132 0.093650 0.314953
v -0.748209 0.096920 0.311859
v -0.749223 0.100000 0.308946
v -0.750237 0.103080 0.306032
v -0.751314 0.106350 0.302938
v -0.752516 0.110000 0.299484
v -0.771023 -0.110000 0.304708
v -0.770232 -0.106350 0.308278
v -0.769523 -0.103080 0.311476
v -0.768856 -0.100000 0.314487
v -0.768188 -0.096920 0.317499
v -0.767480 -0.093650 0.320697
v -0.766689 -0.090000 0.324266
v -0.766689 0.090000 0.324266
v -0.767480 0.093650 0.320697
v -0.768188 0.096920 0.317499
v -0.768856 0.100000 0.314487
v -0.769523 0.103080 0.311476
v -0.770232 0.106350 0.308278
v -0.771023 0.110000 0.304708
v -0.790732 -0.110000 0.307911
v -0.790343 -0.106350 0.311547
v -0.789994 -0.103080 0.314803
v -0.789665 -0.100000 0.317869
v -0.789337 -0.096920 0.320936
v -0.788988 -0.093650 0.324192
v -0.788598 -0.090000 0.327827
v -0.788598 0.090000 0.327827
v -0.788988 0.093650 0.324192
v -0.789337 0.096920 0.320936
v -0.789665 0.100000 0.317869
v -0.789994 0.103080 0.314803
v -0.790343 0.106350 0.311547
v -0.790732 0.110000 0.307911
v -0.811500 -0.110000 0.309000
v -0.811436 -0.106350 0.312652
v -0.811379 -0.103080 0.315924
v -0.811325 -0.100000 0.319005
v -0.811271 -0.096920 0.322086
v -0.811213 -0.093650 0.325357
v -0.811149 -0.090000 0.329009
v -0.811149 0.090000 0.329009
v -0.811213 0.093650 0.325357
v -0.811271 0.096920 0.322086
v -0.811325 0.100000 0.319005
v -0.811379 0.103080 0.315924
v -0.811436 0.106350 0.312652
v -0.811500 0.110000 0.309000
v -0.825016 -0.110000 0.308766
v -0.825147 -0.106350 0.312415
v -0.825265 -0.103080 0.315683
v -0.825376 -0.100000 0.318761
v -0.825487 -0.096920 0.321840
v -0.825605 -0.093650 0.325108
v -0.825737 -0.090000 0.328757
v -0.825737 0.090000 0.328757
v -0.825605 0.093650 0.325108
v -0.825487 0.096920 0.321840
v -0.825376 0.100000 0.318761
v -0.825265 0.103080 0.315683
v -0.825147 0.106350 0.312415
v -0.825016 0.110000 0.308766
v -0.838125 -0.110000 0.308046
v -0.838400 -0.106350 0.311687
v -0.838647 -0.103080 0.314948
v -0.838879 -0.100000 0.318020
v -0.839112 -0.096920 0.321092
v -0.839358 -0.093650 0.324353
v -0.839634 -0.090000 0.327994
v -0.839634 0.090000 0.327994
v -0.839358 0.093650 0.324353
v -0.839112 0.096920 0.321092
v -0.838879 0.100000 0.318020
v -0.838647 0.103080 0.314948
v -0.838400 0.106350 0.311687
v -0.838125 0.110000 0.308046
v -0.850922 -0.110000 0.306813
v -0.851352 -0.106350 0.310438
v -0.851738 -0.103080 0.313686
v -0.852101 -0.100000 0.316745
v -0.852464 -0.096920 0.319804
v -0.852850 -0.093650 0.323052
v -0.853280 -0.090000 0.326678
v -0.853280 0.090000 0.326678
v -0.852850 0.093650 0.323052
v -0.852464 0.096920 0.319804
v -0.852101 0.100000 0.316745
v -0.851738 0.103080 0.313686
v -0.851352 0.106350 0.310438
v -0.850922 0.110000 0.306813
v -0.863500 -0.110000 0.305037
v -0.864093 -0.106350 0.308640
v -0.864625 -0.103080 0.311867
v -0.865125 -0.100000 0.314907
v -0.865625 -0.096920 0.317946
v -0.866157 -0.093650 0.321174
v -0.866750 -0.090000 0.324777
v -0.866750 0.090000 0.324777
v -0.866157 0.093650 0.321174
v -0.865625 0.096920 0.317946
v -0.865125 0.100000 0.314907
v -0.864625 0.103080 0.311867
v -0.864093 0.106350 0.308640
v -0.863500 0.110000 0.305037
v -0.875953 -0.110000 0.302692
v -0.876712 -0.106350 0.306264
v -0.877392 -0.103080 0.309463
v -0.878032 -0.100000 0.312476
v -0.878672 -0.096920 0.315490
v -0.879352 -0.093650 0.318689
v -0.880111 -0.090000 0.322261
v -0.880111 0.090000 0.322261
v -0.879352 0.093650 0.318689
v -0.878672 0.096920 0.315490
v -0.878032 0.100000 0.312476
v -0.877392 0.103080 0.309463
v -0.876712 0.106350 0.306264
v -0.875953 0.110000 0.302692
v -0.888375 -0.110000 0.299750
v -0.889298 -0.106350 0.303283
v -0.890124 -0.103080 0.306448
v -0.890902 -0.100000 0.309428
v -0.891681 -0.096920 0.312409
v -0.892507 -0.093650 0.315573
v -0.893430 -0.090000 0.319106
v -0.893430 0.090000 0.319106
v -0.892507 0.093650 0.315573
v -0.891681 0.096920 0.312409
v -0.890902 0.100000 0.309428
v -0.890124 0.103080 0.306448
v -0.889298 0.106350 0.303283
v -0.888375 0.110000 0.299750
v -0.900859 -0.110000 0.296183
v -0.901939 -0.106350 0.299671
v -0.902907 -0.103080 0.302795
v -0.903818 -0.100000 0.305738
v -0.904729 -0.096920 0.308680
v -0.905696 -0.093650 0.311805
v -0.906776 -0.090000 0.315293
v -0.906776 0.090000 0.315293
v -0.905696 0.093650 0.311805
v -0.904729 0.096920 0.308680
v -0.903818 0.100000 0.305738
v -0.902907 0.103080 0.302795
v -0.901939 0.106350 0.299671
v -0.900859 0.110000 0.296183
v -0.913500 -0.110000 0.291963
v -0.914727 -0.106350 0.295402
v -0.915826 -0.103080 0.298482
v -0.916862 -0.100000 0.301383
v -0.917897 -0.096920 0.304284
v -0.918996 -0.093650 0.307365
v -0.920223 -0.090000 0.310804
v -0.920223 0.090000 0.310804
v -0.918996 0.093650 0.307365
v -0.917897 0.096920 0.304284
v -0.916862 0.100000 0.301383
v -0.915826 0.103080 0.298482
v -0.914727 0.106350 0.295402
v -0.913500 0.110000 0.291963
v -0.926391 -0.110000 0.287063
v -0.927752 -0.106350 0.290450
v -0.928971 -0.103080 0.293485
v -0.930120 -0.100000 0.296343
v -0.931268 -0.096920 0.299201
v -0.932488 -0.093650 0.302236
v -0.933849 -0.090000 0.305624
v -0.933849 0.090000 0.305624
v -0.932488 0.093650 0.302236
v -0.931268 0.096920 0.299201
v -0.930120 0.100000 0.296343
v -0.928971 0.103080 0.293485
v -0.927752 0.106350 0.290450
v -0.926391 0.110000 0.287063
v -0.939625 -0.110000 0.281454
v -0.941106 -0.106350 0.284791
v -0.942433 -0.103080 0.287780
v -0.943682 -0.100000 0.290595
v -0.944932 -0.096920 0.293411
v -0.946258 -0.093650 0.296400
v -0.947739 -0.090000 0.299737
v -0.947739 0.090000 0.299737
v -0.946258 0.093650 0.296400
v -0.944932 0.096920 0.293411
v -0.943682 0.100000 0.290595
v -0.942433 0.103080 0.287780
v -0.941106 0.106350 0.284791
v -0.939625 0.110000 0.281454
v -0.953297 -0.110000 0.275109
v -0.954883 -0.106350 0.278397
v -0.956303 -0.103080 0.281343
v -0.957641 -0.100000 0.284117
v -0.958978 -0.096920 0.286892
v -0.960399 -0.093650 0.289837
v -0.961984 -0.090000 0.293126
v -0.961984 0.090000 0.293126
v -0.960399 0.093650 0.289837
v -0.958978 0.096920 0.286892
v -0.957641 0.100000 0.284117
v -0.956303 0.103080 0.281343
v -0.954883 0.106350 0.278397
v -0.953297 0.110000 0.275109
v -0.967500 -0.110000 0.268000
v -0.971151 -0.106350 0.270255
v -0.974420 -0.103080 0.272275
v -0.977500 -0.100000 0.274178
v -0.980580 -0.096920 0.276080
v -0.983850 -0.093650 0.278100
v -0.987500 -0.090000 0.280355
v -0.987500 0.090000 0.280355
v -0.983850 0.093650 0.278100
v -0.980580 0.096920 0.276080
v -0.977500 0.100000 0.274178
v -0.974420 0.103080 0.272275
v -0.971151 0.106350 0.270255
v -0.967500 0.110000 0.268000
v -0.967500 -0.110000 0.172000
v -0.971151 -0.106350 0.165191
v -0.974420 -0.103080 0.159091
v -0.977500 -0.100000 0.153346
v -0.980580 -0.096920 0.147601
v -0.983850 -0.093650 0.141502
v -0.987500 -0.090000 0.134692
v -0.987500 0.090000 0.134692
v -0.983850 0.093650 0.141502
v -0.980580 0.096920 0.147601
v -0.977500 0.100000 0.153346
v -0.974420 0.103080 0.159091
v -0.971151 0.106350 0.165191
v -0.967500 0.110000 0.172000
v -0.953111 -0.110000 0.181564
v -0.951144 -0.106350 0.178488
v -0.949382 -0.103080 0.175733
v -0.947722 -0.100000 0.173138
v -0.946063 -0.096920 0.170543
v -0.944301 -0.093650 0.167788
v -0.942334 -0.090000 0.164712
v -0.942334 0.090000 0.164712
v -0.944301 0.093650 0.167788
v -0.946063 0.096920 0.170543
v -0.947722 0.100000 0.173138
v -0.949382 0.103080 0.175733
v -0.951144 0.106350 0.178488
v -0.953111 0.110000 0.181564
v -0.938972 -0.110000 0.190259
v -0.937117 -0.106350 0.187115
v -0.935455 -0.103080 0.184298
v -0.933889 -0.100000 0.181646
v -0.932324 -0.096920 0.178993
v -0.930661 -0.093650 0.176176
v -0.928806 -0.090000 0.173032
v -0.928806 0.090000 0.173032
v -0.930661 0.093650 0.176176
v -0.932324 0.096920 0.178993
v -0.933889 0.100000 0.181646
v -0.935455 0.103080 0.184298
v -0.937117 0.106350 0.187115
v -0.938972 0.110000 0.190259
v -0.925125 -0.110000 0.198094
v -0.923388 -0.106350 0.194882
v -0.921832 -0.103080 0.192006
v -0.920367 -0.100000 0.189296
v -0.918901 -0.096920 0.186587
v -0.917345 -0.093650 0.183711
v -0.915608 -0.090000 0.180499
v -0.915608 0.090000 0.180499
v -0.917345 0.093650 0.183711
v -0.918901 0.096920 0.186587
v -0.920367 0.100000 0.189296
v -0.921832 0.103080 0.192006
v -0.923388 0.106350 0.194882
v -0.925125 0.110000 0.198094
v -0.911611 -0.110000 0.205074
v -0.910001 -0.106350 0.201797
v -0.908558 -0.103080 0.198862
v -0.907200 -0.100000 0.196097
v -0.905841 -0.096920 0.193333
v -0.904399 -0.093650 0.190398
v -0.902789 -0.090000 0.187121
v -0.902789 0.090000 0.187121
v -0.904399 0.093650 0.190398
v -0.905841 0.096920 0.193333
v -0.907200 0.100000 0.196097
v -0.908558 0.103080 0.198862
v -0.910001 0.106350 0.201797
v -0.911611 0.110000 0.205074
v -0.898472 -0.110000 0.211207
v -0.896999 -0.106350 0.207867
v -0.895678 -0.103080 0.204874
v -0.894435 -0.100000 0.202056
v -0.893192 -0.096920 0.199238
v -0.891872 -0.093650 0.196245
v -0.890398 -0.090000 0.192905
v -0.890398 0.090000 0.192905
v -0.891872 0.093650 0.196245
v -0.893192 0.096920 0.199238
v -0.894435 0.100000 0.202056
v -0.895678 0.103080 0.204874
v -0.896999 0.106350 0.207867
v -0.898472 0.110000 0.211207
v -0.885750 -0.110000 0.216500
v -0.884425 -0.106350 0.213098
v -0.883237 -0.103080 0.210050
v -0.882119 -0.100000 0.207180
v -0.881001 -0.096920 0.204309
v -0.879813 -0.093650 0.201262
v -0.878488 -0.090000 0.197860
v -0.878488 0.090000 0.197860
v -0.879813 0.093650 0.201262
v -0.881001 0.096920 0.204309
v -0.882119 0.100000 0.207180
v -0.883237 0.103080 0.210050
v -0.884425 0.106350 0.213098
v -0.885750 0.110000 0.216500
v -0.873486 -0.110000 0.220960
v -0.872323 -0.106350 0.217498
v -0.871281 -0.103080 0.214398
v -0.870300 -0.100000 0.211477
v -0.869319 -0.096920 0.208557
v -0.868277 -0.093650 0.205457
v -0.867114 -0.090000 0.201995
v -0.867114 0.090000 0.201995
v -0.868277 0.093650 0.205457
v -0.869319 0.096920 0.208557
v -0.870300 0.100000 0.211477
v -0.871281 0.103080 0.214398
v -0.872323 0.106350 0.217498
v -0.873486 0.110000 0.220960
v -0.861722 -0.110000 0.224593
v -0.860739 -0.106350 0.221076
v -0.859858 -0.103080 0.217925
v -0.859029 -0.100000 0.214958
v -0.858199 -0.096920 0.211991
v -0.857319 -0.093650 0.208841
v -0.856336 -0.090000 0.205324
v -0.856336 0.090000 0.205324
v -0.857319 0.093650 0.208841
v -0.858199 0.096920 0.211991
v -0.859029 0.100000 0.214958
v -0.859858 0.103080 0.217925
v -0.860739 0.106350 0.221076
v -0.861722 0.110000 0.224593
v -0.850500 -0.110000 0.227406
v -0.849718 -0.106350 0.223839
v -0.849018 -0.103080 0.220643
v -0.848358 -0.100000 0.217634
v -0.847698 -0.096920 0.214624
v -0.846998 -0.093650 0.211429
v -0.846216 -0.090000 0.207861
v -0.846216 0.090000 0.207861
v -0.846998 0.093650 0.211429
v -0.847698 0.096920 0.214624
v -0.848358 0.100000 0.217634
v -0.849018 0.103080 0.220643
v -0.849718 0.106350 0.223839
v -0.850500 0.110000 0.227406
v -0.839861 -0.110000 0.229407
v -0.839307 -0.106350 0.225797
v -0.838810 -0.103080 0.222563
v -0.838342 -0.100000 0.219518
v -0.837875 -0.096920 0.216472
v -0.837378 -0.093650 0.213238
v -0.836824 -0.090000 0.209628
v -0.836824 0.090000 0.209628
v -0.837378 0.093650 0.213238
v -0.837875 0.096920 0.216472
v -0.838342 0.100000 0.219518
v -0.838810 0.103080 0.222563
v -0.839307 0.106350 0.225797
v -0.839861 0.110000 0.229407
v -0.829847 -0.110000 0.230603
v -0.829553 -0.106350 0.226962
v -0.829289 -0.103080 0.223700
v -0.829041 -0.100000 0.220628
v -0.828793 -0.096920 0.217556
v -0.828529 -0.093650 0.214295
v -0.828235 -0.090000 0.210653
v -0.828235 0.090000 0.210653
v -0.828529 0.093650 0.214295
v -0.828793 0.096920 0.217556
v -0.829041 0.100000 0.220628
v -0.829289 0.103080 0.223700
v -0.829553 0.106350 0.226962
v -0.829847 0.110000 0.230603
v -0.820500 -0.110000 0.231000
v -0.820590 -0.106350 0.227342
v -0.820670 -0.103080 0.224066
v -0.820746 -0.100000 0.220981
v -0.820821 -0.096920 0.217895
v -0.820901 -0.093650 0.214619
v -0.820991 -0.090000 0.210961
v -0.820991 0.090000 0.210961
v -0.820901 0.093650 0.214619
v -0.820821 0.096920 0.217895
v -0.820746 0.100000 0.220981
v -0.820670 0.103080 0.224066
v -0.820590 0.106350 0.227342
v -0.820500 0.110000 0.231000
v -0.811639 -0.110000 0.230187
v -0.812110 -0.106350 0.226565
v -0.812531 -0.103080 0.223320
v -0.812929 -0.100000 0.220264
v -0.813326 -0.096920 0.217208
v -0.813747 -0.093650 0.213963
v -0.814218 -0.090000 0.210340
v -0.814218 0.090000 0.210340
v -0.813747 0.093650 0.213963
v -0.813326 0.096920 0.217208
v -0.812929 0.100000 0.220264
v -0.812531 0.103080 0.223320
v -0.812110 0.106350 0.226565
v -0.811639 0.110000 0.230187
v -0.803111 -0.110000 0.228750
v -0.803866 -0.106350 0.225175
v -0.804542 -0.103080 0.221973
v -0.805178 -0.100000 0.218957
v -0.805815 -0.096920 0.215941
v -0.806490 -0.093650 0.212739
v -0.807245 -0.090000 0.209165
v -0.807245 0.090000 0.209165
v -0.806490 0.093650 0.212739
v -0.805815 0.096920 0.215941
v -0.805178 0.100000 0.218957
v -0.804542 0.103080 0.221973
v -0.803866 0.106350 0.225175
v -0.803111 0.110000 0.228750
v -0.795000 -0.110000 0.226687
v -0.796060 -0.106350 0.223190
v -0.797009 -0.103080 0.220058
v -0.797903 -0.100000 0.217107
v -0.798797 -0.096920 0.214157
v -0.799746 -0.093650 0.211024
v -0.800806 -0.090000 0.207527
v -0.800806 0.090000 0.207527
v -0.799746 0.093650 0.211024
v -0.798797 0.096920 0.214157
v -0.797903 0.100000 0.217107
v -0.797009 0.103080 0.220058
v -0.796060 0.106350 0.223190
v -0.795000 0.110000 0.226687
v -0.787389 -0.110000 0.224000
v -0.788779 -0.106350 0.220619
v -0.790023 -0.103080 0.217591
v -0.791195 -0.100000 0.214739
v -0.792368 -0.096920 0.211887
v -0.793612 -0.093650 0.208858
v -0.795002 -0.090000 0.205478
v -0.795002 0.090000 0.205478
v -0.793612 0.093650 0.208858
v -0.792368 0.096920 0.211887
v -0.791195 0.100000 0.214739
v -0.790023 0.103080 0.217591
v -0.788779 0.106350 0.220619
v -0.787389 0.110000 0.224000
v -0.780361 -0.110000 0.220687
v -0.782106 -0.106350 0.217474
v -0.783668 -0.103080 0.214596
v -0.785140 -0.100000 0.211885
v -0.786612 -0.096920 0.209174
v -0.788175 -0.093650 0.206295
v -0.789919 -0.090000 0.203082
v -0.789919 0.090000 0.203082
v -0.788175 0.093650 0.206295
v -0.786612 0.096920 0.209174
v -0.785140 0.100000 0.211885
v -0.783668 0.103080 0.214596
v -0.782106 0.106350 0.217474
v -0.780361 0.110000 0.220687
v -0.774000 -0.110000 0.216750
v -0.776121 -0.106350 0.213770
v -0.778021 -0.103080 0.211100
v -0.779810 -0.100000 0.208586
v -0.781599 -0.096920 0.206071
v -0.783499 -0.093650 0.203401
v -0.785620 -0.090000 0.200421
v -0.785620 0.090000 0.200421
v -0.783499 0.093650 0.203401
v -0.781599 0.096920 0.206071
v -0.779810 0.100000 0.208586
v -0.778021 0.103080 0.211100
v -0.776121 0.106350 0.213770
v -0.774000 0.110000 0.216750
v -0.768389 -0.110000 0.212187
v -0.770896 -0.106350 0.209521
v -0.773142 -0.103080 0.207133
v -0.775257 -0.100000 0.204883
v -0.777372 -0.096920 0.202634
v -0.779617 -0.093650 0.200245
v -0.782124 -0.090000 0.197579
v -0.782124 0.090000 0.197579
v -0.779617 0.093650 0.200245
v -0.777372 0.096920 0.202634
v -0.775257 0.100000 0.204883
v -0.773142 0.103080 0.207133
v -0.770896 0.106350 0.209521
v -0.768389 0.110000 0.212187
v -0.763611 -0.110000 0.207000
v -0.766492 -0.106350 0.204739
v -0.769073 -0.103080 0.202715
v -0.771503 -0.100000 0.200808
v -0.773933 -0.096920 0.198900
v -0.776514 -0.093650 0.196876
v -0.779395 -0.090000 0.194615
v -0.779395 0.090000 0.194615
v -0.776514 0.093650 0.196876
v -0.773933 0.096920 0.198900
v -0.771503 0.100000 0.200808
v -0.769073 0.103080 0.202715
v -0.766492 0.106350 0.204739
v -0.763611 0.110000 0.207000
v -0.759750 -0.110000 0.201187
v -0.762961 -0.106350 0.199424
v -0.765837 -0.103080 0.197844
v -0.768546 -0.100000 0.196356
v -0.771255 -0.096920 0.194868
v -0.774131 -0.093650 0.193288
v -0.777342 -0.090000 0.191525
v -0.777342 0.090000 0.191525
v -0.774131 0.093650 0.193288
v -0.771255 0.096920 0.194868
v -0.768546 0.100000 0.196356
v -0.765837 0.103080 0.197844
v -0.762961 0.106350 0.199424
v -0.759750 0.110000 0.201187
v -0.756889 -0.110000 0.194750
v -0.760352 -0.106350 0.193554
v -0.763455 -0.103080 0.192483
v -0.766376 -0.100000 0.191475
v -0.769298 -0.096920 0.190466
v -0.772401 -0.093650 0.189395
v -0.775864 -0.090000 0.188199
v -0.775864 0.090000 0.188199
v -0.772401 0.093650 0.189395
v -0.769298 0.096920 0.190466
v -0.766376 0.100000 0.191475
v -0.763455 0.103080 0.192483
v -0.760352 0.106350 0.193554
v -0.756889 0.110000 0.194750
v -0.755111 -0.110000 0.187688
v -0.758726 -0.106350 0.187093
v -0.761964 -0.103080 0.186561
v -0.765013 -0.100000 0.186059
v -0.768063 -0.096920 0.185558
v -0.771301 -0.093650 0.185026
v -0.774915 -0.090000 0.184431
v -0.774915 0.090000 0.184431
v -0.771301 0.093650 0.185026
v -0.768063 0.096920 0.185558
v -0.765013 0.100000 0.186059
v -0.761964 0.103080 0.186561
v -0.758726 0.106350 0.187093
v -0.755111 0.110000 0.187688
v -0.754500 -0.110000 0.180000
v -0.758190 -0.106350 0.180352
v -0.761495 -0.103080 0.180667
v -0.764608 -0.100000 0.180964
v -0.767721 -0.096920 0.181260
v -0.771026 -0.093650 0.181576
v -0.774716 -0.090000 0.181927
v -0.774716 0.090000 0.181927
v -0.771026 0.093650 0.181576
v -0.767721 0.096920 0.181260
v -0.764608 0.100000 0.180964
v -0.761495 0.103080 0.180667
v -0.758190 0.106350 0.180352
v -0.754500 0.110000 0.180000
v -0.758632 -0.110000 0.165036
v -0.761949 -0.106350 0.166739
v -0.764920 -0.103080 0.168263
v -0.767719 -0.100000 0.169699
v -0.770517 -0.096920 0.171135
v -0.773488 -0.093650 0.172660
v -0.776805 -0.090000 0.174362
v -0.776805 0.090000 0.174362
v -0.773488 0.093650 0.172660
v -0.770517 0.096920 0.171135
v -0.767719 0.100000 0.169699
v -0.764920 0.103080 0.168263
v -0.761949 0.106350 0.166739
v -0.758632 0.110000 0.165036
v -0.770056 -0.110000 0.150875
v -0.772645 -0.106350 0.153479
v -0.774965 -0.103080 0.155811
v -0.777150 -0.100000 0.158008
v -0.779335 -0.096920 0.160205
v -0.781654 -0.093650 0.162537
v -0.784244 -0.090000 0.165141
v -0.784244 0.090000 0.165141
v -0.781654 0.093650 0.162537
v -0.779335 0.096920 0.160205
v -0.777150 0.100000 0.158008
v -0.774965 0.103080 0.155811
v -0.772645 0.106350 0.153479
v -0.770056 0.110000 0.150875
v -0.787313 -0.110000 0.137109
v -0.789437 -0.106350 0.140084
v -0.791340 -0.103080 0.142749
v -0.793133 -0.100000 0.145259
v -0.794925 -0.096920 0.147768
v -0.796828 -0.093650 0.150433
v -0.798953 -0.090000 0.153408
v -0.798953 0.090000 0.153408
v -0.796828 0.093650 0.150433
v -0.794925 0.096920 0.147768
v -0.793133 0.100000 0.145259
v -0.791340 0.103080 0.142749
v -0.789437 0.106350 0.140084
v -0.787313 0.110000 0.137109
v -0.808945 -0.110000 0.123333
v -0.810839 -0.106350 0.126454
v -0.812537 -0.103080 0.129250
v -0.814135 -0.100000 0.131883
v -0.815734 -0.096920 0.134516
v -0.817431 -0.093650 0.137312
v -0.819326 -0.090000 0.140433
v -0.819326 0.090000 0.140433
v -0.817431 0.093650 0.137312
v -0.815734 0.096920 0.134516
v -0.814135 0.100000 0.131883
v -0.812537 0.103080 0.129250
v -0.810839 0.106350 0.126454
v -0.808945 0.110000 0.123333
v -0.833493 -0.110000 0.109141
v -0.835319 -0.106350 0.112301
v -0.836955 -0.103080 0.115133
v -0.838496 -0.100000 0.117799
v -0.840036 -0.096920 0.120466
v -0.841672 -0.093650 0.123297
v -0.843498 -0.090000 0.126458
v -0.843498 0.090000 0.126458
v -0.841672 0.093650 0.123297
v -0.840036 0.096920 0.120466
v -0.838496 0.100000 0.117799
v -0.836955 0.103080 0.115133
v -0.835319 0.106350 0.112301
v -0.833493 0.110000 0.109141
v -0.859500 -0.110000 0.094125
v -0.861380 -0.106350 0.097255
v -0.863064 -0.103080 0.100058
v -0.864651 -0.100000 0.102698
v -0.866237 -0.096920 0.105339
v -0.867921 -0.093650 0.108142
v -0.869801 -0.090000 0.111272
v -0.869801 0.090000 0.111272
v -0.867921 0.093650 0.108142
v -0.866237 0.096920 0.105339
v -0.864651 0.100000 0.102698
v -0.863064 0.103080 0.100058
v -0.861380 0.106350 0.097255
v -0.859500 0.110000 0.094125
v -0.885507 -0.110000 0.077880
v -0.887551 -0.106350 0.080907
v -0.889382 -0.103080 0.083619
v -0.891107 -0.100000 0.086173
v -0.892831 -0.096920 0.088727
v -0.894662 -0.093650 0.091439
v -0.896706 -0.090000 0.094466
v -0.896706 0.090000 0.094466
v -0.894662 0.093650 0.091439
v -0.892831 0.096920 0.088727
v -0.891107 0.100000 0.086173
v -0.889382 0.103080 0.083619
v -0.887551 0.106350 0.080907
v -0.885507 0.110000 0.077880
v -0.910056 -0.110000 0.060000
v -0.912374 -0.106350 0.062827
v -0.914451 -0.103080 0.065360
v -0.916407 -0.100000 0.067745
v -0.918364 -0.096920 0.070130
v -0.920441 -0.093650 0.072663
v -0.922759 -0.090000 0.075490
v -0.922759 0.090000 0.075490
v -0.920441 0.093650 0.072663
v -0.918364 0.096920 0.070130
v -0.916407 0.100000 0.067745
v -0.914451 0.103080 0.065360
v -0.912374 0.106350 0.062827
v -0.910056 0.110000 0.060000
v -0.931688 -0.110000 0.040078
v -0.934389 -0.106350 0.042553
v -0.936808 -0.103080 0.044770
v -0.939087 -0.100000 0.046859
v -0.941365 -0.096920 0.048947
v -0.943785 -0.093650 0.051164
v -0.946486 -0.090000 0.053639
v -0.946486 0.090000 0.053639
v -0.943785 0.093650 0.051164
v -0.941365 0.096920 0.048947
v -0.939087 0.100000 0.046859
v -0.936808 0.103080 0.044770
v -0.934389 0.106350 0.042553
v -0.931688 0.110000 0.040078
v -0.948945 -0.110000 0.017708
v -0.952094 -0.106350 0.019602
v -0.954916 -0.103080 0.021297
v -0.957573 -0.100000 0.022894
v -0.960231 -0.096920 0.024492
v -0.963053 -0.093650 0.026187
v -0.966202 -0.090000 0.028081
v -0.966202 0.090000 0.028081
v -0.963053 0.093650 0.026187
v -0.960231 0.096920 0.024492
v -0.957573 0.100000 0.022894
v -0.954916 0.103080 0.021297
v -0.952094 0.106350 0.019602
v -0.948945 0.110000 0.017708
v -0.960368 -0.110000 -0.007516
v -0.963907 -0.106350 -0.006480
v -0.967076 -0.103080 -0.005553
v -0.970061 -0.100000 -0.004679
v -0.973047 -0.096920 -0.003806
v -0.976216 -0.093650 -0.002879
v -0.979755 -0.090000 -0.001843
v -0.979755 0.090000 -0.001843
v -0.976216 0.093650 -0.002879
v -0.973047 0.096920 -0.003806
v -0.970061 0.100000 -0.004679
v -0.967076 0.103080 -0.005553
v -0.963907 0.106350 -0.006480
v -0.960368 0.110000 -0.007516
v -0.964500 -0.110000 -0.036000
v -0.968168 -0.106350 -0.035855
v -0.971453 -0.103080 -0.035725
v -0.974547 -0.100000 -0.035602
v -0.977641 -0.096920 -0.035480
v -0.980926 -0.093650 -0.035349
v -0.984594 -0.090000 -0.035204
v -0.984594 0.090000 -0.035204
v -0.980926 0.093650 -0.035349
v -0.977641 0.096920 -0.035480
v -0.974547 0.100000 -0.035602
v -0.971453 0.103080 -0.035725
v -0.968168 0.106350 -0.035855
v -0.964500 0.110000 -0.036000
v -0.963307 -0.110000 -0.054366
v -0.966933 -0.106350 -0.054855
v -0.970181 -0.103080 -0.055294
v -0.973241 -0.100000 -0.055707
v -0.976300 -0.096920 -0.056120
v -0.979548 -0.093650 -0.056558
v -0.983175 -0.090000 -0.057047
v -0.983175 0.090000 -0.057047
v -0.979548 0.093650 -0.056558
v -0.976300 0.096920 -0.056120
v -0.973241 0.100000 -0.055707
v -0.970181 0.103080 -0.055294
v -0.966933 0.106350 -0.054855
v -0.963307 0.110000 -0.054366
v -0.959787 -0.110000 -0.071426
v -0.963308 -0.106350 -0.072429
v -0.966461 -0.103080 -0.073327
v -0.969431 -0.100000 -0.074172
v -0.972401 -0.096920 -0.075018
v -0.975555 -0.093650 -0.075916
v -0.979075 -0.090000 -0.076919
v -0.979075 0.090000 -0.076919
v -0.975555 0.093650 -0.075916
v -0.972401 0.096920 -0.075018
v -0.969431 0.100000 -0.074172
v -0.966461 0.103080 -0.073327
v -0.963308 0.106350 -0.072429
v -0.959787 0.110000 -0.071426
v -0.954031 -0.110000 -0.087125
v -0.957362 -0.106350 -0.088646
v -0.960345 -0.103080 -0.090008
v -0.963155 -0.100000 -0.091291
v -0.965965 -0.096920 -0.092574
v -0.968948 -0.093650 -0.093937
v -0.972278 -0.090000 -0.095457
v -0.972278 0.090000 -0.095457
v -0.968948 0.093650 -0.093937
v -0.965965 0.096920 -0.092574
v -0.963155 0.100000 -0.091291
v -0.960345 0.103080 -0.090008
v -0.957362 0.106350 -0.088646
v -0.954031 0.110000 -0.087125
v -0.946130 -0.110000 -0.101407
v -0.949186 -0.106350 -0.103423
v -0.951924 -0.103080 -0.105229
v -0.954503 -0.100000 -0.106930
v -0.957082 -0.096920 -0.108630
v -0.959820 -0.093650 -0.110436
v -0.962876 -0.090000 -0.112452
v -0.962876 0.090000 -0.112452
v -0.959820 0.093650 -0.110436
v -0.957082 0.096920 -0.108630
v -0.954503 0.100000 -0.106930
v -0.951924 0.103080 -0.105229
v -0.949186 0.106350 -0.103423
v -0.946130 0.110000 -0.101407
v -0.936173 -0.110000 -0.114218
v -0.938884 -0.106350 -0.116678
v -0.941313 -0.103080 -0.118881
v -0.943600 -0.100000 -0.120957
v -0.945887 -0.096920 -0.123032
v -0.948316 -0.093650 -0.125236
v -0.951027 -0.090000 -0.127696
v -0.951027 0.090000 -0.127696
v -0.948316 0.093650 -0.125236
v -0.945887 0.096920 -0.123032
v -0.943600 0.100000 -0.120957
v -0.941313 0.103080 -0.118881
v -0.938884 0.106350 -0.116678
v -0.936173 0.110000 -0.114218
v -0.924250 -0.110000 -0.125500
v -0.926566 -0.106350 -0.128334
v -0.928641 -0.103080 -0.130872
v -0.930596 -0.100000 -0.133263
v -0.932550 -0.096920 -0.135654
v -0.934625 -0.093650 -0.138192
v -0.936941 -0.090000 -0.141026
v -0.936941 0.090000 -0.141026
v -0.934625 0.093650 -0.138192
v -0.932550 0.096920 -0.135654
v -0.930596 0.100000 -0.133263
v -0.928641 0.103080 -0.130872
v -0.926566 0.106350 -0.128334
v -0.924250 0.110000 -0.125500
v -0.910453 -0.110000 -0.135199
v -0.912350 -0.106350 -0.138328
v -0.914049 -0.103080 -0.141130
v -0.915649 -0.100000 -0.143770
v -0.917249 -0.096920 -0.146409
v -0.918949 -0.093650 -0.149212
v -0.920845 -0.090000 -0.152340
v -0.920845 0.090000 -0.152340
v -0.918949 0.093650 -0.149212
v -0.917249 0.096920 -0.146409
v -0.915649 0.100000 -0.143770
v -0.914049 0.103080 -0.141130
v -0.912350 0.106350 -0.138328
v -0.910453 0.110000 -0.135199
v -0.894870 -0.110000 -0.143259
v -0.896346 -0.106350 -0.146606
v -0.897667 -0.103080 -0.149604
v -0.898912 -0.100000 -0.152427
v -0.900157 -0.096920 -0.155251
v -0.901478 -0.093650 -0.158249
v -0.902953 -0.090000 -0.161595
v -0.902953 0.090000 -0.161595
v -0.901478 0.093650 -0.158249
v -0.900157 0.096920 -0.155251
v -0.898912 0.100000 -0.152427
v -0.897667 0.103080 -0.149604
v -0.896346 0.106350 -0.146606
v -0.894870 0.110000 -0.143259
v -0.877594 -0.110000 -0.149625
v -0.878662 -0.106350 -0.153122
v -0.879618 -0.103080 -0.156254
v -0.880519 -0.100000 -0.159204
v -0.881420 -0.096920 -0.162154
v -0.882377 -0.093650 -0.165287
v -0.883445 -0.090000 -0.168784
v -0.883445 0.090000 -0.168784
v -0.882377 0.093650 -0.165287
v -0.881420 0.096920 -0.162154
v -0.880519 0.100000 -0.159204
v -0.879618 0.103080 -0.156254
v -0.878662 0.106350 -0.153122
v -0.877594 0.110000 -0.149625
v -0.858713 -0.110000 -0.154241
v -0.859397 -0.106350 -0.157831
v -0.860010 -0.103080 -0.161048
v -0.860588 -0.100000 -0.164077
v -0.861165 -0.096920 -0.167106
v -0.861778 -0.093650 -0.170322
v -0.862463 -0.090000 -0.173913
v -0.862463 0.090000 -0.173913
v -0.861778 0.093650 -0.170322
v -0.861165 0.096920 -0.167106
v -0.860588 0.100000 -0.164077
v -0.860010 0.103080 -0.161048
v -0.859397 0.106350 -0.157831
v -0.858713 0.110000 -0.154241
v -0.838318 -0.110000 -0.157051
v -0.838648 -0.106350 -0.160691
v -0.838942 -0.103080 -0.163951
v -0.839220 -0.100000 -0.167021
v -0.839498 -0.096920 -0.170092
v -0.839793 -0.093650 -0.173352
v -0.840122 -0.090000 -0.176991
v -0.840122 0.090000 -0.176991
v -0.839793 0.093650 -0.173352
v -0.839498 0.096920 -0.170092
v -0.839220 0.100000 -0.167021
v -0.838942 0.103080 -0.163951
v -0.838648 0.106350 -0.160691
v -0.838318 0.110000 -0.157051
v -0.816500 -0.110000 -0.158000
v -0.816536 -0.106350 -0.161652
v -0.816568 -0.103080 -0.164924
v -0.816598 -0.100000 -0.168005
v -0.816629 -0.096920 -0.171086
v -0.816661 -0.093650 -0.174358
v -0.816697 -0.090000 -0.178010
v -0.816697 0.090000 -0.178010
v -0.816661 0.093650 -0.174358
v -0.816629 0.096920 -0.171086
v -0.816598 0.100000 -0.168005
v -0.816568 0.103080 -0.164924
v -0.816536 0.106350 -0.161652
v -0.816500 0.110000 -0.158000
v -0.805977 -0.110000 -0.157749
v -0.805804 -0.106350 -0.161397
v -0.805649 -0.103080 -0.164664
v -0.805503 -0.100000 -0.167741
v -0.805356 -0.096920 -0.170818
v -0.805201 -0.093650 -0.174085
v -0.805028 -0.090000 -0.177733
v -0.805028 0.090000 -0.177733
v -0.805201 0.093650 -0.174085
v -0.805356 0.096920 -0.170818
v -0.805503 0.100000 -0.167741
v -0.805649 0.103080 -0.164664
v -0.805804 0.106350 -0.161397
v -0.805977 0.110000 -0.157749
v -0.795403 -0.110000 -0.156995
v -0.795058 -0.106350 -0.160631
v -0.794749 -0.103080 -0.163887
v -0.794458 -0.100000 -0.166953
v -0.794167 -0.096920 -0.170020
v -0.793858 -0.093650 -0.173276
v -0.793513 -0.090000 -0.176911
v -0.793513 0.090000 -0.176911
v -0.793858 0.093650 -0.173276
v -0.794167 0.096920 -0.170020
v -0.794458 0.100000 -0.166953
v -0.794749 0.103080 -0.163887
v -0.795058 0.106350 -0.160631
v -0.795403 0.110000 -0.156995
v -0.784766 -0.110000 -0.155734
v -0.784253 -0.106350 -0.159350
v -0.783793 -0.103080 -0.162588
v -0.783360 -0.100000 -0.165638
v -0.782928 -0.096920 -0.168688
v -0.782468 -0.093650 -0.171926
v -0.781955 -0.090000 -0.175541
v -0.781955 0.090000 -0.175541
v -0.782468 0.093650 -0.171926
v -0.782928 0.096920 -0.168688
v -0.783360 0.100000 -0.165638
v -0.783793 0.103080 -0.162588
v -0.784253 0.106350 -0.159350
v -0.784766 0.110000 -0.155734
v -0.774056 -0.110000 -0.153963
v -0.773379 -0.106350 -0.157551
v -0.772774 -0.103080 -0.160765
v -0.772203 -0.100000 -0.163792
v -0.771633 -0.096920 -0.166820
v -0.771027 -0.093650 -0.170034
v -0.770351 -0.090000 -0.173622
v -0.770351 0.090000 -0.173622
v -0.771027 0.093650 -0.170034
v -0.771633 0.096920 -0.166820
v -0.772203 0.100000 -0.163792
v -0.772774 0.103080 -0.160765
v -0.773379 0.106350 -0.157551
v -0.774056 0.110000 -0.153963
v -0.763262 -0.110000 -0.151678
v -0.762429 -0.106350 -0.155233
v -0.761682 -0.103080 -0.158417
v -0.760979 -0.100000 -0.161416
v -0.760276 -0.096920 -0.164415
v -0.759529 -0.093650 -0.167599
v -0.758696 -0.090000 -0.171154
v -0.758696 0.090000 -0.171154
v -0.759529 0.093650 -0.167599
v -0.760276 0.096920 -0.164415
v -0.760979 0.100000 -0.161416
v -0.761682 0.103080 -0.158417
v -0.762429 0.106350 -0.155233
v -0.763262 0.110000 -0.151678
v -0.752375 -0.110000 -0.148875
v -0.751391 -0.106350 -0.152391
v -0.750510 -0.103080 -0.155541
v -0.749680 -0.100000 -0.158507
v -0.748850 -0.096920 -0.161474
v -0.747969 -0.093650 -0.164623
v -0.746985 -0.090000 -0.168140
v -0.746985 0.090000 -0.168140
v -0.747969 0.093650 -0.164623
v -0.748850 0.096920 -0.161474
v -0.749680 0.100000 -0.158507
v -0.750510 0.103080 -0.155541
v -0.751391 0.106350 -0.152391
v -0.752375 0.110000 -0.148875
v -0.741384 -0.110000 -0.145552
v -0.740258 -0.106350 -0.149025
v -0.739249 -0.103080 -0.152136
v -0.738298 -0.100000 -0.155066
v -0.737348 -0.096920 -0.157996
v -0.736339 -0.093650 -0.161107
v -0.735213 -0.090000 -0.164580
v -0.735213 0.090000 -0.164580
v -0.736339 0.093650 -0.161107
v -0.737348 0.096920 -0.157996
v -0.738298 0.100000 -0.155066
v -0.739249 0.103080 -0.152136
v -0.740258 0.106350 -0.149025
v -0.741384 0.110000 -0.145552
v -0.730278 -0.110000 -0.141704
v -0.729017 -0.106350 -0.145130
v -0.727888 -0.103080 -0.148200
v -0.726825 -0.100000 -0.151090
v -0.725761 -0.096920 -0.153981
v -0.724632 -0.093650 -0.157051
v -0.723371 -0.090000 -0.160477
v -0.723371 0.090000 -0.160477
v -0.724632 0.093650 -0.157051
v -0.725761 0.096920 -0.153981
v -0.726825 0.100000 -0.151090
v -0.727888 0.103080 -0.148200
v -0.729017 0.106350 -0.145130
v -0.730278 0.110000 -0.141704
v -0.719047 -0.110000 -0.137328
v -0.717660 -0.106350 -0.140706
v -0.716419 -0.103080 -0.143731
v -0.715249 -0.100000 -0.146581
v -0.714079 -0.096920 -0.149430
v -0.712837 -0.093650 -0.152455
v -0.711451 -0.090000 -0.155833
v -0.711451 0.090000 -0.155833
v -0.712837 0.093650 -0.152455
v -0.714079 0.096920 -0.149430
v -0.715249 0.100000 -0.146581
v -0.716419 0.103080 -0.143731
v -0.717660 0.106350 -0.140706
v -0.719047 0.110000 -0.137328
v -0.707681 -0.110000 -0.132421
v -0.706177 -0.106350 -0.135748
v -0.704830 -0.103080 -0.138728
v -0.703561 -0.100000 -0.141535
v -0.702292 -0.096920 -0.144342
v -0.700945 -0.093650 -0.147322
v -0.699441 -0.090000 -0.150649
v -0.699441 0.090000 -0.150649
v -0.700945 0.093650 -0.147322
v -0.702292 0.096920 -0.144342
v -0.703561 0.100000 -0.141535
v -0.704830 0.103080 -0.138728
v -0.706177 0.106350 -0.135748
v -0.707681 0.110000 -0.132421
v -0.696168 -0.110000 -0.126980
v -0.694556 -0.106350 -0.130255
v -0.693111 -0.103080 -0.133189
v -0.691750 -0.100000 -0.135952
v -0.690390 -0.096920 -0.138715
v -0.688945 -0.093650 -0.141649
v -0.687332 -0.090000 -0.144925
v -0.687332 0.090000 -0.144925
v -0.688945 0.093650 -0.141649
v -0.690390 0.096920 -0.138715
v -0.691750 0.100000 -0.135952
v -0.693111 0.103080 -0.133189
v -0.694556 0.106350 -0.130255
v -0.696168 0.110000 -0.126980
v -0.684500 -0.110000 -0.121000
v -0.680850 -0.106350 -0.123231
v -0.677580 -0.103080 -0.125230
v -0.674500 -0.100000 -0.127112
v -0.671420 -0.096920 -0.128994
v -0.668151 -0.093650 -0.130993
v -0.664500 -0.090000 -0.133224
v -0.664500 0.090000 -0.133224
v -0.668151 0.093650 -0.130993
v -0.671420 0.096920 -0.128994
v -0.674500 0.100000 -0.127112
v -0.677580 0.103080 -0.125230
v -0.680850 0.106350 -0.123231
v -0.684500 0.110000 -0.121000
v -0.684500 -0.110000 -0.033000
v -0.680850 -0.106350 -0.026374
v -0.677580 -0.103080 -0.020439
v -0.674500 -0.100000 -0.014849
v -0.671420 -0.096920 -0.009260
v -0.668151 -0.093650 -0.003325
v -0.664500 -0.090000 0.003301
v -0.664500 0.090000 0.003301
v -0.668151 0.093650 -0.003325
v -0.671420 0.096920 -0.009260
v -0.674500 0.100000 -0.014849
v -0.677580 0.103080 -0.020439
v -0.680850 0.106350 -0.026374
v -0.684500 0.110000 -0.033000
v -0.264500 -0.110000 -0.149000
v -0.260850 -0.106350 -0.152650
v -0.257580 -0.103080 -0.155920
v -0.254500 -0.100000 -0.159000
v -0.251420 -0.096920 -0.162080
v -0.248150 -0.093650 -0.165350
v -0.244500 -0.090000 -0.169000
v -0.244500 0.090000 -0.169000
v -0.248150 0.093650 -0.165350
v -0.251420 0.096920 -0.162080
v -0.254500 0.100000 -0.159000
v -0.257580 0.103080 -0.155920
v -0.260850 0.106350 -0.152650
v -0.264500 0.110000 -0.149000
v -0.264500 -0.110000 -0.069000
v -0.260850 -0.106350 -0.065350
v -0.257580 -0.103080 -0.062080
v -0.254500 -0.100000 -0.059000
v -0.251420 -0.096920 -0.055920
v -0.248150 -0.093650 -0.052650
v -0.244500 -0.090000 -0.049000
v -0.244500 0.090000 -0.049000
v -0.248150 0.093650 -0.052650
v -0.251420 0.096920 -0.055920
v -0.254500 0.100000 -0.059000
v -0.257580 0.103080 -0.062080
v -0.260850 0.106350 -0.065350
v -0.264500 0.110000 -0.069000
v -0.406500 -0.110000 -0.069000
v -0.402850 -0.106350 -0.065350
v -0.399580 -0.103080 -0.062080
v -0.396500 -0.100000 -0.059000
v -0.393420 -0.096920 -0.055920
v -0.390150 -0.093650 -0.052650
v -0.386500 -0.090000 -0.049000
v -0.386500 0.090000 -0.049000
v -0.390150 0.093650 -0.052650
v -0.393420 0.096920 -0.055920
v -0.396500 0.100000 -0.059000
v -0.399580 0.103080 -0.062080
v -0.402850 0.106350 -0.065350
v -0.406500 0.110000 -0.069000
v -0.406500 -0.110000 0.161000
v -0.402850 -0.106350 0.160888
v -0.399580 -0.103080 0.160789
v -0.396500 -0.100000 0.160694
v -0.393420 -0.096920 0.160600
v -0.390150 -0.093650 0.160500
v -0.386500 -0.090000 0.160389
v -0.386500 0.090000 0.160389
v -0.390150 0.093650 0.160500
v -0.393420 0.096920 0.160600
v -0.396500 0.100000 0.160694
v -0.399580 0.103080 0.160789
v -0.402850 0.106350 0.160888
v -0.406500 0.110000 0.161000
v -0.405737 -0.110000 0.173472
v -0.402109 -0.106350 0.173003
v -0.398858 -0.103080 0.172584
v -0.395797 -0.100000 0.172189
v -0.392736 -0.096920 0.171794
v -0.389485 -0.093650 0.171375
v -0.385857 -0.090000 0.170907
v -0.385857 0.090000 0.170907
v -0.389485 0.093650 0.171375
v -0.392736 0.096920 0.171794
v -0.395797 0.100000 0.172189
v -0.398858 0.103080 0.172584
v -0.402109 0.106350 0.173003
v -0.405737 0.110000 0.173472
v -0.403565 -0.110000 0.184440
v -0.400036 -0.106350 0.183466
v -0.396876 -0.103080 0.182594
v -0.393899 -0.100000 0.181772
v -0.390922 -0.096920 0.180951
v -0.387761 -0.093650 0.180079
v -0.384233 -0.090000 0.179105
v -0.384233 0.090000 0.179105
v -0.387761 0.093650 0.180079
v -0.390922 0.096920 0.180951
v -0.393899 0.100000 0.181772
v -0.396876 0.103080 0.182594
v -0.400036 0.106350 0.183466
v -0.403565 0.110000 0.184440
v -0.400156 -0.110000 0.193984
v -0.396815 -0.106350 0.192488
v -0.393821 -0.103080 0.191147
v -0.391002 -0.100000 0.189884
v -0.388183 -0.096920 0.188622
v -0.385189 -0.093650 0.187281
v -0.381848 -0.090000 0.185785
v -0.381848 0.090000 0.185785
v -0.385189 0.093650 0.187281
v -0.388183 0.096920 0.188622
v -0.391002 0.100000 0.189884
v -0.393821 0.103080 0.191147
v -0.396815 0.106350 0.192488
v -0.400156 0.110000 0.193984
v -0.395685 -0.110000 0.202185
v -0.392619 -0.106350 0.200183
v -0.389873 -0.103080 0.198389
v -0.387286 -0.100000 0.196700
v -0.384699 -0.096920 0.195011
v -0.381953 -0.093650 0.193218
v -0.378887 -0.090000 0.191215
v -0.378887 0.090000 0.191215
v -0.381953 0.093650 0.193218
v -0.384699 0.096920 0.195011
v -0.387286 0.100000 0.196700
v -0.389873 0.103080 0.198389
v -0.392619 0.106350 0.200183
v -0.395685 0.110000 0.202185
v -0.390325 -0.110000 0.209122
v -0.387610 -0.106350 0.206666
v -0.385177 -0.103080 0.204466
v -0.382886 -0.100000 0.202394
v -0.380595 -0.096920 0.200322
v -0.378163 -0.093650 0.198122
v -0.375447 -0.090000 0.195666
v -0.375447 0.090000 0.195666
v -0.378163 0.093650 0.198122
v -0.380595 0.096920 0.200322
v -0.382886 0.100000 0.202394
v -0.385177 0.103080 0.204466
v -0.387610 0.106350 0.206666
v -0.390325 0.110000 0.209122
v -0.384250 -0.110000 0.214875
v -0.381934 -0.106350 0.212041
v -0.379858 -0.103080 0.209503
v -0.377904 -0.100000 0.207112
v -0.375950 -0.096920 0.204721
v -0.373875 -0.093650 0.202183
v -0.371558 -0.090000 0.199349
v -0.371558 0.090000 0.199349
v -0.373875 0.093650 0.202183
v -0.375950 0.096920 0.204721
v -0.377904 0.100000 0.207112
v -0.379858 0.103080 0.209503
v -0.381934 0.106350 0.212041
v -0.384250 0.110000 0.214875
v -0.377633 -0.110000 0.219524
v -0.375735 -0.106350 0.216396
v -0.374034 -0.103080 0.213595
v -0.372433 -0.100000 0.210956
v -0.370831 -0.096920 0.208318
v -0.369131 -0.093650 0.205516
v -0.367232 -0.090000 0.202388
v -0.367232 0.090000 0.202388
v -0.369131 0.093650 0.205516
v -0.370831 0.096920 0.208318
v -0.372433 0.100000 0.210956
v -0.374034 0.103080 0.213595
v -0.375735 0.106350 0.216396
v -0.377633 0.110000 0.219524
v -0.370648 -0.110000 0.223148
v -0.369164 -0.106350 0.219806
v -0.367834 -0.103080 0.216812
v -0.366582 -0.100000 0.213992
v -0.365329 -0.096920 0.211172
v -0.364000 -0.093650 0.208178
v -0.362515 -0.090000 0.204836
v -0.362515 0.090000 0.204836
v -0.364000 0.093650 0.208178
v -0.365329 0.096920 0.211172
v -0.366582 0.100000 0.213992
v -0.367834 0.103080 0.216812
v -0.369164 0.106350 0.219806
v -0.370648 0.110000 0.223148
v -0.363469 -0.110000 0.225828
v -0.362381 -0.106350 0.222338
v -0.361406 -0.103080 0.219211
v -0.360489 -0.100000 0.216267
v -0.359571 -0.096920 0.213322
v -0.358597 -0.093650 0.210195
v -0.357509 -0.090000 0.206705
v -0.357509 0.090000 0.206705
v -0.358597 0.093650 0.210195
v -0.359571 0.096920 0.213322
v -0.360489 0.100000 0.216267
v -0.361406 0.103080 0.219211
v -0.362381 0.106350 0.222338
v -0.363469 0.110000 0.225828
v -0.356269 -0.110000 0.227644
v -0.355556 -0.106350 0.224058
v -0.354918 -0.103080 0.220847
v -0.354318 -0.100000 0.217822
v -0.353717 -0.096920 0.214798
v -0.353079 -0.093650 0.211587
v -0.352367 -0.090000 0.208001
v -0.352367 0.090000 0.208001
v -0.353079 0.093650 0.211587
v -0.353717 0.096920 0.214798
v -0.354318 0.100000 0.217822
v -0.354918 0.103080 0.220847
v -0.355556 0.106350 0.224058
v -0.356269 0.110000 0.227644
v -0.349221 -0.110000 0.228674
v -0.348868 -0.106350 0.225037
v -0.348551 -0.103080 0.221778
v -0.348253 -0.100000 0.218709
v -0.347955 -0.096920 0.215641
v -0.347639 -0.093650 0.212382
v -0.347285 -0.090000 0.208745
v -0.347285 0.090000 0.208745
v -0.347639 0.093650 0.212382
v -0.347955 0.096920 0.215641
v -0.348253 0.100000 0.218709
v -0.348551 0.103080 0.221778
v -0.348868 0.106350 0.225037
v -0.349221 0.110000 0.228674
v -0.342500 -0.110000 0.229000
v -0.342464 -0.106350 0.225347
v -0.342431 -0.103080 0.222075
v -0.342401 -0.100000 0.218993
v -0.342370 -0.096920 0.215911
v -0.342337 -0.093650 0.212639
v -0.342301 -0.090000 0.208986
v -0.342301 0.090000 0.208986
v -0.342337 0.093650 0.212639
v -0.342370 0.096920 0.215911
v -0.342401 0.100000 0.218993
v -0.342431 0.103080 0.222075
v -0.342464 0.106350 0.225347
v -0.342500 0.110000 0.229000
v -0.334478 -0.110000 0.228771
v -0.334685 -0.106350 0.225125
v -0.334871 -0.103080 0.221859
v -0.335046 -0.100000 0.218783
v -0.335221 -0.096920 0.215707
v -0.335406 -0.093650 0.212441
v -0.335613 -0.090000 0.208795
v -0.335613 0.090000 0.208795
v -0.335406 0.093650 0.212441
v -0.335221 0.096920 0.215707
v -0.335046 0.100000 0.218783
v -0.334871 0.103080 0.221859
v -0.334685 0.106350 0.225125
v -0.334478 0.110000 0.228771
v -0.326407 -0.110000 0.228083
v -0.326818 -0.106350 0.224455
v -0.327185 -0.103080 0.221204
v -0.327531 -0.100000 0.218143
v -0.327877 -0.096920 0.215081
v -0.328244 -0.093650 0.211831
v -0.328654 -0.090000 0.208202
v -0.328654 0.090000 0.208202
v -0.328244 0.093650 0.211831
v -0.327877 0.096920 0.215081
v -0.327531 0.100000 0.218143
v -0.327185 0.103080 0.221204
v -0.326818 0.106350 0.224455
v -0.326407 0.110000 0.228083
v -0.318281 -0.110000 0.226938
v -0.318887 -0.106350 0.223336
v -0.319430 -0.103080 0.220111
v -0.319942 -0.100000 0.217073
v -0.320453 -0.096920 0.214035
v -0.320996 -0.093650 0.210809
v -0.321602 -0.090000 0.207208
v -0.321602 0.090000 0.207208
v -0.320996 0.093650 0.210809
v -0.320453 0.096920 0.214035
v -0.319942 0.100000 0.217073
v -0.319430 0.103080 0.220111
v -0.318887 0.106350 0.223336
v -0.318281 0.110000 0.226938
v -0.310093 -0.110000 0.225333
v -0.310886 -0.106350 0.221769
v -0.311597 -0.103080 0.218576
v -0.312267 -0.100000 0.215569
v -0.312936 -0.096920 0.212562
v -0.313647 -0.093650 0.209369
v -0.314441 -0.090000 0.205805
v -0.314441 0.090000 0.205805
v -0.313647 0.093650 0.209369
v -0.312936 0.096920 0.212562
v -0.312267 0.100000 0.215569
v -0.311597 0.103080 0.218576
v -0.310886 0.106350 0.221769
v -0.310093 0.110000 0.225333
v -0.301835 -0.110000 0.223271
v -0.302806 -0.106350 0.219751
v -0.303676 -0.103080 0.216598
v -0.304495 -0.100000 0.213628
v -0.305315 -0.096920 0.210659
v -0.306185 -0.093650 0.207506
v -0.307156 -0.090000 0.203986
v -0.307156 0.090000 0.203986
v -0.306185 0.093650 0.207506
v -0.305315 0.096920 0.210659
v -0.304495 0.100000 0.213628
v -0.303676 0.103080 0.216598
v -0.302806 0.106350 0.219751
v -0.301835 0.110000 0.223271
v -0.293500 -0.110000 0.220750
v -0.294638 -0.106350 0.217280
v -0.295657 -0.103080 0.214173
v -0.296617 -0.100000 0.211245
v -0.297577 -0.096920 0.208318
v -0.298597 -0.093650 0.205211
v -0.299735 -0.090000 0.201741
v -0.299735 0.090000 0.201741
v -0.298597 0.093650 0.205211
v -0.297577 0.096920 0.208318
v -0.296617 0.100000 0.211245
v -0.295657 0.103080 0.214173
v -0.294638 0.106350 0.217280
v -0.293500 0.110000 0.220750
v -0.285082 -0.110000 0.217771
v -0.286376 -0.106350 0.214356
v -0.287534 -0.103080 0.211298
v -0.288625 -0.100000 0.208417
v -0.289716 -0.096920 0.205536
v -0.290875 -0.093650 0.202478
v -0.292168 -0.090000 0.199063
v -0.292168 0.090000 0.199063
v -0.290875 0.093650 0.202478
v -0.289716 0.096920 0.205536
v -0.288625 0.100000 0.208417
v -0.287534 0.103080 0.211298
v -0.286376 0.106350 0.214356
v -0.285082 0.110000 0.217771
v -0.276574 -0.110000 0.214333
v -0.278011 -0.106350 0.210977
v -0.279299 -0.103080 0.207970
v -0.280511 -0.100000 0.205139
v -0.281723 -0.096920 0.202307
v -0.283011 -0.093650 0.199300
v -0.284448 -0.090000 0.195944
v -0.284448 0.090000 0.195944
v -0.283011 0.093650 0.199300
v -0.281723 0.096920 0.202307
v -0.280511 0.100000 0.205139
v -0.279299 0.103080 0.207970
v -0.278011 0.106350 0.210977
v -0.276574 0.110000 0.214333
v -0.267969 -0.110000 0.210438
v -0.269538 -0.106350 0.207141
v -0.270944 -0.103080 0.204188
v -0.272268 -0.100000 0.201407
v -0.273592 -0.096920 0.198626
v -0.274998 -0.093650 0.195673
v -0.276568 -0.090000 0.192376
v -0.276568 0.090000 0.192376
v -0.274998 0.093650 0.195673
v -0.273592 0.096920 0.198626
v -0.272268 0.100000 0.201407
v -0.270944 0.103080 0.204188
v -0.269538 0.106350 0.207141
v -0.267969 0.110000 0.210438
v -0.259259 -0.110000 0.206083
v -0.260950 -0.106350 0.202847
v -0.262465 -0.103080 0.199949
v -0.263891 -0.100000 0.197219
v -0.265318 -0.096920 0.194489
v -0.266833 -0.093650 0.191591
v -0.268523 -0.090000 0.188355
v -0.268523 0.090000 0.188355
v -0.266833 0.093650 0.191591
v -0.265318 0.096920 0.194489
v -0.263891 0.100000 0.197219
v -0.262465 0.103080 0.199949
v -0.260950 0.106350 0.202847
v -0.259259 0.110000 0.206083
v -0.250439 -0.110000 0.201271
v -0.252240 -0.106350 0.198095
v -0.253854 -0.103080 0.195251
v -0.255374 -0.100000 0.192572
v -0.256895 -0.096920 0.189893
v -0.258509 -0.093650 0.187049
v -0.260310 -0.090000 0.183874
v -0.260310 0.090000 0.183874
v -0.258509 0.093650 0.187049
v -0.256895 0.096920 0.189893
v -0.255374 0.100000 0.192572
v -0.253854 0.103080 0.195251
v -0.252240 0.106350 0.198095
v -0.250439 0.110000 0.201271
v -0.241500 -0.110000 0.196000
v -0.237850 -0.106350 0.189610
v -0.234580 -0.103080 0.183885
v -0.231500 -0.100000 0.178494
v -0.228420 -0.096920 0.173103
v -0.225150 -0.093650 0.167379
v -0.221500 -0.090000 0.160989
v -0.221500 0.090000 0.160989
v -0.225150 0.093650 0.167379
v -0.228420 0.096920 0.173103
v -0.231500 0.100000 0.178494
v -0.234580 0.103080 0.183885
v -0.237850 0.106350 0.189610
v -0.241500 0.110000 0.196000
v -0.241500 -0.110000 0.279000
v -0.237850 -0.106350 0.281226
v -0.234580 -0.103080 0.283221
v -0.231500 -0.100000 0.285099
v -0.228420 -0.096920 0.286978
v -0.225150 -0.093650 0.288972
v -0.221500 -0.090000 0.291198
v -0.221500 0.090000 0.291198
v -0.225150 0.093650 0.288972
v -0.228420 0.096920 0.286978
v -0.231500 0.100000 0.285099
v -0.234580 0.103080 0.283221
v -0.237850 0.106350 0.281226
v -0.241500 0.110000 0.279000
v -0.249583 -0.110000 0.283161
v -0.247988 -0.106350 0.286446
v -0.246559 -0.103080 0.289388
v -0.245213 -0.100000 0.292159
v -0.243867 -0.096920 0.294930
v -0.242438 -0.093650 0.297872
v -0.240842 -0.090000 0.301156
v -0.240842 0.090000 0.301156
v -0.242438 0.093650 0.297872
v -0.243867 0.096920 0.294930
v -0.245213 0.100000 0.292159
v -0.246559 0.103080 0.289388
v -0.247988 0.106350 0.286446
v -0.249583 0.110000 0.283161
v -0.258250 -0.110000 0.287125
v -0.256799 -0.106350 0.290475
v -0.255499 -0.103080 0.293477
v -0.254275 -0.100000 0.296303
v -0.253051 -0.096920 0.299130
v -0.251751 -0.093650 0.302131
v -0.250300 -0.090000 0.305482
v -0.250300 0.090000 0.305482
v -0.251751 0.093650 0.302131
v -0.253051 0.096920 0.299130
v -0.254275 0.100000 0.296303
v -0.255499 0.103080 0.293477
v -0.256799 0.106350 0.290475
v -0.258250 0.110000 0.287125
v -0.267375 -0.110000 0.290859
v -0.266054 -0.106350 0.294263
v -0.264871 -0.103080 0.297312
v -0.263756 -0.100000 0.300183
v -0.262642 -0.096920 0.303055
v -0.261458 -0.093650 0.306104
v -0.260137 -0.090000 0.309507
v -0.260137 0.090000 0.309507
v -0.261458 0.093650 0.306104
v -0.262642 0.096920 0.303055
v -0.263756 0.100000 0.300183
v -0.264871 0.103080 0.297312
v -0.266054 0.106350 0.294263
v -0.267375 0.110000 0.290859
v -0.276833 -0.110000 0.294333
v -0.275633 -0.106350 0.297781
v -0.274558 -0.103080 0.300870
v -0.273545 -0.100000 0.303779
v -0.272532 -0.096920 0.306688
v -0.271457 -0.093650 0.309776
v -0.270257 -0.090000 0.313224
v -0.270257 0.090000 0.313224
v -0.271457 0.093650 0.309776
v -0.272532 0.096920 0.306688
v -0.273545 0.100000 0.303779
v -0.274558 0.103080 0.300870
v -0.275633 0.106350 0.297781
v -0.276833 0.110000 0.294333
v -0.286500 -0.110000 0.297516
v -0.285415 -0.106350 0.301002
v -0.284444 -0.103080 0.304124
v -0.283529 -0.100000 0.307065
v -0.282614 -0.096920 0.310006
v -0.281642 -0.093650 0.313129
v -0.280557 -0.090000 0.316615
v -0.280557 0.090000 0.316615
v -0.281642 0.093650 0.313129
v -0.282614 0.096920 0.310006
v -0.283529 0.100000 0.307065
v -0.284444 0.103080 0.304124
v -0.285415 0.106350 0.301002
v -0.286500 0.110000 0.297516
v -0.296250 -0.110000 0.300375
v -0.295280 -0.106350 0.303895
v -0.294411 -0.103080 0.307048
v -0.293593 -0.100000 0.310017
v -0.292775 -0.096920 0.312986
v -0.291906 -0.093650 0.316139
v -0.290936 -0.090000 0.319659
v -0.290936 0.090000 0.319659
v -0.291906 0.093650 0.316139
v -0.292775 0.096920 0.312986
v -0.293593 0.100000 0.310017
v -0.294411 0.103080 0.307048
v -0.295280 0.106350 0.303895
v -0.296250 0.110000 0.300375
v -0.305958 -0.110000 0.302880
v -0.305106 -0.106350 0.306430
v -0.304343 -0.103080 0.309610
v -0.303624 -0.100000 0.312605
v -0.302905 -0.096920 0.315600
v -0.302142 -0.093650 0.318781
v -0.301290 -0.090000 0.322331
v -0.301290 0.090000 0.322331
v -0.302142 0.093650 0.318781
v -0.302905 0.096920 0.315600
v -0.303624 0.100000 0.312605
v -0.304343 0.103080 0.309610
v -0.305106 0.106350 0.306430
v -0.305958 0.110000 0.302880
v -0.315500 -0.110000 0.305000
v -0.314773 -0.106350 0.308578
v -0.314123 -0.103080 0.311783
v -0.313510 -0.100000 0.314802
v -0.312897 -0.096920 0.317820
v -0.312246 -0.093650 0.321025
v -0.311519 -0.090000 0.324603
v -0.311519 0.090000 0.324603
v -0.312246 0.093650 0.321025
v -0.312897 0.096920 0.317820
v -0.313510 0.100000 0.314802
v -0.314123 0.103080 0.311783
v -0.314773 0.106350 0.308578
v -0.315500 0.110000 0.305000
v -0.324750 -0.110000 0.306703
v -0.324162 -0.106350 0.310307
v -0.323636 -0.103080 0.313535
v -0.323141 -0.100000 0.316575
v -0.322645 -0.096920 0.319615
v -0.322119 -0.093650 0.322843
v -0.321531 -0.090000 0.326447
v -0.321531 0.090000 0.326447
v -0.322119 0.093650 0.322843
v -0.322645 0.096920 0.319615
v -0.323141 0.100000 0.316575
v -0.323636 0.103080 0.313535
v -0.324162 0.106350 0.310307
v -0.324750 0.110000 0.306703
v -0.333583 -0.110000 0.307958
v -0.333156 -0.106350 0.311585
v -0.332774 -0.103080 0.314833
v -0.332413 -0.100000 0.317893
v -0.332053 -0.096920 0.320952
v -0.331670 -0.093650 0.324200
v -0.331243 -0.090000 0.327827
v -0.331243 0.090000 0.327827
v -0.331670 0.093650 0.324200
v -0.332053 0.096920 0.320952
v -0.332413 0.100000 0.317893
v -0.332774 0.103080 0.314833
v -0.333156 0.106350 0.311585
v -0.333583 0.110000 0.307958
v -0.341875 -0.110000 0.308734
v -0.341641 -0.106350 0.312379
v -0.341432 -0.103080 0.315643
v -0.341234 -0.100000 0.318718
v -0.341037 -0.096920 0.321793
v -0.340828 -0.093650 0.325057
v -0.340594 -0.090000 0.328702
v -0.340594 0.090000 0.328702
v -0.340828 0.093650 0.325057
v -0.341037 0.096920 0.321793
v -0.341234 0.100000 0.318718
v -0.341432 0.103080 0.315643
v -0.341641 0.106350 0.312379
v -0.341875 0.110000 0.308734
v -0.349500 -0.110000 0.309000
v -0.349533 -0.106350 0.312654
v -0.349562 -0.103080 0.315927
v -0.349590 -0.100000 0.319009
v -0.349617 -0.096920 0.322092
v -0.349647 -0.093650 0.325365
v -0.349679 -0.090000 0.329018
v -0.349679 0.090000 0.329018
v -0.349647 0.093650 0.325365
v -0.349617 0.096920 0.322092
v -0.349590 0.100000 0.319009
v -0.349562 0.103080 0.315927
v -0.349533 0.106350 0.312654
v -0.349500 0.110000 0.309000
v -0.372749 -0.110000 0.307773
v -0.373151 -0.106350 0.311407
v -0.373511 -0.103080 0.314662
v -0.373850 -0.100000 0.317728
v -0.374189 -0.096920 0.320794
v -0.374549 -0.093650 0.324050
v -0.374951 -0.090000 0.327684
v -0.374951 0.090000 0.327684
v -0.374549 0.093650 0.324050
v -0.374189 0.096920 0.320794
v -0.373850 0.100000 0.317728
v -0.373511 0.103080 0.314662
v -0.373151 0.106350 0.311407
v -0.372749 0.110000 0.307773
v -0.393995 -0.110000 0.304181
v -0.394832 -0.106350 0.307741
v -0.395581 -0.103080 0.310931
v -0.396286 -0.100000 0.313935
v -0.396992 -0.096920 0.316939
v -0.397741 -0.093650 0.320129
v -0.398577 -0.090000 0.323690
v -0.398577 0.090000 0.323690
v -0.397741 0.093650 0.320129
v -0.396992 0.096920 0.316939
v -0.396286 0.100000 0.313935
v -0.395581 0.103080 0.310931
v -0.394832 0.106350 0.307741
v -0.393995 0.110000 0.304181
v -0.413234 -0.110000 0.298359
v -0.414531 -0.106350 0.301781
v -0.415692 -0.103080 0.304846
v -0.416786 -0.100000 0.307732
v -0.417880 -0.096920 0.310619
v -0.419042 -0.093650 0.313684
v -0.420338 -0.090000 0.317105
v -0.420338 0.090000 0.317105
v -0.419042 0.093650 0.313684
v -0.417880 0.096920 0.310619
v -0.416786 0.100000 0.307732
v -0.415692 0.103080 0.304846
v -0.414531 0.106350 0.301781
v -0.413234 0.110000 0.298359
v -0.430463 -0.110000 0.290444
v -0.432228 -0.106350 0.293651
v -0.433809 -0.103080 0.296523
v -0.435297 -0.100000 0.299228
v -0.436786 -0.096920 0.301933
v -0.438367 -0.093650 0.304806
v -0.440132 -0.090000 0.308012
v -0.440132 0.090000 0.308012
v -0.438367 0.093650 0.304806
v -0.436786 0.096920 0.301933
v -0.435297 0.100000 0.299228
v -0.433809 0.103080 0.296523
v -0.432228 0.106350 0.293651
v -0.430463 0.110000 0.290444
v -0.445678 -0.110000 0.280571
v -0.447894 -0.106350 0.283485
v -0.449880 -0.103080 0.286094
v -0.451750 -0.100000 0.288552
v -0.453620 -0.096920 0.291010
v -0.455605 -0.093650 0.293619
v -0.457822 -0.090000 0.296533
v -0.457822 0.090000 0.296533
v -0.455605 0.093650 0.293619
v -0.453620 0.096920 0.291010
v -0.451750 0.100000 0.288552
v -0.449880 0.103080 0.286094
v -0.447894 0.106350 0.283485
v -0.445678 0.110000 0.280571
v -0.458875 -0.110000 0.268875
v -0.461501 -0.106350 0.271425
v -0.463854 -0.103080 0.273710
v -0.466069 -0.100000 0.275861
v -0.468285 -0.096920 0.278012
v -0.470638 -0.093650 0.280297
v -0.473264 -0.090000 0.282847
v -0.473264 0.090000 0.282847
v -0.470638 0.093650 0.280297
v -0.468285 0.096920 0.278012
v -0.466069 0.100000 0.275861
v -0.463854 0.103080 0.273710
v -0.461501 0.106350 0.271425
v -0.458875 0.110000 0.268875
v -0.470052 -0.110000 0.255491
v -0.473025 -0.106350 0.257626
v -0.475688 -0.103080 0.259539
v -0.478196 -0.100000 0.261340
v -0.480704 -0.096920 0.263141
v -0.483367 -0.093650 0.265053
v -0.486340 -0.090000 0.267188
v -0.486340 0.090000 0.267188
v -0.483367 0.093650 0.265053
v -0.480704 0.096920 0.263141
v -0.478196 0.100000 0.261340
v -0.475688 0.103080 0.259539
v -0.473025 0.106350 0.257626
v -0.470052 0.110000 0.255491
v -0.479204 -0.110000 0.240556
v -0.482449 -0.106350 0.242246
v -0.485356 -0.103080 0.243761
v -0.488094 -0.100000 0.245187
v -0.490831 -0.096920 0.246614
v -0.493738 -0.093650 0.248128
v -0.496984 -0.090000 0.249819
v -0.496984 0.090000 0.249819
v -0.493738 0.093650 0.248128
v -0.490831 0.096920 0.246614
v -0.488094 0.100000 0.245187
v -0.485356 0.103080 0.243761
v -0.482449 0.106350 0.242246
v -0.479204 0.110000 0.240556
v -0.486328 -0.110000 0.224203
v -0.489769 -0.106350 0.225444
v -0.492852 -0.103080 0.226555
v -0.495755 -0.100000 0.227602
v -0.498658 -0.096920 0.228649
v -0.501741 -0.093650 0.229760
v -0.505182 -0.090000 0.231001
v -0.505182 0.090000 0.231001
v -0.501741 0.093650 0.229760
v -0.498658 0.096920 0.228649
v -0.495755 0.100000 0.227602
v -0.492852 0.103080 0.226555
v -0.489769 0.106350 0.225444
v -0.486328 0.110000 0.224203
v -0.491421 -0.110000 0.206569
v -0.494989 -0.106350 0.207372
v -0.498185 -0.103080 0.208091
v -0.501195 -0.100000 0.208769
v -0.504205 -0.096920 0.209446
v -0.507401 -0.093650 0.210165
v -0.510969 -0.090000 0.210968
v -0.510969 0.090000 0.210968
v -0.507401 0.093650 0.210165
v -0.504205 0.096920 0.209446
v -0.501195 0.100000 0.208769
v -0.498185 0.103080 0.208091
v -0.494989 0.106350 0.207372
v -0.491421 0.110000 0.206569
v -0.494480 -0.110000 0.187790
v -0.498115 -0.106350 0.188178
v -0.501371 -0.103080 0.188527
v -0.504438 -0.100000 0.188854
v -0.507505 -0.096920 0.189182
v -0.510761 -0.093650 0.189530
v -0.514397 -0.090000 0.189919
v -0.514397 0.090000 0.189919
v -0.510761 0.093650 0.189530
v -0.507505 0.096920 0.189182
v -0.504438 0.100000 0.188854
v -0.501371 0.103080 0.188527
v -0.498115 0.106350 0.188178
v -0.494480 0.110000 0.187790
v -0.495500 -0.110000 0.168000
v -0.499150 -0.106350 0.168094
v -0.502420 -0.103080 0.168178
v -0.505500 -0.100000 0.168258
v -0.508580 -0.096920 0.168337
v -0.511850 -0.093650 0.168421
v -0.515500 -0.090000 0.168515
v -0.515500 0.090000 0.168515
v -0.511850 0.093650 0.168421
v -0.508580 0.096920 0.168337
v -0.505500 0.100000 0.168258
v -0.502420 0.103080 0.168178
v -0.499150 0.106350 0.168094
v -0.495500 0.110000 0.168000
v -0.495500 -0.110000 -0.069000
v -0.499150 -0.106350 -0.065350
v -0.502420 -0.103080 -0.062080
v -0.505500 -0.100000 -0.059000
v -0.508580 -0.096920 -0.055920
v -0.511850 -0.093650 -0.052650
v -0.515500 -0.090000 -0.049000
v -0.515500 0.090000 -0.049000
v -0.511850 0.093650 -0.052650
v -0.508580 0.096920 -0.055920
v -0.505500 0.100000 -0.059000
v -0.502420 0.103080 -0.062080
v -0.499150 0.106350 -0.065350
v -0.495500 0.110000 -0.069000
v -0.573500 -0.110000 -0.069000
v -0.577150 -0.106350 -0.065350
v -0.580420 -0.103080 -0.062080
v -0.583500 -0.100000 -0.059000
v -0.586580 -0.096920 -0.055920
v -0.589850 -0.093650 -0.052650
v -0.593500 -0.090000 -0.049000
v -0.593500 0.090000 -0.049000
v -0.589850 0.093650 -0.052650
v -0.586580 0.096920 -0.055920
v -0.583500 0.100000 -0.059000
v -0.580420 0.103080 -0.062080
v -0.577150 0.106350 -0.065350
v -0.573500 0.110000 -0.069000
v -0.573500 -0.110000 -0.079000
v -0.577150 -0.106350 -0.080538
v -0.580420 -0.103080 -0.081916
v -0.583500 -0.100000 -0.083213
v -0.586580 -0.096920 -0.084511
v -0.589850 -0.093650 -0.085889
v -0.593500 -0.090000 -0.087427
v -0.593500 0.090000 -0.087427
v -0.589850 0.093650 -0.085889
v -0.586580 0.096920 -0.084511
v -0.583500 0.100000 -0.083213
v -0.580420 0.103080 -0.081916
v -0.577150 0.106350 -0.080538
v -0.573500 0.110000 -0.079000
v -0.406500 -0.110000 -0.242000
v -0.402850 -0.106350 -0.250664
v -0.399580 -0.103080 -0.258425
v -0.396500 -0.100000 -0.265734
v -0.393420 -0.096920 -0.273044
v -0.390150 -0.093650 -0.280805
v -0.386500 -0.090000 -0.289469
v -0.386500 0.090000 -0.289469
v -0.390150 0.093650 -0.280805
v -0.393420 0.096920 -0.273044
v -0.396500 0.100000 -0.265734
v -0.399580 0.103080 -0.258425
v -0.402850 0.106350 -0.250664
v -0.406500 0.110000 -0.242000
v -0.406500 -0.110000 -0.149000
v -0.402850 -0.106350 -0.152650
v -0.399580 -0.103080 -0.155920
v -0.396500 -0.100000 -0.159000
v -0.393420 -0.096920 -0.162080
v -0.390150 -0.093650 -0.165350
v -0.386500 -0.090000 -0.169000
v -0.386500 0.090000 -0.169000
v -0.390150 0.093650 -0.165350
v -0.393420 0.096920 -0.162080
v -0.396500 0.100000 -0.159000
v -0.399580 0.103080 -0.155920
v -0.402850 0.106350 -0.152650
v -0.406500 0.110000 -0.149000
v 0.488500 -0.110000 -0.294000
v 0.492150 -0.106350 -0.290350
v 0.495420 -0.103080 -0.287080
v 0.498500 -0.100000 -0.284000
v 0.501580 -0.096920 -0.280920
v 0.504850 -0.093650 -0.277650
v 0.508500 -0.090000 -0.274000
v 0.508500 0.090000 -0.274000
v 0.504850 0.093650 -0.277650
v 0.501580 0.096920 -0.280920
v 0.498500 0.100000 -0.284000
v 0.495420 0.103080 -0.287080
v 0.492150 0.106350 -0.290350
v 0.488500 0.110000 -0.294000
v 0.488500 -0.110000 0.300000
v 0.492150 -0.106350 0.303650
v 0.495420 -0.103080 0.306920
v 0.498500 -0.100000 0.310000
v 0.501580 -0.096920 0.313080
v 0.504850 -0.093650 0.316350
v 0.508500 -0.090000 0.320000
v 0.508500 0.090000 0.320000
v 0.504850 0.093650 0.316350
v 0.501580 0.096920 0.313080
v 0.498500 0.100000 0.310000
v 0.495420 0.103080 0.306920
v 0.492150 0.106350 0.303650
v 0.488500 0.110000 0.300000
v 0.390500 -0.110000 0.300000
v 0.386850 -0.106350 0.303650
v 0.383580 -0.103080 0.306920
v 0.380500 -0.100000 0.310000
v 0.377420 -0.096920 0.313080
v 0.374151 -0.093650 0.316350
v 0.370500 -0.090000 0.320000
v 0.370500 0.090000 0.320000
v 0.374151 0.093650 0.316350
v 0.377420 0.096920 0.313080
v 0.380500 0.100000 0.310000
v 0.383580 0.103080 0.306920
v 0.386850 0.106350 0.303650
v 0.390500 0.110000 0.300000
v 0.390500 -0.110000 -0.294000
v 0.386850 -0.106350 -0.290350
v 0.383580 -0.103080 -0.287080
v 0.380500 -0.100000 -0.284000
v 0.377420 -0.096920 -0.280920
v 0.374151 -0.093650 -0.277650
v 0.370500 -0.090000 -0.274000
v 0.370500 0.090000 -0.274000
v 0.374151 0.093650 -0.277650
v 0.377420 0.096920 -0.280920
v 0.380500 0.100000 -0.284000
v 0.383580 0.103080 -0.287080
v 0.386850 0.106350 -0.290350
v 0.390500 0.110000 -0.294000
v 0.154500 -0.110000 -0.294000
v 0.150850 -0.106350 -0.290350
v 0.147580 -0.103080 -0.287080
v 0.144500 -0.100000 -0.284000
v 0.141420 -0.096920 -0.280920
v 0.138150 -0.093650 -0.277650
v 0.134500 -0.090000 -0.274000
v 0.134500 0.090000 -0.274000
v 0.138150 0.093650 -0.277650
v 0.141420 0.096920 -0.280920
v 0.144500 0.100000 -0.284000
v 0.147580 0.103080 -0.287080
v 0.150850 0.106350 -0.290350
v 0.154500 0.110000 -0.294000
v 0.154500 -0.110000 -0.382000
v 0.150850 -0.106350 -0.385650
v 0.147580 -0.103080 -0.388920
v 0.144500 -0.100000 -0.392000
v 0.141420 -0.096920 -0.395080
v 0.138150 -0.093650 -0.398350
v 0.134500 -0.090000 -0.402000
v 0.134500 0.090000 -0.402000
v 0.138150 0.093650 -0.398350
v 0.141420 0.096920 -0.395080
v 0.144500 0.100000 -0.392000
v 0.147580 0.103080 -0.388920
v 0.150850 0.106350 -0.385650
v 0.154500 0.110000 -0.382000
v 0.724500 -0.110000 -0.382000
v 0.728150 -0.106350 -0.385650
v 0.731420 -0.103080 -0.388920
v 0.734500 -0.100000 -0.392000
v 0.737580 -0.096920 -0.395080
v 0.740850 -0.093650 -0.398350
v 0.744500 -0.090000 -0.402000
v 0.744500 0.090000 -0.402000
v 0.740850 0.093650 -0.398350
v 0.737580 0.096920 -0.395080
v 0.734500 0.100000 -0.392000
v 0.731420 0.103080 -0.388920
v 0.728150 0.106350 -0.385650
v 0.724500 0.110000 -0.382000
v 0.724500 -0.110000 -0.294000
v 0.728150 -0.106350 -0.290350
v 0.731420 -0.103080 -0.287080
v 0.734500 -0.100000 -0.284000
v 0.737580 -0.096920 -0.280920
v 0.740850 -0.093650 -0.277650
v 0.744500 -0.090000 -0.274000
v 0.744500 0.090000 -0.274000
v 0.740850 0.093650 -0.277650
v 0.737580 0.096920 -0.280920
v 0.734500 0.100000 -0.284000
v 0.731420 0.103080 -0.287080
v 0.728150 0.106350 -0.290350
v 0.724500 0.110000 -0.294000
v 0.856500 -0.110000 0.300000
v 0.852850 -0.106350 0.303650
v 0.849580 -0.103080 0.306920
v 0.846500 -0.100000 0.310000
v 0.843420 -0.096920 0.313080
v 0.840151 -0.093650 0.316350
v 0.836500 -0.090000 0.320000
v 0.836500 0.090000 0.320000
v 0.840151 0.093650 0.316350
v 0.843420 0.096920 0.313080
v 0.846500 0.100000 0.310000
v 0.849580 0.103080 0.306920
v 0.852850 0.106350 0.303650
v 0.856500 0.110000 0.300000
v 0.856500 -0.110000 -0.149000
v 0.852850 -0.106350 -0.152650
v 0.849580 -0.103080 -0.155920
v 0.846500 -0.100000 -0.159000
v 0.843420 -0.096920 -0.162080
v 0.840151 -0.093650 -0.165350
v 0.836500 -0.090000 -0.169000
v 0.836500 0.090000 -0.169000
v 0.840151 0.093650 -0.165350
v 0.843420 0.096920 -0.162080
v 0.846500 0.100000 -0.159000
v 0.849580 0.103080 -0.155920
v 0.852850 0.106350 -0.152650
v 0.856500 0.110000 -0.149000
v 0.945500 -0.110000 -0.149000
v 0.949151 -0.106350 -0.152650
v 0.952420 -0.103080 -0.155920
v 0.955500 -0.100000 -0.159000
v 0.958580 -0.096920 -0.162080
v 0.961850 -0.093650 -0.165350
v 0.965500 -0.090000 -0.169000
v 0.965500 0.090000 -0.169000
v 0.961850 0.093650 -0.165350
v 0.958580 0.096920 -0.162080
v 0.955500 0.100000 -0.159000
v 0.952420 0.103080 -0.155920
v 0.949151 0.106350 -0.152650
v 0.945500 0.110000 -0.149000
v 0.945500 -0.110000 0.300000
v 0.949151 -0.106350 0.303650
v 0.952420 -0.103080 0.306920
v 0.955500 -0.100000 0.310000
v 0.958580 -0.096920 0.313080
v 0.961850 -0.093650 0.316350
v 0.965500 -0.090000 0.320000
v 0.965500 0.090000 0.320000
v 0.961850 0.093650 0.316350
v 0.958580 0.096920 0.313080
v 0.955500 0.100000 0.310000
v 0.952420 0.103080 0.306920
v 0.949151 0.106350 0.303650
v 0.945500 0.110000 0.300000
v 0.894365 -0.110000 -0.232489
v 0.893867 -0.106350 -0.228864
v 0.893422 -0.103080 -0.225617
v 0.893002 -0.100000 -0.222559
v 0.892582 -0.096920 -0.219501
v 0.892136 -0.093650 -0.216254
v 0.891638 -0.090000 -0.212629
v 0.891638 0.090000 -0.212629
v 0.892136 0.093650 -0.216254
v 0.892582 0.096920 -0.219501
v 0.893002 0.100000 -0.222559
v 0.893422 0.103080 -0.225617
v 0.893867 0.106350 -0.228864
v 0.894365 0.110000 -0.232489
v 0.887505 -0.110000 -0.233912
v 0.886525 -0.106350 -0.230387
v 0.885647 -0.103080 -0.227230
v 0.884820 -0.100000 -0.224256
v 0.883993 -0.096920 -0.221282
v 0.883115 -0.093650 -0.218125
v 0.882135 -0.090000 -0.214600
v 0.882135 0.090000 -0.214600
v 0.883115 0.093650 -0.218125
v 0.883993 0.096920 -0.221282
v 0.884820 0.100000 -0.224256
v 0.885647 0.103080 -0.227230
v 0.886525 0.106350 -0.230387
v 0.887505 0.110000 -0.233912
v 0.880984 -0.110000 -0.236203
v 0.879549 -0.106350 -0.232838
v 0.878264 -0.103080 -0.229824
v 0.877053 -0.100000 -0.226985
v 0.875842 -0.096920 -0.224146
v 0.874557 -0.093650 -0.221132
v 0.873122 -0.090000 -0.217767
v 0.873122 0.090000 -0.217767
v 0.874557 0.093650 -0.221132
v 0.875842 0.096920 -0.224146
v 0.877053 0.100000 -0.226985
v 0.878264 0.103080 -0.229824
v 0.879549 0.106350 -0.232838
v 0.880984 0.110000 -0.236203
v 0.874870 -0.110000 -0.239296
v 0.873014 -0.106350 -0.236145
v 0.871351 -0.103080 -0.233321
v 0.869785 -0.100000 -0.230662
v 0.868218 -0.096920 -0.228004
v 0.866555 -0.093650 -0.225180
v 0.864699 -0.090000 -0.222029
v 0.864699 0.090000 -0.222029
v 0.866555 0.093650 -0.225180
v 0.868218 0.096920 -0.228004
v 0.869785 0.100000 -0.230662
v 0.871351 0.103080 -0.233321
v 0.873014 0.106350 -0.236145
v 0.874870 0.110000 -0.239296
v 0.869229 -0.110000 -0.243126
v 0.866988 -0.106350 -0.240235
v 0.864980 -0.103080 -0.237645
v 0.863090 -0.100000 -0.235207
v 0.861199 -0.096920 -0.232768
v 0.859192 -0.093650 -0.230178
v 0.856951 -0.090000 -0.227287
v 0.856951 0.090000 -0.227287
v 0.859192 0.093650 -0.230178
v 0.861199 0.096920 -0.232768
v 0.863090 0.100000 -0.235207
v 0.864980 0.103080 -0.237645
v 0.866988 0.106350 -0.240235
v 0.869229 0.110000 -0.243126
v 0.864125 -0.110000 -0.247625
v 0.861539 -0.106350 -0.245039
v 0.859222 -0.103080 -0.242722
v 0.857040 -0.100000 -0.240540
v 0.854858 -0.096920 -0.238358
v 0.852541 -0.093650 -0.236041
v 0.849955 -0.090000 -0.233455
v 0.849955 0.090000 -0.233455
v 0.852541 0.093650 -0.236041
v 0.854858 0.096920 -0.238358
v 0.857040 0.100000 -0.240540
v 0.859222 0.103080 -0.242722
v 0.861539 0.106350 -0.245039
v 0.864125 0.110000 -0.247625
v 0.859626 -0.110000 -0.252729
v 0.856735 -0.106350 -0.250488
v 0.854145 -0.103080 -0.248480
v 0.851707 -0.100000 -0.246590
v 0.849268 -0.096920 -0.244699
v 0.846678 -0.093650 -0.242692
v 0.843787 -0.090000 -0.240451
v 0.843787 0.090000 -0.240451
v 0.846678 0.093650 -0.242692
v 0.849268 0.096920 -0.244699
v 0.851707 0.100000 -0.246590
v 0.854145 0.103080 -0.248480
v 0.856735 0.106350 -0.250488
v 0.859626 0.110000 -0.252729
v 0.855796 -0.110000 -0.258370
v 0.852645 -0.106350 -0.256514
v 0.849821 -0.103080 -0.254851
v 0.847163 -0.100000 -0.253284
v 0.844504 -0.096920 -0.251718
v 0.841680 -0.093650 -0.250055
v 0.838529 -0.090000 -0.248199
v 0.838529 0.090000 -0.248199
v 0.841680 0.093650 -0.250055
v 0.844504 0.096920 -0.251718
v 0.847163 0.100000 -0.253284
v 0.849821 0.103080 -0.254851
v 0.852645 0.106350 -0.256514
v 0.855796 0.110000 -0.258370
v 0.852703 -0.110000 -0.264484
v 0.849338 -0.106350 -0.263049
v 0.846324 -0.103080 -0.261764
v 0.843485 -0.100000 -0.260553
v 0.840646 -0.096920 -0.259342
v 0.837632 -0.093650 -0.258057
v 0.834267 -0.090000 -0.256622
v 0.834267 0.090000 -0.256622
v 0.837632 0.093650 -0.258057
v 0.840646 0.096920 -0.259342
v 0.843485 0.100000 -0.260553
v 0.846324 0.103080 -0.261764
v 0.849338 0.106350 -0.263049
v 0.852703 0.110000 -0.264484
v 0.850412 -0.110000 -0.271005
v 0.846887 -0.106350 -0.270025
v 0.843730 -0.103080 -0.269147
v 0.840756 -0.100000 -0.268320
v 0.837783 -0.096920 -0.267493
v 0.834625 -0.093650 -0.266615
v 0.831100 -0.090000 -0.265635
v 0.831100 0.090000 -0.265635
v 0.834625 0.093650 -0.266615
v 0.837783 0.096920 -0.267493
v 0.840756 0.100000 -0.268320
v 0.843730 0.103080 -0.269147
v 0.846887 0.106350 -0.270025
v 0.850412 0.110000 -0.271005
v 0.848989 -0.110000 -0.277865
v 0.845364 -0.106350 -0.277367
v 0.842117 -0.103080 -0.276921
v 0.839059 -0.100000 -0.276502
v 0.836001 -0.096920 -0.276082
v 0.832754 -0.093650 -0.275636
v 0.829129 -0.090000 -0.275138
v 0.829129 0.090000 -0.275138
v 0.832754 0.093650 -0.275636
v 0.836001 0.096920 -0.276082
v 0.839059 0.100000 -0.276502
v 0.842117 0.103080 -0.276921
v 0.845364 0.106350 -0.277367
v 0.848989 0.110000 -0.277865
v 0.848500 -0.110000 -0.285000
v 0.844841 -0.106350 -0.285000
v 0.841564 -0.103080 -0.285000
v 0.838477 -0.100000 -0.285000
v 0.835390 -0.096920 -0.285000
v 0.832112 -0.093650 -0.285000
v 0.828453 -0.090000 -0.285000
v 0.828453 0.090000 -0.285000
v 0.832112 0.093650 -0.285000
v 0.835390 0.096920 -0.285000
v 0.838477 0.100000 -0.285000
v 0.841564 0.103080 -0.285000
v 0.844841 0.106350 -0.285000
v 0.848500 0.110000 -0.285000
v 0.848989 -0.110000 -0.292135
v 0.845364 -0.106350 -0.292633
v 0.842117 -0.103080 -0.293079
v 0.839059 -0.100000 -0.293499
v 0.836001 -0.096920 -0.293919
v 0.832754 -0.093650 -0.294364
v 0.829129 -0.090000 -0.294862
v 0.829129 0.090000 -0.294862
v 0.832754 0.093650 -0.294364
v 0.836001 0.096920 -0.293919
v 0.839059 0.100000 -0.293499
v 0.842117 0.103080 -0.293079
v 0.845364 0.106350 -0.292633
v 0.848989 0.110000 -0.292135
v 0.850412 -0.110000 -0.298995
v 0.846887 -0.106350 -0.299976
v 0.843730 -0.103080 -0.300854
v 0.840756 -0.100000 -0.301680
v 0.837782 -0.096920 -0.302507
v 0.834625 -0.093650 -0.303385
v 0.831100 -0.090000 -0.304365
v 0.831100 0.090000 -0.304365
v 0.834625 0.093650 -0.303385
v 0.837782 0.096920 -0.302507
v 0.840756 0.100000 -0.301680
v 0.843730 0.103080 -0.300854
v 0.846887 0.106350 -0.299976
v 0.850412 0.110000 -0.298995
v 0.852703 -0.110000 -0.305516
v 0.849338 -0.106350 -0.306951
v 0.846324 -0.103080 -0.308236
v 0.843485 -0.100000 -0.309447
v 0.840646 -0.096920 -0.310658
v 0.837632 -0.093650 -0.311943
v 0.834267 -0.090000 -0.313378
v 0.834267 0.090000 -0.313378
v 0.837632 0.093650 -0.311943
v 0.840646 0.096920 -0.310658
v 0.843485 0.100000 -0.309447
v 0.846324 0.103080 -0.308236
v 0.849338 0.106350 -0.306951
v 0.852703 0.110000 -0.305516
v 0.855796 -0.110000 -0.311630
v 0.852645 -0.106350 -0.313486
v 0.849821 -0.103080 -0.315149
v 0.847162 -0.100000 -0.316716
v 0.844504 -0.096920 -0.318282
v 0.841680 -0.093650 -0.319945
v 0.838529 -0.090000 -0.321802
v 0.838529 0.090000 -0.321802
v 0.841680 0.093650 -0.319945
v 0.844504 0.096920 -0.318282
v 0.847162 0.100000 -0.316716
v 0.849821 0.103080 -0.315149
v 0.852645 0.106350 -0.313486
v 0.855796 0.110000 -0.311630
v 0.859626 -0.110000 -0.317271
v 0.856735 -0.106350 -0.319512
v 0.854145 -0.103080 -0.321520
v 0.851707 -0.100000 -0.323410
v 0.849268 -0.096920 -0.325301
v 0.846678 -0.093650 -0.327308
v 0.843787 -0.090000 -0.329549
v 0.843787 0.090000 -0.329549
v 0.846678 0.093650 -0.327308
v 0.849268 0.096920 -0.325301
v 0.851707 0.100000 -0.323410
v 0.854145 0.103080 -0.321520
v 0.856735 0.106350 -0.319512
v 0.859626 0.110000 -0.317271
v 0.864125 -0.110000 -0.322375
v 0.861539 -0.106350 -0.324961
v 0.859222 -0.103080 -0.327278
v 0.857040 -0.100000 -0.329460
v 0.854858 -0.096920 -0.331642
v 0.852541 -0.093650 -0.333959
v 0.849955 -0.090000 -0.336545
v 0.849955 0.090000 -0.336545
v 0.852541 0.093650 -0.333959
v 0.854858 0.096920 -0.331642
v 0.857040 0.100000 -0.329460
v 0.859222 0.103080 -0.327278
v 0.861539 0.106350 -0.324961
v 0.864125 0.110000 -0.322375
v 0.869229 -0.110000 -0.326874
v 0.866988 -0.106350 -0.329765
v 0.864980 -0.103080 -0.332355
v 0.863090 -0.100000 -0.334794
v 0.861199 -0.096920 -0.337232
v 0.859192 -0.093650 -0.339822
v 0.856951 -0.090000 -0.342713
v 0.856951 0.090000 -0.342713
v 0.859192 0.093650 -0.339822
v 0.861199 0.096920 -0.337232
v 0.863090 0.100000 -0.334794
v 0.864980 0.103080 -0.332355
v 0.866988 0.106350 -0.329765
v 0.869229 0.110000 -0.326874
v 0.874870 -0.110000 -0.330704
v 0.873014 -0.106350 -0.333855
v 0.871351 -0.103080 -0.336679
v 0.869784 -0.100000 -0.339338
v 0.868218 -0.096920 -0.341997
v 0.866555 -0.093650 -0.344820
v 0.864699 -0.090000 -0.347971
v 0.864699 0.090000 -0.347971
v 0.866555 0.093650 -0.344820
v 0.868218 0.096920 -0.341997
v 0.869784 0.100000 -0.339338
v 0.871351 0.103080 -0.336679
v 0.873014 0.106350 -0.333855
v 0.874870 0.110000 -0.330704
v 0.880984 -0.110000 -0.333797
v 0.879549 -0.106350 -0.337162
v 0.878264 -0.103080 -0.340176
v 0.877053 -0.100000 -0.343015
v 0.875842 -0.096920 -0.345854
v 0.874557 -0.093650 -0.348868
v 0.873122 -0.090000 -0.352233
v 0.873122 0.090000 -0.352233
v 0.874557 0.093650 -0.348868
v 0.875842 0.096920 -0.345854
v 0.877053 0.100000 -0.343015
v 0.878264 0.103080 -0.340176
v 0.879549 0.106350 -0.337162
v 0.880984 0.110000 -0.333797
v 0.887505 -0.110000 -0.336088
v 0.886525 -0.106350 -0.339613
v 0.885647 -0.103080 -0.342770
v 0.884820 -0.100000 -0.345744
v 0.883993 -0.096920 -0.348718
v 0.883115 -0.093650 -0.351875
v 0.882135 -0.090000 -0.355400
v 0.882135 0.090000 -0.355400
v 0.883115 0.093650 -0.351875
v 0.883993 0.096920 -0.348718
v 0.884820 0.100000 -0.345744
v 0.885647 0.103080 -0.342770
v 0.886525 0.106350 -0.339613
v 0.887505 0.110000 -0.336088
v 0.894365 -0.110000 -0.337511
v 0.893867 -0.106350 -0.341136
v 0.893422 -0.103080 -0.344383
v 0.893002 -0.100000 -0.347441
v 0.892582 -0.096920 -0.350499
v 0.892136 -0.093650 -0.353746
v 0.891638 -0.090000 -0.357371
v 0.891638 0.090000 -0.357371
v 0.892136 0.093650 -0.353746
v 0.892582 0.096920 -0.350499
v 0.893002 0.100000 -0.347441
v 0.893422 0.103080 -0.344383
v 0.893867 0.106350 -0.341136
v 0.894365 0.110000 -0.337511
v 0.901500 -0.110000 -0.338000
v 0.901500 -0.106350 -0.341659
v 0.901500 -0.103080 -0.344937
v 0.901500 -0.100000 -0.348023
v 0.901500 -0.096920 -0.351110
v 0.901500 -0.093650 -0.354388
v 0.901500 -0.090000 -0.358047
v 0.901500 0.090000 -0.358047
v 0.901500 0.093650 -0.354388
v 0.901500 0.096920 -0.351110
v 0.901500 0.100000 -0.348023
v 0.901500 0.103080 -0.344937
v 0.901500 0.106350 -0.341659
v 0.901500 0.110000 -0.338000
v 0.908635 -0.110000 -0.337511
v 0.909133 -0.106350 -0.341136
v 0.909579 -0.103080 -0.344383
v 0.909999 -0.100000 -0.347441
v 0.910419 -0.096920 -0.350499
v 0.910864 -0.093650 -0.353746
v 0.911362 -0.090000 -0.357371
v 0.911362 0.090000 -0.357371
v 0.910864 0.093650 -0.353746
v 0.910419 0.096920 -0.350499
v 0.909999 0.100000 -0.347441
v 0.909579 0.103080 -0.344383
v 0.909133 0.106350 -0.341136
v 0.908635 0.110000 -0.337511
v 0.915495 -0.110000 -0.336088
v 0.916476 -0.106350 -0.339613
v 0.917354 -0.103080 -0.342770
v 0.918180 -0.100000 -0.345744
v 0.919007 -0.096920 -0.348718
v 0.919885 -0.093650 -0.351875
v 0.920865 -0.090000 -0.355400
v 0.920865 0.090000 -0.355400
v 0.919885 0.093650 -0.351875
v 0.919007 0.096920 -0.348718
v 0.918180 0.100000 -0.345744
v 0.917354 0.103080 -0.342770
v 0.916476 0.106350 -0.339613
v 0.915495 0.110000 -0.336088
v 0.922016 -0.110000 -0.333797
v 0.923451 -0.106350 -0.337162
v 0.924736 -0.103080 -0.340176
v 0.925947 -0.100000 -0.343015
v 0.927158 -0.096920 -0.345854
v 0.928443 -0.093650 -0.348868
v 0.929878 -0.090000 -0.352233
v 0.929878 0.090000 -0.352233
v 0.928443 0.093650 -0.348868
v 0.927158 0.096920 -0.345854
v 0.925947 0.100000 -0.343015
v 0.924736 0.103080 -0.340176
v 0.923451 0.106350 -0.337162
v 0.922016 0.110000 -0.333797
v 0.928130 -0.110000 -0.330704
v 0.929986 -0.106350 -0.333855
v 0.931649 -0.103080 -0.336679
v 0.933216 -0.100000 -0.339338
v 0.934782 -0.096920 -0.341996
v 0.936445 -0.093650 -0.344820
v 0.938302 -0.090000 -0.347971
v 0.938302 0.090000 -0.347971
v 0.936445 0.093650 -0.344820
v 0.934782 0.096920 -0.341996
v 0.933216 0.100000 -0.339338
v 0.931649 0.103080 -0.336679
v 0.929986 0.106350 -0.333855
v 0.928130 0.110000 -0.330704
v 0.933771 -0.110000 -0.326874
v 0.936012 -0.106350 -0.329765
v 0.938020 -0.103080 -0.332355
v 0.939910 -0.100000 -0.334794
v 0.941801 -0.096920 -0.337232
v 0.943808 -0.093650 -0.339822
v 0.946049 -0.090000 -0.342713
v 0.946049 0.090000 -0.342713
v 0.943808 0.093650 -0.339822
v 0.941801 0.096920 -0.337232
v 0.939910 0.100000 -0.334794
v 0.938020 0.103080 -0.332355
v 0.936012 0.106350 -0.329765
v 0.933771 0.110000 -0.326874
v 0.938875 -0.110000 -0.322375
v 0.941461 -0.106350 -0.324961
v 0.943778 -0.103080 -0.327278
v 0.945960 -0.100000 -0.329460
v 0.948142 -0.096920 -0.331642
v 0.950459 -0.093650 -0.333959
v 0.953045 -0.090000 -0.336545
v 0.953045 0.090000 -0.336545
v 0.950459 0.093650 -0.333959
v 0.948142 0.096920 -0.331642
v 0.945960 0.100000 -0.329460
v 0.943778 0.103080 -0.327278
v 0.941461 0.106350 -0.324961
v 0.938875 0.110000 -0.322375
v 0.943374 -0.110000 -0.317271
v 0.946265 -0.106350 -0.319512
v 0.948855 -0.103080 -0.321520
v 0.951294 -0.100000 -0.323410
v 0.953732 -0.096920 -0.325301
v 0.956322 -0.093650 -0.327308
v 0.959213 -0.090000 -0.329549
v 0.959213 0.090000 -0.329549
v 0.956322 0.093650 -0.327308
v 0.953732 0.096920 -0.325301
v 0.951294 0.100000 -0.323410
v 0.948855 0.103080 -0.321520
v 0.946265 0.106350 -0.319512
v 0.943374 0.110000 -0.317271
v 0.947204 -0.110000 -0.311630
v 0.950355 -0.106350 -0.313486
v 0.953179 -0.103080 -0.315149
v 0.955838 -0.100000 -0.316716
v 0.958497 -0.096920 -0.318282
v 0.961320 -0.093650 -0.319945
v 0.964471 -0.090000 -0.321801
v 0.964471 0.090000 -0.321801
v 0.961320 0.093650 -0.319945
v 0.958497 0.096920 -0.318282
v 0.955838 0.100000 -0.316716
v 0.953179 0.103080 -0.315149
v 0.950355 0.106350 -0.313486
v 0.947204 0.110000 -0.311630
v 0.950297 -0.110000 -0.305516
v 0.953662 -0.106350 -0.306951
v 0.956676 -0.103080 -0.308236
v 0.959515 -0.100000 -0.309447
v 0.962354 -0.096920 -0.310658
v 0.965368 -0.093650 -0.311943
v 0.968733 -0.090000 -0.313378
v 0.968733 0.090000 -0.313378
v 0.965368 0.093650 -0.311943
v 0.962354 0.096920 -0.310658
v 0.959515 0.100000 -0.309447
v 0.956676 0.103080 -0.308236
v 0.953662 0.106350 -0.306951
v 0.950297 0.110000 -0.305516
v 0.952588 -0.110000 -0.298995
v 0.956113 -0.106350 -0.299976
v 0.959270 -0.103080 -0.300853
v 0.962244 -0.100000 -0.301680
v 0.965218 -0.096920 -0.302507
v 0.968375 -0.093650 -0.303385
v 0.971900 -0.090000 -0.304365
v 0.971900 0.090000 -0.304365
v 0.968375 0.093650 -0.303385
v 0.965218 0.096920 -0.302507
v 0.962244 0.100000 -0.301680
v 0.959270 0.103080 -0.300853
v 0.956113 0.106350 -0.299976
v 0.952588 0.110000 -0.298995
v 0.954011 -0.110000 -0.292135
v 0.957636 -0.106350 -0.292633
v 0.960883 -0.103080 -0.293079
v 0.963941 -0.100000 -0.293499
v 0.966999 -0.096920 -0.293919
v 0.970246 -0.093650 -0.294364
v 0.973871 -0.090000 -0.294862
v 0.973871 0.090000 -0.294862
v 0.970246 0.093650 -0.294364
v 0.966999 0.096920 -0.293919
v 0.963941 0.100000 -0.293499
v 0.960883 0.103080 -0.293079
v 0.957636 0.106350 -0.292633
v 0.954011 0.110000 -0.292135
v 0.954500 -0.110000 -0.285000
v 0.958159 -0.106350 -0.285000
v 0.961437 -0.103080 -0.285000
v 0.964524 -0.100000 -0.285000
v 0.967610 -0.096920 -0.285000
v 0.970888 -0.093650 -0.285000
v 0.974547 -0.090000 -0.285000
v 0.974547 0.090000 -0.285000
v 0.970888 0.093650 -0.285000
v 0.967610 0.096920 -0.285000
v 0.964524 0.100000 -0.285000
v 0.961437 0.103080 -0.285000
v 0.958159 0.106350 -0.285000
v 0.954500 0.110000 -0.285000
v 0.954011 -0.110000 -0.277865
v 0.957636 -0.106350 -0.277367
v 0.960883 -0.103080 -0.276922
v 0.963941 -0.100000 -0.276502
v 0.966999 -0.096920 -0.276082
v 0.970246 -0.093650 -0.275636
v 0.973871 -0.090000 -0.275138
v 0.973871 0.090000 -0.275138
v 0.970246 0.093650 -0.275636
v 0.966999 0.096920 -0.276082
v 0.963941 0.100000 -0.276502
v 0.960883 0.103080 -0.276922
v 0.957636 0.106350 -0.277367
v 0.954011 0.110000 -0.277865
v 0.952588 -0.110000 -0.271005
v 0.956113 -0.106350 -0.270025
v 0.959270 -0.103080 -0.269147
v 0.962244 -0.100000 -0.268320
v 0.965218 -0.096920 -0.267493
v 0.968375 -0.093650 -0.266615
v 0.971900 -0.090000 -0.265635
v 0.971900 0.090000 -0.265635
v 0.968375 0.093650 -0.266615
v 0.965218 0.096920 -0.267493
v 0.962244 0.100000 -0.268320
v 0.959270 0.103080 -0.269147
v 0.956113 0.106350 -0.270025
v 0.952588 0.110000 -0.271005
v 0.950297 -0.110000 -0.264484
v 0.953662 -0.106350 -0.263049
v 0.956676 -0.103080 -0.261764
v 0.959515 -0.100000 -0.260553
v 0.962354 -0.096920 -0.259342
v 0.965368 -0.093650 -0.258057
v 0.968733 -0.090000 -0.256622
v 0.968733 0.090000 -0.256622
v 0.965368 0.093650 -0.258057
v 0.962354 0.096920 -0.259342
v 0.959515 0.100000 -0.260553
v 0.956676 0.103080 -0.261764
v 0.953662 0.106350 -0.263049
v 0.950297 0.110000 -0.264484
v 0.947204 -0.110000 -0.258370
v 0.950356 -0.106350 -0.256514
v 0.953179 -0.103080 -0.254851
v 0.955838 -0.100000 -0.253284
v 0.958497 -0.096920 -0.251718
v 0.961320 -0.093650 -0.250055
v 0.964472 -0.090000 -0.248199
v 0.964472 0.090000 -0.248199
v 0.961320 0.093650 -0.250055
v 0.958497 0.096920 -0.251718
v 0.955838 0.100000 -0.253284
v 0.953179 0.103080 -0.254851
v 0.950356 0.106350 -0.256514
v 0.947204 0.110000 -0.258370
v 0.943375 -0.110000 -0.252729
v 0.946265 -0.106350 -0.250488
v 0.948855 -0.103080 -0.248480
v 0.951294 -0.100000 -0.246590
v 0.953732 -0.096920 -0.244699
v 0.956322 -0.093650 -0.242692
v 0.959213 -0.090000 -0.240451
v 0.959213 0.090000 -0.240451
v 0.956322 0.093650 -0.242692
v 0.953732 0.096920 -0.244699
v 0.951294 0.100000 -0.246590
v 0.948855 0.103080 -0.248480
v 0.946265 0.106350 -0.250488
v 0.943375 0.110000 -0.252729
v 0.938875 -0.110000 -0.247625
v 0.941462 -0.106350 -0.245039
v 0.943778 -0.103080 -0.242722
v 0.945960 -0.100000 -0.240540
v 0.948142 -0.096920 -0.238358
v 0.950459 -0.093650 -0.236041
v 0.953045 -0.090000 -0.233455
v 0.953045 0.090000 -0.233455
v 0.950459 0.093650 -0.236041
v 0.948142 0.096920 -0.238358
v 0.945960 0.100000 -0.240540
v 0.943778 0.103080 -0.242722
v 0.941462 0.106350 -0.245039
v 0.938875 0.110000 -0.247625
v 0.933772 -0.110000 -0.243126
v 0.936013 -0.106350 -0.240235
v 0.938020 -0.103080 -0.237645
v 0.939911 -0.100000 -0.235206
v 0.941801 -0.096920 -0.232768
v 0.943808 -0.093650 -0.230178
v 0.946050 -0.090000 -0.227287
v 0.946050 0.090000 -0.227287
v 0.943808 0.093650 -0.230178
v 0.941801 0.096920 -0.232768
v 0.939911 0.100000 -0.235206
v 0.938020 0.103080 -0.237645
v 0.936013 0.106350 -0.240235
v 0.933772 0.110000 -0.243126
v 0.928130 -0.110000 -0.239296
v 0.929986 -0.106350 -0.236145
v 0.931649 -0.103080 -0.233321
v 0.933216 -0.100000 -0.230662
v 0.934782 -0.096920 -0.228004
v 0.936445 -0.093650 -0.225180
v 0.938302 -0.090000 -0.222029
v 0.938302 0.090000 -0.222029
v 0.936445 0.093650 -0.225180
v 0.934782 0.096920 -0.228004
v 0.933216 0.100000 -0.230662
v 0.931649 0.103080 -0.233321
v 0.929986 0.106350 -0.236145
v 0.928130 0.110000 -0.239296
v 0.922016 -0.110000 -0.236203
v 0.923451 -0.106350 -0.232838
v 0.924736 -0.103080 -0.229824
v 0.925947 -0.100000 -0.226985
v 0.927158 -0.096920 -0.224146
v 0.928443 -0.093650 -0.221132
v 0.929879 -0.090000 -0.217767
v 0.929879 0.090000 -0.217767
v 0.928443 0.093650 -0.221132
v 0.927158 0.096920 -0.224146
v 0.925947 0.100000 -0.226985
v 0.924736 0.103080 -0.229824
v 0.923451 0.106350 -0.232838
v 0.922016 0.110000 -0.236203
v 0.915496 -0.110000 -0.233912
v 0.916476 -0.106350 -0.230387
v 0.917354 -0.103080 -0.227230
v 0.918180 -0.100000 -0.224256
v 0.919007 -0.096920 -0.221282
v 0.919885 -0.093650 -0.218125
v 0.920865 -0.090000 -0.214600
v 0.920865 0.090000 -0.214600
v 0.919885 0.093650 -0.218125
v 0.919007 0.096920 -0.221282
v 0.918180 0.100000 -0.224256
v 0.917354 0.103080 -0.227230
v 0.916476 0.106350 -0.230387
v 0.915496 0.110000 -0.233912
v 0.908635 -0.110000 -0.232489
v 0.909133 -0.106350 -0.228864
v 0.909579 -0.103080 -0.225617
v 0.909999 -0.100000 -0.222559
v 0.910419 -0.096920 -0.219501
v 0.910865 -0.093650 -0.216254
v 0.911362 -0.090000 -0.212629
v 0.911362 0.090000 -0.212629
v 0.910865 0.093650 -0.216254
v 0.910419 0.096920 -0.219501
v 0.909999 0.100000 -0.222559
v 0.909579 0.103080 -0.225617
v 0.909133 0.106350 -0.228864
v 0.908635 0.110000 -0.232489
v 0.901500 -0.110000 -0.232000
v 0.901500 -0.106350 -0.228341
v 0.901500 -0.103080 -0.225063
v 0.901500 -0.100000 -0.221977
v 0.901500 -0.096920 -0.218890
v 0.901500 -0.093650 -0.215612
v 0.901500 -0.090000 -0.211953
v 0.901500 0.090000 -0.211953
v 0.901500 0.093650 -0.215612
v 0.901500 0.096920 -0.218890
v 0.901500 0.100000 -0.221977
v 0.901500 0.103080 -0.225063
v 0.901500 0.106350 -0.228341
v 0.901500 0.110000 -0.232000
v 1.369500 -0.110000 -0.149000
v 1.373151 -0.106350 -0.152650
v 1.376420 -0.103080 -0.155920
v 1.379500 -0.100000 -0.159000
v 1.382580 -0.096920 -0.162080
v 1.385850 -0.093650 -0.165350
v 1.389500 -0.090000 -0.169000
v 1.389500 0.090000 -0.169000
v 1.385850 0.093650 -0.165350
v 1.382580 0.096920 -0.162080
v 1.379500 0.100000 -0.159000
v 1.376420 0.103080 -0.155920
v 1.373151 0.106350 -0.152650
v 1.369500 0.110000 -0.149000
v 1.369500 -0.110000 -0.069000
v 1.373151 -0.106350 -0.065350
v 1.376420 -0.103080 -0.062080
v 1.379500 -0.100000 -0.059000
v 1.382580 -0.096920 -0.055920
v 1.385850 -0.093650 -0.052650
v 1.389500 -0.090000 -0.049000
v 1.389500 0.090000 -0.049000
v 1.385850 0.093650 -0.052650
v 1.382580 0.096920 -0.055920
v 1.379500 0.100000 -0.059000
v 1.376420 0.103080 -0.062080
v 1.373151 0.106350 -0.065350
v 1.369500 0.110000 -0.069000
v 1.227500 -0.110000 -0.069000
v 1.231151 -0.106350 -0.065350
v 1.234421 -0.103080 -0.062080
v 1.237500 -0.100000 -0.059000
v 1.240580 -0.096920 -0.055920
v 1.243850 -0.093650 -0.052650
v 1.247500 -0.090000 -0.049000
v 1.247500 0.090000 -0.049000
v 1.243850 0.093650 -0.052650
v 1.240580 0.096920 -0.055920
v 1.237500 0.100000 -0.059000
v 1.234421 0.103080 -0.062080
v 1.231151 0.106350 -0.065350
v 1.227500 0.110000 -0.069000
v 1.227500 -0.110000 0.161000
v 1.231151 -0.106350 0.160888
v 1.234421 -0.103080 0.160789
v 1.237500 -0.100000 0.160695
v 1.240580 -0.096920 0.160600
v 1.243850 -0.093650 0.160501
v 1.247500 -0.090000 0.160389
v 1.247500 0.090000 0.160389
v 1.243850 0.093650 0.160501
v 1.240580 0.096920 0.160600
v 1.237500 0.100000 0.160695
v 1.234421 0.103080 0.160789
v 1.231151 0.106350 0.160888
v 1.227500 0.110000 0.161000
v 1.228263 -0.110000 0.173472
v 1.231892 -0.106350 0.173003
v 1.235142 -0.103080 0.172584
v 1.238203 -0.100000 0.172189
v 1.241264 -0.096920 0.171794
v 1.244515 -0.093650 0.171375
v 1.248143 -0.090000 0.170907
v 1.248143 0.090000 0.170907
v 1.244515 0.093650 0.171375
v 1.241264 0.096920 0.171794
v 1.238203 0.100000 0.172189
v 1.235142 0.103080 0.172584
v 1.231892 0.106350 0.173003
v 1.228263 0.110000 0.173472
v 1.230435 -0.110000 0.184440
v 1.233964 -0.106350 0.183466
v 1.237125 -0.103080 0.182594
v 1.240101 -0.100000 0.181772
v 1.243078 -0.096920 0.180951
v 1.246239 -0.093650 0.180078
v 1.249767 -0.090000 0.179105
v 1.249767 0.090000 0.179105
v 1.246239 0.093650 0.180078
v 1.243078 0.096920 0.180951
v 1.240101 0.100000 0.181772
v 1.237125 0.103080 0.182594
v 1.233964 0.106350 0.183466
v 1.230435 0.110000 0.184440
v 1.233844 -0.110000 0.193984
v 1.237186 -0.106350 0.192488
v 1.240179 -0.103080 0.191147
v 1.242998 -0.100000 0.189884
v 1.245818 -0.096920 0.188622
v 1.248811 -0.093650 0.187281
v 1.252153 -0.090000 0.185785
v 1.252153 0.090000 0.185785
v 1.248811 0.093650 0.187281
v 1.245818 0.096920 0.188622
v 1.242998 0.100000 0.189884
v 1.240179 0.103080 0.191147
v 1.237186 0.106350 0.192488
v 1.233844 0.110000 0.193984
v 1.238315 -0.110000 0.202185
v 1.241381 -0.106350 0.200183
v 1.244128 -0.103080 0.198389
v 1.246714 -0.100000 0.196700
v 1.249301 -0.096920 0.195011
v 1.252047 -0.093650 0.193217
v 1.255113 -0.090000 0.191215
v 1.255113 0.090000 0.191215
v 1.252047 0.093650 0.193217
v 1.249301 0.096920 0.195011
v 1.246714 0.100000 0.196700
v 1.244128 0.103080 0.198389
v 1.241381 0.106350 0.200183
v 1.238315 0.110000 0.202185
v 1.243675 -0.110000 0.209122
v 1.246390 -0.106350 0.206666
v 1.248823 -0.103080 0.204466
v 1.251114 -0.100000 0.202394
v 1.253405 -0.096920 0.200322
v 1.255837 -0.093650 0.198122
v 1.258553 -0.090000 0.195666
v 1.258553 0.090000 0.195666
v 1.255837 0.093650 0.198122
v 1.253405 0.096920 0.200322
v 1.251114 0.100000 0.202394
v 1.248823 0.103080 0.204466
v 1.246390 0.106350 0.206666
v 1.243675 0.110000 0.209122
v 1.249750 -0.110000 0.214875
v 1.252067 -0.106350 0.212041
v 1.254142 -0.103080 0.209503
v 1.256096 -0.100000 0.207112
v 1.258050 -0.096920 0.204721
v 1.260126 -0.093650 0.202183
v 1.262442 -0.090000 0.199349
v 1.262442 0.090000 0.199349
v 1.260126 0.093650 0.202183
v 1.258050 0.096920 0.204721
v 1.256096 0.100000 0.207112
v 1.254142 0.103080 0.209503
v 1.252067 0.106350 0.212041
v 1.249750 0.110000 0.214875
v 1.256367 -0.110000 0.219524
v 1.258265 -0.106350 0.216396
v 1.259966 -0.103080 0.213595
v 1.261568 -0.100000 0.210956
v 1.263169 -0.096920 0.208318
v 1.264870 -0.093650 0.205516
v 1.266768 -0.090000 0.202388
v 1.266768 0.090000 0.202388
v 1.264870 0.093650 0.205516
v 1.263169 0.096920 0.208318
v 1.261568 0.100000 0.210956
v 1.259966 0.103080 0.213595
v 1.258265 0.106350 0.216396
v 1.256367 0.110000 0.219524
v 1.263352 -0.110000 0.223148
v 1.264836 -0.106350 0.219806
v 1.266166 -0.103080 0.216812
v 1.267419 -0.100000 0.213992
v 1.268671 -0.096920 0.211172
v 1.270000 -0.093650 0.208178
v 1.271485 -0.090000 0.204836
v 1.271485 0.090000 0.204836
v 1.270000 0.093650 0.208178
v 1.268671 0.096920 0.211172
v 1.267419 0.100000 0.213992
v 1.266166 0.103080 0.216812
v 1.264836 0.106350 0.219806
v 1.263352 0.110000 0.223148
v 1.270531 -0.110000 0.225828
v 1.271619 -0.106350 0.222338
v 1.272594 -0.103080 0.219211
v 1.273511 -0.100000 0.216267
v 1.274429 -0.096920 0.213322
v 1.275404 -0.093650 0.210195
v 1.276492 -0.090000 0.206705
v 1.276492 0.090000 0.206705
v 1.275404 0.093650 0.210195
v 1.274429 0.096920 0.213322
v 1.273511 0.100000 0.216267
v 1.272594 0.103080 0.219211
v 1.271619 0.106350 0.222338
v 1.270531 0.110000 0.225828
v 1.277732 -0.110000 0.227644
v 1.278444 -0.106350 0.224058
v 1.279082 -0.103080 0.220847
v 1.279683 -0.100000 0.217822
v 1.280283 -0.096920 0.214798
v 1.280921 -0.093650 0.211587
v 1.281634 -0.090000 0.208001
v 1.281634 0.090000 0.208001
v 1.280921 0.093650 0.211587
v 1.280283 0.096920 0.214798
v 1.279683 0.100000 0.217822
v 1.279082 0.103080 0.220847
v 1.278444 0.106350 0.224058
v 1.277732 0.110000 0.227644
v 1.284779 -0.110000 0.228674
v 1.285132 -0.106350 0.225037
v 1.285449 -0.103080 0.221778
v 1.285747 -0.100000 0.218709
v 1.286045 -0.096920 0.215641
v 1.286362 -0.093650 0.212382
v 1.286715 -0.090000 0.208745
v 1.286715 0.090000 0.208745
v 1.286362 0.093650 0.212382
v 1.286045 0.096920 0.215641
v 1.285747 0.100000 0.218709
v 1.285449 0.103080 0.221778
v 1.285132 0.106350 0.225037
v 1.284779 0.110000 0.228674
v 1.291500 -0.110000 0.229000
v 1.291536 -0.106350 0.225347
v 1.291569 -0.103080 0.222075
v 1.291600 -0.100000 0.218993
v 1.291630 -0.096920 0.215911
v 1.291663 -0.093650 0.212639
v 1.291699 -0.090000 0.208986
v 1.291699 0.090000 0.208986
v 1.291663 0.093650 0.212639
v 1.291630 0.096920 0.215911
v 1.291600 0.100000 0.218993
v 1.291569 0.103080 0.222075
v 1.291536 0.106350 0.225347
v 1.291500 0.110000 0.229000
v 1.299522 -0.110000 0.228771
v 1.299315 -0.106350 0.225125
v 1.299129 -0.103080 0.221859
v 1.298954 -0.100000 0.218783
v 1.298779 -0.096920 0.215707
v 1.298594 -0.093650 0.212441
v 1.298387 -0.090000 0.208795
v 1.298387 0.090000 0.208795
v 1.298594 0.093650 0.212441
v 1.298779 0.096920 0.215707
v 1.298954 0.100000 0.218783
v 1.299129 0.103080 0.221859
v 1.299315 0.106350 0.225125
v 1.299522 0.110000 0.228771
v 1.307593 -0.110000 0.228083
v 1.307182 -0.106350 0.224455
v 1.306815 -0.103080 0.221204
v 1.306469 -0.100000 0.218143
v 1.306123 -0.096920 0.215081
v 1.305756 -0.093650 0.211831
v 1.305346 -0.090000 0.208202
v 1.305346 0.090000 0.208202
v 1.305756 0.093650 0.211831
v 1.306123 0.096920 0.215081
v 1.306469 0.100000 0.218143
v 1.306815 0.103080 0.221204
v 1.307182 0.106350 0.224455
v 1.307593 0.110000 0.228083
v 1.315719 -0.110000 0.226938
v 1.315112 -0.106350 0.223336
v 1.314569 -0.103080 0.220111
v 1.314058 -0.100000 0.217073
v 1.313547 -0.096920 0.214035
v 1.313004 -0.093650 0.210809
v 1.312398 -0.090000 0.207208
v 1.312398 0.090000 0.207208
v 1.313004 0.093650 0.210809
v 1.313547 0.096920 0.214035
v 1.314058 0.100000 0.217073
v 1.314569 0.103080 0.220111
v 1.315112 0.106350 0.223336
v 1.315719 0.110000 0.226938
v 1.323907 -0.110000 0.225333
v 1.323114 -0.106350 0.221769
v 1.322403 -0.103080 0.218576
v 1.321733 -0.100000 0.215569
v 1.321064 -0.096920 0.212562
v 1.320353 -0.093650 0.209369
v 1.319559 -0.090000 0.205805
v 1.319559 0.090000 0.205805
v 1.320353 0.093650 0.209369
v 1.321064 0.096920 0.212562
v 1.321733 0.100000 0.215569
v 1.322403 0.103080 0.218576
v 1.323114 0.106350 0.221769
v 1.323907 0.110000 0.225333
v 1.332165 -0.110000 0.223271
v 1.331194 -0.106350 0.219751
v 1.330324 -0.103080 0.216598
v 1.329505 -0.100000 0.213628
v 1.328685 -0.096920 0.210659
v 1.327815 -0.093650 0.207506
v 1.326844 -0.090000 0.203986
v 1.326844 0.090000 0.203986
v 1.327815 0.093650 0.207506
v 1.328685 0.096920 0.210659
v 1.329505 0.100000 0.213628
v 1.330324 0.103080 0.216598
v 1.331194 0.106350 0.219751
v 1.332165 0.110000 0.223271
v 1.340500 -0.110000 0.220750
v 1.339362 -0.106350 0.217280
v 1.338343 -0.103080 0.214173
v 1.337383 -0.100000 0.211245
v 1.336423 -0.096920 0.208318
v 1.335403 -0.093650 0.205211
v 1.334265 -0.090000 0.201741
v 1.334265 0.090000 0.201741
v 1.335403 0.093650 0.205211
v 1.336423 0.096920 0.208318
v 1.337383 0.100000 0.211245
v 1.338343 0.103080 0.214173
v 1.339362 0.106350 0.217280
v 1.340500 0.110000 0.220750
v 1.348918 -0.110000 0.217771
v 1.347625 -0.106350 0.214356
v 1.346466 -0.103080 0.211298
v 1.345375 -0.100000 0.208417
v 1.344284 -0.096920 0.205536
v 1.343125 -0.093650 0.202478
v 1.341832 -0.090000 0.199063
v 1.341832 0.090000 0.199063
v 1.343125 0.093650 0.202478
v 1.344284 0.096920 0.205536
v 1.345375 0.100000 0.208417
v 1.346466 0.103080 0.211298
v 1.347625 0.106350 0.214356
v 1.348918 0.110000 0.217771
v 1.357426 -0.110000 0.214333
v 1.355989 -0.106350 0.210977
v 1.354702 -0.103080 0.207970
v 1.353489 -0.100000 0.205139
v 1.352277 -0.096920 0.202307
v 1.350989 -0.093650 0.199300
v 1.349552 -0.090000 0.195944
v 1.349552 0.090000 0.195944
v 1.350989 0.093650 0.199300
v 1.352277 0.096920 0.202307
v 1.353489 0.100000 0.205139
v 1.354702 0.103080 0.207970
v 1.355989 0.106350 0.210977
v 1.357426 0.110000 0.214333
v 1.366031 -0.110000 0.210438
v 1.364462 -0.106350 0.207141
v 1.363056 -0.103080 0.204188
v 1.361732 -0.100000 0.201407
v 1.360408 -0.096920 0.198626
v 1.359002 -0.093650 0.195673
v 1.357432 -0.090000 0.192376
v 1.357432 0.090000 0.192376
v 1.359002 0.093650 0.195673
v 1.360408 0.096920 0.198626
v 1.361732 0.100000 0.201407
v 1.363056 0.103080 0.204188
v 1.364462 0.106350 0.207141
v 1.366031 0.110000 0.210438
v 1.374741 -0.110000 0.206083
v 1.373050 -0.106350 0.202847
v 1.371535 -0.103080 0.199949
v 1.370109 -0.100000 0.197219
v 1.368682 -0.096920 0.194489
v 1.367168 -0.093650 0.191591
v 1.365477 -0.090000 0.188355
v 1.365477 0.090000 0.188355
v 1.367168 0.093650 0.191591
v 1.368682 0.096920 0.194489
v 1.370109 0.100000 0.197219
v 1.371535 0.103080 0.199949
v 1.373050 0.106350 0.202847
v 1.374741 0.110000 0.206083
v 1.383561 -0.110000 0.201271
v 1.381760 -0.106350 0.198095
v 1.380146 -0.103080 0.195251
v 1.378626 -0.100000 0.192572
v 1.377106 -0.096920 0.189893
v 1.375492 -0.093650 0.187049
v 1.373690 -0.090000 0.183874
v 1.373690 0.090000 0.183874
v 1.375492 0.093650 0.187049
v 1.377106 0.096920 0.189893
v 1.378626 0.100000 0.192572
v 1.380146 0.103080 0.195251
v 1.381760 0.106350 0.198095
v 1.383561 0.110000 0.201271
v 1.392500 -0.110000 0.196000
v 1.396151 -0.106350 0.189610
v 1.399420 -0.103080 0.183885
v 1.402500 -0.100000 0.178494
v 1.405580 -0.096920 0.173103
v 1.408850 -0.093650 0.167379
v 1.412500 -0.090000 0.160989
v 1.412500 0.090000 0.160989
v 1.408850 0.093650 0.167379
v 1.405580 0.096920 0.173103
v 1.402500 0.100000 0.178494
v 1.399420 0.103080 0.183885
v 1.396151 0.106350 0.189610
v 1.392500 0.110000 0.196000
v 1.392500 -0.110000 0.279000
v 1.396151 -0.106350 0.281227
v 1.399420 -0.103080 0.283221
v 1.402500 -0.100000 0.285099
v 1.405580 -0.096920 0.286978
v 1.408850 -0.093650 0.288972
v 1.412500 -0.090000 0.291199
v 1.412500 0.090000 0.291199
v 1.408850 0.093650 0.288972
v 1.405580 0.096920 0.286978
v 1.402500 0.100000 0.285099
v 1.399420 0.103080 0.283221
v 1.396151 0.106350 0.281227
v 1.392500 0.110000 0.279000
v 1.384417 -0.110000 0.283161
v 1.386012 -0.106350 0.286446
v 1.387441 -0.103080 0.289388
v 1.388787 -0.100000 0.292159
v 1.390133 -0.096920 0.294930
v 1.391562 -0.093650 0.297872
v 1.393158 -0.090000 0.301156
v 1.393158 0.090000 0.301156
v 1.391562 0.093650 0.297872
v 1.390133 0.096920 0.294930
v 1.388787 0.100000 0.292159
v 1.387441 0.103080 0.289388
v 1.386012 0.106350 0.286446
v 1.384417 0.110000 0.283161
v 1.375750 -0.110000 0.287125
v 1.377201 -0.106350 0.290475
v 1.378501 -0.103080 0.293477
v 1.379725 -0.100000 0.296303
v 1.380949 -0.096920 0.299130
v 1.382249 -0.093650 0.302131
v 1.383700 -0.090000 0.305482
v 1.383700 0.090000 0.305482
v 1.382249 0.093650 0.302131
v 1.380949 0.096920 0.299130
v 1.379725 0.100000 0.296303
v 1.378501 0.103080 0.293477
v 1.377201 0.106350 0.290475
v 1.375750 0.110000 0.287125
v 1.366625 -0.110000 0.290859
v 1.367946 -0.106350 0.294263
v 1.369129 -0.103080 0.297312
v 1.370244 -0.100000 0.300183
v 1.371358 -0.096920 0.303055
v 1.372542 -0.093650 0.306104
v 1.373863 -0.090000 0.309507
v 1.373863 0.090000 0.309507
v 1.372542 0.093650 0.306104
v 1.371358 0.096920 0.303055
v 1.370244 0.100000 0.300183
v 1.369129 0.103080 0.297312
v 1.367946 0.106350 0.294263
v 1.366625 0.110000 0.290859
v 1.357167 -0.110000 0.294333
v 1.358367 -0.106350 0.297781
v 1.359442 -0.103080 0.300870
v 1.360455 -0.100000 0.303779
v 1.361468 -0.096920 0.306688
v 1.362543 -0.093650 0.309776
v 1.363743 -0.090000 0.313224
v 1.363743 0.090000 0.313224
v 1.362543 0.093650 0.309776
v 1.361468 0.096920 0.306688
v 1.360455 0.100000 0.303779
v 1.359442 0.103080 0.300870
v 1.358367 0.106350 0.297781
v 1.357167 0.110000 0.294333
v 1.347500 -0.110000 0.297516
v 1.348585 -0.106350 0.301002
v 1.349556 -0.103080 0.304124
v 1.350471 -0.100000 0.307065
v 1.351387 -0.096920 0.310006
v 1.352358 -0.093650 0.313129
v 1.353443 -0.090000 0.316615
v 1.353443 0.090000 0.316615
v 1.352358 0.093650 0.313129
v 1.351387 0.096920 0.310006
v 1.350471 0.100000 0.307065
v 1.349556 0.103080 0.304124
v 1.348585 0.106350 0.301002
v 1.347500 0.110000 0.297516
v 1.337750 -0.110000 0.300375
v 1.338720 -0.106350 0.303895
v 1.339589 -0.103080 0.307048
v 1.340407 -0.100000 0.310017
v 1.341226 -0.096920 0.312986
v 1.342094 -0.093650 0.316139
v 1.343064 -0.090000 0.319659
v 1.343064 0.090000 0.319659
v 1.342094 0.093650 0.316139
v 1.341226 0.096920 0.312986
v 1.340407 0.100000 0.310017
v 1.339589 0.103080 0.307048
v 1.338720 0.106350 0.303895
v 1.337750 0.110000 0.300375
v 1.328042 -0.110000 0.302880
v 1.328894 -0.106350 0.306430
v 1.329657 -0.103080 0.309610
v 1.330376 -0.100000 0.312605
v 1.331095 -0.096920 0.315600
v 1.331858 -0.093650 0.318781
v 1.332711 -0.090000 0.322331
v 1.332711 0.090000 0.322331
v 1.331858 0.093650 0.318781
v 1.331095 0.096920 0.315600
v 1.330376 0.100000 0.312605
v 1.329657 0.103080 0.309610
v 1.328894 0.106350 0.306430
v 1.328042 0.110000 0.302880
v 1.318500 -0.110000 0.305000
v 1.319227 -0.106350 0.308578
v 1.319878 -0.103080 0.311783
v 1.320491 -0.100000 0.314802
v 1.321104 -0.096920 0.317820
v 1.321754 -0.093650 0.321025
v 1.322481 -0.090000 0.324603
v 1.322481 0.090000 0.324603
v 1.321754 0.093650 0.321025
v 1.321104 0.096920 0.317820
v 1.320491 0.100000 0.314802
v 1.319878 0.103080 0.311783
v 1.319227 0.106350 0.308578
v 1.318500 0.110000 0.305000
v 1.309250 -0.110000 0.306703
v 1.309838 -0.106350 0.310307
v 1.310364 -0.103080 0.313535
v 1.310860 -0.100000 0.316575
v 1.311355 -0.096920 0.319615
v 1.311882 -0.093650 0.322843
v 1.312469 -0.090000 0.326447
v 1.312469 0.090000 0.326447
v 1.311882 0.093650 0.322843
v 1.311355 0.096920 0.319615
v 1.310860 0.100000 0.316575
v 1.310364 0.103080 0.313535
v 1.309838 0.106350 0.310307
v 1.309250 0.110000 0.306703
v 1.300417 -0.110000 0.307958
v 1.300844 -0.106350 0.311585
v 1.301226 -0.103080 0.314833
v 1.301587 -0.100000 0.317893
v 1.301947 -0.096920 0.320952
v 1.302330 -0.093650 0.324200
v 1.302757 -0.090000 0.327827
v 1.302757 0.090000 0.327827
v 1.302330 0.093650 0.324200
v 1.301947 0.096920 0.320952
v 1.301587 0.100000 0.317893
v 1.301226 0.103080 0.314833
v 1.300844 0.106350 0.311585
v 1.300417 0.110000 0.307958
v 1.292125 -0.110000 0.308734
v 1.292359 -0.106350 0.312379
v 1.292568 -0.103080 0.315643
v 1.292766 -0.100000 0.318718
v 1.292963 -0.096920 0.321793
v 1.293172 -0.093650 0.325057
v 1.293406 -0.090000 0.328702
v 1.293406 0.090000 0.328702
v 1.293172 0.093650 0.325057
v 1.292963 0.096920 0.321793
v 1.292766 0.100000 0.318718
v 1.292568 0.103080 0.315643
v 1.292359 0.106350 0.312379
v 1.292125 0.110000 0.308734
v 1.284500 -0.110000 0.309000
v 1.284467 -0.106350 0.312654
v 1.284438 -0.103080 0.315927
v 1.284410 -0.100000 0.319009
v 1.284383 -0.096920 0.322092
v 1.284353 -0.093650 0.325365
v 1.284321 -0.090000 0.329018
v 1.284321 0.090000 0.329018
v 1.284353 0.093650 0.325365
v 1.284383 0.096920 0.322092
v 1.284410 0.100000 0.319009
v 1.284438 0.103080 0.315927
v 1.284467 0.106350 0.312654
v 1.284500 0.110000 0.309000
v 1.261251 -0.110000 0.307773
v 1.260849 -0.106350 0.311407
v 1.260489 -0.103080 0.314662
v 1.260150 -0.100000 0.317728
v 1.259811 -0.096920 0.320794
v 1.259451 -0.093650 0.324050
v 1.259049 -0.090000 0.327684
v 1.259049 0.090000 0.327684
v 1.259451 0.093650 0.324050
v 1.259811 0.096920 0.320794
v 1.260150 0.100000 0.317728
v 1.260489 0.103080 0.314662
v 1.260849 0.106350 0.311407
v 1.261251 0.110000 0.307773
v 1.240005 -0.110000 0.304181
v 1.239169 -0.106350 0.307741
v 1.238419 -0.103080 0.310931
v 1.237714 -0.100000 0.313935
v 1.237009 -0.096920 0.316939
v 1.236259 -0.093650 0.320129
v 1.235423 -0.090000 0.323690
v 1.235423 0.090000 0.323690
v 1.236259 0.093650 0.320129
v 1.237009 0.096920 0.316939
v 1.237714 0.100000 0.313935
v 1.238419 0.103080 0.310931
v 1.239169 0.106350 0.307741
v 1.240005 0.110000 0.304181
v 1.220766 -0.110000 0.298359
v 1.219469 -0.106350 0.301781
v 1.218308 -0.103080 0.304846
v 1.217214 -0.100000 0.307732
v 1.216120 -0.096920 0.310619
v 1.214958 -0.093650 0.313684
v 1.213662 -0.090000 0.317105
v 1.213662 0.090000 0.317105
v 1.214958 0.093650 0.313684
v 1.216120 0.096920 0.310619
v 1.217214 0.100000 0.307732
v 1.218308 0.103080 0.304846
v 1.219469 0.106350 0.301781
v 1.220766 0.110000 0.298359
v 1.203537 -0.110000 0.290444
v 1.201772 -0.106350 0.293651
v 1.200191 -0.103080 0.296523
v 1.198703 -0.100000 0.299228
v 1.197214 -0.096920 0.301933
v 1.195633 -0.093650 0.304806
v 1.193868 -0.090000 0.308012
v 1.193868 0.090000 0.308012
v 1.195633 0.093650 0.304806
v 1.197214 0.096920 0.301933
v 1.198703 0.100000 0.299228
v 1.200191 0.103080 0.296523
v 1.201772 0.106350 0.293651
v 1.203537 0.110000 0.290444
v 1.188322 -0.110000 0.280571
v 1.186106 -0.106350 0.283485
v 1.184120 -0.103080 0.286094
v 1.182250 -0.100000 0.288552
v 1.180380 -0.096920 0.291010
v 1.178395 -0.093650 0.293619
v 1.176178 -0.090000 0.296533
v 1.176178 0.090000 0.296533
v 1.178395 0.093650 0.293619
v 1.180380 0.096920 0.291010
v 1.182250 0.100000 0.288552
v 1.184120 0.103080 0.286094
v 1.186106 0.106350 0.283485
v 1.188322 0.110000 0.280571
v 1.175125 -0.110000 0.268875
v 1.172499 -0.106350 0.271425
v 1.170146 -0.103080 0.273710
v 1.167931 -0.100000 0.275861
v 1.165715 -0.096920 0.278012
v 1.163363 -0.093650 0.280297
v 1.160736 -0.090000 0.282847
v 1.160736 0.090000 0.282847
v 1.163363 0.093650 0.280297
v 1.165715 0.096920 0.278012
v 1.167931 0.100000 0.275861
v 1.170146 0.103080 0.273710
v 1.172499 0.106350 0.271425
v 1.175125 0.110000 0.268875
v 1.163949 -0.110000 0.255491
v 1.160976 -0.106350 0.257626
v 1.158312 -0.103080 0.259539
v 1.155804 -0.100000 0.261340
v 1.153296 -0.096920 0.263141
v 1.150633 -0.093650 0.265053
v 1.147660 -0.090000 0.267188
v 1.147660 0.090000 0.267188
v 1.150633 0.093650 0.265053
v 1.153296 0.096920 0.263141
v 1.155804 0.100000 0.261340
v 1.158312 0.103080 0.259539
v 1.160976 0.106350 0.257626
v 1.163949 0.110000 0.255491
v 1.154796 -0.110000 0.240556
v 1.151551 -0.106350 0.242246
v 1.148644 -0.103080 0.243761
v 1.145907 -0.100000 0.245187
v 1.143169 -0.096920 0.246614
v 1.140262 -0.093650 0.248128
v 1.137017 -0.090000 0.249819
v 1.137017 0.090000 0.249819
v 1.140262 0.093650 0.248128
v 1.143169 0.096920 0.246614
v 1.145907 0.100000 0.245187
v 1.148644 0.103080 0.243761
v 1.151551 0.106350 0.242246
v 1.154796 0.110000 0.240556
v 1.147672 -0.110000 0.224203
v 1.144231 -0.106350 0.225444
v 1.141148 -0.103080 0.226555
v 1.138245 -0.100000 0.227602
v 1.135342 -0.096920 0.228649
v 1.132259 -0.093650 0.229760
v 1.128818 -0.090000 0.231001
v 1.128818 0.090000 0.231001
v 1.132259 0.093650 0.229760
v 1.135342 0.096920 0.228649
v 1.138245 0.100000 0.227602
v 1.141148 0.103080 0.226555
v 1.144231 0.106350 0.225444
v 1.147672 0.110000 0.224203
v 1.142579 -0.110000 0.206569
v 1.139011 -0.106350 0.207372
v 1.135815 -0.103080 0.208091
v 1.132805 -0.100000 0.208769
v 1.129795 -0.096920 0.209446
v 1.126599 -0.093650 0.210165
v 1.123032 -0.090000 0.210968
v 1.123032 0.090000 0.210968
v 1.126599 0.093650 0.210165
v 1.129795 0.096920 0.209446
v 1.132805 0.100000 0.208769
v 1.135815 0.103080 0.208091
v 1.139011 0.106350 0.207372
v 1.142579 0.110000 0.206569
v 1.139520 -0.110000 0.187790
v 1.135885 -0.106350 0.188178
v 1.132629 -0.103080 0.188527
v 1.129562 -0.100000 0.188854
v 1.126495 -0.096920 0.189182
v 1.123239 -0.093650 0.189530
v 1.119604 -0.090000 0.189919
v 1.119604 0.090000 0.189919
v 1.123239 0.093650 0.189530
v 1.126495 0.096920 0.189182
v 1.129562 0.100000 0.188854
v 1.132629 0.103080 0.188527
v 1.135885 0.106350 0.188178
v 1.139520 0.110000 0.187790
v 1.138500 -0.110000 0.168000
v 1.134850 -0.106350 0.168094
v 1.131580 -0.103080 0.168178
v 1.128500 -0.100000 0.168258
v 1.125420 -0.096920 0.168337
v 1.122151 -0.093650 0.168421
v 1.118500 -0.090000 0.168515
v 1.118500 0.090000 0.168515
v 1.122151 0.093650 0.168421
v 1.125420 0.096920 0.168337
v 1.128500 0.100000 0.168258
v 1.131580 0.103080 0.168178
v 1.134850 0.106350 0.168094
v 1.138500 0.110000 0.168000
v 1.138500 -0.110000 -0.069000
v 1.134850 -0.106350 -0.065350
v 1.131580 -0.103080 -0.062080
v 1.128500 -0.100000 -0.059000
v 1.125420 -0.096920 -0.055920
v 1.122151 -0.093650 -0.052650
v 1.118500 -0.090000 -0.049000
v 1.118500 0.090000 -0.049000
v 1.122151 0.093650 -0.052650
v 1.125420 0.096920 -0.055920
v 1.128500 0.100000 -0.059000
v 1.131580 0.103080 -0.062080
v 1.134850 0.106350 -0.065350
v 1.138500 0.110000 -0.069000
v 1.060500 -0.110000 -0.069000
v 1.056850 -0.106350 -0.065350
v 1.053580 -0.103080 -0.062080
v 1.050500 -0.100000 -0.059000
v 1.047421 -0.096920 -0.055920
v 1.044151 -0.093650 -0.052650
v 1.040500 -0.090000 -0.049000
v 1.040500 0.090000 -0.049000
v 1.044151 0.093650 -0.052650
v 1.047421 0.096920 -0.055920
v 1.050500 0.100000 -0.059000
v 1.053580 0.103080 -0.062080
v 1.056850 0.106350 -0.065350
v 1.060500 0.110000 -0.069000
v 1.060500 -0.110000 -0.079000
v 1.056850 -0.106350 -0.080538
v 1.053580 -0.103080 -0.081916
v 1.050500 -0.100000 -0.083213
v 1.047421 -0.096920 -0.084511
v 1.044151 -0.093650 -0.085889
v 1.040500 -0.090000 -0.087427
v 1.040500 0.090000 -0.087427
v 1.044151 0.093650 -0.085889
v 1.047421 0.096920 -0.084511
v 1.050500 0.100000 -0.083213
v 1.053580 0.103080 -0.081916
v 1.056850 0.106350 -0.080538
v 1.060500 0.110000 -0.079000
v 1.227500 -0.110000 -0.242000
v 1.231151 -0.106350 -0.250664
v 1.234421 -0.103080 -0.258425
v 1.237500 -0.100000 -0.265734
v 1.240580 -0.096920 -0.273044
v 1.243850 -0.093650 -0.280805
v 1.247500 -0.090000 -0.289469
v 1.247500 0.090000 -0.289469
v 1.243850 0.093650 -0.280805
v 1.240580 0.096920 -0.273044
v 1.237500 0.100000 -0.265734
v 1.234421 0.103080 -0.258425
v 1.231151 0.106350 -0.250664
v 1.227500 0.110000 -0.242000
v 1.227500 -0.110000 -0.149000
v 1.231151 -0.106350 -0.152650
v 1.234421 -0.103080 -0.155920
v 1.237500 -0.100000 -0.159000
v 1.240580 -0.096920 -0.162080
v 1.243850 -0.093650 -0.165350
v 1.247500 -0.090000 -0.169000
v 1.247500 0.090000 -0.169000
v 1.243850 0.093650 -0.165350
v 1.240580 0.096920 -0.162080
v 1.237500 0.100000 -0.159000
v 1.234421 0.103080 -0.155920
v 1.231151 0.106350 -0.152650
v 1.227500 0.110000 -0.149000
v 1.508500 -0.110000 0.300000
v 1.504850 -0.106350 0.303650
v 1.501580 -0.103080 0.306920
v 1.498500 -0.100000 0.310000
v 1.495420 -0.096920 0.313080
v 1.492151 -0.093650 0.316350
v 1.488500 -0.090000 0.320000
v 1.488500 0.090000 0.320000
v 1.492151 0.093650 0.316350
v 1.495420 0.096920 0.313080
v 1.498500 0.100000 0.310000
v 1.501580 0.103080 0.306920
v 1.504850 0.106350 0.303650
v 1.508500 0.110000 0.300000
v 1.508500 -0.110000 -0.382000
v 1.504850 -0.106350 -0.385650
v 1.501580 -0.103080 -0.388920
v 1.498500 -0.100000 -0.392000
v 1.495420 -0.096920 -0.395080
v 1.492151 -0.093650 -0.398350
v 1.488500 -0.090000 -0.402000
v 1.488500 0.090000 -0.402000
v 1.492151 0.093650 -0.398350
v 1.495420 0.096920 -0.395080
v 1.498500 0.100000 -0.392000
v 1.501580 0.103080 -0.388920
v 1.504850 0.106350 -0.385650
v 1.508500 0.110000 -0.382000
v 1.597500 -0.110000 -0.382000
v 1.601151 -0.106350 -0.385650
v 1.604420 -0.103080 -0.388920
v 1.607500 -0.100000 -0.392000
v 1.610580 -0.096920 -0.395080
v 1.613850 -0.093650 -0.398350
v 1.617500 -0.090000 -0.402000
v 1.617500 0.090000 -0.402000
v 1.613850 0.093650 -0.398350
v 1.610580 0.096920 -0.395080
v 1.607500 0.100000 -0.392000
v 1.604420 0.103080 -0.388920
v 1.601151 0.106350 -0.385650
v 1.597500 0.110000 -0.382000
v 1.597500 -0.110000 0.300000
v 1.601151 -0.106350 0.303650
v 1.604420 -0.103080 0.306920
v 1.607500 -0.100000 0.310000
v 1.610580 -0.096920 0.313080
v 1.613850 -0.093650 0.316350
v 1.617500 -0.090000 0.320000
v 1.617500 0.090000 0.320000
v 1.613850 0.093650 0.316350
v 1.610580 0.096920 0.313080
v 1.607500 0.100000 0.310000
v 1.604420 0.103080 0.306920
v 1.601151 0.106350 0.303650
v 1.597500 0.110000 0.300000
v 2.137086 -0.110000 0.264605
v 2.138996 -0.106350 0.267717
v 2.140708 -0.103080 0.270504
v 2.142320 -0.100000 0.273129
v 2.143932 -0.096920 0.275753
v 2.145643 -0.093650 0.278541
v 2.147553 -0.090000 0.281652
v 2.147553 0.090000 0.281652
v 2.145643 0.093650 0.278541
v 2.143932 0.096920 0.275753
v 2.142320 0.100000 0.273129
v 2.140708 0.103080 0.270504
v 2.138996 0.106350 0.267717
v 2.137086 0.110000 0.264605
v 2.123769 -0.110000 0.272426
v 2.125547 -0.106350 0.275615
v 2.127139 -0.103080 0.278472
v 2.128639 -0.100000 0.281163
v 2.130139 -0.096920 0.283853
v 2.131731 -0.093650 0.286710
v 2.133509 -0.090000 0.289900
v 2.133509 0.090000 0.289900
v 2.131731 0.093650 0.286710
v 2.130139 0.096920 0.283853
v 2.128639 0.100000 0.281163
v 2.127139 0.103080 0.278472
v 2.125547 0.106350 0.275615
v 2.123769 0.110000 0.272426
v 2.110438 -0.110000 0.279469
v 2.112063 -0.106350 0.282739
v 2.113518 -0.103080 0.285668
v 2.114889 -0.100000 0.288427
v 2.116259 -0.096920 0.291186
v 2.117715 -0.093650 0.294115
v 2.119339 -0.090000 0.297386
v 2.119339 0.090000 0.297386
v 2.117715 0.093650 0.294115
v 2.116259 0.096920 0.291186
v 2.114889 0.100000 0.288427
v 2.113518 0.103080 0.285668
v 2.112063 0.106350 0.282739
v 2.110438 0.110000 0.279469
v 2.096982 -0.110000 0.285741
v 2.098435 -0.106350 0.289091
v 2.099737 -0.103080 0.292092
v 2.100963 -0.100000 0.294918
v 2.102189 -0.096920 0.297744
v 2.103491 -0.093650 0.300745
v 2.104944 -0.090000 0.304095
v 2.104944 0.090000 0.304095
v 2.103491 0.093650 0.300745
v 2.102189 0.096920 0.297744
v 2.100963 0.100000 0.294918
v 2.099737 0.103080 0.292092
v 2.098435 0.106350 0.289091
v 2.096982 0.110000 0.285741
v 2.083290 -0.110000 0.291249
v 2.084557 -0.106350 0.294674
v 2.085692 -0.103080 0.297742
v 2.086761 -0.100000 0.300631
v 2.087830 -0.096920 0.303521
v 2.088966 -0.093650 0.306588
v 2.090233 -0.090000 0.310013
v 2.090233 0.090000 0.310013
v 2.088966 0.093650 0.306588
v 2.087830 0.096920 0.303521
v 2.086761 0.100000 0.300631
v 2.085692 0.103080 0.297742
v 2.084557 0.106350 0.294674
v 2.083290 0.110000 0.291249
v 2.069250 -0.110000 0.296000
v 2.070322 -0.106350 0.299491
v 2.071282 -0.103080 0.302618
v 2.072186 -0.100000 0.305564
v 2.073090 -0.096920 0.308509
v 2.074049 -0.093650 0.311636
v 2.075121 -0.090000 0.315127
v 2.075121 0.090000 0.315127
v 2.074049 0.093650 0.311636
v 2.073090 0.096920 0.308509
v 2.072186 0.100000 0.305564
v 2.071282 0.103080 0.302618
v 2.070322 0.106350 0.299491
v 2.069250 0.110000 0.296000
v 2.054753 -0.110000 0.300001
v 2.055625 -0.106350 0.303547
v 2.056406 -0.103080 0.306724
v 2.057142 -0.100000 0.309716
v 2.057877 -0.096920 0.312707
v 2.058658 -0.093650 0.315884
v 2.059530 -0.090000 0.319430
v 2.059530 0.090000 0.319430
v 2.058658 0.093650 0.315884
v 2.057877 0.096920 0.312707
v 2.057142 0.100000 0.309716
v 2.056406 0.103080 0.306724
v 2.055625 0.106350 0.303547
v 2.054753 0.110000 0.300001
v 2.039685 -0.110000 0.303259
v 2.040360 -0.106350 0.306848
v 2.040965 -0.103080 0.310063
v 2.041534 -0.100000 0.313091
v 2.042104 -0.096920 0.316118
v 2.042708 -0.093650 0.319333
v 2.043383 -0.090000 0.322922
v 2.043383 0.090000 0.322922
v 2.042708 0.093650 0.319333
v 2.042104 0.096920 0.316118
v 2.041534 0.100000 0.313091
v 2.040965 0.103080 0.310063
v 2.040360 0.106350 0.306848
v 2.039685 0.110000 0.303259
v 2.023938 -0.110000 0.305781
v 2.024423 -0.106350 0.309400
v 2.024858 -0.103080 0.312642
v 2.025268 -0.100000 0.315696
v 2.025678 -0.096920 0.318749
v 2.026113 -0.093650 0.321991
v 2.026598 -0.090000 0.325610
v 2.026598 0.090000 0.325610
v 2.026113 0.093650 0.321991
v 2.025678 0.096920 0.318749
v 2.025268 0.100000 0.315696
v 2.024858 0.103080 0.312642
v 2.024423 0.106350 0.309400
v 2.023938 0.110000 0.305781
v 2.007398 -0.110000 0.307574
v 2.007707 -0.106350 0.311212
v 2.007983 -0.103080 0.314472
v 2.008244 -0.100000 0.317541
v 2.008504 -0.096920 0.320610
v 2.008781 -0.093650 0.323870
v 2.009089 -0.090000 0.327508
v 2.009089 0.090000 0.327508
v 2.008781 0.093650 0.323870
v 2.008504 0.096920 0.320610
v 2.008244 0.100000 0.317541
v 2.007983 0.103080 0.314472
v 2.007707 0.106350 0.311212
v 2.007398 0.110000 0.307574
v 1.989956 -0.110000 0.308645
v 1.990103 -0.106350 0.312293
v 1.990235 -0.103080 0.315561
v 1.990359 -0.100000 0.318639
v 1.990483 -0.096920 0.321717
v 1.990615 -0.093650 0.324985
v 1.990762 -0.090000 0.328633
v 1.990762 0.090000 0.328633
v 1.990615 0.093650 0.324985
v 1.990483 0.096920 0.321717
v 1.990359 0.100000 0.318639
v 1.990235 0.103080 0.315561
v 1.990103 0.106350 0.312293
v 1.989956 0.110000 0.308645
v 1.971500 -0.110000 0.309000
v 1.971409 -0.106350 0.312653
v 1.971327 -0.103080 0.315925
v 1.971250 -0.100000 0.319007
v 1.971173 -0.096920 0.322088
v 1.971092 -0.093650 0.325360
v 1.971001 -0.090000 0.329013
v 1.971001 0.090000 0.329013
v 1.971092 0.093650 0.325360
v 1.971173 0.096920 0.322088
v 1.971250 0.100000 0.319007
v 1.971327 0.103080 0.315925
v 1.971409 0.106350 0.312653
v 1.971500 0.110000 0.309000
v 1.937801 -0.110000 0.306665
v 1.937284 -0.106350 0.310289
v 1.936821 -0.103080 0.313535
v 1.936385 -0.100000 0.316591
v 1.935949 -0.096920 0.319648
v 1.935486 -0.093650 0.322894
v 1.934969 -0.090000 0.326517
v 1.934969 0.090000 0.326517
v 1.935486 0.093650 0.322894
v 1.935949 0.096920 0.319648
v 1.936385 0.100000 0.316591
v 1.936821 0.103080 0.313535
v 1.937284 0.106350 0.310289
v 1.937801 0.110000 0.306665
v 1.906741 -0.110000 0.299907
v 1.905697 -0.106350 0.303416
v 1.904762 -0.103080 0.306559
v 1.903881 -0.100000 0.309519
v 1.903000 -0.096920 0.312479
v 1.902065 -0.093650 0.315622
v 1.901021 -0.090000 0.319131
v 1.901021 0.090000 0.319131
v 1.902065 0.093650 0.315622
v 1.903000 0.096920 0.312479
v 1.903881 0.100000 0.309519
v 1.904762 0.103080 0.306559
v 1.905697 0.106350 0.303416
v 1.906741 0.110000 0.299907
v 1.878375 -0.110000 0.289094
v 1.876817 -0.106350 0.292406
v 1.875421 -0.103080 0.295374
v 1.874107 -0.100000 0.298168
v 1.872792 -0.096920 0.300963
v 1.871396 -0.093650 0.303931
v 1.869838 -0.090000 0.307243
v 1.869838 0.090000 0.307243
v 1.871396 0.093650 0.303931
v 1.872792 0.096920 0.300963
v 1.874107 0.100000 0.298168
v 1.875421 0.103080 0.295374
v 1.876817 0.106350 0.292406
v 1.878375 0.110000 0.289094
v 1.852759 -0.110000 0.274593
v 1.850726 -0.106350 0.277636
v 1.848904 -0.103080 0.280362
v 1.847188 -0.100000 0.282929
v 1.845472 -0.096920 0.285497
v 1.843650 -0.093650 0.288223
v 1.841616 -0.090000 0.291266
v 1.841616 0.090000 0.291266
v 1.843650 0.093650 0.288223
v 1.845472 0.096920 0.285497
v 1.847188 0.100000 0.282929
v 1.848904 0.103080 0.280362
v 1.850726 0.106350 0.277636
v 1.852759 0.110000 0.274593
v 1.829949 -0.110000 0.256772
v 1.827497 -0.106350 0.259488
v 1.825300 -0.103080 0.261922
v 1.823231 -0.100000 0.264213
v 1.821162 -0.096920 0.266505
v 1.818965 -0.093650 0.268938
v 1.816512 -0.090000 0.271654
v 1.816512 0.090000 0.271654
v 1.818965 0.093650 0.268938
v 1.821162 0.096920 0.266505
v 1.823231 0.100000 0.264213
v 1.825300 0.103080 0.261922
v 1.827497 0.106350 0.259488
v 1.829949 0.110000 0.256772
v 1.810000 -0.110000 0.236000
v 1.807196 -0.106350 0.238350
v 1.804685 -0.103080 0.240456
v 1.802319 -0.100000 0.242439
v 1.799954 -0.096920 0.244422
v 1.797442 -0.093650 0.246527
v 1.794638 -0.090000 0.248878
v 1.794638 0.090000 0.248878
v 1.797442 0.093650 0.246527
v 1.799954 0.096920 0.244422
v 1.802319 0.100000 0.242439
v 1.804685 0.103080 0.240456
v 1.807196 0.106350 0.238350
v 1.810000 0.110000 0.236000
v 1.792968 -0.110000 0.212645
v 1.789881 -0.106350 0.214608
v 1.787116 -0.103080 0.216366
v 1.784512 -0.100000 0.218022
v 1.781908 -0.096920 0.219678
v 1.779144 -0.093650 0.221436
v 1.776057 -0.090000 0.223399
v 1.776057 0.090000 0.223399
v 1.779144 0.093650 0.221436
v 1.781908 0.096920 0.219678
v 1.784512 0.100000 0.218022
v 1.787116 0.103080 0.216366
v 1.789881 0.106350 0.214608
v 1.792968 0.110000 0.212645
v 1.778908 -0.110000 0.187074
v 1.775603 -0.106350 0.188641
v 1.772643 -0.103080 0.190044
v 1.769855 -0.100000 0.191365
v 1.767067 -0.096920 0.192687
v 1.764107 -0.093650 0.194090
v 1.760803 -0.090000 0.195656
v 1.760803 0.090000 0.195656
v 1.764107 0.093650 0.194090
v 1.767067 0.096920 0.192687
v 1.769855 0.100000 0.191365
v 1.772643 0.103080 0.190044
v 1.775603 0.106350 0.188641
v 1.778908 0.110000 0.187074
v 1.767875 -0.110000 0.159656
v 1.764411 -0.106350 0.160826
v 1.761308 -0.103080 0.161873
v 1.758385 -0.100000 0.162859
v 1.755462 -0.096920 0.163846
v 1.752359 -0.093650 0.164893
v 1.748894 -0.090000 0.166062
v 1.748894 0.090000 0.166062
v 1.752359 0.093650 0.164893
v 1.755462 0.096920 0.163846
v 1.758385 0.100000 0.162859
v 1.761308 0.103080 0.161873
v 1.764411 0.106350 0.160826
v 1.767875 0.110000 0.159656
v 1.759926 -0.110000 0.130759
v 1.756353 -0.106350 0.131535
v 1.753153 -0.103080 0.132229
v 1.750139 -0.100000 0.132883
v 1.747125 -0.096920 0.133537
v 1.743924 -0.093650 0.134232
v 1.740352 -0.090000 0.135007
v 1.740352 0.090000 0.135007
v 1.743924 0.093650 0.134232
v 1.747125 0.096920 0.133537
v 1.750139 0.100000 0.132883
v 1.753153 0.103080 0.132229
v 1.756353 0.106350 0.131535
v 1.759926 0.110000 0.130759
v 1.755116 -0.110000 0.100751
v 1.751481 -0.106350 0.101137
v 1.748224 -0.103080 0.101482
v 1.745158 -0.100000 0.101808
v 1.742091 -0.096920 0.102133
v 1.738835 -0.093650 0.102479
v 1.735199 -0.090000 0.102865
v 1.735199 0.090000 0.102865
v 1.738835 0.093650 0.102479
v 1.742091 0.096920 0.102133
v 1.745158 0.100000 0.101808
v 1.748224 0.103080 0.101482
v 1.751481 0.106350 0.101137
v 1.755116 0.110000 0.100751
v 1.753500 -0.110000 0.070000
v 1.749845 -0.106350 0.069999
v 1.746570 -0.103080 0.069997
v 1.743486 -0.100000 0.069996
v 1.740402 -0.096920 0.069995
v 1.737128 -0.093650 0.069993
v 1.733472 -0.090000 0.069992
v 1.733472 0.090000 0.069992
v 1.737128 0.093650 0.069993
v 1.740402 0.096920 0.069995
v 1.743486 0.100000 0.069996
v 1.746570 0.103080 0.069997
v 1.749845 0.106350 0.069999
v 1.753500 0.110000 0.070000
v 1.755264 -0.110000 0.036944
v 1.751630 -0.106350 0.036546
v 1.748374 -0.103080 0.036188
v 1.745308 -0.100000 0.035852
v 1.742242 -0.096920 0.035515
v 1.738986 -0.093650 0.035158
v 1.735352 -0.090000 0.034759
v 1.735352 0.090000 0.034759
v 1.738986 0.093650 0.035158
v 1.742242 0.096920 0.035515
v 1.745308 0.100000 0.035852
v 1.748374 0.103080 0.036188
v 1.751630 0.106350 0.036546
v 1.755264 0.110000 0.036944
v 1.760445 -0.110000 0.005889
v 1.756880 -0.106350 0.005074
v 1.753686 -0.103080 0.004345
v 1.750679 -0.100000 0.003658
v 1.747671 -0.096920 0.002970
v 1.744478 -0.093650 0.002241
v 1.740913 -0.090000 0.001426
v 1.740913 0.090000 0.001426
v 1.744478 0.093650 0.002241
v 1.747671 0.096920 0.002970
v 1.750679 0.100000 0.003658
v 1.753686 0.103080 0.004345
v 1.756880 0.106350 0.005074
v 1.760445 0.110000 0.005889
v 1.768875 -0.110000 -0.023000
v 1.765435 -0.106350 -0.024242
v 1.762353 -0.103080 -0.025355
v 1.759451 -0.100000 -0.026403
v 1.756549 -0.096920 -0.027451
v 1.753467 -0.093650 -0.028564
v 1.750027 -0.090000 -0.029806
v 1.750027 0.090000 -0.029806
v 1.753467 0.093650 -0.028564
v 1.756549 0.096920 -0.027451
v 1.759451 0.100000 -0.026403
v 1.762353 0.103080 -0.025355
v 1.765435 0.106350 -0.024242
v 1.768875 0.110000 -0.023000
v 1.780389 -0.110000 -0.049556
v 1.777135 -0.106350 -0.051228
v 1.774221 -0.103080 -0.052726
v 1.771476 -0.100000 -0.054136
v 1.768731 -0.096920 -0.055547
v 1.765816 -0.093650 -0.057045
v 1.762562 -0.090000 -0.058717
v 1.762562 0.090000 -0.058717
v 1.765816 0.093650 -0.057045
v 1.768731 0.096920 -0.055547
v 1.771476 0.100000 -0.054136
v 1.774221 0.103080 -0.052726
v 1.777135 0.106350 -0.051228
v 1.780389 0.110000 -0.049556
v 1.794819 -0.110000 -0.073611
v 1.791817 -0.106350 -0.075703
v 1.789128 -0.103080 -0.077576
v 1.786595 -0.100000 -0.079341
v 1.784063 -0.096920 -0.081106
v 1.781374 -0.093650 -0.082979
v 1.778371 -0.090000 -0.085071
v 1.778371 0.090000 -0.085071
v 1.781374 0.093650 -0.082979
v 1.784063 0.096920 -0.081106
v 1.786595 0.100000 -0.079341
v 1.789128 0.103080 -0.077576
v 1.791817 0.106350 -0.075703
v 1.794819 0.110000 -0.073611
v 1.812000 -0.110000 -0.095000
v 1.809315 -0.106350 -0.097486
v 1.806909 -0.103080 -0.099713
v 1.804643 -0.100000 -0.101810
v 1.802378 -0.096920 -0.103907
v 1.799972 -0.093650 -0.106134
v 1.797287 -0.090000 -0.108620
v 1.797287 0.090000 -0.108620
v 1.799972 0.093650 -0.106134
v 1.802378 0.096920 -0.103907
v 1.804643 0.100000 -0.101810
v 1.806909 0.103080 -0.099713
v 1.809315 0.106350 -0.097486
v 1.812000 0.110000 -0.095000
v 1.831764 -0.110000 -0.113556
v 1.829455 -0.106350 -0.116395
v 1.827387 -0.103080 -0.118938
v 1.825439 -0.100000 -0.121334
v 1.823491 -0.096920 -0.123729
v 1.821423 -0.093650 -0.126272
v 1.819113 -0.090000 -0.129112
v 1.819113 0.090000 -0.129112
v 1.821423 0.093650 -0.126272
v 1.823491 0.096920 -0.123729
v 1.825439 0.100000 -0.121334
v 1.827387 0.103080 -0.118938
v 1.829455 0.106350 -0.116395
v 1.831764 0.110000 -0.113556
v 1.853945 -0.110000 -0.129111
v 1.852062 -0.106350 -0.132249
v 1.850375 -0.103080 -0.135060
v 1.848786 -0.100000 -0.137708
v 1.847198 -0.096920 -0.140355
v 1.845511 -0.093650 -0.143166
v 1.843628 -0.090000 -0.146304
v 1.843628 0.090000 -0.146304
v 1.845511 0.093650 -0.143166
v 1.847198 0.096920 -0.140355
v 1.848786 0.100000 -0.137708
v 1.850375 0.103080 -0.135060
v 1.852062 0.106350 -0.132249
v 1.853945 0.110000 -0.129111
v 1.878375 -0.110000 -0.141500
v 1.876953 -0.106350 -0.144872
v 1.875679 -0.103080 -0.147892
v 1.874478 -0.100000 -0.150736
v 1.873278 -0.096920 -0.153581
v 1.872004 -0.093650 -0.156601
v 1.870582 -0.090000 -0.159973
v 1.870582 0.090000 -0.159973
v 1.872004 0.093650 -0.156601
v 1.873278 0.096920 -0.153581
v 1.874478 0.100000 -0.150736
v 1.875679 0.103080 -0.147892
v 1.876953 0.106350 -0.144872
v 1.878375 0.110000 -0.141500
v 1.904889 -0.110000 -0.150556
v 1.903945 -0.106350 -0.154091
v 1.903099 -0.103080 -0.157257
v 1.902302 -0.100000 -0.160239
v 1.901505 -0.096920 -0.163221
v 1.900659 -0.093650 -0.166388
v 1.899715 -0.090000 -0.169923
v 1.899715 0.090000 -0.169923
v 1.900659 0.093650 -0.166388
v 1.901505 0.096920 -0.163221
v 1.902302 0.100000 -0.160239
v 1.903099 0.103080 -0.157257
v 1.903945 0.106350 -0.154091
v 1.904889 0.110000 -0.150556
v 1.933320 -0.110000 -0.156111
v 1.932854 -0.106350 -0.159740
v 1.932436 -0.103080 -0.162990
v 1.932043 -0.100000 -0.166051
v 1.931650 -0.096920 -0.169112
v 1.931232 -0.093650 -0.172362
v 1.930766 -0.090000 -0.175990
v 1.930766 0.090000 -0.175990
v 1.931232 0.093650 -0.172362
v 1.931650 0.096920 -0.169112
v 1.932043 0.100000 -0.166051
v 1.932436 0.103080 -0.162990
v 1.932854 0.106350 -0.159740
v 1.933320 0.110000 -0.156111
v 1.963500 -0.110000 -0.158000
v 1.963493 -0.106350 -0.161657
v 1.963486 -0.103080 -0.164933
v 1.963480 -0.100000 -0.168018
v 1.963474 -0.096920 -0.171104
v 1.963468 -0.093650 -0.174380
v 1.963460 -0.090000 -0.178037
v 1.963460 0.090000 -0.178037
v 1.963468 0.093650 -0.174380
v 1.963474 0.096920 -0.171104
v 1.963480 0.100000 -0.168018
v 1.963486 0.103080 -0.164933
v 1.963493 0.106350 -0.161657
v 1.963500 0.110000 -0.158000
v 1.992335 -0.110000 -0.156310
v 1.992782 -0.106350 -0.159941
v 1.993182 -0.103080 -0.163193
v 1.993559 -0.100000 -0.166256
v 1.993936 -0.096920 -0.169318
v 1.994337 -0.093650 -0.172571
v 1.994784 -0.090000 -0.176201
v 1.994784 0.090000 -0.176201
v 1.994337 0.093650 -0.172571
v 1.993936 0.096920 -0.169318
v 1.993559 0.100000 -0.166256
v 1.993182 0.103080 -0.163193
v 1.992782 0.106350 -0.159941
v 1.992335 0.110000 -0.156310
v 2.019264 -0.110000 -0.151231
v 2.020195 -0.106350 -0.154771
v 2.021029 -0.103080 -0.157941
v 2.021815 -0.100000 -0.160927
v 2.022601 -0.096920 -0.163912
v 2.023435 -0.093650 -0.167083
v 2.024366 -0.090000 -0.170622
v 2.024366 0.090000 -0.170622
v 2.023435 0.093650 -0.167083
v 2.022601 0.096920 -0.163912
v 2.021815 0.100000 -0.160927
v 2.021029 0.103080 -0.157941
v 2.020195 0.106350 -0.154771
v 2.019264 0.110000 -0.151231
v 2.044172 -0.110000 -0.142750
v 2.045614 -0.106350 -0.146115
v 2.046906 -0.103080 -0.149130
v 2.048122 -0.100000 -0.151969
v 2.049339 -0.096920 -0.154808
v 2.050631 -0.093650 -0.157822
v 2.052073 -0.090000 -0.161187
v 2.052073 0.090000 -0.161187
v 2.050631 0.093650 -0.157822
v 2.049339 0.096920 -0.154808
v 2.048122 0.100000 -0.151969
v 2.046906 0.103080 -0.149130
v 2.045614 0.106350 -0.146115
v 2.044172 0.110000 -0.142750
v 2.066945 -0.110000 -0.130852
v 2.068895 -0.106350 -0.133952
v 2.070641 -0.103080 -0.136728
v 2.072286 -0.100000 -0.139344
v 2.073931 -0.096920 -0.141959
v 2.075678 -0.093650 -0.144736
v 2.077628 -0.090000 -0.147835
v 2.077628 0.090000 -0.147835
v 2.075678 0.093650 -0.144736
v 2.073931 0.096920 -0.141959
v 2.072286 0.100000 -0.139344
v 2.070641 0.103080 -0.136728
v 2.068895 0.106350 -0.133952
v 2.066945 0.110000 -0.130852
v 2.087467 -0.110000 -0.115523
v 2.089887 -0.106350 -0.118272
v 2.092054 -0.103080 -0.120735
v 2.094096 -0.100000 -0.123054
v 2.096137 -0.096920 -0.125373
v 2.098305 -0.093650 -0.127835
v 2.100724 -0.090000 -0.130584
v 2.100724 0.090000 -0.130584
v 2.098305 0.093650 -0.127835
v 2.096137 0.096920 -0.125373
v 2.094096 0.100000 -0.123054
v 2.092054 0.103080 -0.120735
v 2.089887 0.106350 -0.118272
v 2.087467 0.110000 -0.115523
v 2.105625 -0.110000 -0.096750
v 2.108445 -0.106350 -0.099085
v 2.110972 -0.103080 -0.101176
v 2.113351 -0.100000 -0.103146
v 2.115731 -0.096920 -0.105116
v 2.118257 -0.093650 -0.107207
v 2.121077 -0.090000 -0.109542
v 2.121077 0.090000 -0.109542
v 2.118257 0.093650 -0.107207
v 2.115731 0.096920 -0.105116
v 2.113351 0.100000 -0.103146
v 2.110972 0.103080 -0.101176
v 2.108445 0.106350 -0.099085
v 2.105625 0.110000 -0.096750
v 2.121304 -0.110000 -0.074519
v 2.124438 -0.106350 -0.076408
v 2.127246 -0.103080 -0.078101
v 2.129890 -0.100000 -0.079695
v 2.132534 -0.096920 -0.081289
v 2.135342 -0.093650 -0.082982
v 2.138476 -0.090000 -0.084872
v 2.138476 0.090000 -0.084872
v 2.135342 0.093650 -0.082982
v 2.132534 0.096920 -0.081289
v 2.129890 0.100000 -0.079695
v 2.127246 0.103080 -0.078101
v 2.124438 0.106350 -0.076408
v 2.121304 0.110000 -0.074519
v 2.134389 -0.110000 -0.048815
v 2.137749 -0.106350 -0.050260
v 2.140760 -0.103080 -0.051555
v 2.143595 -0.100000 -0.052774
v 2.146430 -0.096920 -0.053994
v 2.149440 -0.093650 -0.055289
v 2.152800 -0.090000 -0.056734
v 2.152800 0.090000 -0.056734
v 2.149440 0.093650 -0.055289
v 2.146430 0.096920 -0.053994
v 2.143595 0.100000 -0.052774
v 2.140760 0.103080 -0.051555
v 2.137749 0.106350 -0.050260
v 2.134389 0.110000 -0.048815
v 2.144766 -0.110000 -0.019625
v 2.148275 -0.106350 -0.020651
v 2.151419 -0.103080 -0.021569
v 2.154380 -0.100000 -0.022435
v 2.157341 -0.096920 -0.023300
v 2.160485 -0.093650 -0.024219
v 2.163994 -0.090000 -0.025244
v 2.163994 0.090000 -0.025244
v 2.160485 0.093650 -0.024219
v 2.157341 0.096920 -0.023300
v 2.154380 0.100000 -0.022435
v 2.151419 0.103080 -0.021569
v 2.148275 0.106350 -0.020651
v 2.144766 0.110000 -0.019625
v 2.152320 -0.110000 0.013065
v 2.155918 -0.106350 0.012421
v 2.159141 -0.103080 0.011845
v 2.162176 -0.100000 0.011302
v 2.165211 -0.096920 0.010759
v 2.168434 -0.093650 0.010183
v 2.172032 -0.090000 0.009540
v 2.172032 0.090000 0.009540
v 2.168434 0.093650 0.010183
v 2.165211 0.096920 0.010759
v 2.162176 0.100000 0.011302
v 2.159141 0.103080 0.011845
v 2.155918 0.106350 0.012421
v 2.152320 0.110000 0.013065
v 2.156936 -0.110000 0.049269
v 2.160577 -0.106350 0.048965
v 2.163839 -0.103080 0.048694
v 2.166911 -0.100000 0.048438
v 2.169983 -0.096920 0.048182
v 2.173245 -0.093650 0.047910
v 2.176886 -0.090000 0.047607
v 2.176886 0.090000 0.047607
v 2.173245 0.093650 0.047910
v 2.169983 0.096920 0.048182
v 2.166911 0.100000 0.048438
v 2.163839 0.103080 0.048694
v 2.160577 0.106350 0.048965
v 2.156936 0.110000 0.049269
v 2.158500 -0.110000 0.089000
v 2.162297 -0.106350 0.092650
v 2.165698 -0.103080 0.095920
v 2.168902 -0.100000 0.099000
v 2.172105 -0.096920 0.102080
v 2.175506 -0.093650 0.105350
v 2.179303 -0.090000 0.109000
v 2.179303 0.090000 0.109000
v 2.175506 0.093650 0.105350
v 2.172105 0.096920 0.102080
v 2.168902 0.100000 0.099000
v 2.165698 0.103080 0.095920
v 2.162297 0.106350 0.092650
v 2.158500 0.110000 0.089000
v 1.842500 -0.110000 0.089000
v 1.846953 -0.106350 0.092650
v 1.850941 -0.103080 0.095920
v 1.854698 -0.100000 0.099000
v 1.858454 -0.096920 0.102080
v 1.862442 -0.093650 0.105350
v 1.866895 -0.090000 0.109000
v 1.866895 0.090000 0.109000
v 1.862442 0.093650 0.105350
v 1.858454 0.096920 0.102080
v 1.854698 0.100000 0.099000
v 1.850941 0.103080 0.095920
v 1.846953 0.106350 0.092650
v 1.842500 0.110000 0.089000
v 1.846770 -0.110000 0.110352
v 1.850317 -0.106350 0.109473
v 1.853494 -0.103080 0.108686
v 1.856486 -0.100000 0.107944
v 1.859478 -0.096920 0.107202
v 1.862656 -0.093650 0.106415
v 1.866202 -0.090000 0.105535
v 1.866202 0.090000 0.105535
v 1.862656 0.093650 0.106415
v 1.859478 0.096920 0.107202
v 1.856486 0.100000 0.107944
v 1.853494 0.103080 0.108686
v 1.850317 0.106350 0.109473
v 1.846770 0.110000 0.110352
v 1.852574 -0.110000 0.129903
v 1.856020 -0.106350 0.128683
v 1.859106 -0.103080 0.127590
v 1.862013 -0.100000 0.126561
v 1.864920 -0.096920 0.125531
v 1.868007 -0.093650 0.124439
v 1.871452 -0.090000 0.123219
v 1.871452 0.090000 0.123219
v 1.868007 0.093650 0.124439
v 1.864920 0.096920 0.125531
v 1.862013 0.100000 0.126561
v 1.859106 0.103080 0.127590
v 1.856020 0.106350 0.128683
v 1.852574 0.110000 0.129903
v 1.859906 -0.110000 0.147641
v 1.863199 -0.106350 0.146051
v 1.866149 -0.103080 0.144627
v 1.868927 -0.100000 0.143285
v 1.871705 -0.096920 0.141944
v 1.874654 -0.093650 0.140520
v 1.877947 -0.090000 0.138930
v 1.877947 0.090000 0.138930
v 1.874654 0.093650 0.140520
v 1.871705 0.096920 0.141944
v 1.868927 0.100000 0.143285
v 1.866149 0.103080 0.144627
v 1.863199 0.106350 0.146051
v 1.859906 0.110000 0.147641
v 1.868759 -0.110000 0.163556
v 1.871837 -0.106350 0.161578
v 1.874593 -0.103080 0.159807
v 1.877189 -0.100000 0.158139
v 1.879785 -0.096920 0.156471
v 1.882542 -0.093650 0.154699
v 1.885619 -0.090000 0.152722
v 1.885619 0.090000 0.152722
v 1.882542 0.093650 0.154699
v 1.879785 0.096920 0.156471
v 1.877189 0.100000 0.158139
v 1.874593 0.103080 0.159807
v 1.871837 0.106350 0.161578
v 1.868759 0.110000 0.163556
v 1.879126 -0.110000 0.177637
v 1.881919 -0.106350 0.175273
v 1.884420 -0.103080 0.173156
v 1.886776 -0.100000 0.171161
v 1.889132 -0.096920 0.169167
v 1.891634 -0.093650 0.167049
v 1.894427 -0.090000 0.164685
v 1.894427 0.090000 0.164685
v 1.891634 0.093650 0.167049
v 1.889132 0.096920 0.169167
v 1.886776 0.100000 0.171161
v 1.884420 0.103080 0.173156
v 1.881919 0.106350 0.175273
v 1.879126 0.110000 0.177637
v 1.891000 -0.110000 0.189875
v 1.893441 -0.106350 0.187149
v 1.895628 -0.103080 0.184707
v 1.897688 -0.100000 0.182407
v 1.899747 -0.096920 0.180107
v 1.901934 -0.093650 0.177665
v 1.904375 -0.090000 0.174939
v 1.904375 0.090000 0.174939
v 1.901934 0.093650 0.177665
v 1.899747 0.096920 0.180107
v 1.897688 0.100000 0.182407
v 1.895628 0.103080 0.184707
v 1.893441 0.106350 0.187149
v 1.891000 0.110000 0.189875
v 1.904374 -0.110000 0.200259
v 1.906411 -0.106350 0.197219
v 1.908235 -0.103080 0.194495
v 1.909953 -0.100000 0.191930
v 1.911672 -0.096920 0.189366
v 1.913496 -0.093650 0.186642
v 1.915533 -0.090000 0.183602
v 1.915533 0.090000 0.183602
v 1.913496 0.093650 0.186642
v 1.911672 0.096920 0.189366
v 1.909953 0.100000 0.191930
v 1.908235 0.103080 0.194495
v 1.906411 0.106350 0.197219
v 1.904374 0.110000 0.200259
v 1.919241 -0.110000 0.208778
v 1.920843 -0.106350 0.205488
v 1.922277 -0.103080 0.202542
v 1.923629 -0.100000 0.199767
v 1.924980 -0.096920 0.196992
v 1.926415 -0.093650 0.194045
v 1.928016 -0.090000 0.190755
v 1.928016 0.090000 0.190755
v 1.926415 0.093650 0.194045
v 1.924980 0.096920 0.196992
v 1.923629 0.100000 0.199767
v 1.922277 0.103080 0.202542
v 1.920843 0.106350 0.205488
v 1.919241 0.110000 0.208778
v 1.935594 -0.110000 0.215422
v 1.936756 -0.106350 0.211954
v 1.937797 -0.103080 0.208847
v 1.938778 -0.100000 0.205922
v 1.939758 -0.096920 0.202996
v 1.940799 -0.093650 0.199889
v 1.941961 -0.090000 0.196421
v 1.941961 0.090000 0.196421
v 1.940799 0.093650 0.199889
v 1.939758 0.096920 0.202996
v 1.938778 0.100000 0.205922
v 1.937797 0.103080 0.208847
v 1.936756 0.106350 0.211954
v 1.935594 0.110000 0.215422
v 1.953426 -0.110000 0.220181
v 1.954167 -0.106350 0.216600
v 1.954830 -0.103080 0.213393
v 1.955455 -0.100000 0.210372
v 1.956080 -0.096920 0.207351
v 1.956744 -0.093650 0.204144
v 1.957484 -0.090000 0.200564
v 1.957484 0.090000 0.200564
v 1.956744 0.093650 0.204144
v 1.956080 0.096920 0.207351
v 1.955455 0.100000 0.210372
v 1.954830 0.103080 0.213393
v 1.954167 0.106350 0.216600
v 1.953426 0.110000 0.220181
v 1.972730 -0.110000 0.223043
v 1.973083 -0.106350 0.219405
v 1.973399 -0.103080 0.216147
v 1.973696 -0.100000 0.213077
v 1.973994 -0.096920 0.210008
v 1.974310 -0.093650 0.206749
v 1.974662 -0.090000 0.203111
v 1.974662 0.090000 0.203111
v 1.974310 0.093650 0.206749
v 1.973994 0.096920 0.210008
v 1.973696 0.100000 0.213077
v 1.973399 0.103080 0.216147
v 1.973083 0.106350 0.219405
v 1.972730 0.110000 0.223043
v 1.993500 -0.110000 0.224000
v 1.993528 -0.106350 0.220347
v 1.993553 -0.103080 0.217075
v 1.993577 -0.100000 0.213993
v 1.993600 -0.096920 0.210911
v 1.993625 -0.093650 0.207639
v 1.993653 -0.090000 0.203986
v 1.993653 0.090000 0.203986
v 1.993625 0.093650 0.207639
v 1.993600 0.096920 0.210911
v 1.993577 0.100000 0.213993
v 1.993553 0.103080 0.217075
v 1.993528 0.106350 0.220347
v 1.993500 0.110000 0.224000
v 2.006940 -0.110000 0.223587
v 2.006716 -0.106350 0.219942
v 2.006516 -0.103080 0.216676
v 2.006328 -0.100000 0.213601
v 2.006139 -0.096920 0.210526
v 2.005939 -0.093650 0.207260
v 2.005716 -0.090000 0.203615
v 2.005716 0.090000 0.203615
v 2.005939 0.093650 0.207260
v 2.006139 0.096920 0.210526
v 2.006328 0.100000 0.213601
v 2.006516 0.103080 0.216676
v 2.006716 0.106350 0.219942
v 2.006940 0.110000 0.223587
v 2.020269 -0.110000 0.222361
v 2.019826 -0.106350 0.218736
v 2.019429 -0.103080 0.215489
v 2.019056 -0.100000 0.212430
v 2.018683 -0.096920 0.209372
v 2.018286 -0.093650 0.206125
v 2.017843 -0.090000 0.202500
v 2.017843 0.090000 0.202500
v 2.018286 0.093650 0.206125
v 2.018683 0.096920 0.209372
v 2.019056 0.100000 0.212430
v 2.019429 0.103080 0.215489
v 2.019826 0.106350 0.218736
v 2.020269 0.110000 0.222361
v 2.033500 -0.110000 0.220344
v 2.032846 -0.106350 0.216751
v 2.032260 -0.103080 0.213533
v 2.031708 -0.100000 0.210501
v 2.031156 -0.096920 0.207470
v 2.030570 -0.093650 0.204252
v 2.029916 -0.090000 0.200659
v 2.029916 0.090000 0.200659
v 2.030570 0.093650 0.204252
v 2.031156 0.096920 0.207470
v 2.031708 0.100000 0.210501
v 2.032260 0.103080 0.213533
v 2.032846 0.106350 0.216751
v 2.033500 0.110000 0.220344
v 2.046648 -0.110000 0.217556
v 2.045792 -0.106350 0.214005
v 2.045026 -0.103080 0.210825
v 2.044303 -0.100000 0.207830
v 2.043581 -0.096920 0.204835
v 2.042815 -0.093650 0.201655
v 2.041959 -0.090000 0.198105
v 2.041959 0.090000 0.198105
v 2.042815 0.093650 0.201655
v 2.043581 0.096920 0.204835
v 2.044303 0.100000 0.207830
v 2.045026 0.103080 0.210825
v 2.045792 0.106350 0.214005
v 2.046648 0.110000 0.217556
v 2.059727 -0.110000 0.214017
v 2.058681 -0.106350 0.210519
v 2.057745 -0.103080 0.207385
v 2.056862 -0.100000 0.204433
v 2.055980 -0.096920 0.201481
v 2.055043 -0.093650 0.198347
v 2.053998 -0.090000 0.194848
v 2.053998 0.090000 0.194848
v 2.055043 0.093650 0.198347
v 2.055980 0.096920 0.201481
v 2.056862 0.100000 0.204433
v 2.057745 0.103080 0.207385
v 2.058681 0.106350 0.210519
v 2.059727 0.110000 0.214017
v 2.072750 -0.110000 0.209750
v 2.071528 -0.106350 0.206309
v 2.070433 -0.103080 0.203227
v 2.069402 -0.100000 0.200324
v 2.068370 -0.096920 0.197421
v 2.067276 -0.093650 0.194339
v 2.066053 -0.090000 0.190898
v 2.066053 0.090000 0.190898
v 2.067276 0.093650 0.194339
v 2.068370 0.096920 0.197421
v 2.069402 0.100000 0.200324
v 2.070433 0.103080 0.203227
v 2.071528 0.106350 0.206309
v 2.072750 0.110000 0.209750
v 2.085732 -0.110000 0.204774
v 2.084346 -0.106350 0.201396
v 2.083106 -0.103080 0.198370
v 2.081937 -0.100000 0.195519
v 2.080769 -0.096920 0.192669
v 2.079528 -0.093650 0.189643
v 2.078143 -0.090000 0.186264
v 2.078143 0.090000 0.186264
v 2.079528 0.093650 0.189643
v 2.080769 0.096920 0.192669
v 2.081937 0.100000 0.195519
v 2.083106 0.103080 0.198370
v 2.084346 0.106350 0.201396
v 2.085732 0.110000 0.204774
v 2.098685 -0.110000 0.199111
v 2.097151 -0.106350 0.195798
v 2.095777 -0.103080 0.192830
v 2.094483 -0.100000 0.190034
v 2.093189 -0.096920 0.187239
v 2.091815 -0.093650 0.184271
v 2.090281 -0.090000 0.180957
v 2.090281 0.090000 0.180957
v 2.091815 0.093650 0.184271
v 2.093189 0.096920 0.187239
v 2.094483 0.100000 0.190034
v 2.095777 0.103080 0.192830
v 2.097151 0.106350 0.195798
v 2.098685 0.110000 0.199111
v 2.111625 -0.110000 0.192781
v 2.109956 -0.106350 0.189534
v 2.108461 -0.103080 0.186625
v 2.107054 -0.100000 0.183885
v 2.105646 -0.096920 0.181145
v 2.104151 -0.093650 0.178237
v 2.102482 -0.090000 0.174989
v 2.102482 0.090000 0.174989
v 2.104151 0.093650 0.178237
v 2.105646 0.096920 0.181145
v 2.107054 0.100000 0.183885
v 2.108461 0.103080 0.186625
v 2.109956 0.106350 0.189534
v 2.111625 0.110000 0.192781
v 2.124565 -0.110000 0.185806
v 2.122775 -0.106350 0.182624
v 2.121171 -0.103080 0.179773
v 2.119660 -0.100000 0.177089
v 2.118150 -0.096920 0.174405
v 2.116546 -0.093650 0.171554
v 2.114756 -0.090000 0.168373
v 2.114756 0.090000 0.168373
v 2.116546 0.093650 0.171554
v 2.118150 0.096920 0.174405
v 2.119660 0.100000 0.177089
v 2.121171 0.103080 0.179773
v 2.122775 0.106350 0.182624
v 2.124565 0.110000 0.185806
v 2.137519 -0.110000 0.178205
v 2.135619 -0.106350 0.175087
v 2.133918 -0.103080 0.172294
v 2.132315 -0.100000 0.169664
v 2.130713 -0.096920 0.167033
v 2.129012 -0.093650 0.164240
v 2.127112 -0.090000 0.161122
v 2.127112 0.090000 0.161122
v 2.129012 0.093650 0.164240
v 2.130713 0.096920 0.167033
v 2.132315 0.100000 0.169664
v 2.133918 0.103080 0.172294
v 2.135619 0.106350 0.175087
v 2.137519 0.110000 0.178205
v 2.150500 -0.110000 0.170000
v 2.154150 -0.106350 0.163374
v 2.157420 -0.103080 0.157439
v 2.160500 -0.100000 0.151850
v 2.163580 -0.096920 0.146260
v 2.166850 -0.093650 0.140325
v 2.170500 -0.090000 0.133699
v 2.170500 0.090000 0.133699
v 2.166850 0.093650 0.140325
v 2.163580 0.096920 0.146260
v 2.160500 0.100000 0.151850
v 2.157420 0.103080 0.157439
v 2.154150 0.106350 0.163374
v 2.150500 0.110000 0.170000
v 2.150500 -0.110000 0.256000
v 2.154150 -0.106350 0.257995
v 2.157420 -0.103080 0.259782
v 2.160500 -0.100000 0.261466
v 2.163580 -0.096920 0.263149
v 2.166850 -0.093650 0.264936
v 2.170500 -0.090000 0.266931
v 2.170500 0.090000 0.266931
v 2.166850 0.093650 0.264936
v 2.163580 0.096920 0.263149
v 2.160500 0.100000 0.261466
v 2.157420 0.103080 0.259782
v 2.154150 0.106350 0.257995
v 2.150500 0.110000 0.256000
v 2.069007 -0.110000 0.013531
v 2.065388 -0.106350 0.014042
v 2.062146 -0.103080 0.014499
v 2.059093 -0.100000 0.014929
v 2.056040 -0.096920 0.015360
v 2.052798 -0.093650 0.015817
v 2.049179 -0.090000 0.016327
v 2.049179 0.090000 0.016327
v 2.052798 0.093650 0.015817
v 2.056040 0.096920 0.015360
v 2.059093 0.100000 0.014929
v 2.062146 0.103080 0.014499
v 2.065388 0.106350 0.014042
v 2.069007 0.110000 0.013531
v 2.066056 -0.110000 -0.001833
v 2.062508 -0.106350 -0.000950
v 2.059331 -0.103080 -0.000158
v 2.056338 -0.100000 0.000587
v 2.053345 -0.096920 0.001333
v 2.050168 -0.093650 0.002124
v 2.046620 -0.090000 0.003008
v 2.046620 0.090000 0.003008
v 2.050168 0.093650 0.002124
v 2.053345 0.096920 0.001333
v 2.056338 0.100000 0.000587
v 2.059331 0.103080 -0.000158
v 2.062508 0.106350 -0.000950
v 2.066056 0.110000 -0.001833
v 2.061688 -0.110000 -0.016031
v 2.058262 -0.106350 -0.014751
v 2.055194 -0.103080 -0.013604
v 2.052304 -0.100000 -0.012524
v 2.049414 -0.096920 -0.011444
v 2.046346 -0.093650 -0.010297
v 2.042921 -0.090000 -0.009017
v 2.042921 0.090000 -0.009017
v 2.046346 0.093650 -0.010297
v 2.049414 0.096920 -0.011444
v 2.052304 0.100000 -0.012524
v 2.055194 0.103080 -0.013604
v 2.058262 0.106350 -0.014751
v 2.061688 0.110000 -0.016031
v 2.055945 -0.110000 -0.029000
v 2.052701 -0.106350 -0.027308
v 2.049797 -0.103080 -0.025793
v 2.047060 -0.100000 -0.024365
v 2.044324 -0.096920 -0.022938
v 2.041420 -0.093650 -0.021422
v 2.038176 -0.090000 -0.019730
v 2.038176 0.090000 -0.019730
v 2.041420 0.093650 -0.021422
v 2.044324 0.096920 -0.022938
v 2.047060 0.100000 -0.024365
v 2.049797 0.103080 -0.025793
v 2.052701 0.106350 -0.027308
v 2.055945 0.110000 -0.029000
v 2.048868 -0.110000 -0.040677
v 2.045876 -0.106350 -0.038572
v 2.043195 -0.103080 -0.036686
v 2.040670 -0.100000 -0.034910
v 2.038145 -0.096920 -0.033134
v 2.035464 -0.093650 -0.031249
v 2.032472 -0.090000 -0.029144
v 2.032472 0.090000 -0.029144
v 2.035464 0.093650 -0.031249
v 2.038145 0.096920 -0.033134
v 2.040670 0.100000 -0.034910
v 2.043195 0.103080 -0.036686
v 2.045876 0.106350 -0.038572
v 2.048868 0.110000 -0.040677
v 2.040500 -0.110000 -0.051000
v 2.037829 -0.106350 -0.048499
v 2.035435 -0.103080 -0.046258
v 2.033182 -0.100000 -0.044148
v 2.030928 -0.096920 -0.042038
v 2.028535 -0.093650 -0.039797
v 2.025863 -0.090000 -0.037296
v 2.025863 0.090000 -0.037296
v 2.028535 0.093650 -0.039797
v 2.030928 0.096920 -0.042038
v 2.033182 0.100000 -0.044148
v 2.035435 0.103080 -0.046258
v 2.037829 0.106350 -0.048499
v 2.040500 0.110000 -0.051000
v 2.030882 -0.110000 -0.059906
v 2.028597 -0.106350 -0.057047
v 2.026551 -0.103080 -0.054485
v 2.024623 -0.100000 -0.052073
v 2.022696 -0.096920 -0.049661
v 2.020649 -0.093650 -0.047099
v 2.018364 -0.090000 -0.044240
v 2.018364 0.090000 -0.044240
v 2.020649 0.093650 -0.047099
v 2.022696 0.096920 -0.049661
v 2.024623 0.100000 -0.052073
v 2.026551 0.103080 -0.054485
v 2.028597 0.106350 -0.057047
v 2.030882 0.110000 -0.059906
v 2.020056 -0.110000 -0.067333
v 2.018209 -0.106350 -0.064173
v 2.016556 -0.103080 -0.061342
v 2.014998 -0.100000 -0.058676
v 2.013440 -0.096920 -0.056010
v 2.011786 -0.093650 -0.053179
v 2.009940 -0.090000 -0.050019
v 2.009940 0.090000 -0.050019
v 2.011786 0.093650 -0.053179
v 2.013440 0.096920 -0.056010
v 2.014998 0.100000 -0.058676
v 2.016556 0.103080 -0.061342
v 2.018209 0.106350 -0.064173
v 2.020056 0.110000 -0.067333
v 2.008063 -0.110000 -0.073219
v 2.006685 -0.106350 -0.069828
v 2.005452 -0.103080 -0.066791
v 2.004290 -0.100000 -0.063931
v 2.003128 -0.096920 -0.061071
v 2.001894 -0.093650 -0.058034
v 2.000517 -0.090000 -0.054643
v 2.000517 0.090000 -0.054643
v 2.001894 0.093650 -0.058034
v 2.003128 0.096920 -0.061071
v 2.004290 0.100000 -0.063931
v 2.005452 0.103080 -0.066791
v 2.006685 0.106350 -0.069828
v 2.008063 0.110000 -0.073219
v 1.994945 -0.110000 -0.077500
v 1.994044 -0.106350 -0.073954
v 1.993237 -0.103080 -0.070778
v 1.992477 -0.100000 -0.067786
v 1.991717 -0.096920 -0.064795
v 1.990910 -0.093650 -0.061618
v 1.990009 -0.090000 -0.058072
v 1.990009 0.090000 -0.058072
v 1.990910 0.093650 -0.061618
v 1.991717 0.096920 -0.064795
v 1.992477 0.100000 -0.067786
v 1.993237 0.103080 -0.070778
v 1.994044 0.106350 -0.073954
v 1.994945 0.110000 -0.077500
v 1.980743 -0.110000 -0.080115
v 1.980305 -0.106350 -0.076483
v 1.979913 -0.103080 -0.073231
v 1.979543 -0.100000 -0.070167
v 1.979174 -0.096920 -0.067104
v 1.978781 -0.093650 -0.063851
v 1.978343 -0.090000 -0.060220
v 1.978343 0.090000 -0.060220
v 1.978781 0.093650 -0.063851
v 1.979174 0.096920 -0.067104
v 1.979543 0.100000 -0.070167
v 1.979913 0.103080 -0.073231
v 1.980305 0.106350 -0.076483
v 1.980743 0.110000 -0.080115
v 1.965500 -0.110000 -0.081000
v 1.965486 -0.106350 -0.077344
v 1.965474 -0.103080 -0.074070
v 1.965462 -0.100000 -0.070985
v 1.965450 -0.096920 -0.067901
v 1.965437 -0.093650 -0.064627
v 1.965423 -0.090000 -0.060971
v 1.965423 0.090000 -0.060971
v 1.965437 0.093650 -0.064627
v 1.965450 0.096920 -0.067901
v 1.965462 0.100000 -0.070985
v 1.965474 0.103080 -0.074070
v 1.965486 0.106350 -0.077344
v 1.965500 0.110000 -0.081000
v 1.949064 -0.110000 -0.080172
v 1.949447 -0.106350 -0.076536
v 1.949790 -0.103080 -0.073279
v 1.950113 -0.100000 -0.070212
v 1.950436 -0.096920 -0.067145
v 1.950779 -0.093650 -0.063888
v 1.951162 -0.090000 -0.060252
v 1.951162 0.090000 -0.060252
v 1.950779 0.093650 -0.063888
v 1.950436 0.096920 -0.067145
v 1.950113 0.100000 -0.070212
v 1.949790 0.103080 -0.073279
v 1.949447 0.106350 -0.076536
v 1.949064 0.110000 -0.080172
v 1.933759 -0.110000 -0.077708
v 1.934556 -0.106350 -0.074139
v 1.935270 -0.103080 -0.070942
v 1.935942 -0.100000 -0.067931
v 1.936614 -0.096920 -0.064920
v 1.937328 -0.093650 -0.061723
v 1.938124 -0.090000 -0.058154
v 1.938124 0.090000 -0.058154
v 1.937328 0.093650 -0.061723
v 1.936614 0.096920 -0.064920
v 1.935942 0.100000 -0.067931
v 1.935270 0.103080 -0.070942
v 1.934556 0.106350 -0.074139
v 1.933759 0.110000 -0.077708
v 1.919594 -0.110000 -0.073641
v 1.920828 -0.106350 -0.070197
v 1.921934 -0.103080 -0.067113
v 1.922976 -0.100000 -0.064208
v 1.924017 -0.096920 -0.061303
v 1.925123 -0.093650 -0.058218
v 1.926357 -0.090000 -0.054775
v 1.926357 0.090000 -0.054775
v 1.925123 0.093650 -0.058218
v 1.924017 0.096920 -0.061303
v 1.922976 0.100000 -0.064208
v 1.921934 0.103080 -0.067113
v 1.920828 0.106350 -0.070197
v 1.919594 0.110000 -0.073641
v 1.906574 -0.110000 -0.068000
v 1.908252 -0.106350 -0.064749
v 1.909756 -0.103080 -0.061837
v 1.911172 -0.100000 -0.059094
v 1.912588 -0.096920 -0.056351
v 1.914091 -0.093650 -0.053439
v 1.915769 -0.090000 -0.050187
v 1.915769 0.090000 -0.050187
v 1.914091 0.093650 -0.053439
v 1.912588 0.096920 -0.056351
v 1.911172 0.100000 -0.059094
v 1.909756 0.103080 -0.061837
v 1.908252 0.106350 -0.064749
v 1.906574 0.110000 -0.068000
v 1.894707 -0.110000 -0.060818
v 1.896813 -0.106350 -0.057825
v 1.898699 -0.103080 -0.055144
v 1.900475 -0.100000 -0.052620
v 1.902251 -0.096920 -0.050095
v 1.904137 -0.093650 -0.047414
v 1.906243 -0.090000 -0.044421
v 1.906243 0.090000 -0.044421
v 1.904137 0.093650 -0.047414
v 1.902251 0.096920 -0.050095
v 1.900475 0.100000 -0.052620
v 1.898699 0.103080 -0.055144
v 1.896813 0.106350 -0.057825
v 1.894707 0.110000 -0.060818
v 1.884000 -0.110000 -0.052125
v 1.886493 -0.106350 -0.049447
v 1.888726 -0.103080 -0.047048
v 1.890830 -0.100000 -0.044789
v 1.892933 -0.096920 -0.042530
v 1.895166 -0.093650 -0.040131
v 1.897659 -0.090000 -0.037453
v 1.897659 0.090000 -0.037453
v 1.895166 0.093650 -0.040131
v 1.892933 0.096920 -0.042530
v 1.890830 0.100000 -0.044789
v 1.888726 0.103080 -0.047048
v 1.886493 0.106350 -0.049447
v 1.884000 0.110000 -0.052125
v 1.874460 -0.110000 -0.041953
v 1.877284 -0.106350 -0.039628
v 1.879814 -0.103080 -0.037546
v 1.882196 -0.100000 -0.035584
v 1.884579 -0.096920 -0.033623
v 1.887109 -0.093650 -0.031540
v 1.889933 -0.090000 -0.029215
v 1.889933 0.090000 -0.029215
v 1.887109 0.093650 -0.031540
v 1.884579 0.096920 -0.033623
v 1.882196 0.100000 -0.035584
v 1.879814 0.103080 -0.037546
v 1.877284 0.106350 -0.039628
v 1.874460 0.110000 -0.041953
v 1.866093 -0.110000 -0.030333
v 1.869183 -0.106350 -0.028379
v 1.871952 -0.103080 -0.026628
v 1.874560 -0.100000 -0.024979
v 1.877167 -0.096920 -0.023329
v 1.879936 -0.093650 -0.021578
v 1.883026 -0.090000 -0.019624
v 1.883026 0.090000 -0.019624
v 1.879936 0.093650 -0.021578
v 1.877167 0.096920 -0.023329
v 1.874560 0.100000 -0.024979
v 1.871952 0.103080 -0.026628
v 1.869183 0.106350 -0.028379
v 1.866093 0.110000 -0.030333
v 1.858906 -0.110000 -0.017297
v 1.862200 -0.106350 -0.015710
v 1.865150 -0.103080 -0.014289
v 1.867929 -0.100000 -0.012950
v 1.870707 -0.096920 -0.011611
v 1.873657 -0.093650 -0.010190
v 1.876951 -0.090000 -0.008603
v 1.876951 0.090000 -0.008603
v 1.873657 0.093650 -0.010190
v 1.870707 0.096920 -0.011611
v 1.867929 0.100000 -0.012950
v 1.865150 0.103080 -0.014289
v 1.862200 0.106350 -0.015710
v 1.858906 0.110000 -0.017297
v 1.852907 -0.110000 -0.002875
v 1.856347 -0.106350 -0.001639
v 1.859428 -0.103080 -0.000532
v 1.862330 -0.100000 0.000510
v 1.865232 -0.096920 0.001553
v 1.868313 -0.093650 0.002660
v 1.871753 -0.090000 0.003895
v 1.871753 0.090000 0.003895
v 1.868313 0.093650 0.002660
v 1.865232 0.096920 0.001553
v 1.862330 0.100000 0.000510
v 1.859428 0.103080 -0.000532
v 1.856347 0.106350 -0.001639
v 1.852907 0.110000 -0.002875
v 1.848103 -0.110000 0.012901
v 1.851642 -0.106350 0.013811
v 1.854812 -0.103080 0.014626
v 1.857798 -0.100000 0.015393
v 1.860783 -0.096920 0.016161
v 1.863953 -0.093650 0.016976
v 1.867492 -0.090000 0.017886
v 1.867492 0.090000 0.017886
v 1.863953 0.093650 0.016976
v 1.860783 0.096920 0.016161
v 1.857798 0.100000 0.015393
v 1.854812 0.103080 0.014626
v 1.851642 0.106350 0.013811
v 1.848103 0.110000 0.012901
v 1.844500 -0.110000 0.030000
v 1.849000 -0.106350 0.026350
v 1.853031 -0.103080 0.023080
v 1.856827 -0.100000 0.020000
v 1.860623 -0.096920 0.016920
v 1.864654 -0.093650 0.013650
v 1.869153 -0.090000 0.010000
v 1.869153 0.090000 0.010000
v 1.864654 0.093650 0.013650
v 1.860623 0.096920 0.016920
v 1.856827 0.100000 0.020000
v 1.853031 0.103080 0.023080
v 1.849000 0.106350 0.026350
v 1.844500 0.110000 0.030000
v 2.070500 -0.110000 0.030000
v 2.066504 -0.106350 0.026350
v 2.062924 -0.103080 0.023080
v 2.059553 -0.100000 0.020000
v 2.056181 -0.096920 0.016920
v 2.052601 -0.093650 0.013650
v 2.048605 -0.090000 0.010000
v 2.048605 0.090000 0.010000
v 2.052601 0.093650 0.013650
v 2.056181 0.096920 0.016920
v 2.059553 0.100000 0.020000
v 2.062924 0.103080 0.023080
v 2.066504 0.106350 0.026350
v 2.070500 0.110000 0.030000
vn -0.0000 1.0000 -0.0000
vn -0.0000 -1.0000 -0.0000
vn 0.4082 -0.8165 0.4082
vn 0.5789 -0.5743 0.5789
vn 0.6507 -0.3914 0.6507
vn 0.5789 0.5743 0.5789
vn 0.6507 0.3914 0.6507
vn 0.4082 0.8165 0.4082
vn -0.4082 -0.8165 0.4082
vn -0.6507 -0.3914 0.6507
vn -0.6507 0.3914 0.6507
vn -0.4082 0.8165 0.4082
vn -0.4082 -0.8165 0.4083
vn -0.5789 -0.5743 0.5789
vn -0.5789 0.5743 0.5789
vn -0.4082 0.8165 0.4083
vn -0.4082 -0.8165 -0.4082
vn -0.6507 -0.3914 -0.6507
vn -0.6507 0.3914 -0.6507
vn -0.4082 0.8165 -0.4082
vn 0.4082 -0.8165 -0.4082
vn 0.6507 -0.3914 -0.6507
vn 0.6507 0.3914 -0.6507
vn 0.4082 0.8165 -0.4082
vn 0.3700 -0.7072 0.6025
vn 0.3442 -0.7072 0.6176
vn 0.4838 -0.3810 0.7879
vn 0.4502 -0.3808 0.8077
vn 0.4838 0.3810 0.7879
vn 0.4502 0.3808 0.8077
vn 0.3700 0.7072 0.6025
vn 0.3442 0.7072 0.6176
vn 0.3146 -0.7072 0.6332
vn 0.4114 -0.3806 0.8282
vn 0.4114 0.3806 0.8282
vn 0.3146 0.7072 0.6332
vn 0.2814 -0.7072 0.6486
vn 0.3681 -0.3805 0.8484
vn 0.3681 0.3805 0.8484
vn 0.2814 0.7072 0.6486
vn 0.2453 -0.7072 0.6630
vn 0.3209 -0.3804 0.8674
vn 0.3209 0.3804 0.8674
vn 0.2453 0.7072 0.6630
vn 0.2074 -0.7073 0.6758
vn 0.2074 -0.7072 0.6758
vn 0.2714 -0.3803 0.8841
vn 0.2714 0.3803 0.8841
vn 0.2074 0.7072 0.6758
vn 0.2074 0.7073 0.6758
vn 0.1688 -0.7072 0.6865
vn 0.2208 -0.3804 0.8981
vn 0.2208 0.3804 0.8981
vn 0.1688 0.7072 0.6865
vn 0.1307 -0.7072 0.6948
vn 0.1709 -0.3805 0.9089
vn 0.1709 0.3805 0.9089
vn 0.1307 0.7072 0.6948
vn 0.0940 -0.7072 0.7007
vn 0.1230 -0.3806 0.9165
vn 0.1230 0.3806 0.9165
vn 0.0940 0.7072 0.7007
vn 0.0598 -0.7072 0.7045
vn 0.0782 -0.3808 0.9214
vn 0.0782 0.3808 0.9214
vn 0.0598 0.7072 0.7045
vn 0.0285 -0.7072 0.7065
vn 0.0372 -0.3809 0.9239
vn 0.0372 0.3809 0.9239
vn 0.0285 0.7072 0.7065
vn -0.0176 -0.7075 0.7065
vn -0.0231 -0.3792 0.9250
vn -0.0231 0.3792 0.9250
vn -0.0176 0.7075 0.7065
vn -0.0997 -0.7080 0.6991
vn -0.1308 -0.3772 0.9169
vn -0.1308 0.3772 0.9169
vn -0.0997 0.7080 0.6991
vn -0.2014 -0.7081 0.6768
vn -0.2642 -0.3770 0.8877
vn -0.2642 0.3770 0.8877
vn -0.2014 0.7081 0.6768
vn -0.3005 -0.7081 0.6389
vn -0.3942 -0.3770 0.8381
vn -0.3942 0.3770 0.8381
vn -0.3005 0.7081 0.6389
vn -0.3924 -0.7081 0.5871
vn -0.5146 -0.3771 0.7700
vn -0.5146 0.3771 0.7700
vn -0.3924 0.7081 0.5871
vn -0.4733 -0.7080 0.5242
vn -0.6206 -0.3773 0.6874
vn -0.6206 0.3773 0.6874
vn -0.4733 0.7080 0.5242
vn -0.5413 -0.7079 0.4537
vn -0.7097 -0.3775 0.5949
vn -0.7097 0.3775 0.5949
vn -0.5413 0.7079 0.4537
vn -0.5961 -0.7078 0.3791
vn -0.7813 -0.3778 0.4968
vn -0.7813 0.3778 0.4968
vn -0.5961 0.7078 0.3791
vn -0.6384 -0.7077 0.3026
vn -0.8366 -0.3780 0.3965
vn -0.8366 0.3780 0.3965
vn -0.6384 0.7077 0.3026
vn -0.6694 -0.7077 0.2259
vn -0.8771 -0.3782 0.2960
vn -0.8771 0.3782 0.2960
vn -0.6694 0.7077 0.2259
vn -0.6905 -0.7076 0.1498
vn -0.9046 -0.3784 0.1963
vn -0.9046 0.3784 0.1963
vn -0.6905 0.7076 0.1498
vn -0.7027 -0.7076 0.0746
vn -0.9204 -0.3785 0.0977
vn -0.9204 0.3785 0.0977
vn -0.7027 0.7076 0.0746
vn -0.7066 -0.7076 -0.0003
vn -0.9256 -0.3785 -0.0004
vn -0.9256 0.3785 -0.0004
vn -0.7066 0.7076 -0.0003
vn -0.7023 -0.7077 -0.0771
vn -0.9202 -0.3783 -0.1010
vn -0.9202 0.3783 -0.1010
vn -0.7023 0.7077 -0.0771
vn -0.6887 -0.7077 -0.1574
vn -0.9025 -0.3781 -0.2062
vn -0.9025 0.3781 -0.2062
vn -0.6887 0.7077 -0.1574
vn -0.6644 -0.7078 -0.2399
vn -0.8708 -0.3778 -0.3145
vn -0.8708 0.3778 -0.3145
vn -0.6644 0.7078 -0.2399
vn -0.6282 -0.7079 -0.3229
vn -0.8236 -0.3776 -0.4232
vn -0.8236 0.3776 -0.4232
vn -0.6282 0.7079 -0.3229
vn -0.5795 -0.7079 -0.4038
vn -0.7598 -0.3775 -0.5294
vn -0.7598 0.3775 -0.5294
vn -0.5795 0.7079 -0.4038
vn -0.5183 -0.7080 -0.4798
vn -0.6796 -0.3773 -0.6291
vn -0.6796 0.3773 -0.6291
vn -0.5183 0.7080 -0.4798
vn -0.4456 -0.7080 -0.5479
vn -0.5843 -0.3773 -0.7185
vn -0.5843 0.3773 -0.7185
vn -0.4456 0.7080 -0.5479
vn -0.3634 -0.7080 -0.6056
vn -0.4765 -0.3773 -0.7941
vn -0.4765 0.3773 -0.7941
vn -0.3634 0.7080 -0.6056
vn -0.2745 -0.7080 -0.6507
vn -0.3600 -0.3773 -0.8533
vn -0.3600 0.3773 -0.8533
vn -0.2745 0.7080 -0.6507
vn -0.1823 -0.7079 -0.6824
vn -0.2390 -0.3775 -0.8946
vn -0.2390 0.3775 -0.8946
vn -0.1823 0.7079 -0.6824
vn -0.0900 -0.7079 -0.7006
vn -0.1180 -0.3777 -0.9184
vn -0.1180 0.3777 -0.9184
vn -0.0900 0.7079 -0.7006
vn -0.0014 -0.7078 -0.7065
vn -0.0018 -0.3780 -0.9258
vn -0.0018 0.3780 -0.9258
vn -0.0014 0.7078 -0.7065
vn 0.0863 -0.7078 -0.7011
vn 0.1131 -0.3778 -0.9190
vn 0.1131 0.3778 -0.9190
vn 0.0863 0.7078 -0.7011
vn 0.1797 -0.7080 -0.6830
vn 0.2357 -0.3773 -0.8956
vn 0.2357 0.3773 -0.8956
vn 0.1797 0.7080 -0.6830
vn 0.2781 -0.7081 -0.6490
vn 0.3648 -0.3769 -0.8514
vn 0.3648 0.3769 -0.8514
vn 0.2781 0.7081 -0.6490
vn 0.3759 -0.7082 -0.5976
vn 0.4932 -0.3767 -0.7841
vn 0.4932 0.3767 -0.7841
vn 0.3759 0.7082 -0.5976
vn 0.4665 -0.7082 -0.5299
vn 0.6121 -0.3767 -0.6953
vn 0.6121 0.3767 -0.6953
vn 0.4665 0.7082 -0.5299
vn 0.5439 -0.7082 -0.4502
vn 0.7135 -0.3769 -0.5907
vn 0.7135 0.3769 -0.5907
vn 0.5439 0.7082 -0.4502
vn 0.6048 -0.7080 -0.3646
vn 0.7931 -0.3772 -0.4782
vn 0.7931 0.3772 -0.4782
vn 0.6048 0.7080 -0.3646
vn 0.6489 -0.7078 -0.2791
vn 0.8506 -0.3777 -0.3659
vn 0.8506 0.3777 -0.3659
vn 0.6489 0.7078 -0.2791
vn 0.6782 -0.7077 -0.1982
vn 0.8886 -0.3782 -0.2597
vn 0.8886 0.3782 -0.2597
vn 0.6782 0.7077 -0.1982
vn 0.6956 -0.7075 -0.1244
vn 0.6956 -0.7076 -0.1244
vn 0.9111 -0.3787 -0.1629
vn 0.9111 0.3787 -0.1629
vn 0.6956 0.7075 -0.1244
vn 0.6956 0.7076 -0.1244
vn 0.7043 -0.7074 -0.0587
vn 0.9221 -0.3792 -0.0768
vn 0.9221 0.3792 -0.0768
vn 0.7043 0.7074 -0.0587
vn 0.4106 -0.8219 0.3948
vn 0.6627 -0.3934 0.6372
vn 0.6627 0.3934 0.6372
vn 0.4106 0.8219 0.3948
vn 0.4141 -0.8446 0.3395
vn 0.2508 -0.8201 0.5143
vn -0.4950 -0.2332 0.8370
vn -0.4950 0.2332 0.8370
vn 0.2508 0.8201 0.5143
vn 0.4141 0.8446 0.3395
vn 0.6860 -0.7075 -0.1700
vn 0.6782 -0.7071 -0.2000
vn -0.0579 -0.1803 -0.9819
vn -0.0579 0.1803 -0.9819
vn 0.6782 0.7071 -0.2000
vn 0.6860 0.7075 -0.1700
vn 0.6661 -0.7076 -0.2358
vn 0.8690 -0.3875 -0.3077
vn 0.8690 0.3875 -0.3077
vn 0.6661 0.7076 -0.2358
vn 0.6362 -0.7077 -0.3072
vn 0.8299 -0.3881 -0.4007
vn 0.8299 0.3881 -0.4007
vn 0.6362 0.7077 -0.3072
vn 0.5943 -0.7078 -0.3819
vn 0.7751 -0.3887 -0.4981
vn 0.7751 0.3887 -0.4981
vn 0.5943 0.7078 -0.3819
vn 0.5391 -0.7079 -0.4563
vn 0.7031 -0.3892 -0.5952
vn 0.7031 0.3892 -0.5952
vn 0.5391 0.7079 -0.4563
vn 0.4711 -0.7080 -0.5261
vn 0.6145 -0.3894 -0.6861
vn 0.6145 0.3894 -0.6861
vn 0.4711 0.7080 -0.5261
vn 0.3931 -0.7080 -0.5867
vn 0.5127 -0.3894 -0.7652
vn 0.5127 0.3894 -0.7652
vn 0.3931 0.7080 -0.5867
vn 0.3092 -0.7079 -0.6350
vn 0.4033 -0.3891 -0.8282
vn 0.4033 0.3891 -0.8282
vn 0.3092 0.7079 -0.6350
vn 0.2245 -0.7078 -0.6698
vn 0.2928 -0.3886 -0.8736
vn 0.2928 0.3886 -0.8736
vn 0.2245 0.7078 -0.6698
vn 0.1431 -0.7077 -0.6919
vn 0.1867 -0.3880 -0.9025
vn 0.1867 0.3880 -0.9025
vn 0.1431 0.7077 -0.6919
vn 0.0682 -0.7076 -0.7034
vn 0.0889 -0.3874 -0.9176
vn 0.0889 0.3874 -0.9176
vn 0.0682 0.7076 -0.7034
vn 0.0054 -0.7074 -0.7068
vn 0.0071 -0.3862 -0.9224
vn 0.0071 0.3862 -0.9224
vn 0.0054 0.7074 -0.7068
vn -0.0432 -0.7073 -0.7056
vn -0.0433 -0.7073 -0.7056
vn -0.0565 -0.3854 -0.9210
vn -0.0565 0.3854 -0.9210
vn -0.0433 0.7073 -0.7056
vn -0.0432 0.7073 -0.7056
vn -0.0857 -0.7073 -0.7017
vn -0.1118 -0.3854 -0.9160
vn -0.1118 0.3854 -0.9160
vn -0.0857 0.7073 -0.7017
vn -0.1267 -0.7073 -0.6955
vn -0.1653 -0.3853 -0.9079
vn -0.1653 0.3853 -0.9079
vn -0.1267 0.7073 -0.6955
vn -0.1657 -0.7072 -0.6873
vn -0.2163 -0.3852 -0.8971
vn -0.2163 0.3852 -0.8971
vn -0.1657 0.7072 -0.6873
vn -0.2025 -0.7072 -0.6774
vn -0.2643 -0.3850 -0.8843
vn -0.2643 0.3850 -0.8843
vn -0.2025 0.7072 -0.6774
vn -0.2367 -0.7072 -0.6662
vn -0.3090 -0.3849 -0.8697
vn -0.3090 0.3849 -0.8697
vn -0.2367 0.7072 -0.6662
vn -0.2682 -0.7072 -0.6542
vn -0.3501 -0.3847 -0.8540
vn -0.3501 0.3847 -0.8540
vn -0.2682 0.7072 -0.6542
vn -0.2970 -0.7072 -0.6416
vn -0.3878 -0.3846 -0.8377
vn -0.3878 0.3846 -0.8377
vn -0.2970 0.7072 -0.6416
vn -0.3232 -0.7072 -0.6289
vn -0.4219 -0.3844 -0.8211
vn -0.4219 0.3844 -0.8211
vn -0.3232 0.7072 -0.6289
vn -0.3467 -0.7072 -0.6162
vn -0.4527 -0.3843 -0.8046
vn -0.4527 0.3843 -0.8046
vn -0.3467 0.7072 -0.6162
vn -0.3678 -0.7072 -0.6038
vn -0.4803 -0.3841 -0.7885
vn -0.4803 0.3841 -0.7885
vn -0.3678 0.7072 -0.6038
vn 0.2097 -0.9006 -0.3807
vn 0.4358 -0.4296 -0.7909
vn 0.4358 0.4296 -0.7909
vn 0.2097 0.9006 -0.3807
vn 0.5788 -0.7517 0.3163
vn 0.8147 -0.3715 0.4453
vn 0.8147 0.3715 0.4453
vn 0.5788 0.7517 0.3163
vn -0.6997 -0.7075 0.0987
vn -0.6856 -0.7076 0.1708
vn -0.6947 -0.7071 0.1317
vn 0.1398 -0.0000 0.9902
vn -0.0433 -0.1803 0.9827
vn -0.8944 -0.3878 0.2228
vn -0.0433 0.1803 0.9827
vn -0.8944 0.3878 0.2228
vn -0.6856 0.7076 0.1708
vn -0.6947 0.7071 0.1317
vn -0.6997 0.7075 0.0987
vn -0.6618 -0.7077 0.2473
vn -0.8632 -0.3883 0.3226
vn -0.8632 0.3883 0.3226
vn -0.6618 0.7077 0.2473
vn -0.6263 -0.7078 0.3267
vn -0.8169 -0.3888 0.4261
vn -0.8169 0.3888 0.4261
vn -0.6263 0.7078 0.3267
vn -0.5777 -0.7079 0.4063
vn -0.7534 -0.3892 0.5300
vn -0.7534 0.3892 0.5300
vn -0.5777 0.7079 0.4063
vn -0.5155 -0.7080 0.4827
vn -0.6723 -0.3896 0.6295
vn -0.6723 0.3896 0.6295
vn -0.5155 0.7080 0.4827
vn -0.4408 -0.7080 0.5517
vn -0.5749 -0.3897 0.7195
vn -0.5749 0.3897 0.7195
vn -0.4408 0.7080 0.5517
vn -0.3562 -0.7080 0.6097
vn -0.4646 -0.3897 0.7952
vn -0.4646 0.3897 0.7952
vn -0.3562 0.7080 0.6097
vn -0.2658 -0.7080 0.6543
vn -0.3466 -0.3895 0.8533
vn -0.3466 0.3895 0.8533
vn -0.2658 0.7080 0.6543
vn -0.1739 -0.7079 0.6846
vn -0.2268 -0.3891 0.8929
vn -0.2268 0.3891 0.8929
vn -0.1739 0.7079 0.6846
vn -0.0846 -0.7078 0.7013
vn -0.1103 -0.3886 0.9148
vn -0.1103 0.3886 0.9148
vn -0.0846 0.7078 0.7013
vn -0.0027 -0.7076 0.7066
vn -0.0035 -0.3878 0.9217
vn -0.0035 0.3878 0.9217
vn -0.0027 0.7076 0.7066
vn 0.0740 -0.7076 0.7027
vn 0.0966 -0.3878 0.9167
vn 0.0966 0.3878 0.9167
vn 0.0740 0.7076 0.7027
vn 0.1539 -0.7077 0.6895
vn 0.2008 -0.3884 0.8994
vn 0.2008 0.3884 0.8994
vn 0.1539 0.7077 0.6895
vn 0.2384 -0.7078 0.6649
vn 0.3109 -0.3888 0.8673
vn 0.3109 0.3888 0.8673
vn 0.2384 0.7078 0.6649
vn 0.3240 -0.7079 0.6276
vn 0.4225 -0.3892 0.8185
vn 0.4225 0.3892 0.8185
vn 0.3240 0.7079 0.6276
vn 0.4064 -0.7079 0.5776
vn 0.5300 -0.3893 0.7534
vn 0.5300 0.3893 0.7534
vn 0.4064 0.7079 0.5776
vn 0.4813 -0.7079 0.5169
vn 0.6277 -0.3892 0.6742
vn 0.6277 0.3892 0.6742
vn 0.4813 0.7079 0.5169
vn 0.5454 -0.7078 0.4489
vn 0.7113 -0.3889 0.5855
vn 0.7113 0.3889 0.5855
vn 0.5454 0.7078 0.4489
vn 0.5971 -0.7077 0.3776
vn 0.7788 -0.3884 0.4926
vn 0.7788 0.3884 0.4926
vn 0.5971 0.7077 0.3776
vn 0.6365 -0.7076 0.3067
vn 0.8304 -0.3878 0.4001
vn 0.8304 0.3878 0.4001
vn 0.6365 0.7076 0.3067
vn 0.6651 -0.7075 0.2389
vn 0.8677 -0.3873 0.3117
vn 0.8677 0.3873 0.3117
vn 0.6651 0.7075 0.2389
vn 0.6845 -0.7074 0.1760
vn 0.6768 -0.7071 0.2048
vn -0.2490 -0.0000 0.9685
vn -0.0664 -0.1802 0.9814
vn -0.0664 0.1802 0.9814
vn 0.6768 0.7071 0.2048
vn 0.6845 0.7074 0.1760
vn 0.4140 -0.8461 -0.3358
vn 0.2520 -0.8217 -0.5111
vn -0.6300 -0.0000 -0.7766
vn -0.4910 -0.2339 -0.8392
vn -0.4910 0.2339 -0.8392
vn 0.2520 0.8217 -0.5111
vn 0.4140 0.8461 -0.3358
vn -0.4128 -0.8291 -0.3771
vn -0.2367 -0.8042 -0.5452
vn 0.6744 -0.0000 -0.7384
vn 0.5361 -0.2263 -0.8132
vn 0.5361 0.2263 -0.8132
vn -0.2367 0.8042 -0.5452
vn -0.4128 0.8291 -0.3771
vn -0.3657 -0.7072 0.6051
vn -0.3410 -0.7072 0.6194
vn -0.4775 -0.3845 0.7901
vn -0.4452 -0.3845 0.8087
vn -0.4775 0.3845 0.7901
vn -0.4452 0.3845 0.8087
vn -0.3657 0.7072 0.6051
vn -0.3410 0.7072 0.6194
vn -0.3152 -0.7072 0.6329
vn -0.4115 -0.3845 0.8263
vn -0.4115 0.3845 0.8263
vn -0.3152 0.7072 0.6329
vn -0.2883 -0.7072 0.6456
vn -0.3763 -0.3846 0.8429
vn -0.3763 0.3846 0.8429
vn -0.2883 0.7072 0.6456
vn -0.2600 -0.7072 0.6575
vn -0.3395 -0.3846 0.8584
vn -0.3395 0.3846 0.8584
vn -0.2600 0.7072 0.6575
vn -0.2303 -0.7072 0.6685
vn -0.3006 -0.3847 0.8727
vn -0.3006 0.3847 0.8727
vn -0.2303 0.7072 0.6685
vn -0.1988 -0.7072 0.6785
vn -0.2595 -0.3848 0.8858
vn -0.2595 0.3848 0.8858
vn -0.1988 0.7072 0.6785
vn -0.1652 -0.7072 0.6874
vn -0.2156 -0.3849 0.8974
vn -0.2156 0.3849 0.8974
vn -0.1652 0.7072 0.6874
vn -0.1290 -0.7072 0.6951
vn -0.1684 -0.3851 0.9074
vn -0.1684 0.3851 0.9074
vn -0.1290 0.7072 0.6951
vn -0.0898 -0.7073 0.7012
vn -0.1173 -0.3853 0.9153
vn -0.1173 0.3853 0.9153
vn -0.0898 0.7073 0.7012
vn -0.0469 -0.7073 0.7054
vn -0.0612 -0.3856 0.9206
vn -0.0612 0.3856 0.9206
vn -0.0469 0.7073 0.7054
vn 0.0019 -0.7074 0.7069
vn 0.0025 -0.3861 0.9225
vn 0.0025 0.3861 0.9225
vn 0.0019 0.7074 0.7069
vn 0.0581 -0.7074 0.7044
vn 0.0759 -0.3866 0.9191
vn 0.0759 0.3866 0.9191
vn 0.0581 0.7074 0.7044
vn 0.1202 -0.7075 0.6964
vn 0.1568 -0.3870 0.9087
vn 0.1568 0.3870 0.9087
vn 0.1202 0.7075 0.6964
vn 0.1866 -0.7076 0.6816
vn 0.2435 -0.3874 0.8892
vn 0.2435 0.3874 0.8892
vn 0.1866 0.7076 0.6816
vn 0.2574 -0.7076 0.6580
vn 0.3358 -0.3879 0.8584
vn 0.3358 0.3879 0.8584
vn 0.2574 0.7076 0.6580
vn 0.3319 -0.7078 0.6236
vn 0.4330 -0.3885 0.8134
vn 0.4330 0.3885 0.8134
vn 0.3319 0.7078 0.6236
vn 0.4087 -0.7079 0.5760
vn 0.5331 -0.3891 0.7513
vn 0.5331 0.3891 0.7513
vn 0.4087 0.7079 0.5760
vn 0.4851 -0.7081 0.5131
vn 0.6327 -0.3898 0.6692
vn 0.6327 0.3898 0.6692
vn 0.4851 0.7081 0.5131
vn 0.5571 -0.7082 0.4337
vn 0.7265 -0.3904 0.5655
vn 0.7265 0.3904 0.5655
vn 0.5571 0.7082 0.4337
vn 0.6195 -0.7083 0.3383
vn 0.8079 -0.3908 0.4411
vn 0.8079 0.3908 0.4411
vn 0.6195 0.7083 0.3383
vn 0.6672 -0.7084 0.2303
vn 0.8700 -0.3910 0.3003
vn 0.8700 0.3910 0.3003
vn 0.6672 0.7084 0.2303
vn 0.6964 -0.7083 0.1154
vn 0.9080 -0.3909 0.1505
vn 0.9080 0.3909 0.1505
vn 0.6964 0.7083 0.1154
vn 0.7051 -0.7090 -0.0153
vn 0.9193 -0.3930 -0.0200
vn 0.9193 0.3930 -0.0200
vn 0.7051 0.7090 -0.0153
vn 0.6850 -0.7094 -0.1661
vn 0.8931 -0.3944 -0.2165
vn 0.8931 0.3944 -0.2165
vn 0.6850 0.7094 -0.1661
vn 0.6373 -0.7086 -0.3029
vn 0.8310 -0.3919 -0.3949
vn 0.8310 0.3919 -0.3949
vn 0.6373 0.7086 -0.3029
vn 0.5806 -0.7080 -0.4021
vn 0.7572 -0.3894 -0.5244
vn 0.7572 0.3894 -0.5244
vn 0.5806 0.7080 -0.4021
vn 0.5280 -0.7076 -0.4696
vn 0.6889 -0.3875 -0.6126
vn 0.6889 0.3875 -0.6126
vn 0.5280 0.7076 -0.4696
vn 0.4842 -0.7074 -0.5149
vn 0.6319 -0.3861 -0.6720
vn 0.6319 0.3861 -0.6720
vn 0.4842 0.7074 -0.5149
vn 0.4495 -0.7072 -0.5457
vn 0.5867 -0.3852 -0.7123
vn 0.5867 0.3852 -0.7123
vn 0.4495 0.7072 -0.5457
vn 0.4224 -0.7072 -0.5670
vn 0.5515 -0.3845 -0.7403
vn 0.5515 0.3845 -0.7403
vn 0.4224 0.7072 -0.5670
vn 0.4015 -0.7072 -0.5820
vn 0.4015 -0.7071 -0.5820
vn 0.5242 -0.3841 -0.7600
vn 0.5242 0.3841 -0.7600
vn 0.4015 0.7071 -0.5820
vn 0.4015 0.7072 -0.5820
vn 0.3853 -0.7071 -0.5929
vn 0.5032 -0.3837 -0.7743
vn 0.5032 0.3837 -0.7743
vn 0.3853 0.7071 -0.5929
vn 0.3729 -0.7071 -0.6008
vn 0.4870 -0.3835 -0.7847
vn 0.4870 0.3835 -0.7847
vn 0.3729 0.7071 -0.6008
vn 0.3633 -0.7071 -0.6066
vn 0.3634 -0.7071 -0.6066
vn 0.4746 -0.3833 -0.7924
vn 0.4746 0.3833 -0.7924
vn 0.3633 0.7071 -0.6066
vn 0.3634 0.7071 -0.6066
vn 0.3782 -0.7073 -0.5973
vn 0.4948 -0.3801 -0.7815
vn 0.4948 0.3801 -0.7815
vn 0.3782 0.7073 -0.5973
vn 0.4050 -0.7071 -0.5796
vn 0.5295 -0.3815 -0.7577
vn 0.5295 0.3815 -0.7577
vn 0.4050 0.7071 -0.5796
vn 0.4234 -0.7072 -0.5662
vn 0.5537 -0.3812 -0.7404
vn 0.5537 0.3812 -0.7404
vn 0.4234 0.7072 -0.5662
vn 0.4468 -0.7072 -0.5479
vn 0.5844 -0.3807 -0.7166
vn 0.5844 0.3807 -0.7166
vn 0.4468 0.7072 -0.5479
vn 0.4756 -0.7073 -0.5230
vn 0.6222 -0.3802 -0.6843
vn 0.6222 0.3802 -0.6843
vn 0.4756 0.7073 -0.5230
vn 0.5099 -0.7074 -0.4896
vn 0.6673 -0.3796 -0.6408
vn 0.6673 0.3796 -0.6408
vn 0.5099 0.7074 -0.4896
vn 0.5487 -0.7075 -0.4454
vn 0.7184 -0.3790 -0.5832
vn 0.7184 0.3791 -0.5832
vn 0.5487 0.7075 -0.4454
vn 0.5899 -0.7076 -0.3890
vn 0.7727 -0.3785 -0.5096
vn 0.7727 0.3785 -0.5096
vn 0.5899 0.7076 -0.3890
vn 0.6298 -0.7077 -0.3202
vn 0.8253 -0.3781 -0.4195
vn 0.8253 0.3781 -0.4195
vn 0.6298 0.7077 -0.3202
vn 0.6639 -0.7078 -0.2413
vn 0.8702 -0.3779 -0.3163
vn 0.8702 0.3779 -0.3163
vn 0.6639 0.7078 -0.2413
vn 0.6886 -0.7078 -0.1577
vn 0.9025 -0.3779 -0.2066
vn 0.9025 0.3779 -0.2066
vn 0.6886 0.7078 -0.1577
vn 0.7025 -0.7077 -0.0758
vn 0.9203 -0.3783 -0.0993
vn 0.9203 0.3783 -0.0993
vn 0.7025 0.7077 -0.0758
vn 0.7065 -0.7077 0.0056
vn 0.9257 -0.3781 0.0073
vn 0.9257 0.3781 0.0073
vn 0.7065 0.7077 0.0056
vn 0.6997 -0.7080 0.0962
vn 0.9174 -0.3774 0.1262
vn 0.9174 0.3774 0.1262
vn 0.6997 0.7080 0.0962
vn 0.6790 -0.7080 0.1939
vn 0.8905 -0.3772 0.2543
vn 0.8905 0.3772 0.2543
vn 0.6790 0.7080 0.1939
vn 0.6440 -0.7080 0.2897
vn 0.8446 -0.3772 0.3799
vn 0.8446 0.3772 0.3799
vn 0.6440 0.7080 0.2897
vn 0.5954 -0.7080 0.3797
vn 0.7809 -0.3772 0.4980
vn 0.7809 0.3772 0.4980
vn 0.5954 0.7080 0.3797
vn 0.5352 -0.7080 0.4608
vn 0.7018 -0.3773 0.6043
vn 0.7018 0.3773 0.6043
vn 0.5352 0.7080 0.4608
vn 0.4660 -0.7079 0.5307
vn 0.6110 -0.3774 0.6959
vn 0.6110 0.3774 0.6959
vn 0.4660 0.7079 0.5307
vn 0.3907 -0.7079 0.5884
vn 0.5122 -0.3776 0.7714
vn 0.5122 0.3776 0.7714
vn 0.3907 0.7079 0.5884
vn 0.3121 -0.7078 0.6337
vn 0.4090 -0.3778 0.8306
vn 0.4090 0.3778 0.8306
vn 0.3121 0.7078 0.6337
vn 0.2322 -0.7077 0.6672
vn 0.3043 -0.3780 0.8743
vn 0.3043 0.3780 0.8743
vn 0.2322 0.7077 0.6672
vn 0.1529 -0.7077 0.6898
vn 0.2003 -0.3782 0.9038
vn 0.2003 0.3782 0.9038
vn 0.1529 0.7077 0.6898
vn 0.0753 -0.7076 0.7026
vn 0.0986 -0.3784 0.9204
vn 0.0986 0.3784 0.9204
vn 0.0753 0.7076 0.7026
vn 0.0124 -0.7073 0.7068
vn 0.0162 -0.3799 0.9249
vn 0.0162 0.3799 0.9249
vn 0.0124 0.7073 0.7068
vn -0.0255 -0.7072 0.7066
vn -0.0333 -0.3811 0.9239
vn -0.0333 0.3811 0.9239
vn -0.0255 0.7072 0.7066
vn -0.0533 -0.7072 0.7050
vn -0.0697 -0.3810 0.9220
vn -0.0697 0.3810 0.9220
vn -0.0533 0.7072 0.7050
vn -0.0834 -0.7072 0.7021
vn -0.1090 -0.3809 0.9182
vn -0.1090 0.3809 0.9182
vn -0.0834 0.7072 0.7021
vn -0.1149 -0.7072 0.6976
vn -0.1502 -0.3808 0.9124
vn -0.1502 0.3808 0.9124
vn -0.1149 0.7072 0.6976
vn -0.1469 -0.7072 0.6916
vn -0.1922 -0.3808 0.9045
vn -0.1922 0.3808 0.9045
vn -0.1469 0.7072 0.6916
vn -0.1786 -0.7072 0.6841
vn -0.2336 -0.3808 0.8947
vn -0.2336 0.3808 0.8947
vn -0.1786 0.7072 0.6841
vn -0.2091 -0.7072 0.6754
vn -0.2735 -0.3809 0.8833
vn -0.2735 0.3809 0.8833
vn -0.2091 0.7072 0.6754
vn -0.2376 -0.7072 0.6659
vn -0.3107 -0.3810 0.8708
vn -0.3107 0.3810 0.8708
vn -0.2376 0.7072 0.6659
vn -0.2636 -0.7072 0.6561
vn -0.3447 -0.3811 0.8579
vn -0.3447 0.3811 0.8579
vn -0.2636 0.7072 0.6561
vn -0.2868 -0.7072 0.6463
vn -0.3750 -0.3813 0.8450
vn -0.3750 0.3813 0.8450
vn -0.2868 0.7072 0.6463
vn -0.3071 -0.7071 0.6369
vn -0.4015 -0.3814 0.8327
vn -0.4015 0.3814 0.8327
vn -0.3071 0.7071 0.6369
vn -0.5513 -0.7617 0.3406
vn -0.7891 -0.3738 0.4875
vn -0.7891 0.3738 0.4875
vn -0.5513 0.7617 0.3406
vn -0.2018 -0.9042 -0.3765
vn -0.4262 -0.4315 -0.7951
vn -0.4262 0.4315 -0.7951
vn -0.2018 0.9042 -0.3765
vn 0.3810 -0.7072 -0.5956
vn 0.3810 -0.7072 -0.5957
vn 0.4974 -0.3842 -0.7778
vn 0.4974 0.3842 -0.7778
vn 0.3810 0.7072 -0.5957
vn 0.3810 0.7072 -0.5956
vn 0.3593 -0.7072 -0.6089
vn 0.4692 -0.3843 -0.7951
vn 0.4692 0.3843 -0.7951
vn 0.3593 0.7072 -0.6089
vn 0.3364 -0.7072 -0.6219
vn 0.4392 -0.3844 -0.8120
vn 0.4392 0.3844 -0.8120
vn 0.3364 0.7072 -0.6219
vn 0.3118 -0.7072 -0.6346
vn 0.4071 -0.3845 -0.8285
vn 0.4071 0.3845 -0.8285
vn 0.3118 0.7072 -0.6346
vn 0.2854 -0.7072 -0.6469
vn 0.3726 -0.3846 -0.8446
vn 0.3726 0.3846 -0.8446
vn 0.2854 0.7072 -0.6469
vn 0.2567 -0.7072 -0.6588
vn 0.3351 -0.3847 -0.8601
vn 0.3351 0.3847 -0.8601
vn 0.2567 0.7072 -0.6588
vn 0.2252 -0.7072 -0.6702
vn 0.2940 -0.3849 -0.8749
vn 0.2940 0.3849 -0.8749
vn 0.2252 0.7072 -0.6702
vn 0.1903 -0.7072 -0.6809
vn 0.2485 -0.3851 -0.8888
vn 0.2485 0.3851 -0.8888
vn 0.1903 0.7072 -0.6809
vn 0.1514 -0.7073 -0.6906
vn 0.1976 -0.3854 -0.9014
vn 0.1976 0.3854 -0.9014
vn 0.1514 0.7073 -0.6906
vn 0.1073 -0.7073 -0.6987
vn 0.1400 -0.3857 -0.9119
vn 0.1400 0.3857 -0.9119
vn 0.1073 0.7073 -0.6987
vn 0.0569 -0.7074 -0.7046
vn 0.0743 -0.3862 -0.9194
vn 0.0743 0.3862 -0.9194
vn 0.0569 0.7074 -0.7046
vn -0.0173 -0.7079 -0.7061
vn -0.0226 -0.3891 -0.9209
vn -0.0226 0.3891 -0.9209
vn -0.0173 0.7079 -0.7061
vn -0.0911 -0.7074 -0.7010
vn -0.1189 -0.3861 -0.9148
vn -0.1189 0.3861 -0.9148
vn -0.0911 0.7074 -0.7010
vn -0.1460 -0.7074 -0.6916
vn -0.1905 -0.3865 -0.9024
vn -0.1905 0.3865 -0.9024
vn -0.1460 0.7074 -0.6916
vn -0.2050 -0.7075 -0.6764
vn -0.2674 -0.3869 -0.8825
vn -0.2674 0.3869 -0.8825
vn -0.2050 0.7075 -0.6764
vn -0.2686 -0.7076 -0.6536
vn -0.3505 -0.3874 -0.8527
vn -0.3505 0.3874 -0.8527
vn -0.2686 0.7076 -0.6536
vn -0.3371 -0.7077 -0.6209
vn -0.4397 -0.3880 -0.8100
vn -0.4397 0.3880 -0.8100
vn -0.3371 0.7077 -0.6209
vn -0.4096 -0.7078 -0.5755
vn -0.5342 -0.3888 -0.7507
vn -0.5342 0.3888 -0.7507
vn -0.4096 0.7078 -0.5755
vn -0.4837 -0.7080 -0.5145
vn -0.6309 -0.3896 -0.6710
vn -0.6309 0.3896 -0.6710
vn -0.4837 0.7080 -0.5145
vn -0.5554 -0.7082 -0.4358
vn -0.7243 -0.3904 -0.5683
vn -0.7243 0.3904 -0.5683
vn -0.5554 0.7082 -0.4358
vn -0.6187 -0.7084 -0.3398
vn -0.8067 -0.3910 -0.4431
vn -0.8067 0.3910 -0.4431
vn -0.6187 0.7084 -0.3398
vn -0.6672 -0.7084 -0.2303
vn -0.8699 -0.3911 -0.3003
vn -0.8699 0.3911 -0.3003
vn -0.6672 0.7084 -0.2303
vn -0.6965 -0.7083 -0.1145
vn -0.9082 -0.3909 -0.1493
vn -0.9082 0.3909 -0.1493
vn -0.6965 0.7083 -0.1145
vn -0.6985 -0.7125 0.0666
vn -0.9114 -0.4023 0.0869
vn -0.9114 0.4023 0.0869
vn -0.6985 0.7125 0.0666
vn -0.6224 -0.7145 0.3194
vn -0.8128 -0.4067 0.4171
vn -0.8128 0.4067 0.4171
vn -0.6224 0.7145 0.3194
vn -0.4971 -0.7092 0.4999
vn -0.6482 -0.3939 0.6517
vn -0.6482 0.3939 0.6517
vn -0.4971 0.7092 0.4999
vn -0.4107 -0.7076 0.5750
vn -0.5357 -0.3877 0.7501
vn -0.5357 0.3877 0.7501
vn -0.4107 0.7076 0.5750
vn -0.3669 -0.7072 0.6044
vn -0.4790 -0.3846 0.7891
vn -0.4790 0.3846 0.7891
vn -0.3669 0.7072 0.6044
vn -0.3537 -0.7071 0.6123
vn -0.4622 -0.3827 0.8000
vn -0.4622 0.3827 0.8000
vn -0.3537 0.7071 0.6123
vn -0.3641 -0.7072 0.6061
vn -0.4761 -0.3812 0.7925
vn -0.4761 0.3812 0.7925
vn -0.3641 0.7072 0.6061
vn -0.3956 -0.7073 0.5858
vn -0.5177 -0.3798 0.7667
vn -0.5177 0.3798 0.7667
vn -0.3956 0.7073 0.5858
vn -0.4480 -0.7077 0.5463
vn -0.5870 -0.3782 0.7158
vn -0.5870 0.3782 0.7158
vn -0.4480 0.7077 0.5463
vn -0.5204 -0.7084 0.4769
vn -0.6830 -0.3764 0.6259
vn -0.6830 0.3764 0.6259
vn -0.5204 0.7084 0.4769
vn -0.6040 -0.7095 0.3630
vn -0.7947 -0.3746 0.4776
vn -0.7947 0.3746 0.4776
vn -0.6040 0.7095 0.3630
vn -0.6753 -0.7106 0.1976
vn -0.8904 -0.3733 0.2605
vn -0.8904 0.3733 0.2605
vn -0.6753 0.7106 0.1976
vn -0.7046 -0.7090 0.0279
vn -0.9262 -0.3752 0.0367
vn -0.9262 0.3752 0.0367
vn -0.7046 0.7090 0.0279
vn -0.6999 -0.7080 -0.0945
vn -0.9177 -0.3774 -0.1239
vn -0.9177 0.3774 -0.1239
vn -0.6999 0.7080 -0.0945
vn -0.6791 -0.7081 -0.1934
vn -0.8908 -0.3771 -0.2537
vn -0.8908 0.3771 -0.2537
vn -0.6791 0.7081 -0.1934
vn -0.6423 -0.7082 -0.2933
vn -0.8426 -0.3769 -0.3848
vn -0.8426 0.3769 -0.3848
vn -0.6423 0.7082 -0.2933
vn -0.5894 -0.7082 -0.3887
vn -0.7733 -0.3768 -0.5100
vn -0.7733 0.3768 -0.5100
vn -0.5894 0.7082 -0.3887
vn -0.5229 -0.7081 -0.4745
vn -0.6860 -0.3769 -0.6224
vn -0.6860 0.3769 -0.6224
vn -0.5229 0.7081 -0.4745
vn -0.4469 -0.7080 -0.5468
vn -0.5861 -0.3772 -0.7171
vn -0.5861 0.3772 -0.7171
vn -0.4469 0.7080 -0.5468
vn -0.3662 -0.7079 -0.6040
vn -0.4801 -0.3775 -0.7918
vn -0.4801 0.3775 -0.7918
vn -0.3662 0.7079 -0.6040
vn -0.2849 -0.7078 -0.6464
vn -0.3735 -0.3779 -0.8472
vn -0.3735 0.3779 -0.8472
vn -0.2849 0.7078 -0.6464
vn -0.2064 -0.7077 -0.6757
vn -0.2704 -0.3783 -0.8853
vn -0.2704 0.3783 -0.8853
vn -0.2064 0.7077 -0.6757
vn -0.1323 -0.7076 -0.6941
vn -0.1733 -0.3786 -0.9092
vn -0.1733 0.3786 -0.9092
vn -0.1323 0.7076 -0.6941
vn -0.0637 -0.7075 -0.7038
vn -0.0834 -0.3790 -0.9216
vn -0.0834 0.3790 -0.9216
vn -0.0637 0.7075 -0.7038
vn -0.0070 -0.7073 -0.7069
vn -0.0091 -0.3799 -0.9250
vn -0.0091 0.3799 -0.9250
vn -0.0070 0.7073 -0.7069
vn 0.0336 -0.7072 -0.7062
vn 0.0439 -0.3807 -0.9236
vn 0.0439 0.3807 -0.9236
vn 0.0336 0.7072 -0.7062
vn 0.0668 -0.7072 -0.7038
vn 0.0873 -0.3807 -0.9205
vn 0.0873 0.3807 -0.9205
vn 0.0668 0.7072 -0.7038
vn 0.0993 -0.7072 -0.7000
vn 0.1299 -0.3808 -0.9155
vn 0.1299 0.3808 -0.9155
vn 0.0993 0.7072 -0.7000
vn 0.1309 -0.7072 -0.6948
vn 0.1713 -0.3808 -0.9086
vn 0.1713 0.3808 -0.9086
vn 0.1309 0.7072 -0.6948
vn 0.1614 -0.7072 -0.6884
vn 0.2111 -0.3809 -0.9002
vn 0.2111 0.3809 -0.9002
vn 0.1614 0.7072 -0.6884
vn 0.1905 -0.7072 -0.6809
vn 0.2491 -0.3810 -0.8904
vn 0.2491 0.3810 -0.8904
vn 0.1905 0.7072 -0.6809
vn 0.2181 -0.7072 -0.6726
vn 0.2852 -0.3810 -0.8795
vn 0.2852 0.3810 -0.8795
vn 0.2181 0.7072 -0.6726
vn 0.2441 -0.7072 -0.6636
vn 0.3192 -0.3811 -0.8677
vn 0.3192 0.3811 -0.8677
vn 0.2441 0.7072 -0.6636
vn 0.2685 -0.7072 -0.6541
vn 0.3511 -0.3812 -0.8552
vn 0.3511 0.3812 -0.8552
vn 0.2685 0.7072 -0.6541
vn 0.2912 -0.7072 -0.6443
vn 0.3808 -0.3813 -0.8424
vn 0.3808 0.3813 -0.8424
vn 0.2912 0.7072 -0.6443
vn 0.3124 -0.7072 -0.6343
vn 0.4084 -0.3813 -0.8293
vn 0.4084 0.3813 -0.8293
vn 0.3124 0.7072 -0.6343
vn 0.5538 -0.7607 -0.3385
vn 0.7915 -0.3735 -0.4838
vn 0.7915 0.3735 -0.4838
vn 0.5538 0.7607 -0.3385
vn 0.2097 -0.9006 0.3807
vn 0.4358 -0.4296 0.7909
vn 0.4358 0.4296 0.7909
vn 0.2097 0.9006 0.3807
vn 0.7066 -0.7073 -0.0216
vn 0.9223 -0.3854 -0.0282
vn 0.9223 0.3854 -0.0282
vn 0.7066 0.7073 -0.0216
vn 0.7005 -0.7079 -0.0904
vn 0.9136 -0.3891 -0.1179
vn 0.9136 0.3891 -0.1179
vn 0.7005 0.7079 -0.0904
vn 0.6807 -0.7081 -0.1879
vn 0.8877 -0.3898 -0.2450
vn 0.8877 0.3898 -0.2450
vn 0.6807 0.7081 -0.1879
vn 0.6444 -0.7082 -0.2886
vn 0.8403 -0.3903 -0.3763
vn 0.8403 0.3903 -0.3763
vn 0.6444 0.7082 -0.2886
vn 0.5911 -0.7082 -0.3860
vn 0.7708 -0.3904 -0.5034
vn 0.7708 0.3904 -0.5034
vn 0.5911 0.7082 -0.3860
vn 0.5236 -0.7082 -0.4736
vn 0.6829 -0.3902 -0.6176
vn 0.6829 0.3902 -0.6176
vn 0.5236 0.7082 -0.4736
vn 0.4469 -0.7080 -0.5467
vn 0.5829 -0.3897 -0.7130
vn 0.5829 0.3897 -0.7130
vn 0.4469 0.7080 -0.5467
vn 0.3665 -0.7079 -0.6038
vn 0.4780 -0.3891 -0.7875
vn 0.4780 0.3891 -0.7875
vn 0.3665 0.7079 -0.6038
vn 0.2867 -0.7078 -0.6456
vn 0.3740 -0.3884 -0.8422
vn 0.3740 0.3884 -0.8422
vn 0.2867 0.7078 -0.6456
vn 0.2102 -0.7076 -0.6746
vn 0.2743 -0.3879 -0.8800
vn 0.2743 0.3879 -0.8800
vn 0.2102 0.7076 -0.6746
vn 0.1377 -0.7076 -0.6931
vn 0.1796 -0.3874 -0.9042
vn 0.1796 0.3874 -0.9042
vn 0.1377 0.7076 -0.6931
vn 0.0683 -0.7075 -0.7034
vn 0.0891 -0.3872 -0.9177
vn 0.0891 0.3872 -0.9177
vn 0.0683 0.7075 -0.7034
vn 0.0070 -0.7074 -0.7068
vn 0.0092 -0.3862 -0.9224
vn 0.0092 0.3862 -0.9224
vn 0.0070 0.7074 -0.7068
vn -0.0401 -0.7072 -0.7058
vn -0.0524 -0.3852 -0.9213
vn -0.0524 0.3852 -0.9213
vn -0.0401 0.7072 -0.7058
vn -0.0794 -0.7072 -0.7025
vn -0.1036 -0.3852 -0.9170
vn -0.1036 0.3852 -0.9170
vn -0.0794 0.7072 -0.7025
vn -0.1174 -0.7072 -0.6972
vn -0.1532 -0.3851 -0.9101
vn -0.1532 0.3851 -0.9101
vn -0.1174 0.7072 -0.6972
vn -0.1537 -0.7072 -0.6901
vn -0.2006 -0.3850 -0.9009
vn -0.2006 0.3850 -0.9009
vn -0.1537 0.7072 -0.6901
vn -0.1881 -0.7072 -0.6815
vn -0.2455 -0.3849 -0.8897
vn -0.2455 0.3849 -0.8897
vn -0.1881 0.7072 -0.6815
vn -0.2203 -0.7072 -0.6718
vn -0.2877 -0.3848 -0.8770
vn -0.2877 0.3848 -0.8770
vn -0.2203 0.7072 -0.6718
vn -0.2504 -0.7072 -0.6612
vn -0.3270 -0.3846 -0.8632
vn -0.3270 0.3846 -0.8632
vn -0.2504 0.7072 -0.6612
vn -0.2783 -0.7072 -0.6500
vn -0.3633 -0.3845 -0.8486
vn -0.3633 0.3845 -0.8486
vn -0.2783 0.7072 -0.6500
vn -0.3039 -0.7072 -0.6384
vn -0.3968 -0.3844 -0.8335
vn -0.3968 0.3844 -0.8335
vn -0.3039 0.7072 -0.6384
vn -0.3275 -0.7072 -0.6267
vn -0.4276 -0.3843 -0.8182
vn -0.4276 0.3843 -0.8182
vn -0.3275 0.7072 -0.6267
vn -0.3489 -0.7072 -0.6150
vn -0.4556 -0.3842 -0.8030
vn -0.4556 0.3842 -0.8030
vn -0.3489 0.7072 -0.6150
vn 0.2204 -0.8959 -0.3858
vn 0.2204 -0.8958 -0.3858
vn 0.4485 -0.4270 -0.7852
vn 0.4485 0.4270 -0.7852
vn 0.2204 0.8958 -0.3858
vn 0.2204 0.8959 -0.3858
vn 0.5543 -0.7605 0.3381
vn 0.7920 -0.3735 0.4830
vn 0.7920 0.3735 0.4830
vn 0.5543 0.7605 0.3381
vn 0.3089 -0.7072 0.6360
vn 0.4040 -0.3808 0.8317
vn 0.4040 0.3808 0.8317
vn 0.3089 0.7072 0.6360
vn 0.2810 -0.7072 0.6488
vn 0.3674 -0.3810 0.8484
vn 0.3674 0.3810 0.8484
vn 0.2810 0.7072 0.6488
vn 0.2558 -0.7072 0.6591
vn 0.3345 -0.3812 0.8619
vn 0.3345 0.3812 0.8619
vn 0.2558 0.7072 0.6591
vn 0.2325 -0.7072 0.6677
vn 0.3039 -0.3813 0.8731
vn 0.3039 0.3813 0.8731
vn 0.2325 0.7072 0.6677
vn 0.2101 -0.7072 0.6751
vn 0.2746 -0.3813 0.8827
vn 0.2746 0.3813 0.8827
vn 0.2101 0.7072 0.6751
vn 0.1878 -0.7072 0.6816
vn 0.1878 -0.7072 0.6817
vn 0.2456 -0.3813 0.8912
vn 0.2456 0.3813 0.8912
vn 0.1878 0.7072 0.6816
vn 0.1878 0.7072 0.6817
vn 0.1650 -0.7072 0.6875
vn 0.2158 -0.3813 0.8989
vn 0.2158 0.3813 0.8989
vn 0.1650 0.7072 0.6875
vn 0.1407 -0.7072 0.6929
vn 0.1840 -0.3812 0.9060
vn 0.1840 0.3812 0.9060
vn 0.1407 0.7072 0.6929
vn 0.1138 -0.7072 0.6978
vn 0.1488 -0.3810 0.9125
vn 0.1488 0.3810 0.9125
vn 0.1138 0.7072 0.6978
vn 0.0827 -0.7072 0.7022
vn 0.1082 -0.3807 0.9183
vn 0.1082 0.3807 0.9183
vn 0.0827 0.7072 0.7022
vn 0.0453 -0.7073 0.7055
vn 0.0592 -0.3803 0.9230
vn 0.0592 0.3803 0.9230
vn 0.0453 0.7073 0.7055
vn -0.0063 -0.7074 0.7067
vn -0.0083 -0.3792 0.9253
vn -0.0083 0.3792 0.9253
vn -0.0063 0.7074 0.7067
vn -0.0776 -0.7077 0.7022
vn -0.1017 -0.3782 0.9201
vn -0.1017 0.3782 0.9201
vn -0.0776 0.7077 0.7022
vn -0.1615 -0.7078 0.6877
vn -0.2117 -0.3778 0.9014
vn -0.2117 0.3778 0.9014
vn -0.1615 0.7078 0.6877
vn -0.2503 -0.7079 0.6604
vn -0.3282 -0.3774 0.8659
vn -0.3282 0.3774 0.8659
vn -0.2503 0.7079 0.6604
vn -0.3405 -0.7080 0.6187
vn -0.4466 -0.3772 0.8114
vn -0.4466 0.3772 0.8114
vn -0.3405 0.7080 0.6187
vn -0.4276 -0.7081 0.5620
vn -0.5608 -0.3770 0.7371
vn -0.5608 0.3770 0.7371
vn -0.4276 0.7081 0.5620
vn -0.5066 -0.7081 0.4919
vn -0.6645 -0.3770 0.6452
vn -0.6645 0.3770 0.6452
vn -0.5066 0.7081 0.4919
vn -0.5736 -0.7080 0.4119
vn -0.5736 -0.7081 0.4119
vn -0.7523 -0.3771 0.5402
vn -0.7523 0.3771 0.5402
vn -0.5736 0.7080 0.4119
vn -0.6263 -0.7080 0.3263
vn -0.8213 -0.3774 0.4279
vn -0.8213 0.3774 0.4279
vn -0.6263 0.7080 0.3263
vn -0.6645 -0.7079 0.2396
vn -0.8710 -0.3777 0.3140
vn -0.8710 0.3777 0.3140
vn -0.6645 0.7079 0.2396
vn -0.6645 0.7078 0.2396
vn -0.6892 -0.7077 0.1551
vn -0.9032 -0.3780 0.2032
vn -0.9032 0.3780 0.2032
vn -0.6892 0.7077 0.1551
vn -0.7026 -0.7076 0.0751
vn -0.9204 -0.3784 0.0984
vn -0.9204 0.3784 0.0984
vn -0.7026 0.7076 0.0751
vn -0.7068 -0.7072 0.0182
vn -0.9244 -0.3806 0.0238
vn -0.9244 0.3806 0.0238
vn -0.7068 0.7072 0.0182
vn -0.6245 -0.7354 -0.2631
vn -0.8565 -0.3689 -0.3609
vn -0.8565 0.3689 -0.3609
vn -0.6245 0.7354 -0.2631
vn 0.1405 -0.9322 -0.3336
vn 0.3471 -0.4484 -0.8237
vn 0.3471 0.4484 -0.8237
vn 0.1405 0.9322 -0.3336
vn 0.5789 -0.5743 -0.5789
vn 0.5789 0.5743 -0.5789
vn -0.0961 -0.7079 0.6997
vn -0.1892 -0.7079 0.6805
vn -0.1260 -0.3775 0.9174
vn -0.2481 -0.3776 0.8921
vn -0.1260 0.3775 0.9174
vn -0.2481 0.3776 0.8921
vn -0.0961 0.7079 0.6997
vn -0.1892 0.7079 0.6805
vn -0.2771 -0.7079 0.6497
vn -0.3633 -0.3777 0.8517
vn -0.3633 0.3777 0.8517
vn -0.2771 0.7079 0.6497
vn -0.3585 -0.7078 0.6086
vn -0.4699 -0.3778 0.7978
vn -0.4699 0.3778 0.7978
vn -0.3585 0.7078 0.6086
vn -0.4328 -0.7078 0.5583
vn -0.5673 -0.3778 0.7318
vn -0.5673 0.3778 0.7318
vn -0.4328 0.7078 0.5583
vn -0.4995 -0.7078 0.4995
vn -0.6547 -0.3778 0.6547
vn -0.6547 0.3778 0.6547
vn -0.4995 0.7078 0.4995
vn -0.5583 -0.7078 0.4328
vn -0.7318 -0.3778 0.5673
vn -0.7318 0.3778 0.5673
vn -0.5583 0.7078 0.4328
vn -0.6086 -0.7078 0.3585
vn -0.7978 -0.3777 0.4699
vn -0.7978 0.3777 0.4699
vn -0.6086 0.7078 0.3585
vn -0.6497 -0.7079 0.2771
vn -0.8517 -0.3777 0.3633
vn -0.8517 0.3777 0.3633
vn -0.6497 0.7079 0.2771
vn -0.6805 -0.7079 0.1892
vn -0.8921 -0.3776 0.2481
vn -0.8921 0.3776 0.2481
vn -0.6805 0.7079 0.1892
vn -0.6997 -0.7079 0.0961
vn -0.9174 -0.3775 0.1260
vn -0.9174 0.3775 0.1260
vn -0.6997 0.7079 0.0961
vn -0.7063 -0.7079 -0.0000
vn -0.9260 -0.3774 -0.0000
vn -0.9260 0.3774 -0.0000
vn -0.7063 0.7079 -0.0000
vn -0.6997 -0.7079 -0.0961
vn -0.9174 -0.3775 -0.1260
vn -0.9174 0.3775 -0.1260
vn -0.6997 0.7079 -0.0961
vn -0.6805 -0.7079 -0.1892
vn -0.8921 -0.3776 -0.2481
vn -0.8921 0.3776 -0.2481
vn -0.6805 0.7079 -0.1892
vn -0.6497 -0.7079 -0.2771
vn -0.8517 -0.3777 -0.3633
vn -0.8517 0.3777 -0.3633
vn -0.6497 0.7079 -0.2771
vn -0.6086 -0.7078 -0.3585
vn -0.7978 -0.3777 -0.4699
vn -0.7978 0.3777 -0.4699
vn -0.6086 0.7078 -0.3585
vn -0.5583 -0.7078 -0.4328
vn -0.7318 -0.3778 -0.5673
vn -0.7318 0.3778 -0.5673
vn -0.5583 0.7078 -0.4328
vn -0.4995 -0.7078 -0.4995
vn -0.6547 -0.3778 -0.6547
vn -0.6547 0.3778 -0.6547
vn -0.4995 0.7078 -0.4995
vn -0.4328 -0.7078 -0.5583
vn -0.5673 -0.3778 -0.7318
vn -0.5673 0.3778 -0.7318
vn -0.4328 0.7078 -0.5583
vn -0.3585 -0.7078 -0.6086
vn -0.4699 -0.3777 -0.7978
vn -0.4699 0.3777 -0.7978
vn -0.3585 0.7078 -0.6086
vn -0.2771 -0.7079 -0.6497
vn -0.3633 -0.3777 -0.8517
vn -0.3633 0.3777 -0.8517
vn -0.2771 0.7079 -0.6497
vn -0.1892 -0.7079 -0.6805
vn -0.2481 -0.3776 -0.8921
vn -0.2481 0.3776 -0.8921
vn -0.1892 0.7079 -0.6805
vn -0.0961 -0.7079 -0.6997
vn -0.1260 -0.3775 -0.9174
vn -0.1260 0.3775 -0.9174
vn -0.0961 0.7079 -0.6997
vn -0.0000 -0.7079 -0.7063
vn -0.0000 -0.3774 -0.9260
vn -0.0000 0.3774 -0.9260
vn -0.0000 0.7079 -0.7063
vn 0.0961 -0.7079 -0.6997
vn 0.1260 -0.3775 -0.9174
vn 0.1260 0.3775 -0.9174
vn 0.0961 0.7079 -0.6997
vn 0.1892 -0.7079 -0.6805
vn 0.2481 -0.3776 -0.8921
vn 0.2481 0.3776 -0.8921
vn 0.1892 0.7079 -0.6805
vn 0.2771 -0.7079 -0.6497
vn 0.3633 -0.3777 -0.8517
vn 0.3633 0.3777 -0.8517
vn 0.2771 0.7079 -0.6497
vn 0.3585 -0.7078 -0.6086
vn 0.4699 -0.3777 -0.7978
vn 0.4699 0.3777 -0.7978
vn 0.3585 0.7078 -0.6086
vn 0.4328 -0.7078 -0.5583
vn 0.5673 -0.3778 -0.7318
vn 0.5673 0.3778 -0.7318
vn 0.4328 0.7078 -0.5583
vn 0.4995 -0.7078 -0.4995
vn 0.6547 -0.3778 -0.6547
vn 0.6547 0.3778 -0.6547
vn 0.4995 0.7078 -0.4995
vn 0.5583 -0.7078 -0.4328
vn 0.7318 -0.3778 -0.5673
vn 0.7318 0.3778 -0.5673
vn 0.5583 0.7078 -0.4328
vn 0.6086 -0.7078 -0.3585
vn 0.7978 -0.3777 -0.4699
vn 0.7978 0.3777 -0.4699
vn 0.6086 0.7078 -0.3585
vn 0.6497 -0.7079 -0.2771
vn 0.8517 -0.3777 -0.3633
vn 0.8517 0.3777 -0.3633
vn 0.6497 0.7079 -0.2771
vn 0.6805 -0.7079 -0.1892
vn 0.8921 -0.3776 -0.2481
vn 0.8921 0.3776 -0.2481
vn 0.6805 0.7079 -0.1892
vn 0.6997 -0.7079 -0.0961
vn 0.9174 -0.3775 -0.1260
vn 0.9174 0.3775 -0.1260
vn 0.6997 0.7079 -0.0961
vn 0.7063 -0.7079 -0.0000
vn 0.9260 -0.3774 -0.0000
vn 0.9260 0.3774 -0.0000
vn 0.7063 0.7079 -0.0000
vn 0.6997 -0.7079 0.0961
vn 0.9174 -0.3775 0.1260
vn 0.9174 0.3775 0.1260
vn 0.6997 0.7079 0.0961
vn 0.6805 -0.7079 0.1892
vn 0.8921 -0.3776 0.2481
vn 0.8921 0.3776 0.2481
vn 0.6805 0.7079 0.1892
vn 0.6497 -0.7079 0.2771
vn 0.8517 -0.3777 0.3633
vn 0.8517 0.3777 0.3633
vn 0.6497 0.7079 0.2771
vn 0.6086 -0.7078 0.3585
vn 0.7978 -0.3777 0.4699
vn 0.7978 0.3777 0.4699
vn 0.6086 0.7078 0.3585
vn 0.5583 -0.7078 0.4328
vn 0.7318 -0.3778 0.5673
vn 0.7318 0.3778 0.5673
vn 0.5583 0.7078 0.4328
vn 0.4995 -0.7078 0.4995
vn 0.6547 -0.3778 0.6547
vn 0.6547 0.3778 0.6547
vn 0.4995 0.7078 0.4995
vn 0.4328 -0.7078 0.5583
vn 0.5673 -0.3778 0.7318
vn 0.5673 0.3778 0.7318
vn 0.4328 0.7078 0.5583
vn 0.3585 -0.7078 0.6086
vn 0.4699 -0.3778 0.7978
vn 0.4699 0.3778 0.7978
vn 0.3585 0.7078 0.6086
vn 0.2771 -0.7079 0.6497
vn 0.3633 -0.3777 0.8517
vn 0.3633 0.3777 0.8517
vn 0.2771 0.7079 0.6497
vn 0.1892 -0.7079 0.6805
vn 0.2481 -0.3776 0.8921
vn 0.2481 0.3776 0.8921
vn 0.1892 0.7079 0.6805
vn 0.0961 -0.7079 0.6997
vn 0.1260 -0.3775 0.9174
vn 0.1260 0.3775 0.9174
vn 0.0961 0.7079 0.6997
vn -0.0000 -0.7079 0.7063
vn -0.0000 -0.3774 0.9260
vn -0.0000 0.3774 0.9260
vn -0.0000 0.7079 0.7063
vn -0.0401 -0.7073 -0.7058
vn -0.0401 0.7073 -0.7058
vn 0.7919 -0.3735 0.4830
vn 0.7919 0.3735 0.4830
vn 0.0827 -0.7072 0.7021
vn 0.0827 0.7072 0.7021
vn -0.3281 -0.3774 0.8659
vn -0.3281 0.3774 0.8659
vn -0.5736 0.7081 0.4119
vn -0.6645 -0.7078 0.2396
vn -0.4082 -0.8165 -0.4083
vn -0.4082 0.8165 -0.4083
vn 0.4082 -0.8165 -0.4083
vn 0.4082 0.8165 -0.4083
vn 0.7043 -0.7075 -0.0587
vn 0.7043 0.7075 -0.0587
vn 0.2097 -0.9006 -0.3806
vn 0.2097 0.9006 -0.3806
vn 0.5788 -0.7516 0.3163
vn 0.5788 0.7516 0.3163
vn -0.6998 -0.7075 0.0987
vn -0.6946 -0.7071 0.1322
vn 0.1390 0.0004 0.9903
vn 0.1390 -0.0004 0.9903
vn -0.6946 0.7071 0.1322
vn -0.6998 0.7075 0.0987
vn -0.8168 -0.3888 0.4262
vn -0.8168 0.3888 0.4262
vn 0.6845 -0.7075 0.1760
vn 0.6845 0.7075 0.1760
vn -0.4129 -0.8291 -0.3771
vn -0.2367 -0.8043 -0.5450
vn 0.6745 -0.0000 -0.7383
vn -0.2367 0.8043 -0.5450
vn -0.4129 0.8291 -0.3771
vt 0.214286 0.000000
vt 0.204082 0.000000
vt 0.510204 0.000000
vt 0.500000 0.000000
vt 0.224490 0.000000
vt 0.489796 0.000000
vt 0.234694 0.000000
vt 0.989796 0.000000
vt 0.244898 0.000000
vt 0.255102 0.000000
vt 0.979592 0.000000
vt 0.265306 0.000000
vt 0.969388 0.000000
vt 0.275510 0.000000
vt 0.959184 0.000000
vt 0.285714 0.000000
vt 0.581633 0.000000
vt 0.122449 0.000000
vt 0.591837 0.000000
vt 0.867347 0.000000
vt 0.357143 0.000000
vt 0.877551 0.000000
vt 0.132653 0.000000
vt 0.571429 0.000000
vt 0.346939 0.000000
vt 0.887755 0.000000
vt 0.142857 0.000000
vt 0.561224 0.000000
vt 0.908163 0.000000
vt 0.897959 0.000000
vt 0.326531 0.000000
vt 0.336735 0.000000
vt 0.153061 0.000000
vt 0.551020 0.000000
vt 0.163265 0.000000
vt 0.540816 0.000000
vt 0.173469 0.000000
vt 0.183673 0.000000
vt 0.530612 0.000000
vt 0.193878 0.000000
vt 0.520408 0.000000
vt 0.948980 0.000000
vt 0.295918 0.000000
vt 0.938776 0.000000
vt 0.306122 0.000000
vt 0.928571 0.000000
vt 0.918367 0.000000
vt 0.316327 0.000000
vt 0.602041 0.000000
vt 0.102041 0.000000
vt 0.612245 0.000000
vt 0.846939 0.000000
vt 0.367347 0.000000
vt 0.857143 0.000000
vt 0.091837 0.000000
vt 0.622449 0.000000
vt 0.836735 0.000000
vt 0.377551 0.000000
vt 0.642857 0.000000
vt 0.071429 0.000000
vt 0.061224 0.000000
vt 0.653061 0.000000
vt 0.081633 0.000000
vt 0.632653 0.000000
vt 0.826531 0.000000
vt 0.387755 0.000000
vt 0.030612 0.000000
vt 0.020408 0.000000
vt 0.673469 0.000000
vt 0.683673 0.000000
vt 0.724490 0.000000
vt 0.744898 0.000000
vt 0.734694 0.000000
vt 0.704082 0.000000
vt 0.000000 0.000000
vt 0.714286 0.000000
vt 0.010204 0.000000
vt 0.693878 0.000000
vt 0.479592 0.000000
vt 0.469388 0.000000
vt 1.000000 0.000000
vt 0.459184 0.000000
vt 0.755102 0.000000
vt 0.448980 0.000000
vt 0.051020 0.000000
vt 0.040816 0.000000
vt 0.663265 0.000000
vt 0.765306 0.000000
vt 0.775510 0.000000
vt 0.438776 0.000000
vt 0.785714 0.000000
vt 0.428571 0.000000
vt 0.795918 0.000000
vt 0.418367 0.000000
vt 0.806122 0.000000
vt 0.408163 0.000000
vt 0.816327 0.000000
vt 0.397959 0.000000
vt 0.112245 0.000000
vt 0.333333 0.000000
vt 0.666667 0.000000
vt 0.964912 0.000000
vt 0.947368 0.000000
vt 0.929825 0.000000
vt 0.912281 0.000000
vt 0.052632 0.000000
vt 0.228070 0.000000
vt 0.210526 0.000000
vt 0.719298 0.000000
vt 0.736842 0.000000
vt 0.192982 0.000000
vt 0.754386 0.000000
vt 0.175439 0.000000
vt 0.771930 0.000000
vt 0.157895 0.000000
vt 0.789474 0.000000
vt 0.140351 0.000000
vt 0.807018 0.000000
vt 0.122807 0.000000
vt 0.824561 0.000000
vt 0.842105 0.000000
vt 0.105263 0.000000
vt 0.859649 0.000000
vt 0.087719 0.000000
vt 0.877193 0.000000
vt 0.894737 0.000000
vt 0.070175 0.000000
vt 0.035088 0.000000
vt 0.982456 0.000000
vt 0.245614 0.000000
vt 0.701754 0.000000
vt 0.263158 0.000000
vt 0.684211 0.000000
vt 0.280702 0.000000
vt 0.614035 0.000000
vt 0.596491 0.000000
vt 0.315789 0.000000
vt 0.649123 0.000000
vt 0.631579 0.000000
vt 0.298246 0.000000
vt 0.561404 0.000000
vt 0.543860 0.000000
vt 0.368421 0.000000
vt 0.491228 0.000000
vt 0.473684 0.000000
vt 0.456140 0.000000
vt 0.438596 0.000000
vt 0.526316 0.000000
vt 0.385965 0.000000
vt 0.508772 0.000000
vt 0.403509 0.000000
vt 0.421053 0.000000
vt 0.578947 0.000000
vt 0.350877 0.000000
vt 0.017544 0.000000
vt 0.294118 0.000000
vt 0.274510 0.000000
vt 0.254902 0.000000
vt 0.352941 0.000000
vt 0.313726 0.000000
vt 0.372549 0.000000
vt 0.235294 0.000000
vt 0.215686 0.000000
vt 0.196078 0.000000
vt 0.392157 0.000000
vt 0.078431 0.000000
vt 0.098039 0.000000
vt 0.117647 0.000000
vt 0.176471 0.000000
vt 0.411765 0.000000
vt 0.588235 0.000000
vt 0.568627 0.000000
vt 0.529412 0.000000
vt 0.549020 0.000000
vt 0.843137 0.000000
vt 0.686275 0.000000
vt 0.862745 0.000000
vt 0.784314 0.000000
vt 0.764706 0.000000
vt 0.803922 0.000000
vt 0.823529 0.000000
vt 0.705882 0.000000
vt 0.725490 0.000000
vt 0.745098 0.000000
vt 0.882353 0.000000
vt 0.647059 0.000000
vt 0.019608 0.000000
vt 0.058824 0.000000
vt 0.039216 0.000000
vt 0.980392 0.000000
vt 0.960784 0.000000
vt 0.941176 0.000000
vt 0.921569 0.000000
vt 0.137255 0.000000
vt 0.901961 0.000000
vt 0.156863 0.000000
vt 0.627451 0.000000
vt 0.431373 0.000000
vt 0.607843 0.000000
vt 0.450980 0.000000
vt 0.470588 0.000000
vt 0.490196 0.000000
vt 0.509804 0.000000
vt 0.556391 0.000000
vt 0.548872 0.000000
vt 0.533835 0.000000
vt 0.541353 0.000000
vt 0.488722 0.000000
vt 0.593985 0.000000
vt 0.496241 0.000000
vt 0.586466 0.000000
vt 0.503759 0.000000
vt 0.511278 0.000000
vt 0.518797 0.000000
vt 0.563910 0.000000
vt 0.819549 0.000000
vt 0.812030 0.000000
vt 0.172932 0.000000
vt 0.165414 0.000000
vt 0.827068 0.000000
vt 0.082707 0.000000
vt 0.902256 0.000000
vt 0.090226 0.000000
vt 0.624060 0.000000
vt 0.451128 0.000000
vt 0.458647 0.000000
vt 0.616541 0.000000
vt 0.097744 0.000000
vt 0.466165 0.000000
vt 0.609023 0.000000
vt 0.240602 0.000000
vt 0.233083 0.000000
vt 0.766917 0.000000
vt 0.112782 0.000000
vt 0.887218 0.000000
vt 0.481203 0.000000
vt 0.601504 0.000000
vt 0.774436 0.000000
vt 0.225564 0.000000
vt 0.218045 0.000000
vt 0.781955 0.000000
vt 0.203008 0.000000
vt 0.195489 0.000000
vt 0.796992 0.000000
vt 0.187970 0.000000
vt 0.804511 0.000000
vt 0.180451 0.000000
vt 0.834586 0.000000
vt 0.150376 0.000000
vt 0.849624 0.000000
vt 0.135338 0.000000
vt 0.864662 0.000000
vt 0.127820 0.000000
vt 0.872180 0.000000
vt 0.120301 0.000000
vt 0.879699 0.000000
vt 0.639098 0.000000
vt 0.443609 0.000000
vt 0.436090 0.000000
vt 0.646617 0.000000
vt 0.654135 0.000000
vt 0.060150 0.000000
vt 0.924812 0.000000
vt 0.067669 0.000000
vt 0.917293 0.000000
vt 0.075188 0.000000
vt 0.909774 0.000000
vt 0.661654 0.000000
vt 0.255639 0.000000
vt 0.751880 0.000000
vt 0.939850 0.000000
vt 0.932331 0.000000
vt 0.030075 0.000000
vt 0.022556 0.000000
vt 0.977444 0.000000
vt 0.969925 0.000000
vt 0.992481 0.000000
vt 0.007519 0.000000
vt 0.015038 0.000000
vt 0.984962 0.000000
vt 0.669173 0.000000
vt 0.413534 0.000000
vt 0.676692 0.000000
vt 0.406015 0.000000
vt 0.398496 0.000000
vt 0.691729 0.000000
vt 0.390977 0.000000
vt 0.699248 0.000000
vt 0.383459 0.000000
vt 0.375940 0.000000
vt 0.706767 0.000000
vt 0.360902 0.000000
vt 0.721804 0.000000
vt 0.353383 0.000000
vt 0.345865 0.000000
vt 0.338346 0.000000
vt 0.330827 0.000000
vt 0.729323 0.000000
vt 0.323308 0.000000
vt 0.308271 0.000000
vt 0.300752 0.000000
vt 0.293233 0.000000
vt 0.278196 0.000000
vt 0.744361 0.000000
vt 0.270677 0.000000
vt 0.037594 0.000000
vt 0.962406 0.000000
vt 0.954887 0.000000
vt 0.045113 0.000000
vt 0.759399 0.000000
vt 0.248120 0.000000
vt 0.000000 0.076923
vt 0.125000 0.076923
vt 0.125000 0.000000
vt 0.000000 0.153846
vt 0.125000 0.153846
vt 0.000000 0.230769
vt 0.125000 0.230769
vt 0.000000 0.307692
vt 0.125000 0.307692
vt 0.000000 0.384615
vt 0.125000 0.384615
vt 0.000000 0.461538
vt 0.125000 0.461538
vt 0.000000 0.538462
vt 0.125000 0.538462
vt 0.000000 0.615385
vt 0.125000 0.615385
vt 0.000000 0.692308
vt 0.125000 0.692308
vt 0.000000 0.769231
vt 0.125000 0.769231
vt 0.000000 0.846154
vt 0.125000 0.846154
vt 0.000000 0.923077
vt 0.125000 0.923077
vt 0.000000 1.000000
vt 0.125000 1.000000
vt 0.250000 0.076923
vt 0.250000 0.000000
vt 0.250000 0.153846
vt 0.250000 0.230769
vt 0.250000 0.307692
vt 0.250000 0.384615
vt 0.250000 0.461538
vt 0.250000 0.538462
vt 0.250000 0.615385
vt 0.250000 0.692308
vt 0.250000 0.769231
vt 0.250000 0.846154
vt 0.250000 0.923077
vt 0.250000 1.000000
vt 0.375000 0.076923
vt 0.375000 0.000000
vt 0.375000 0.153846
vt 0.375000 0.230769
vt 0.375000 0.307692
vt 0.375000 0.384615
vt 0.375000 0.461538
vt 0.375000 0.538462
vt 0.375000 0.615385
vt 0.375000 0.692308
vt 0.375000 0.769231
vt 0.375000 0.846154
vt 0.375000 0.923077
vt 0.375000 1.000000
vt 0.500000 0.076923
vt 0.500000 0.153846
vt 0.500000 0.230769
vt 0.500000 0.307692
vt 0.500000 0.384615
vt 0.500000 0.461538
vt 0.500000 0.538462
vt 0.500000 0.615385
vt 0.500000 0.692308
vt 0.500000 0.769231
vt 0.500000 0.846154
vt 0.500000 0.923077
vt 0.500000 1.000000
vt 0.625000 0.076923
vt 0.625000 0.000000
vt 0.625000 0.153846
vt 0.625000 0.230769
vt 0.625000 0.307692
vt 0.625000 0.384615
vt 0.625000 0.461538
vt 0.625000 0.538462
vt 0.625000 0.615385
vt 0.625000 0.692308
vt 0.625000 0.769231
vt 0.625000 0.846154
vt 0.625000 0.923077
vt 0.625000 1.000000
vt 0.750000 0.076923
vt 0.750000 0.000000
vt 0.750000 0.153846
vt 0.750000 0.230769
vt 0.750000 0.307692
vt 0.750000 0.384615
vt 0.750000 0.461538
vt 0.750000 0.538462
vt 0.750000 0.615385
vt 0.750000 0.692308
vt 0.750000 0.769231
vt 0.750000 0.846154
vt 0.750000 0.923077
vt 0.750000 1.000000
vt 0.875000 0.076923
vt 0.875000 0.000000
vt 0.875000 0.153846
vt 0.875000 0.230769
vt 0.875000 0.307692
vt 0.875000 0.384615
vt 0.875000 0.461538
vt 0.875000 0.538462
vt 0.875000 0.615385
vt 0.875000 0.692308
vt 0.875000 0.769231
vt 0.875000 0.846154
vt 0.875000 0.923077
vt 0.875000 1.000000
vt 1.000000 0.076923
vt 1.000000 0.153846
vt 1.000000 0.230769
vt 1.000000 0.307692
vt 1.000000 0.384615
vt 1.000000 0.461538
vt 1.000000 0.538462
vt 1.000000 0.615385
vt 1.000000 0.692308
vt 1.000000 0.769231
vt 1.000000 0.846154
vt 1.000000 0.923077
vt 1.000000 1.000000
vt 0.013514 0.076923
vt 0.013514 0.000000
vt 0.013514 0.153846
vt 0.013514 0.230769
vt 0.013514 0.307692
vt 0.013514 0.384615
vt 0.013514 0.461538
vt 0.013514 0.538462
vt 0.013514 0.615385
vt 0.013514 0.692308
vt 0.013514 0.769231
vt 0.013514 0.846154
vt 0.013514 0.923077
vt 0.013514 1.000000
vt 0.027027 0.076923
vt 0.027027 0.000000
vt 0.027027 0.153846
vt 0.027027 0.230769
vt 0.027027 0.307692
vt 0.027027 0.384615
vt 0.027027 0.461538
vt 0.027027 0.538462
vt 0.027027 0.615385
vt 0.027027 0.692308
vt 0.027027 0.769231
vt 0.027027 0.846154
vt 0.027027 0.923077
vt 0.027027 1.000000
vt 0.040541 0.076923
vt 0.040541 0.000000
vt 0.040541 0.153846
vt 0.040541 0.230769
vt 0.040541 0.307692
vt 0.040541 0.384615
vt 0.040541 0.461538
vt 0.040541 0.538462
vt 0.040541 0.615385
vt 0.040541 0.692308
vt 0.040541 0.769231
vt 0.040541 0.846154
vt 0.040541 0.923077
vt 0.040541 1.000000
vt 0.054054 0.076923
vt 0.054054 0.000000
vt 0.054054 0.153846
vt 0.054054 0.230769
vt 0.054054 0.307692
vt 0.054054 0.384615
vt 0.054054 0.461538
vt 0.054054 0.538462
vt 0.054054 0.615385
vt 0.054054 0.692308
vt 0.054054 0.769231
vt 0.054054 0.846154
vt 0.054054 0.923077
vt 0.054054 1.000000
vt 0.067568 0.076923
vt 0.067568 0.000000
vt 0.067568 0.153846
vt 0.067568 0.230769
vt 0.067568 0.307692
vt 0.067568 0.384615
vt 0.067568 0.461538
vt 0.067568 0.538462
vt 0.067568 0.615385
vt 0.067568 0.692308
vt 0.067568 0.769231
vt 0.067568 0.846154
vt 0.067568 0.923077
vt 0.067568 1.000000
vt 0.081081 0.076923
vt 0.081081 0.000000
vt 0.081081 0.153846
vt 0.081081 0.230769
vt 0.081081 0.307692
vt 0.081081 0.384615
vt 0.081081 0.461538
vt 0.081081 0.538462
vt 0.081081 0.615385
vt 0.081081 0.692308
vt 0.081081 0.769231
vt 0.081081 0.846154
vt 0.081081 0.923077
vt 0.081081 1.000000
vt 0.094595 0.076923
vt 0.094595 0.000000
vt 0.094595 0.153846
vt 0.094595 0.230769
vt 0.094595 0.307692
vt 0.094595 0.384615
vt 0.094595 0.461538
vt 0.094595 0.538462
vt 0.094595 0.615385
vt 0.094595 0.692308
vt 0.094595 0.769231
vt 0.094595 0.846154
vt 0.094595 0.923077
vt 0.094595 1.000000
vt 0.108108 0.076923
vt 0.108108 0.000000
vt 0.108108 0.153846
vt 0.108108 0.230769
vt 0.108108 0.307692
vt 0.108108 0.384615
vt 0.108108 0.461538
vt 0.108108 0.538462
vt 0.108108 0.615385
vt 0.108108 0.692308
vt 0.108108 0.769231
vt 0.108108 0.846154
vt 0.108108 0.923077
vt 0.108108 1.000000
vt 0.121622 0.076923
vt 0.121622 0.000000
vt 0.121622 0.153846
vt 0.121622 0.230769
vt 0.121622 0.307692
vt 0.121622 0.384615
vt 0.121622 0.461538
vt 0.121622 0.538462
vt 0.121622 0.615385
vt 0.121622 0.692308
vt 0.121622 0.769231
vt 0.121622 0.846154
vt 0.121622 0.923077
vt 0.121622 1.000000
vt 0.135135 0.076923
vt 0.135135 0.000000
vt 0.135135 0.153846
vt 0.135135 0.230769
vt 0.135135 0.307692
vt 0.135135 0.384615
vt 0.135135 0.461538
vt 0.135135 0.538462
vt 0.135135 0.615385
vt 0.135135 0.692308
vt 0.135135 0.769231
vt 0.135135 0.846154
vt 0.135135 0.923077
vt 0.135135 1.000000
vt 0.148649 0.076923
vt 0.148649 0.000000
vt 0.148649 0.153846
vt 0.148649 0.230769
vt 0.148649 0.307692
vt 0.148649 0.384615
vt 0.148649 0.461538
vt 0.148649 0.538462
vt 0.148649 0.615385
vt 0.148649 0.692308
vt 0.148649 0.769231
vt 0.148649 0.846154
vt 0.148649 0.923077
vt 0.148649 1.000000
vt 0.162162 0.076923
vt 0.162162 0.000000
vt 0.162162 0.153846
vt 0.162162 0.230769
vt 0.162162 0.307692
vt 0.162162 0.384615
vt 0.162162 0.461538
vt 0.162162 0.538462
vt 0.162162 0.615385
vt 0.162162 0.692308
vt 0.162162 0.769231
vt 0.162162 0.846154
vt 0.162162 0.923077
vt 0.162162 1.000000
vt 0.175676 0.076923
vt 0.175676 0.000000
vt 0.175676 0.153846
vt 0.175676 0.230769
vt 0.175676 0.307692
vt 0.175676 0.384615
vt 0.175676 0.461538
vt 0.175676 0.538462
vt 0.175676 0.615385
vt 0.175676 0.692308
vt 0.175676 0.769231
vt 0.175676 0.846154
vt 0.175676 0.923077
vt 0.175676 1.000000
vt 0.189189 0.076923
vt 0.189189 0.000000
vt 0.189189 0.153846
vt 0.189189 0.230769
vt 0.189189 0.307692
vt 0.189189 0.384615
vt 0.189189 0.461538
vt 0.189189 0.538462
vt 0.189189 0.615385
vt 0.189189 0.692308
vt 0.189189 0.769231
vt 0.189189 0.846154
vt 0.189189 0.923077
vt 0.189189 1.000000
vt 0.202703 0.076923
vt 0.202703 0.000000
vt 0.202703 0.153846
vt 0.202703 0.230769
vt 0.202703 0.307692
vt 0.202703 0.384615
vt 0.202703 0.461538
vt 0.202703 0.538462
vt 0.202703 0.615385
vt 0.202703 0.692308
vt 0.202703 0.769231
vt 0.202703 0.846154
vt 0.202703 0.923077
vt 0.202703 1.000000
vt 0.216216 0.076923
vt 0.216216 0.000000
vt 0.216216 0.153846
vt 0.216216 0.230769
vt 0.216216 0.307692
vt 0.216216 0.384615
vt 0.216216 0.461538
vt 0.216216 0.538462
vt 0.216216 0.615385
vt 0.216216 0.692308
vt 0.216216 0.769231
vt 0.216216 0.846154
vt 0.216216 0.923077
vt 0.216216 1.000000
vt 0.229730 0.076923
vt 0.229730 0.000000
vt 0.229730 0.153846
vt 0.229730 0.230769
vt 0.229730 0.307692
vt 0.229730 0.384615
vt 0.229730 0.461538
vt 0.229730 0.538462
vt 0.229730 0.615385
vt 0.229730 0.692308
vt 0.229730 0.769231
vt 0.229730 0.846154
vt 0.229730 0.923077
vt 0.229730 1.000000
vt 0.243243 0.076923
vt 0.243243 0.000000
vt 0.243243 0.153846
vt 0.243243 0.230769
vt 0.243243 0.307692
vt 0.243243 0.384615
vt 0.243243 0.461538
vt 0.243243 0.538462
vt 0.243243 0.615385
vt 0.243243 0.692308
vt 0.243243 0.769231
vt 0.243243 0.846154
vt 0.243243 0.923077
vt 0.243243 1.000000
vt 0.256757 0.076923
vt 0.256757 0.000000
vt 0.256757 0.153846
vt 0.256757 0.230769
vt 0.256757 0.307692
vt 0.256757 0.384615
vt 0.256757 0.461538
vt 0.256757 0.538462
vt 0.256757 0.615385
vt 0.256757 0.692308
vt 0.256757 0.769231
vt 0.256757 0.846154
vt 0.256757 0.923077
vt 0.256757 1.000000
vt 0.270270 0.076923
vt 0.270270 0.000000
vt 0.270270 0.153846
vt 0.270270 0.230769
vt 0.270270 0.307692
vt 0.270270 0.384615
vt 0.270270 0.461538
vt 0.270270 0.538462
vt 0.270270 0.615385
vt 0.270270 0.692308
vt 0.270270 0.769231
vt 0.270270 0.846154
vt 0.270270 0.923077
vt 0.270270 1.000000
vt 0.283784 0.076923
vt 0.283784 0.000000
vt 0.283784 0.153846
vt 0.283784 0.230769
vt 0.283784 0.307692
vt 0.283784 0.384615
vt 0.283784 0.461538
vt 0.283784 0.538462
vt 0.283784 0.615385
vt 0.283784 0.692308
vt 0.283784 0.769231
vt 0.283784 0.846154
vt 0.283784 0.923077
vt 0.283784 1.000000
vt 0.297297 0.076923
vt 0.297297 0.000000
vt 0.297297 0.153846
vt 0.297297 0.230769
vt 0.297297 0.307692
vt 0.297297 0.384615
vt 0.297297 0.461538
vt 0.297297 0.538462
vt 0.297297 0.615385
vt 0.297297 0.692308
vt 0.297297 0.769231
vt 0.297297 0.846154
vt 0.297297 0.923077
vt 0.297297 1.000000
vt 0.310811 0.076923
vt 0.310811 0.000000
vt 0.310811 0.153846
vt 0.310811 0.230769
vt 0.310811 0.307692
vt 0.310811 0.384615
vt 0.310811 0.461538
vt 0.310811 0.538462
vt 0.310811 0.615385
vt 0.310811 0.692308
vt 0.310811 0.769231
vt 0.310811 0.846154
vt 0.310811 0.923077
vt 0.310811 1.000000
vt 0.324324 0.076923
vt 0.324324 0.000000
vt 0.324324 0.153846
vt 0.324324 0.230769
vt 0.324324 0.307692
vt 0.324324 0.384615
vt 0.324324 0.461538
vt 0.324324 0.538462
vt 0.324324 0.615385
vt 0.324324 0.692308
vt 0.324324 0.769231
vt 0.324324 0.846154
vt 0.324324 0.923077
vt 0.324324 1.000000
vt 0.337838 0.076923
vt 0.337838 0.000000
vt 0.337838 0.153846
vt 0.337838 0.230769
vt 0.337838 0.307692
vt 0.337838 0.384615
vt 0.337838 0.461538
vt 0.337838 0.538462
vt 0.337838 0.615385
vt 0.337838 0.692308
vt 0.337838 0.769231
vt 0.337838 0.846154
vt 0.337838 0.923077
vt 0.337838 1.000000
vt 0.351351 0.076923
vt 0.351351 0.000000
vt 0.351351 0.153846
vt 0.351351 0.230769
vt 0.351351 0.307692
vt 0.351351 0.384615
vt 0.351351 0.461538
vt 0.351351 0.538462
vt 0.351351 0.615385
vt 0.351351 0.692308
vt 0.351351 0.769231
vt 0.351351 0.846154
vt 0.351351 0.923077
vt 0.351351 1.000000
vt 0.364865 0.076923
vt 0.364865 0.000000
vt 0.364865 0.153846
vt 0.364865 0.230769
vt 0.364865 0.307692
vt 0.364865 0.384615
vt 0.364865 0.461538
vt 0.364865 0.538462
vt 0.364865 0.615385
vt 0.364865 0.692308
vt 0.364865 0.769231
vt 0.364865 0.846154
vt 0.364865 0.923077
vt 0.364865 1.000000
vt 0.378378 0.076923
vt 0.378378 0.000000
vt 0.378378 0.153846
vt 0.378378 0.230769
vt 0.378378 0.307692
vt 0.378378 0.384615
vt 0.378378 0.461538
vt 0.378378 0.538462
vt 0.378378 0.615385
vt 0.378378 0.692308
vt 0.378378 0.769231
vt 0.378378 0.846154
vt 0.378378 0.923077
vt 0.378378 1.000000
vt 0.391892 0.076923
vt 0.391892 0.000000
vt 0.391892 0.153846
vt 0.391892 0.230769
vt 0.391892 0.307692
vt 0.391892 0.384615
vt 0.391892 0.461538
vt 0.391892 0.538462
vt 0.391892 0.615385
vt 0.391892 0.692308
vt 0.391892 0.769231
vt 0.391892 0.846154
vt 0.391892 0.923077
vt 0.391892 1.000000
vt 0.405405 0.076923
vt 0.405405 0.000000
vt 0.405405 0.153846
vt 0.405405 0.230769
vt 0.405405 0.307692
vt 0.405405 0.384615
vt 0.405405 0.461538
vt 0.405405 0.538462
vt 0.405405 0.615385
vt 0.405405 0.692308
vt 0.405405 0.769231
vt 0.405405 0.846154
vt 0.405405 0.923077
vt 0.405405 1.000000
vt 0.418919 0.076923
vt 0.418919 0.000000
vt 0.418919 0.153846
vt 0.418919 0.230769
vt 0.418919 0.307692
vt 0.418919 0.384615
vt 0.418919 0.461538
vt 0.418919 0.538462
vt 0.418919 0.615385
vt 0.418919 0.692308
vt 0.418919 0.769231
vt 0.418919 0.846154
vt 0.418919 0.923077
vt 0.418919 1.000000
vt 0.432432 0.076923
vt 0.432432 0.000000
vt 0.432432 0.153846
vt 0.432432 0.230769
vt 0.432432 0.307692
vt 0.432432 0.384615
vt 0.432432 0.461538
vt 0.432432 0.538462
vt 0.432432 0.615385
vt 0.432432 0.692308
vt 0.432432 0.769231
vt 0.432432 0.846154
vt 0.432432 0.923077
vt 0.432432 1.000000
vt 0.445946 0.076923
vt 0.445946 0.000000
vt 0.445946 0.153846
vt 0.445946 0.230769
vt 0.445946 0.307692
vt 0.445946 0.384615
vt 0.445946 0.461538
vt 0.445946 0.538462
vt 0.445946 0.615385
vt 0.445946 0.692308
vt 0.445946 0.769231
vt 0.445946 0.846154
vt 0.445946 0.923077
vt 0.445946 1.000000
vt 0.459459 0.076923
vt 0.459459 0.000000
vt 0.459459 0.153846
vt 0.459459 0.230769
vt 0.459459 0.307692
vt 0.459459 0.384615
vt 0.459459 0.461538
vt 0.459459 0.538462
vt 0.459459 0.615385
vt 0.459459 0.692308
vt 0.459459 0.769231
vt 0.459459 0.846154
vt 0.459459 0.923077
vt 0.459459 1.000000
vt 0.472973 0.076923
vt 0.472973 0.000000
vt 0.472973 0.153846
vt 0.472973 0.230769
vt 0.472973 0.307692
vt 0.472973 0.384615
vt 0.472973 0.461538
vt 0.472973 0.538462
vt 0.472973 0.615385
vt 0.472973 0.692308
vt 0.472973 0.769231
vt 0.472973 0.846154
vt 0.472973 0.923077
vt 0.472973 1.000000
vt 0.486486 0.076923
vt 0.486486 0.000000
vt 0.486486 0.153846
vt 0.486486 0.230769
vt 0.486486 0.307692
vt 0.486486 0.384615
vt 0.486486 0.461538
vt 0.486486 0.538462
vt 0.486486 0.615385
vt 0.486486 0.692308
vt 0.486486 0.769231
vt 0.486486 0.846154
vt 0.486486 0.923077
vt 0.486486 1.000000
vt 0.513514 0.076923
vt 0.513514 0.000000
vt 0.513514 0.153846
vt 0.513514 0.230769
vt 0.513514 0.307692
vt 0.513514 0.384615
vt 0.513514 0.461538
vt 0.513514 0.538462
vt 0.513514 0.615385
vt 0.513514 0.692308
vt 0.513514 0.769231
vt 0.513514 0.846154
vt 0.513514 0.923077
vt 0.513514 1.000000
vt 0.527027 0.076923
vt 0.527027 0.000000
vt 0.527027 0.153846
vt 0.527027 0.230769
vt 0.527027 0.307692
vt 0.527027 0.384615
vt 0.527027 0.461538
vt 0.527027 0.538462
vt 0.527027 0.615385
vt 0.527027 0.692308
vt 0.527027 0.769231
vt 0.527027 0.846154
vt 0.527027 0.923077
vt 0.527027 1.000000
vt 0.540541 0.076923
vt 0.540541 0.000000
vt 0.540541 0.153846
vt 0.540541 0.230769
vt 0.540541 0.307692
vt 0.540541 0.384615
vt 0.540541 0.461538
vt 0.540541 0.538462
vt 0.540541 0.615385
vt 0.540541 0.692308
vt 0.540541 0.769231
vt 0.540541 0.846154
vt 0.540541 0.923077
vt 0.540541 1.000000
vt 0.554054 0.076923
vt 0.554054 0.000000
vt 0.554054 0.153846
vt 0.554054 0.230769
vt 0.554054 0.307692
vt 0.554054 0.384615
vt 0.554054 0.461538
vt 0.554054 0.538462
vt 0.554054 0.615385
vt 0.554054 0.692308
vt 0.554054 0.769231
vt 0.554054 0.846154
vt 0.554054 0.923077
vt 0.554054 1.000000
vt 0.567568 0.076923
vt 0.567568 0.000000
vt 0.567568 0.153846
vt 0.567568 0.230769
vt 0.567568 0.307692
vt 0.567568 0.384615
vt 0.567568 0.461538
vt 0.567568 0.538462
vt 0.567568 0.615385
vt 0.567568 0.692308
vt 0.567568 0.769231
vt 0.567568 0.846154
vt 0.567568 0.923077
vt 0.567568 1.000000
vt 0.581081 0.076923
vt 0.581081 0.000000
vt 0.581081 0.153846
vt 0.581081 0.230769
vt 0.581081 0.307692
vt 0.581081 0.384615
vt 0.581081 0.461538
vt 0.581081 0.538462
vt 0.581081 0.615385
vt 0.581081 0.692308
vt 0.581081 0.769231
vt 0.581081 0.846154
vt 0.581081 0.923077
vt 0.581081 1.000000
vt 0.594595 0.076923
vt 0.594595 0.000000
vt 0.594595 0.153846
vt 0.594595 0.230769
vt 0.594595 0.307692
vt 0.594595 0.384615
vt 0.594595 0.461538
vt 0.594595 0.538462
vt 0.594595 0.615385
vt 0.594595 0.692308
vt 0.594595 0.769231
vt 0.594595 0.846154
vt 0.594595 0.923077
vt 0.594595 1.000000
vt 0.608108 0.076923
vt 0.608108 0.000000
vt 0.608108 0.153846
vt 0.608108 0.230769
vt 0.608108 0.307692
vt 0.608108 0.384615
vt 0.608108 0.461538
vt 0.608108 0.538462
vt 0.608108 0.615385
vt 0.608108 0.692308
vt 0.608108 0.769231
vt 0.608108 0.846154
vt 0.608108 0.923077
vt 0.608108 1.000000
vt 0.621622 0.076923
vt 0.621622 0.000000
vt 0.621622 0.153846
vt 0.621622 0.230769
vt 0.621622 0.307692
vt 0.621622 0.384615
vt 0.621622 0.461538
vt 0.621622 0.538462
vt 0.621622 0.615385
vt 0.621622 0.692308
vt 0.621622 0.769231
vt 0.621622 0.846154
vt 0.621622 0.923077
vt 0.621622 1.000000
vt 0.635135 0.076923
vt 0.635135 0.000000
vt 0.635135 0.153846
vt 0.635135 0.230769
vt 0.635135 0.307692
vt 0.635135 0.384615
vt 0.635135 0.461538
vt 0.635135 0.538462
vt 0.635135 0.615385
vt 0.635135 0.692308
vt 0.635135 0.769231
vt 0.635135 0.846154
vt 0.635135 0.923077
vt 0.635135 1.000000
vt 0.648649 0.076923
vt 0.648649 0.000000
vt 0.648649 0.153846
vt 0.648649 0.230769
vt 0.648649 0.307692
vt 0.648649 0.384615
vt 0.648649 0.461538
vt 0.648649 0.538462
vt 0.648649 0.615385
vt 0.648649 0.692308
vt 0.648649 0.769231
vt 0.648649 0.846154
vt 0.648649 0.923077
vt 0.648649 1.000000
vt 0.662162 0.076923
vt 0.662162 0.000000
vt 0.662162 0.153846
vt 0.662162 0.230769
vt 0.662162 0.307692
vt 0.662162 0.384615
vt 0.662162 0.461538
vt 0.662162 0.538462
vt 0.662162 0.615385
vt 0.662162 0.692308
vt 0.662162 0.769231
vt 0.662162 0.846154
vt 0.662162 0.923077
vt 0.662162 1.000000
vt 0.675676 0.076923
vt 0.675676 0.000000
vt 0.675676 0.153846
vt 0.675676 0.230769
vt 0.675676 0.307692
vt 0.675676 0.384615
vt 0.675676 0.461538
vt 0.675676 0.538462
vt 0.675676 0.615385
vt 0.675676 0.692308
vt 0.675676 0.769231
vt 0.675676 0.846154
vt 0.675676 0.923077
vt 0.675676 1.000000
vt 0.689189 0.076923
vt 0.689189 0.000000
vt 0.689189 0.153846
vt 0.689189 0.230769
vt 0.689189 0.307692
vt 0.689189 0.384615
vt 0.689189 0.461538
vt 0.689189 0.538462
vt 0.689189 0.615385
vt 0.689189 0.692308
vt 0.689189 0.769231
vt 0.689189 0.846154
vt 0.689189 0.923077
vt 0.689189 1.000000
vt 0.702703 0.076923
vt 0.702703 0.000000
vt 0.702703 0.153846
vt 0.702703 0.230769
vt 0.702703 0.307692
vt 0.702703 0.384615
vt 0.702703 0.461538
vt 0.702703 0.538462
vt 0.702703 0.615385
vt 0.702703 0.692308
vt 0.702703 0.769231
vt 0.702703 0.846154
vt 0.702703 0.923077
vt 0.702703 1.000000
vt 0.716216 0.076923
vt 0.716216 0.000000
vt 0.716216 0.153846
vt 0.716216 0.230769
vt 0.716216 0.307692
vt 0.716216 0.384615
vt 0.716216 0.461538
vt 0.716216 0.538462
vt 0.716216 0.615385
vt 0.716216 0.692308
vt 0.716216 0.769231
vt 0.716216 0.846154
vt 0.716216 0.923077
vt 0.716216 1.000000
vt 0.729730 0.076923
vt 0.729730 0.000000
vt 0.729730 0.153846
vt 0.729730 0.230769
vt 0.729730 0.307692
vt 0.729730 0.384615
vt 0.729730 0.461538
vt 0.729730 0.538462
vt 0.729730 0.615385
vt 0.729730 0.692308
vt 0.729730 0.769231
vt 0.729730 0.846154
vt 0.729730 0.923077
vt 0.729730 1.000000
vt 0.743243 0.076923
vt 0.743243 0.000000
vt 0.743243 0.153846
vt 0.743243 0.230769
vt 0.743243 0.307692
vt 0.743243 0.384615
vt 0.743243 0.461538
vt 0.743243 0.538462
vt 0.743243 0.615385
vt 0.743243 0.692308
vt 0.743243 0.769231
vt 0.743243 0.846154
vt 0.743243 0.923077
vt 0.743243 1.000000
vt 0.756757 0.076923
vt 0.756757 0.000000
vt 0.756757 0.153846
vt 0.756757 0.230769
vt 0.756757 0.307692
vt 0.756757 0.384615
vt 0.756757 0.461538
vt 0.756757 0.538462
vt 0.756757 0.615385
vt 0.756757 0.692308
vt 0.756757 0.769231
vt 0.756757 0.846154
vt 0.756757 0.923077
vt 0.756757 1.000000
vt 0.770270 0.076923
vt 0.770270 0.000000
vt 0.770270 0.153846
vt 0.770270 0.230769
vt 0.770270 0.307692
vt 0.770270 0.384615
vt 0.770270 0.461538
vt 0.770270 0.538462
vt 0.770270 0.615385
vt 0.770270 0.692308
vt 0.770270 0.769231
vt 0.770270 0.846154
vt 0.770270 0.923077
vt 0.770270 1.000000
vt 0.783784 0.076923
vt 0.783784 0.000000
vt 0.783784 0.153846
vt 0.783784 0.230769
vt 0.783784 0.307692
vt 0.783784 0.384615
vt 0.783784 0.461538
vt 0.783784 0.538462
vt 0.783784 0.615385
vt 0.783784 0.692308
vt 0.783784 0.769231
vt 0.783784 0.846154
vt 0.783784 0.923077
vt 0.783784 1.000000
vt 0.797297 0.076923
vt 0.797297 0.000000
vt 0.797297 0.153846
vt 0.797297 0.230769
vt 0.797297 0.307692
vt 0.797297 0.384615
vt 0.797297 0.461538
vt 0.797297 0.538462
vt 0.797297 0.615385
vt 0.797297 0.692308
vt 0.797297 0.769231
vt 0.797297 0.846154
vt 0.797297 0.923077
vt 0.797297 1.000000
vt 0.810811 0.076923
vt 0.810811 0.000000
vt 0.810811 0.153846
vt 0.810811 0.230769
vt 0.810811 0.307692
vt 0.810811 0.384615
vt 0.810811 0.461538
vt 0.810811 0.538462
vt 0.810811 0.615385
vt 0.810811 0.692308
vt 0.810811 0.769231
vt 0.810811 0.846154
vt 0.810811 0.923077
vt 0.810811 1.000000
vt 0.824324 0.076923
vt 0.824324 0.000000
vt 0.824324 0.153846
vt 0.824324 0.230769
vt 0.824324 0.307692
vt 0.824324 0.384615
vt 0.824324 0.461538
vt 0.824324 0.538462
vt 0.824324 0.615385
vt 0.824324 0.692308
vt 0.824324 0.769231
vt 0.824324 0.846154
vt 0.824324 0.923077
vt 0.824324 1.000000
vt 0.837838 0.076923
vt 0.837838 0.000000
vt 0.837838 0.153846
vt 0.837838 0.230769
vt 0.837838 0.307692
vt 0.837838 0.384615
vt 0.837838 0.461538
vt 0.837838 0.538462
vt 0.837838 0.615385
vt 0.837838 0.692308
vt 0.837838 0.769231
vt 0.837838 0.846154
vt 0.837838 0.923077
vt 0.837838 1.000000
vt 0.851351 0.076923
vt 0.851351 0.000000
vt 0.851351 0.153846
vt 0.851351 0.230769
vt 0.851351 0.307692
vt 0.851351 0.384615
vt 0.851351 0.461538
vt 0.851351 0.538462
vt 0.851351 0.615385
vt 0.851351 0.692308
vt 0.851351 0.769231
vt 0.851351 0.846154
vt 0.851351 0.923077
vt 0.851351 1.000000
vt 0.864865 0.076923
vt 0.864865 0.000000
vt 0.864865 0.153846
vt 0.864865 0.230769
vt 0.864865 0.307692
vt 0.864865 0.384615
vt 0.864865 0.461538
vt 0.864865 0.538462
vt 0.864865 0.615385
vt 0.864865 0.692308
vt 0.864865 0.769231
vt 0.864865 0.846154
vt 0.864865 0.923077
vt 0.864865 1.000000
vt 0.878378 0.076923
vt 0.878378 0.000000
vt 0.878378 0.153846
vt 0.878378 0.230769
vt 0.878378 0.307692
vt 0.878378 0.384615
vt 0.878378 0.461538
vt 0.878378 0.538462
vt 0.878378 0.615385
vt 0.878378 0.692308
vt 0.878378 0.769231
vt 0.878378 0.846154
vt 0.878378 0.923077
vt 0.878378 1.000000
vt 0.891892 0.076923
vt 0.891892 0.000000
vt 0.891892 0.153846
vt 0.891892 0.230769
vt 0.891892 0.307692
vt 0.891892 0.384615
vt 0.891892 0.461538
vt 0.891892 0.538462
vt 0.891892 0.615385
vt 0.891892 0.692308
vt 0.891892 0.769231
vt 0.891892 0.846154
vt 0.891892 0.923077
vt 0.891892 1.000000
vt 0.905405 0.076923
vt 0.905405 0.000000
vt 0.905405 0.153846
vt 0.905405 0.230769
vt 0.905405 0.307692
vt 0.905405 0.384615
vt 0.905405 0.461538
vt 0.905405 0.538462
vt 0.905405 0.615385
vt 0.905405 0.692308
vt 0.905405 0.769231
vt 0.905405 0.846154
vt 0.905405 0.923077
vt 0.905405 1.000000
vt 0.918919 0.076923
vt 0.918919 0.000000
vt 0.918919 0.153846
vt 0.918919 0.230769
vt 0.918919 0.307692
vt 0.918919 0.384615
vt 0.918919 0.461538
vt 0.918919 0.538462
vt 0.918919 0.615385
vt 0.918919 0.692308
vt 0.918919 0.769231
vt 0.918919 0.846154
vt 0.918919 0.923077
vt 0.918919 1.000000
vt 0.932432 0.076923
vt 0.932432 0.000000
vt 0.932432 0.153846
vt 0.932432 0.230769
vt 0.932432 0.307692
vt 0.932432 0.384615
vt 0.932432 0.461538
vt 0.932432 0.538462
vt 0.932432 0.615385
vt 0.932432 0.692308
vt 0.932432 0.769231
vt 0.932432 0.846154
vt 0.932432 0.923077
vt 0.932432 1.000000
vt 0.945946 0.076923
vt 0.945946 0.000000
vt 0.945946 0.153846
vt 0.945946 0.230769
vt 0.945946 0.307692
vt 0.945946 0.384615
vt 0.945946 0.461538
vt 0.945946 0.538462
vt 0.945946 0.615385
vt 0.945946 0.692308
vt 0.945946 0.769231
vt 0.945946 0.846154
vt 0.945946 0.923077
vt 0.945946 1.000000
vt 0.959459 0.076923
vt 0.959459 0.000000
vt 0.959459 0.153846
vt 0.959459 0.230769
vt 0.959459 0.307692
vt 0.959459 0.384615
vt 0.959459 0.461538
vt 0.959459 0.538462
vt 0.959459 0.615385
vt 0.959459 0.692308
vt 0.959459 0.769231
vt 0.959459 0.846154
vt 0.959459 0.923077
vt 0.959459 1.000000
vt 0.972973 0.076923
vt 0.972973 0.000000
vt 0.972973 0.153846
vt 0.972973 0.230769
vt 0.972973 0.307692
vt 0.972973 0.384615
vt 0.972973 0.461538
vt 0.972973 0.538462
vt 0.972973 0.615385
vt 0.972973 0.692308
vt 0.972973 0.769231
vt 0.972973 0.846154
vt 0.972973 0.923077
vt 0.972973 1.000000
vt 0.986486 0.076923
vt 0.986486 0.000000
vt 0.986486 0.153846
vt 0.986486 0.230769
vt 0.986486 0.307692
vt 0.986486 0.384615
vt 0.986486 0.461538
vt 0.986486 0.538462
vt 0.986486 0.615385
vt 0.986486 0.692308
vt 0.986486 0.769231
vt 0.986486 0.846154
vt 0.986486 0.923077
vt 0.986486 1.000000
vt 0.040000 0.076923
vt 0.040000 0.000000
vt 0.040000 0.153846
vt 0.040000 0.230769
vt 0.040000 0.307692
vt 0.040000 0.384615
vt 0.040000 0.461538
vt 0.040000 0.538462
vt 0.040000 0.615385
vt 0.040000 0.692308
vt 0.040000 0.769231
vt 0.040000 0.846154
vt 0.040000 0.923077
vt 0.040000 1.000000
vt 0.080000 0.076923
vt 0.080000 0.000000
vt 0.080000 0.153846
vt 0.080000 0.230769
vt 0.080000 0.307692
vt 0.080000 0.384615
vt 0.080000 0.461538
vt 0.080000 0.538462
vt 0.080000 0.615385
vt 0.080000 0.692308
vt 0.080000 0.769231
vt 0.080000 0.846154
vt 0.080000 0.923077
vt 0.080000 1.000000
vt 0.120000 0.076923
vt 0.120000 0.000000
vt 0.120000 0.153846
vt 0.120000 0.230769
vt 0.120000 0.307692
vt 0.120000 0.384615
vt 0.120000 0.461538
vt 0.120000 0.538462
vt 0.120000 0.615385
vt 0.120000 0.692308
vt 0.120000 0.769231
vt 0.120000 0.846154
vt 0.120000 0.923077
vt 0.120000 1.000000
vt 0.160000 0.076923
vt 0.160000 0.000000
vt 0.160000 0.153846
vt 0.160000 0.230769
vt 0.160000 0.307692
vt 0.160000 0.384615
vt 0.160000 0.461538
vt 0.160000 0.538462
vt 0.160000 0.615385
vt 0.160000 0.692308
vt 0.160000 0.769231
vt 0.160000 0.846154
vt 0.160000 0.923077
vt 0.160000 1.000000
vt 0.200000 0.076923
vt 0.200000 0.000000
vt 0.200000 0.153846
vt 0.200000 0.230769
vt 0.200000 0.307692
vt 0.200000 0.384615
vt 0.200000 0.461538
vt 0.200000 0.538462
vt 0.200000 0.615385
vt 0.200000 0.692308
vt 0.200000 0.769231
vt 0.200000 0.846154
vt 0.200000 0.923077
vt 0.200000 1.000000
vt 0.240000 0.076923
vt 0.240000 0.000000
vt 0.240000 0.153846
vt 0.240000 0.230769
vt 0.240000 0.307692
vt 0.240000 0.384615
vt 0.240000 0.461538
vt 0.240000 0.538462
vt 0.240000 0.615385
vt 0.240000 0.692308
vt 0.240000 0.769231
vt 0.240000 0.846154
vt 0.240000 0.923077
vt 0.240000 1.000000
vt 0.280000 0.076923
vt 0.280000 0.000000
vt 0.280000 0.153846
vt 0.280000 0.230769
vt 0.280000 0.307692
vt 0.280000 0.384615
vt 0.280000 0.461538
vt 0.280000 0.538462
vt 0.280000 0.615385
vt 0.280000 0.692308
vt 0.280000 0.769231
vt 0.280000 0.846154
vt 0.280000 0.923077
vt 0.280000 1.000000
vt 0.320000 0.076923
vt 0.320000 0.000000
vt 0.320000 0.153846
vt 0.320000 0.230769
vt 0.320000 0.307692
vt 0.320000 0.384615
vt 0.320000 0.461538
vt 0.320000 0.538462
vt 0.320000 0.615385
vt 0.320000 0.692308
vt 0.320000 0.769231
vt 0.320000 0.846154
vt 0.320000 0.923077
vt 0.320000 1.000000
vt 0.360000 0.076923
vt 0.360000 0.000000
vt 0.360000 0.153846
vt 0.360000 0.230769
vt 0.360000 0.307692
vt 0.360000 0.384615
vt 0.360000 0.461538
vt 0.360000 0.538462
vt 0.360000 0.615385
vt 0.360000 0.692308
vt 0.360000 0.769231
vt 0.360000 0.846154
vt 0.360000 0.923077
vt 0.360000 1.000000
vt 0.400000 0.076923
vt 0.400000 0.000000
vt 0.400000 0.153846
vt 0.400000 0.230769
vt 0.400000 0.307692
vt 0.400000 0.384615
vt 0.400000 0.461538
vt 0.400000 0.538462
vt 0.400000 0.615385
vt 0.400000 0.692308
vt 0.400000 0.769231
vt 0.400000 0.846154
vt 0.400000 0.923077
vt 0.400000 1.000000
vt 0.440000 0.076923
vt 0.440000 0.000000
vt 0.440000 0.153846
vt 0.440000 0.230769
vt 0.440000 0.307692
vt 0.440000 0.384615
vt 0.440000 0.461538
vt 0.440000 0.538462
vt 0.440000 0.615385
vt 0.440000 0.692308
vt 0.440000 0.769231
vt 0.440000 0.846154
vt 0.440000 0.923077
vt 0.440000 1.000000
vt 0.480000 0.076923
vt 0.480000 0.000000
vt 0.480000 0.153846
vt 0.480000 0.230769
vt 0.480000 0.307692
vt 0.480000 0.384615
vt 0.480000 0.461538
vt 0.480000 0.538462
vt 0.480000 0.615385
vt 0.480000 0.692308
vt 0.480000 0.769231
vt 0.480000 0.846154
vt 0.480000 0.923077
vt 0.480000 1.000000
vt 0.520000 0.076923
vt 0.520000 0.000000
vt 0.520000 0.153846
vt 0.520000 0.230769
vt 0.520000 0.307692
vt 0.520000 0.384615
vt 0.520000 0.461538
vt 0.520000 0.538462
vt 0.520000 0.615385
vt 0.520000 0.692308
vt 0.520000 0.769231
vt 0.520000 0.846154
vt 0.520000 0.923077
vt 0.520000 1.000000
vt 0.560000 0.076923
vt 0.560000 0.000000
vt 0.560000 0.153846
vt 0.560000 0.230769
vt 0.560000 0.307692
vt 0.560000 0.384615
vt 0.560000 0.461538
vt 0.560000 0.538462
vt 0.560000 0.615385
vt 0.560000 0.692308
vt 0.560000 0.769231
vt 0.560000 0.846154
vt 0.560000 0.923077
vt 0.560000 1.000000
vt 0.600000 0.076923
vt 0.600000 0.000000
vt 0.600000 0.153846
vt 0.600000 0.230769
vt 0.600000 0.307692
vt 0.600000 0.384615
vt 0.600000 0.461538
vt 0.600000 0.538462
vt 0.600000 0.615385
vt 0.600000 0.692308
vt 0.600000 0.769231
vt 0.600000 0.846154
vt 0.600000 0.923077
vt 0.600000 1.000000
vt 0.640000 0.076923
vt 0.640000 0.000000
vt 0.640000 0.153846
vt 0.640000 0.230769
vt 0.640000 0.307692
vt 0.640000 0.384615
vt 0.640000 0.461538
vt 0.640000 0.538462
vt 0.640000 0.615385
vt 0.640000 0.692308
vt 0.640000 0.769231
vt 0.640000 0.846154
vt 0.640000 0.923077
vt 0.640000 1.000000
vt 0.680000 0.076923
vt 0.680000 0.000000
vt 0.680000 0.153846
vt 0.680000 0.230769
vt 0.680000 0.307692
vt 0.680000 0.384615
vt 0.680000 0.461538
vt 0.680000 0.538462
vt 0.680000 0.615385
vt 0.680000 0.692308
vt 0.680000 0.769231
vt 0.680000 0.846154
vt 0.680000 0.923077
vt 0.680000 1.000000
vt 0.720000 0.076923
vt 0.720000 0.000000
vt 0.720000 0.153846
vt 0.720000 0.230769
vt 0.720000 0.307692
vt 0.720000 0.384615
vt 0.720000 0.461538
vt 0.720000 0.538462
vt 0.720000 0.615385
vt 0.720000 0.692308
vt 0.720000 0.769231
vt 0.720000 0.846154
vt 0.720000 0.923077
vt 0.720000 1.000000
vt 0.760000 0.076923
vt 0.760000 0.000000
vt 0.760000 0.153846
vt 0.760000 0.230769
vt 0.760000 0.307692
vt 0.760000 0.384615
vt 0.760000 0.461538
vt 0.760000 0.538462
vt 0.760000 0.615385
vt 0.760000 0.692308
vt 0.760000 0.769231
vt 0.760000 0.846154
vt 0.760000 0.923077
vt 0.760000 1.000000
vt 0.800000 0.076923
vt 0.800000 0.000000
vt 0.800000 0.153846
vt 0.800000 0.230769
vt 0.800000 0.307692
vt 0.800000 0.384615
vt 0.800000 0.461538
vt 0.800000 0.538462
vt 0.800000 0.615385
vt 0.800000 0.692308
vt 0.800000 0.769231
vt 0.800000 0.846154
vt 0.800000 0.923077
vt 0.800000 1.000000
vt 0.840000 0.076923
vt 0.840000 0.000000
vt 0.840000 0.153846
vt 0.840000 0.230769
vt 0.840000 0.307692
vt 0.840000 0.384615
vt 0.840000 0.461538
vt 0.840000 0.538462
vt 0.840000 0.615385
vt 0.840000 0.692308
vt 0.840000 0.769231
vt 0.840000 0.846154
vt 0.840000 0.923077
vt 0.840000 1.000000
vt 0.880000 0.076923
vt 0.880000 0.000000
vt 0.880000 0.153846
vt 0.880000 0.230769
vt 0.880000 0.307692
vt 0.880000 0.384615
vt 0.880000 0.461538
vt 0.880000 0.538462
vt 0.880000 0.615385
vt 0.880000 0.692308
vt 0.880000 0.769231
vt 0.880000 0.846154
vt 0.880000 0.923077
vt 0.880000 1.000000
vt 0.920000 0.076923
vt 0.920000 0.000000
vt 0.920000 0.153846
vt 0.920000 0.230769
vt 0.920000 0.307692
vt 0.920000 0.384615
vt 0.920000 0.461538
vt 0.920000 0.538462
vt 0.920000 0.615385
vt 0.920000 0.692308
vt 0.920000 0.769231
vt 0.920000 0.846154
vt 0.920000 0.923077
vt 0.920000 1.000000
vt 0.960000 0.076923
vt 0.960000 0.000000
vt 0.960000 0.153846
vt 0.960000 0.230769
vt 0.960000 0.307692
vt 0.960000 0.384615
vt 0.960000 0.461538
vt 0.960000 0.538462
vt 0.960000 0.615385
vt 0.960000 0.692308
vt 0.960000 0.769231
vt 0.960000 0.846154
vt 0.960000 0.923077
vt 0.960000 1.000000
vt 0.007463 0.076923
vt 0.007463 0.000000
vt 0.007463 0.153846
vt 0.007463 0.230769
vt 0.007463 0.307692
vt 0.007463 0.384615
vt 0.007463 0.461538
vt 0.007463 0.538462
vt 0.007463 0.615385
vt 0.007463 0.692308
vt 0.007463 0.769231
vt 0.007463 0.846154
vt 0.007463 0.923077
vt 0.007463 1.000000
vt 0.014925 0.076923
vt 0.014925 0.000000
vt 0.014925 0.153846
vt 0.014925 0.230769
vt 0.014925 0.307692
vt 0.014925 0.384615
vt 0.014925 0.461538
vt 0.014925 0.538462
vt 0.014925 0.615385
vt 0.014925 0.692308
vt 0.014925 0.769231
vt 0.014925 0.846154
vt 0.014925 0.923077
vt 0.014925 1.000000
vt 0.022388 0.076923
vt 0.022388 0.000000
vt 0.022388 0.153846
vt 0.022388 0.230769
vt 0.022388 0.307692
vt 0.022388 0.384615
vt 0.022388 0.461538
vt 0.022388 0.538462
vt 0.022388 0.615385
vt 0.022388 0.692308
vt 0.022388 0.769231
vt 0.022388 0.846154
vt 0.022388 0.923077
vt 0.022388 1.000000
vt 0.029851 0.076923
vt 0.029851 0.000000
vt 0.029851 0.153846
vt 0.029851 0.230769
vt 0.029851 0.307692
vt 0.029851 0.384615
vt 0.029851 0.461538
vt 0.029851 0.538462
vt 0.029851 0.615385
vt 0.029851 0.692308
vt 0.029851 0.769231
vt 0.029851 0.846154
vt 0.029851 0.923077
vt 0.029851 1.000000
vt 0.037313 0.076923
vt 0.037313 0.000000
vt 0.037313 0.153846
vt 0.037313 0.230769
vt 0.037313 0.307692
vt 0.037313 0.384615
vt 0.037313 0.461538
vt 0.037313 0.538462
vt 0.037313 0.615385
vt 0.037313 0.692308
vt 0.037313 0.769231
vt 0.037313 0.846154
vt 0.037313 0.923077
vt 0.037313 1.000000
vt 0.044776 0.076923
vt 0.044776 0.000000
vt 0.044776 0.153846
vt 0.044776 0.230769
vt 0.044776 0.307692
vt 0.044776 0.384615
vt 0.044776 0.461538
vt 0.044776 0.538462
vt 0.044776 0.615385
vt 0.044776 0.692308
vt 0.044776 0.769231
vt 0.044776 0.846154
vt 0.044776 0.923077
vt 0.044776 1.000000
vt 0.052239 0.076923
vt 0.052239 0.000000
vt 0.052239 0.153846
vt 0.052239 0.230769
vt 0.052239 0.307692
vt 0.052239 0.384615
vt 0.052239 0.461538
vt 0.052239 0.538462
vt 0.052239 0.615385
vt 0.052239 0.692308
vt 0.052239 0.769231
vt 0.052239 0.846154
vt 0.052239 0.923077
vt 0.052239 1.000000
vt 0.059701 0.076923
vt 0.059701 0.000000
vt 0.059701 0.153846
vt 0.059701 0.230769
vt 0.059701 0.307692
vt 0.059701 0.384615
vt 0.059701 0.461538
vt 0.059701 0.538462
vt 0.059701 0.615385
vt 0.059701 0.692308
vt 0.059701 0.769231
vt 0.059701 0.846154
vt 0.059701 0.923077
vt 0.059701 1.000000
vt 0.067164 0.076923
vt 0.067164 0.000000
vt 0.067164 0.153846
vt 0.067164 0.230769
vt 0.067164 0.307692
vt 0.067164 0.384615
vt 0.067164 0.461538
vt 0.067164 0.538462
vt 0.067164 0.615385
vt 0.067164 0.692308
vt 0.067164 0.769231
vt 0.067164 0.846154
vt 0.067164 0.923077
vt 0.067164 1.000000
vt 0.074627 0.076923
vt 0.074627 0.000000
vt 0.074627 0.153846
vt 0.074627 0.230769
vt 0.074627 0.307692
vt 0.074627 0.384615
vt 0.074627 0.461538
vt 0.074627 0.538462
vt 0.074627 0.615385
vt 0.074627 0.692308
vt 0.074627 0.769231
vt 0.074627 0.846154
vt 0.074627 0.923077
vt 0.074627 1.000000
vt 0.082090 0.076923
vt 0.082090 0.000000
vt 0.082090 0.153846
vt 0.082090 0.230769
vt 0.082090 0.307692
vt 0.082090 0.384615
vt 0.082090 0.461538
vt 0.082090 0.538462
vt 0.082090 0.615385
vt 0.082090 0.692308
vt 0.082090 0.769231
vt 0.082090 0.846154
vt 0.082090 0.923077
vt 0.082090 1.000000
vt 0.089552 0.076923
vt 0.089552 0.000000
vt 0.089552 0.153846
vt 0.089552 0.230769
vt 0.089552 0.307692
vt 0.089552 0.384615
vt 0.089552 0.461538
vt 0.089552 0.538462
vt 0.089552 0.615385
vt 0.089552 0.692308
vt 0.089552 0.769231
vt 0.089552 0.846154
vt 0.089552 0.923077
vt 0.089552 1.000000
vt 0.097015 0.076923
vt 0.097015 0.000000
vt 0.097015 0.153846
vt 0.097015 0.230769
vt 0.097015 0.307692
vt 0.097015 0.384615
vt 0.097015 0.461538
vt 0.097015 0.538462
vt 0.097015 0.615385
vt 0.097015 0.692308
vt 0.097015 0.769231
vt 0.097015 0.846154
vt 0.097015 0.923077
vt 0.097015 1.000000
vt 0.104478 0.076923
vt 0.104478 0.000000
vt 0.104478 0.153846
vt 0.104478 0.230769
vt 0.104478 0.307692
vt 0.104478 0.384615
vt 0.104478 0.461538
vt 0.104478 0.538462
vt 0.104478 0.615385
vt 0.104478 0.692308
vt 0.104478 0.769231
vt 0.104478 0.846154
vt 0.104478 0.923077
vt 0.104478 1.000000
vt 0.111940 0.076923
vt 0.111940 0.000000
vt 0.111940 0.153846
vt 0.111940 0.230769
vt 0.111940 0.307692
vt 0.111940 0.384615
vt 0.111940 0.461538
vt 0.111940 0.538462
vt 0.111940 0.615385
vt 0.111940 0.692308
vt 0.111940 0.769231
vt 0.111940 0.846154
vt 0.111940 0.923077
vt 0.111940 1.000000
vt 0.119403 0.076923
vt 0.119403 0.000000
vt 0.119403 0.153846
vt 0.119403 0.230769
vt 0.119403 0.307692
vt 0.119403 0.384615
vt 0.119403 0.461538
vt 0.119403 0.538462
vt 0.119403 0.615385
vt 0.119403 0.692308
vt 0.119403 0.769231
vt 0.119403 0.846154
vt 0.119403 0.923077
vt 0.119403 1.000000
vt 0.126866 0.076923
vt 0.126866 0.000000
vt 0.126866 0.153846
vt 0.126866 0.230769
vt 0.126866 0.307692
vt 0.126866 0.384615
vt 0.126866 0.461538
vt 0.126866 0.538462
vt 0.126866 0.615385
vt 0.126866 0.692308
vt 0.126866 0.769231
vt 0.126866 0.846154
vt 0.126866 0.923077
vt 0.126866 1.000000
vt 0.134328 0.076923
vt 0.134328 0.000000
vt 0.134328 0.153846
vt 0.134328 0.230769
vt 0.134328 0.307692
vt 0.134328 0.384615
vt 0.134328 0.461538
vt 0.134328 0.538462
vt 0.134328 0.615385
vt 0.134328 0.692308
vt 0.134328 0.769231
vt 0.134328 0.846154
vt 0.134328 0.923077
vt 0.134328 1.000000
vt 0.141791 0.076923
vt 0.141791 0.000000
vt 0.141791 0.153846
vt 0.141791 0.230769
vt 0.141791 0.307692
vt 0.141791 0.384615
vt 0.141791 0.461538
vt 0.141791 0.538462
vt 0.141791 0.615385
vt 0.141791 0.692308
vt 0.141791 0.769231
vt 0.141791 0.846154
vt 0.141791 0.923077
vt 0.141791 1.000000
vt 0.149254 0.076923
vt 0.149254 0.000000
vt 0.149254 0.153846
vt 0.149254 0.230769
vt 0.149254 0.307692
vt 0.149254 0.384615
vt 0.149254 0.461538
vt 0.149254 0.538462
vt 0.149254 0.615385
vt 0.149254 0.692308
vt 0.149254 0.769231
vt 0.149254 0.846154
vt 0.149254 0.923077
vt 0.149254 1.000000
vt 0.156716 0.076923
vt 0.156716 0.000000
vt 0.156716 0.153846
vt 0.156716 0.230769
vt 0.156716 0.307692
vt 0.156716 0.384615
vt 0.156716 0.461538
vt 0.156716 0.538462
vt 0.156716 0.615385
vt 0.156716 0.692308
vt 0.156716 0.769231
vt 0.156716 0.846154
vt 0.156716 0.923077
vt 0.156716 1.000000
vt 0.164179 0.076923
vt 0.164179 0.000000
vt 0.164179 0.153846
vt 0.164179 0.230769
vt 0.164179 0.307692
vt 0.164179 0.384615
vt 0.164179 0.461538
vt 0.164179 0.538462
vt 0.164179 0.615385
vt 0.164179 0.692308
vt 0.164179 0.769231
vt 0.164179 0.846154
vt 0.164179 0.923077
vt 0.164179 1.000000
vt 0.171642 0.076923
vt 0.171642 0.000000
vt 0.171642 0.153846
vt 0.171642 0.230769
vt 0.171642 0.307692
vt 0.171642 0.384615
vt 0.171642 0.461538
vt 0.171642 0.538462
vt 0.171642 0.615385
vt 0.171642 0.692308
vt 0.171642 0.769231
vt 0.171642 0.846154
vt 0.171642 0.923077
vt 0.171642 1.000000
vt 0.179104 0.076923
vt 0.179104 0.000000
vt 0.179104 0.153846
vt 0.179104 0.230769
vt 0.179104 0.307692
vt 0.179104 0.384615
vt 0.179104 0.461538
vt 0.179104 0.538462
vt 0.179104 0.615385
vt 0.179104 0.692308
vt 0.179104 0.769231
vt 0.179104 0.846154
vt 0.179104 0.923077
vt 0.179104 1.000000
vt 0.186567 0.076923
vt 0.186567 0.000000
vt 0.186567 0.153846
vt 0.186567 0.230769
vt 0.186567 0.307692
vt 0.186567 0.384615
vt 0.186567 0.461538
vt 0.186567 0.538462
vt 0.186567 0.615385
vt 0.186567 0.692308
vt 0.186567 0.769231
vt 0.186567 0.846154
vt 0.186567 0.923077
vt 0.186567 1.000000
vt 0.194030 0.076923
vt 0.194030 0.000000
vt 0.194030 0.153846
vt 0.194030 0.230769
vt 0.194030 0.307692
vt 0.194030 0.384615
vt 0.194030 0.461538
vt 0.194030 0.538462
vt 0.194030 0.615385
vt 0.194030 0.692308
vt 0.194030 0.769231
vt 0.194030 0.846154
vt 0.194030 0.923077
vt 0.194030 1.000000
vt 0.201493 0.076923
vt 0.201493 0.000000
vt 0.201493 0.153846
vt 0.201493 0.230769
vt 0.201493 0.307692
vt 0.201493 0.384615
vt 0.201493 0.461538
vt 0.201493 0.538462
vt 0.201493 0.615385
vt 0.201493 0.692308
vt 0.201493 0.769231
vt 0.201493 0.846154
vt 0.201493 0.923077
vt 0.201493 1.000000
vt 0.208955 0.076923
vt 0.208955 0.000000
vt 0.208955 0.153846
vt 0.208955 0.230769
vt 0.208955 0.307692
vt 0.208955 0.384615
vt 0.208955 0.461538
vt 0.208955 0.538462
vt 0.208955 0.615385
vt 0.208955 0.692308
vt 0.208955 0.769231
vt 0.208955 0.846154
vt 0.208955 0.923077
vt 0.208955 1.000000
vt 0.216418 0.076923
vt 0.216418 0.000000
vt 0.216418 0.153846
vt 0.216418 0.230769
vt 0.216418 0.307692
vt 0.216418 0.384615
vt 0.216418 0.461538
vt 0.216418 0.538462
vt 0.216418 0.615385
vt 0.216418 0.692308
vt 0.216418 0.769231
vt 0.216418 0.846154
vt 0.216418 0.923077
vt 0.216418 1.000000
vt 0.223881 0.076923
vt 0.223881 0.000000
vt 0.223881 0.153846
vt 0.223881 0.230769
vt 0.223881 0.307692
vt 0.223881 0.384615
vt 0.223881 0.461538
vt 0.223881 0.538462
vt 0.223881 0.615385
vt 0.223881 0.692308
vt 0.223881 0.769231
vt 0.223881 0.846154
vt 0.223881 0.923077
vt 0.223881 1.000000
vt 0.231343 0.076923
vt 0.231343 0.000000
vt 0.231343 0.153846
vt 0.231343 0.230769
vt 0.231343 0.307692
vt 0.231343 0.384615
vt 0.231343 0.461538
vt 0.231343 0.538462
vt 0.231343 0.615385
vt 0.231343 0.692308
vt 0.231343 0.769231
vt 0.231343 0.846154
vt 0.231343 0.923077
vt 0.231343 1.000000
vt 0.238806 0.076923
vt 0.238806 0.000000
vt 0.238806 0.153846
vt 0.238806 0.230769
vt 0.238806 0.307692
vt 0.238806 0.384615
vt 0.238806 0.461538
vt 0.238806 0.538462
vt 0.238806 0.615385
vt 0.238806 0.692308
vt 0.238806 0.769231
vt 0.238806 0.846154
vt 0.238806 0.923077
vt 0.238806 1.000000
vt 0.246269 0.076923
vt 0.246269 0.000000
vt 0.246269 0.153846
vt 0.246269 0.230769
vt 0.246269 0.307692
vt 0.246269 0.384615
vt 0.246269 0.461538
vt 0.246269 0.538462
vt 0.246269 0.615385
vt 0.246269 0.692308
vt 0.246269 0.769231
vt 0.246269 0.846154
vt 0.246269 0.923077
vt 0.246269 1.000000
vt 0.253731 0.076923
vt 0.253731 0.000000
vt 0.253731 0.153846
vt 0.253731 0.230769
vt 0.253731 0.307692
vt 0.253731 0.384615
vt 0.253731 0.461538
vt 0.253731 0.538462
vt 0.253731 0.615385
vt 0.253731 0.692308
vt 0.253731 0.769231
vt 0.253731 0.846154
vt 0.253731 0.923077
vt 0.253731 1.000000
vt 0.261194 0.076923
vt 0.261194 0.000000
vt 0.261194 0.153846
vt 0.261194 0.230769
vt 0.261194 0.307692
vt 0.261194 0.384615
vt 0.261194 0.461538
vt 0.261194 0.538462
vt 0.261194 0.615385
vt 0.261194 0.692308
vt 0.261194 0.769231
vt 0.261194 0.846154
vt 0.261194 0.923077
vt 0.261194 1.000000
vt 0.268657 0.076923
vt 0.268657 0.000000
vt 0.268657 0.153846
vt 0.268657 0.230769
vt 0.268657 0.307692
vt 0.268657 0.384615
vt 0.268657 0.461538
vt 0.268657 0.538462
vt 0.268657 0.615385
vt 0.268657 0.692308
vt 0.268657 0.769231
vt 0.268657 0.846154
vt 0.268657 0.923077
vt 0.268657 1.000000
vt 0.276119 0.076923
vt 0.276119 0.000000
vt 0.276119 0.153846
vt 0.276119 0.230769
vt 0.276119 0.307692
vt 0.276119 0.384615
vt 0.276119 0.461538
vt 0.276119 0.538462
vt 0.276119 0.615385
vt 0.276119 0.692308
vt 0.276119 0.769231
vt 0.276119 0.846154
vt 0.276119 0.923077
vt 0.276119 1.000000
vt 0.283582 0.076923
vt 0.283582 0.000000
vt 0.283582 0.153846
vt 0.283582 0.230769
vt 0.283582 0.307692
vt 0.283582 0.384615
vt 0.283582 0.461538
vt 0.283582 0.538462
vt 0.283582 0.615385
vt 0.283582 0.692308
vt 0.283582 0.769231
vt 0.283582 0.846154
vt 0.283582 0.923077
vt 0.283582 1.000000
vt 0.291045 0.076923
vt 0.291045 0.000000
vt 0.291045 0.153846
vt 0.291045 0.230769
vt 0.291045 0.307692
vt 0.291045 0.384615
vt 0.291045 0.461538
vt 0.291045 0.538462
vt 0.291045 0.615385
vt 0.291045 0.692308
vt 0.291045 0.769231
vt 0.291045 0.846154
vt 0.291045 0.923077
vt 0.291045 1.000000
vt 0.298507 0.076923
vt 0.298507 0.000000
vt 0.298507 0.153846
vt 0.298507 0.230769
vt 0.298507 0.307692
vt 0.298507 0.384615
vt 0.298507 0.461538
vt 0.298507 0.538462
vt 0.298507 0.615385
vt 0.298507 0.692308
vt 0.298507 0.769231
vt 0.298507 0.846154
vt 0.298507 0.923077
vt 0.298507 1.000000
vt 0.305970 0.076923
vt 0.305970 0.000000
vt 0.305970 0.153846
vt 0.305970 0.230769
vt 0.305970 0.307692
vt 0.305970 0.384615
vt 0.305970 0.461538
vt 0.305970 0.538462
vt 0.305970 0.615385
vt 0.305970 0.692308
vt 0.305970 0.769231
vt 0.305970 0.846154
vt 0.305970 0.923077
vt 0.305970 1.000000
vt 0.313433 0.076923
vt 0.313433 0.000000
vt 0.313433 0.153846
vt 0.313433 0.230769
vt 0.313433 0.307692
vt 0.313433 0.384615
vt 0.313433 0.461538
vt 0.313433 0.538462
vt 0.313433 0.615385
vt 0.313433 0.692308
vt 0.313433 0.769231
vt 0.313433 0.846154
vt 0.313433 0.923077
vt 0.313433 1.000000
vt 0.320896 0.076923
vt 0.320896 0.000000
vt 0.320896 0.153846
vt 0.320896 0.230769
vt 0.320896 0.307692
vt 0.320896 0.384615
vt 0.320896 0.461538
vt 0.320896 0.538462
vt 0.320896 0.615385
vt 0.320896 0.692308
vt 0.320896 0.769231
vt 0.320896 0.846154
vt 0.320896 0.923077
vt 0.320896 1.000000
vt 0.328358 0.076923
vt 0.328358 0.000000
vt 0.328358 0.153846
vt 0.328358 0.230769
vt 0.328358 0.307692
vt 0.328358 0.384615
vt 0.328358 0.461538
vt 0.328358 0.538462
vt 0.328358 0.615385
vt 0.328358 0.692308
vt 0.328358 0.769231
vt 0.328358 0.846154
vt 0.328358 0.923077
vt 0.328358 1.000000
vt 0.335821 0.076923
vt 0.335821 0.000000
vt 0.335821 0.153846
vt 0.335821 0.230769
vt 0.335821 0.307692
vt 0.335821 0.384615
vt 0.335821 0.461538
vt 0.335821 0.538462
vt 0.335821 0.615385
vt 0.335821 0.692308
vt 0.335821 0.769231
vt 0.335821 0.846154
vt 0.335821 0.923077
vt 0.335821 1.000000
vt 0.343284 0.076923
vt 0.343284 0.000000
vt 0.343284 0.153846
vt 0.343284 0.230769
vt 0.343284 0.307692
vt 0.343284 0.384615
vt 0.343284 0.461538
vt 0.343284 0.538462
vt 0.343284 0.615385
vt 0.343284 0.692308
vt 0.343284 0.769231
vt 0.343284 0.846154
vt 0.343284 0.923077
vt 0.343284 1.000000
vt 0.350746 0.076923
vt 0.350746 0.000000
vt 0.350746 0.153846
vt 0.350746 0.230769
vt 0.350746 0.307692
vt 0.350746 0.384615
vt 0.350746 0.461538
vt 0.350746 0.538462
vt 0.350746 0.615385
vt 0.350746 0.692308
vt 0.350746 0.769231
vt 0.350746 0.846154
vt 0.350746 0.923077
vt 0.350746 1.000000
vt 0.358209 0.076923
vt 0.358209 0.000000
vt 0.358209 0.153846
vt 0.358209 0.230769
vt 0.358209 0.307692
vt 0.358209 0.384615
vt 0.358209 0.461538
vt 0.358209 0.538462
vt 0.358209 0.615385
vt 0.358209 0.692308
vt 0.358209 0.769231
vt 0.358209 0.846154
vt 0.358209 0.923077
vt 0.358209 1.000000
vt 0.365672 0.076923
vt 0.365672 0.000000
vt 0.365672 0.153846
vt 0.365672 0.230769
vt 0.365672 0.307692
vt 0.365672 0.384615
vt 0.365672 0.461538
vt 0.365672 0.538462
vt 0.365672 0.615385
vt 0.365672 0.692308
vt 0.365672 0.769231
vt 0.365672 0.846154
vt 0.365672 0.923077
vt 0.365672 1.000000
vt 0.373134 0.076923
vt 0.373134 0.000000
vt 0.373134 0.153846
vt 0.373134 0.230769
vt 0.373134 0.307692
vt 0.373134 0.384615
vt 0.373134 0.461538
vt 0.373134 0.538462
vt 0.373134 0.615385
vt 0.373134 0.692308
vt 0.373134 0.769231
vt 0.373134 0.846154
vt 0.373134 0.923077
vt 0.373134 1.000000
vt 0.380597 0.076923
vt 0.380597 0.000000
vt 0.380597 0.153846
vt 0.380597 0.230769
vt 0.380597 0.307692
vt 0.380597 0.384615
vt 0.380597 0.461538
vt 0.380597 0.538462
vt 0.380597 0.615385
vt 0.380597 0.692308
vt 0.380597 0.769231
vt 0.380597 0.846154
vt 0.380597 0.923077
vt 0.380597 1.000000
vt 0.388060 0.076923
vt 0.388060 0.000000
vt 0.388060 0.153846
vt 0.388060 0.230769
vt 0.388060 0.307692
vt 0.388060 0.384615
vt 0.388060 0.461538
vt 0.388060 0.538462
vt 0.388060 0.615385
vt 0.388060 0.692308
vt 0.388060 0.769231
vt 0.388060 0.846154
vt 0.388060 0.923077
vt 0.388060 1.000000
vt 0.395522 0.076923
vt 0.395522 0.000000
vt 0.395522 0.153846
vt 0.395522 0.230769
vt 0.395522 0.307692
vt 0.395522 0.384615
vt 0.395522 0.461538
vt 0.395522 0.538462
vt 0.395522 0.615385
vt 0.395522 0.692308
vt 0.395522 0.769231
vt 0.395522 0.846154
vt 0.395522 0.923077
vt 0.395522 1.000000
vt 0.402985 0.076923
vt 0.402985 0.000000
vt 0.402985 0.153846
vt 0.402985 0.230769
vt 0.402985 0.307692
vt 0.402985 0.384615
vt 0.402985 0.461538
vt 0.402985 0.538462
vt 0.402985 0.615385
vt 0.402985 0.692308
vt 0.402985 0.769231
vt 0.402985 0.846154
vt 0.402985 0.923077
vt 0.402985 1.000000
vt 0.410448 0.076923
vt 0.410448 0.000000
vt 0.410448 0.153846
vt 0.410448 0.230769
vt 0.410448 0.307692
vt 0.410448 0.384615
vt 0.410448 0.461538
vt 0.410448 0.538462
vt 0.410448 0.615385
vt 0.410448 0.692308
vt 0.410448 0.769231
vt 0.410448 0.846154
vt 0.410448 0.923077
vt 0.410448 1.000000
vt 0.417910 0.076923
vt 0.417910 0.000000
vt 0.417910 0.153846
vt 0.417910 0.230769
vt 0.417910 0.307692
vt 0.417910 0.384615
vt 0.417910 0.461538
vt 0.417910 0.538462
vt 0.417910 0.615385
vt 0.417910 0.692308
vt 0.417910 0.769231
vt 0.417910 0.846154
vt 0.417910 0.923077
vt 0.417910 1.000000
vt 0.425373 0.076923
vt 0.425373 0.000000
vt 0.425373 0.153846
vt 0.425373 0.230769
vt 0.425373 0.307692
vt 0.425373 0.384615
vt 0.425373 0.461538
vt 0.425373 0.538462
vt 0.425373 0.615385
vt 0.425373 0.692308
vt 0.425373 0.769231
vt 0.425373 0.846154
vt 0.425373 0.923077
vt 0.425373 1.000000
vt 0.432836 0.076923
vt 0.432836 0.000000
vt 0.432836 0.153846
vt 0.432836 0.230769
vt 0.432836 0.307692
vt 0.432836 0.384615
vt 0.432836 0.461538
vt 0.432836 0.538462
vt 0.432836 0.615385
vt 0.432836 0.692308
vt 0.432836 0.769231
vt 0.432836 0.846154
vt 0.432836 0.923077
vt 0.432836 1.000000
vt 0.440298 0.076923
vt 0.440298 0.000000
vt 0.440298 0.153846
vt 0.440298 0.230769
vt 0.440298 0.307692
vt 0.440298 0.384615
vt 0.440298 0.461538
vt 0.440298 0.538462
vt 0.440298 0.615385
vt 0.440298 0.692308
vt 0.440298 0.769231
vt 0.440298 0.846154
vt 0.440298 0.923077
vt 0.440298 1.000000
vt 0.447761 0.076923
vt 0.447761 0.000000
vt 0.447761 0.153846
vt 0.447761 0.230769
vt 0.447761 0.307692
vt 0.447761 0.384615
vt 0.447761 0.461538
vt 0.447761 0.538462
vt 0.447761 0.615385
vt 0.447761 0.692308
vt 0.447761 0.769231
vt 0.447761 0.846154
vt 0.447761 0.923077
vt 0.447761 1.000000
vt 0.455224 0.076923
vt 0.455224 0.000000
vt 0.455224 0.153846
vt 0.455224 0.230769
vt 0.455224 0.307692
vt 0.455224 0.384615
vt 0.455224 0.461538
vt 0.455224 0.538462
vt 0.455224 0.615385
vt 0.455224 0.692308
vt 0.455224 0.769231
vt 0.455224 0.846154
vt 0.455224 0.923077
vt 0.455224 1.000000
vt 0.462687 0.076923
vt 0.462687 0.000000
vt 0.462687 0.153846
vt 0.462687 0.230769
vt 0.462687 0.307692
vt 0.462687 0.384615
vt 0.462687 0.461538
vt 0.462687 0.538462
vt 0.462687 0.615385
vt 0.462687 0.692308
vt 0.462687 0.769231
vt 0.462687 0.846154
vt 0.462687 0.923077
vt 0.462687 1.000000
vt 0.470149 0.076923
vt 0.470149 0.000000
vt 0.470149 0.153846
vt 0.470149 0.230769
vt 0.470149 0.307692
vt 0.470149 0.384615
vt 0.470149 0.461538
vt 0.470149 0.538462
vt 0.470149 0.615385
vt 0.470149 0.692308
vt 0.470149 0.769231
vt 0.470149 0.846154
vt 0.470149 0.923077
vt 0.470149 1.000000
vt 0.477612 0.076923
vt 0.477612 0.000000
vt 0.477612 0.153846
vt 0.477612 0.230769
vt 0.477612 0.307692
vt 0.477612 0.384615
vt 0.477612 0.461538
vt 0.477612 0.538462
vt 0.477612 0.615385
vt 0.477612 0.692308
vt 0.477612 0.769231
vt 0.477612 0.846154
vt 0.477612 0.923077
vt 0.477612 1.000000
vt 0.485075 0.076923
vt 0.485075 0.000000
vt 0.485075 0.153846
vt 0.485075 0.230769
vt 0.485075 0.307692
vt 0.485075 0.384615
vt 0.485075 0.461538
vt 0.485075 0.538462
vt 0.485075 0.615385
vt 0.485075 0.692308
vt 0.485075 0.769231
vt 0.485075 0.846154
vt 0.485075 0.923077
vt 0.485075 1.000000
vt 0.492537 0.076923
vt 0.492537 0.000000
vt 0.492537 0.153846
vt 0.492537 0.230769
vt 0.492537 0.307692
vt 0.492537 0.384615
vt 0.492537 0.461538
vt 0.492537 0.538462
vt 0.492537 0.615385
vt 0.492537 0.692308
vt 0.492537 0.769231
vt 0.492537 0.846154
vt 0.492537 0.923077
vt 0.492537 1.000000
vt 0.507463 0.076923
vt 0.507463 0.000000
vt 0.507463 0.153846
vt 0.507463 0.230769
vt 0.507463 0.307692
vt 0.507463 0.384615
vt 0.507463 0.461538
vt 0.507463 0.538462
vt 0.507463 0.615385
vt 0.507463 0.692308
vt 0.507463 0.769231
vt 0.507463 0.846154
vt 0.507463 0.923077
vt 0.507463 1.000000
vt 0.514925 0.076923
vt 0.514925 0.000000
vt 0.514925 0.153846
vt 0.514925 0.230769
vt 0.514925 0.307692
vt 0.514925 0.384615
vt 0.514925 0.461538
vt 0.514925 0.538462
vt 0.514925 0.615385
vt 0.514925 0.692308
vt 0.514925 0.769231
vt 0.514925 0.846154
vt 0.514925 0.923077
vt 0.514925 1.000000
vt 0.522388 0.076923
vt 0.522388 0.000000
vt 0.522388 0.153846
vt 0.522388 0.230769
vt 0.522388 0.307692
vt 0.522388 0.384615
vt 0.522388 0.461538
vt 0.522388 0.538462
vt 0.522388 0.615385
vt 0.522388 0.692308
vt 0.522388 0.769231
vt 0.522388 0.846154
vt 0.522388 0.923077
vt 0.522388 1.000000
vt 0.529851 0.076923
vt 0.529851 0.000000
vt 0.529851 0.153846
vt 0.529851 0.230769
vt 0.529851 0.307692
vt 0.529851 0.384615
vt 0.529851 0.461538
vt 0.529851 0.538462
vt 0.529851 0.615385
vt 0.529851 0.692308
vt 0.529851 0.769231
vt 0.529851 0.846154
vt 0.529851 0.923077
vt 0.529851 1.000000
vt 0.537313 0.076923
vt 0.537313 0.000000
vt 0.537313 0.153846
vt 0.537313 0.230769
vt 0.537313 0.307692
vt 0.537313 0.384615
vt 0.537313 0.461538
vt 0.537313 0.538462
vt 0.537313 0.615385
vt 0.537313 0.692308
vt 0.537313 0.769231
vt 0.537313 0.846154
vt 0.537313 0.923077
vt 0.537313 1.000000
vt 0.544776 0.076923
vt 0.544776 0.000000
vt 0.544776 0.153846
vt 0.544776 0.230769
vt 0.544776 0.307692
vt 0.544776 0.384615
vt 0.544776 0.461538
vt 0.544776 0.538462
vt 0.544776 0.615385
vt 0.544776 0.692308
vt 0.544776 0.769231
vt 0.544776 0.846154
vt 0.544776 0.923077
vt 0.544776 1.000000
vt 0.552239 0.076923
vt 0.552239 0.000000
vt 0.552239 0.153846
vt 0.552239 0.230769
vt 0.552239 0.307692
vt 0.552239 0.384615
vt 0.552239 0.461538
vt 0.552239 0.538462
vt 0.552239 0.615385
vt 0.552239 0.692308
vt 0.552239 0.769231
vt 0.552239 0.846154
vt 0.552239 0.923077
vt 0.552239 1.000000
vt 0.559702 0.076923
vt 0.559702 0.000000
vt 0.559702 0.153846
vt 0.559702 0.230769
vt 0.559702 0.307692
vt 0.559702 0.384615
vt 0.559702 0.461538
vt 0.559702 0.538462
vt 0.559702 0.615385
vt 0.559702 0.692308
vt 0.559702 0.769231
vt 0.559702 0.846154
vt 0.559702 0.923077
vt 0.559702 1.000000
vt 0.567164 0.076923
vt 0.567164 0.000000
vt 0.567164 0.153846
vt 0.567164 0.230769
vt 0.567164 0.307692
vt 0.567164 0.384615
vt 0.567164 0.461538
vt 0.567164 0.538462
vt 0.567164 0.615385
vt 0.567164 0.692308
vt 0.567164 0.769231
vt 0.567164 0.846154
vt 0.567164 0.923077
vt 0.567164 1.000000
vt 0.574627 0.076923
vt 0.574627 0.000000
vt 0.574627 0.153846
vt 0.574627 0.230769
vt 0.574627 0.307692
vt 0.574627 0.384615
vt 0.574627 0.461538
vt 0.574627 0.538462
vt 0.574627 0.615385
vt 0.574627 0.692308
vt 0.574627 0.769231
vt 0.574627 0.846154
vt 0.574627 0.923077
vt 0.574627 1.000000
vt 0.582090 0.076923
vt 0.582090 0.000000
vt 0.582090 0.153846
vt 0.582090 0.230769
vt 0.582090 0.307692
vt 0.582090 0.384615
vt 0.582090 0.461538
vt 0.582090 0.538462
vt 0.582090 0.615385
vt 0.582090 0.692308
vt 0.582090 0.769231
vt 0.582090 0.846154
vt 0.582090 0.923077
vt 0.582090 1.000000
vt 0.589552 0.076923
vt 0.589552 0.000000
vt 0.589552 0.153846
vt 0.589552 0.230769
vt 0.589552 0.307692
vt 0.589552 0.384615
vt 0.589552 0.461538
vt 0.589552 0.538462
vt 0.589552 0.615385
vt 0.589552 0.692308
vt 0.589552 0.769231
vt 0.589552 0.846154
vt 0.589552 0.923077
vt 0.589552 1.000000
vt 0.597015 0.076923
vt 0.597015 0.000000
vt 0.597015 0.153846
vt 0.597015 0.230769
vt 0.597015 0.307692
vt 0.597015 0.384615
vt 0.597015 0.461538
vt 0.597015 0.538462
vt 0.597015 0.615385
vt 0.597015 0.692308
vt 0.597015 0.769231
vt 0.597015 0.846154
vt 0.597015 0.923077
vt 0.597015 1.000000
vt 0.604478 0.076923
vt 0.604478 0.000000
vt 0.604478 0.153846
vt 0.604478 0.230769
vt 0.604478 0.307692
vt 0.604478 0.384615
vt 0.604478 0.461538
vt 0.604478 0.538462
vt 0.604478 0.615385
vt 0.604478 0.692308
vt 0.604478 0.769231
vt 0.604478 0.846154
vt 0.604478 0.923077
vt 0.604478 1.000000
vt 0.611940 0.076923
vt 0.611940 0.000000
vt 0.611940 0.153846
vt 0.611940 0.230769
vt 0.611940 0.307692
vt 0.611940 0.384615
vt 0.611940 0.461538
vt 0.611940 0.538462
vt 0.611940 0.615385
vt 0.611940 0.692308
vt 0.611940 0.769231
vt 0.611940 0.846154
vt 0.611940 0.923077
vt 0.611940 1.000000
vt 0.619403 0.076923
vt 0.619403 0.000000
vt 0.619403 0.153846
vt 0.619403 0.230769
vt 0.619403 0.307692
vt 0.619403 0.384615
vt 0.619403 0.461538
vt 0.619403 0.538462
vt 0.619403 0.615385
vt 0.619403 0.692308
vt 0.619403 0.769231
vt 0.619403 0.846154
vt 0.619403 0.923077
vt 0.619403 1.000000
vt 0.626866 0.076923
vt 0.626866 0.000000
vt 0.626866 0.153846
vt 0.626866 0.230769
vt 0.626866 0.307692
vt 0.626866 0.384615
vt 0.626866 0.461538
vt 0.626866 0.538462
vt 0.626866 0.615385
vt 0.626866 0.692308
vt 0.626866 0.769231
vt 0.626866 0.846154
vt 0.626866 0.923077
vt 0.626866 1.000000
vt 0.634328 0.076923
vt 0.634328 0.000000
vt 0.634328 0.153846
vt 0.634328 0.230769
vt 0.634328 0.307692
vt 0.634328 0.384615
vt 0.634328 0.461538
vt 0.634328 0.538462
vt 0.634328 0.615385
vt 0.634328 0.692308
vt 0.634328 0.769231
vt 0.634328 0.846154
vt 0.634328 0.923077
vt 0.634328 1.000000
vt 0.641791 0.076923
vt 0.641791 0.000000
vt 0.641791 0.153846
vt 0.641791 0.230769
vt 0.641791 0.307692
vt 0.641791 0.384615
vt 0.641791 0.461538
vt 0.641791 0.538462
vt 0.641791 0.615385
vt 0.641791 0.692308
vt 0.641791 0.769231
vt 0.641791 0.846154
vt 0.641791 0.923077
vt 0.641791 1.000000
vt 0.649254 0.076923
vt 0.649254 0.000000
vt 0.649254 0.153846
vt 0.649254 0.230769
vt 0.649254 0.307692
vt 0.649254 0.384615
vt 0.649254 0.461538
vt 0.649254 0.538462
vt 0.649254 0.615385
vt 0.649254 0.692308
vt 0.649254 0.769231
vt 0.649254 0.846154
vt 0.649254 0.923077
vt 0.649254 1.000000
vt 0.656716 0.076923
vt 0.656716 0.000000
vt 0.656716 0.153846
vt 0.656716 0.230769
vt 0.656716 0.307692
vt 0.656716 0.384615
vt 0.656716 0.461538
vt 0.656716 0.538462
vt 0.656716 0.615385
vt 0.656716 0.692308
vt 0.656716 0.769231
vt 0.656716 0.846154
vt 0.656716 0.923077
vt 0.656716 1.000000
vt 0.664179 0.076923
vt 0.664179 0.000000
vt 0.664179 0.153846
vt 0.664179 0.230769
vt 0.664179 0.307692
vt 0.664179 0.384615
vt 0.664179 0.461538
vt 0.664179 0.538462
vt 0.664179 0.615385
vt 0.664179 0.692308
vt 0.664179 0.769231
vt 0.664179 0.846154
vt 0.664179 0.923077
vt 0.664179 1.000000
vt 0.671642 0.076923
vt 0.671642 0.000000
vt 0.671642 0.153846
vt 0.671642 0.230769
vt 0.671642 0.307692
vt 0.671642 0.384615
vt 0.671642 0.461538
vt 0.671642 0.538462
vt 0.671642 0.615385
vt 0.671642 0.692308
vt 0.671642 0.769231
vt 0.671642 0.846154
vt 0.671642 0.923077
vt 0.671642 1.000000
vt 0.679105 0.076923
vt 0.679105 0.000000
vt 0.679105 0.153846
vt 0.679105 0.230769
vt 0.679105 0.307692
vt 0.679105 0.384615
vt 0.679105 0.461538
vt 0.679105 0.538462
vt 0.679105 0.615385
vt 0.679105 0.692308
vt 0.679105 0.769231
vt 0.679105 0.846154
vt 0.679105 0.923077
vt 0.679105 1.000000
vt 0.686567 0.076923
vt 0.686567 0.000000
vt 0.686567 0.153846
vt 0.686567 0.230769
vt 0.686567 0.307692
vt 0.686567 0.384615
vt 0.686567 0.461538
vt 0.686567 0.538462
vt 0.686567 0.615385
vt 0.686567 0.692308
vt 0.686567 0.769231
vt 0.686567 0.846154
vt 0.686567 0.923077
vt 0.686567 1.000000
vt 0.694030 0.076923
vt 0.694030 0.000000
vt 0.694030 0.153846
vt 0.694030 0.230769
vt 0.694030 0.307692
vt 0.694030 0.384615
vt 0.694030 0.461538
vt 0.694030 0.538462
vt 0.694030 0.615385
vt 0.694030 0.692308
vt 0.694030 0.769231
vt 0.694030 0.846154
vt 0.694030 0.923077
vt 0.694030 1.000000
vt 0.701493 0.076923
vt 0.701493 0.000000
vt 0.701493 0.153846
vt 0.701493 0.230769
vt 0.701493 0.307692
vt 0.701493 0.384615
vt 0.701493 0.461538
vt 0.701493 0.538462
vt 0.701493 0.615385
vt 0.701493 0.692308
vt 0.701493 0.769231
vt 0.701493 0.846154
vt 0.701493 0.923077
vt 0.701493 1.000000
vt 0.708955 0.076923
vt 0.708955 0.000000
vt 0.708955 0.153846
vt 0.708955 0.230769
vt 0.708955 0.307692
vt 0.708955 0.384615
vt 0.708955 0.461538
vt 0.708955 0.538462
vt 0.708955 0.615385
vt 0.708955 0.692308
vt 0.708955 0.769231
vt 0.708955 0.846154
vt 0.708955 0.923077
vt 0.708955 1.000000
vt 0.716418 0.076923
vt 0.716418 0.000000
vt 0.716418 0.153846
vt 0.716418 0.230769
vt 0.716418 0.307692
vt 0.716418 0.384615
vt 0.716418 0.461538
vt 0.716418 0.538462
vt 0.716418 0.615385
vt 0.716418 0.692308
vt 0.716418 0.769231
vt 0.716418 0.846154
vt 0.716418 0.923077
vt 0.716418 1.000000
vt 0.723881 0.076923
vt 0.723881 0.000000
vt 0.723881 0.153846
vt 0.723881 0.230769
vt 0.723881 0.307692
vt 0.723881 0.384615
vt 0.723881 0.461538
vt 0.723881 0.538462
vt 0.723881 0.615385
vt 0.723881 0.692308
vt 0.723881 0.769231
vt 0.723881 0.846154
vt 0.723881 0.923077
vt 0.723881 1.000000
vt 0.731343 0.076923
vt 0.731343 0.000000
vt 0.731343 0.153846
vt 0.731343 0.230769
vt 0.731343 0.307692
vt 0.731343 0.384615
vt 0.731343 0.461538
vt 0.731343 0.538462
vt 0.731343 0.615385
vt 0.731343 0.692308
vt 0.731343 0.769231
vt 0.731343 0.846154
vt 0.731343 0.923077
vt 0.731343 1.000000
vt 0.738806 0.076923
vt 0.738806 0.000000
vt 0.738806 0.153846
vt 0.738806 0.230769
vt 0.738806 0.307692
vt 0.738806 0.384615
vt 0.738806 0.461538
vt 0.738806 0.538462
vt 0.738806 0.615385
vt 0.738806 0.692308
vt 0.738806 0.769231
vt 0.738806 0.846154
vt 0.738806 0.923077
vt 0.738806 1.000000
vt 0.746269 0.076923
vt 0.746269 0.000000
vt 0.746269 0.153846
vt 0.746269 0.230769
vt 0.746269 0.307692
vt 0.746269 0.384615
vt 0.746269 0.461538
vt 0.746269 0.538462
vt 0.746269 0.615385
vt 0.746269 0.692308
vt 0.746269 0.769231
vt 0.746269 0.846154
vt 0.746269 0.923077
vt 0.746269 1.000000
vt 0.753731 0.076923
vt 0.753731 0.000000
vt 0.753731 0.153846
vt 0.753731 0.230769
vt 0.753731 0.307692
vt 0.753731 0.384615
vt 0.753731 0.461538
vt 0.753731 0.538462
vt 0.753731 0.615385
vt 0.753731 0.692308
vt 0.753731 0.769231
vt 0.753731 0.846154
vt 0.753731 0.923077
vt 0.753731 1.000000
vt 0.761194 0.076923
vt 0.761194 0.000000
vt 0.761194 0.153846
vt 0.761194 0.230769
vt 0.761194 0.307692
vt 0.761194 0.384615
vt 0.761194 0.461538
vt 0.761194 0.538462
vt 0.761194 0.615385
vt 0.761194 0.692308
vt 0.761194 0.769231
vt 0.761194 0.846154
vt 0.761194 0.923077
vt 0.761194 1.000000
vt 0.768657 0.076923
vt 0.768657 0.000000
vt 0.768657 0.153846
vt 0.768657 0.230769
vt 0.768657 0.307692
vt 0.768657 0.384615
vt 0.768657 0.461538
vt 0.768657 0.538462
vt 0.768657 0.615385
vt 0.768657 0.692308
vt 0.768657 0.769231
vt 0.768657 0.846154
vt 0.768657 0.923077
vt 0.768657 1.000000
vt 0.776119 0.076923
vt 0.776119 0.000000
vt 0.776119 0.153846
vt 0.776119 0.230769
vt 0.776119 0.307692
vt 0.776119 0.384615
vt 0.776119 0.461538
vt 0.776119 0.538462
vt 0.776119 0.615385
vt 0.776119 0.692308
vt 0.776119 0.769231
vt 0.776119 0.846154
vt 0.776119 0.923077
vt 0.776119 1.000000
vt 0.783582 0.076923
vt 0.783582 0.000000
vt 0.783582 0.153846
vt 0.783582 0.230769
vt 0.783582 0.307692
vt 0.783582 0.384615
vt 0.783582 0.461538
vt 0.783582 0.538462
vt 0.783582 0.615385
vt 0.783582 0.692308
vt 0.783582 0.769231
vt 0.783582 0.846154
vt 0.783582 0.923077
vt 0.783582 1.000000
vt 0.791045 0.076923
vt 0.791045 0.000000
vt 0.791045 0.153846
vt 0.791045 0.230769
vt 0.791045 0.307692
vt 0.791045 0.384615
vt 0.791045 0.461538
vt 0.791045 0.538462
vt 0.791045 0.615385
vt 0.791045 0.692308
vt 0.791045 0.769231
vt 0.791045 0.846154
vt 0.791045 0.923077
vt 0.791045 1.000000
vt 0.798507 0.076923
vt 0.798507 0.000000
vt 0.798507 0.153846
vt 0.798507 0.230769
vt 0.798507 0.307692
vt 0.798507 0.384615
vt 0.798507 0.461538
vt 0.798507 0.538462
vt 0.798507 0.615385
vt 0.798507 0.692308
vt 0.798507 0.769231
vt 0.798507 0.846154
vt 0.798507 0.923077
vt 0.798507 1.000000
vt 0.805970 0.076923
vt 0.805970 0.000000
vt 0.805970 0.153846
vt 0.805970 0.230769
vt 0.805970 0.307692
vt 0.805970 0.384615
vt 0.805970 0.461538
vt 0.805970 0.538462
vt 0.805970 0.615385
vt 0.805970 0.692308
vt 0.805970 0.769231
vt 0.805970 0.846154
vt 0.805970 0.923077
vt 0.805970 1.000000
vt 0.813433 0.076923
vt 0.813433 0.000000
vt 0.813433 0.153846
vt 0.813433 0.230769
vt 0.813433 0.307692
vt 0.813433 0.384615
vt 0.813433 0.461538
vt 0.813433 0.538462
vt 0.813433 0.615385
vt 0.813433 0.692308
vt 0.813433 0.769231
vt 0.813433 0.846154
vt 0.813433 0.923077
vt 0.813433 1.000000
vt 0.820895 0.076923
vt 0.820895 0.000000
vt 0.820895 0.153846
vt 0.820895 0.230769
vt 0.820895 0.307692
vt 0.820895 0.384615
vt 0.820895 0.461538
vt 0.820895 0.538462
vt 0.820895 0.615385
vt 0.820895 0.692308
vt 0.820895 0.769231
vt 0.820895 0.846154
vt 0.820895 0.923077
vt 0.820895 1.000000
vt 0.828358 0.076923
vt 0.828358 0.000000
vt 0.828358 0.153846
vt 0.828358 0.230769
vt 0.828358 0.307692
vt 0.828358 0.384615
vt 0.828358 0.461538
vt 0.828358 0.538462
vt 0.828358 0.615385
vt 0.828358 0.692308
vt 0.828358 0.769231
vt 0.828358 0.846154
vt 0.828358 0.923077
vt 0.828358 1.000000
vt 0.835821 0.076923
vt 0.835821 0.000000
vt 0.835821 0.153846
vt 0.835821 0.230769
vt 0.835821 0.307692
vt 0.835821 0.384615
vt 0.835821 0.461538
vt 0.835821 0.538462
vt 0.835821 0.615385
vt 0.835821 0.692308
vt 0.835821 0.769231
vt 0.835821 0.846154
vt 0.835821 0.923077
vt 0.835821 1.000000
vt 0.843284 0.076923
vt 0.843284 0.000000
vt 0.843284 0.153846
vt 0.843284 0.230769
vt 0.843284 0.307692
vt 0.843284 0.384615
vt 0.843284 0.461538
vt 0.843284 0.538462
vt 0.843284 0.615385
vt 0.843284 0.692308
vt 0.843284 0.769231
vt 0.843284 0.846154
vt 0.843284 0.923077
vt 0.843284 1.000000
vt 0.850746 0.076923
vt 0.850746 0.000000
vt 0.850746 0.153846
vt 0.850746 0.230769
vt 0.850746 0.307692
vt 0.850746 0.384615
vt 0.850746 0.461538
vt 0.850746 0.538462
vt 0.850746 0.615385
vt 0.850746 0.692308
vt 0.850746 0.769231
vt 0.850746 0.846154
vt 0.850746 0.923077
vt 0.850746 1.000000
vt 0.858209 0.076923
vt 0.858209 0.000000
vt 0.858209 0.153846
vt 0.858209 0.230769
vt 0.858209 0.307692
vt 0.858209 0.384615
vt 0.858209 0.461538
vt 0.858209 0.538462
vt 0.858209 0.615385
vt 0.858209 0.692308
vt 0.858209 0.769231
vt 0.858209 0.846154
vt 0.858209 0.923077
vt 0.858209 1.000000
vt 0.865672 0.076923
vt 0.865672 0.000000
vt 0.865672 0.153846
vt 0.865672 0.230769
vt 0.865672 0.307692
vt 0.865672 0.384615
vt 0.865672 0.461538
vt 0.865672 0.538462
vt 0.865672 0.615385
vt 0.865672 0.692308
vt 0.865672 0.769231
vt 0.865672 0.846154
vt 0.865672 0.923077
vt 0.865672 1.000000
vt 0.873134 0.076923
vt 0.873134 0.000000
vt 0.873134 0.153846
vt 0.873134 0.230769
vt 0.873134 0.307692
vt 0.873134 0.384615
vt 0.873134 0.461538
vt 0.873134 0.538462
vt 0.873134 0.615385
vt 0.873134 0.692308
vt 0.873134 0.769231
vt 0.873134 0.846154
vt 0.873134 0.923077
vt 0.873134 1.000000
vt 0.880597 0.076923
vt 0.880597 0.000000
vt 0.880597 0.153846
vt 0.880597 0.230769
vt 0.880597 0.307692
vt 0.880597 0.384615
vt 0.880597 0.461538
vt 0.880597 0.538462
vt 0.880597 0.615385
vt 0.880597 0.692308
vt 0.880597 0.769231
vt 0.880597 0.846154
vt 0.880597 0.923077
vt 0.880597 1.000000
vt 0.888060 0.076923
vt 0.888060 0.000000
vt 0.888060 0.153846
vt 0.888060 0.230769
vt 0.888060 0.307692
vt 0.888060 0.384615
vt 0.888060 0.461538
vt 0.888060 0.538462
vt 0.888060 0.615385
vt 0.888060 0.692308
vt 0.888060 0.769231
vt 0.888060 0.846154
vt 0.888060 0.923077
vt 0.888060 1.000000
vt 0.895522 0.076923
vt 0.895522 0.000000
vt 0.895522 0.153846
vt 0.895522 0.230769
vt 0.895522 0.307692
vt 0.895522 0.384615
vt 0.895522 0.461538
vt 0.895522 0.538462
vt 0.895522 0.615385
vt 0.895522 0.692308
vt 0.895522 0.769231
vt 0.895522 0.846154
vt 0.895522 0.923077
vt 0.895522 1.000000
vt 0.902985 0.076923
vt 0.902985 0.000000
vt 0.902985 0.153846
vt 0.902985 0.230769
vt 0.902985 0.307692
vt 0.902985 0.384615
vt 0.902985 0.461538
vt 0.902985 0.538462
vt 0.902985 0.615385
vt 0.902985 0.692308
vt 0.902985 0.769231
vt 0.902985 0.846154
vt 0.902985 0.923077
vt 0.902985 1.000000
vt 0.910448 0.076923
vt 0.910448 0.000000
vt 0.910448 0.153846
vt 0.910448 0.230769
vt 0.910448 0.307692
vt 0.910448 0.384615
vt 0.910448 0.461538
vt 0.910448 0.538462
vt 0.910448 0.615385
vt 0.910448 0.692308
vt 0.910448 0.769231
vt 0.910448 0.846154
vt 0.910448 0.923077
vt 0.910448 1.000000
vt 0.917910 0.076923
vt 0.917910 0.000000
vt 0.917910 0.153846
vt 0.917910 0.230769
vt 0.917910 0.307692
vt 0.917910 0.384615
vt 0.917910 0.461538
vt 0.917910 0.538462
vt 0.917910 0.615385
vt 0.917910 0.692308
vt 0.917910 0.769231
vt 0.917910 0.846154
vt 0.917910 0.923077
vt 0.917910 1.000000
vt 0.925373 0.076923
vt 0.925373 0.000000
vt 0.925373 0.153846
vt 0.925373 0.230769
vt 0.925373 0.307692
vt 0.925373 0.384615
vt 0.925373 0.461538
vt 0.925373 0.538462
vt 0.925373 0.615385
vt 0.925373 0.692308
vt 0.925373 0.769231
vt 0.925373 0.846154
vt 0.925373 0.923077
vt 0.925373 1.000000
vt 0.932836 0.076923
vt 0.932836 0.000000
vt 0.932836 0.153846
vt 0.932836 0.230769
vt 0.932836 0.307692
vt 0.932836 0.384615
vt 0.932836 0.461538
vt 0.932836 0.538462
vt 0.932836 0.615385
vt 0.932836 0.692308
vt 0.932836 0.769231
vt 0.932836 0.846154
vt 0.932836 0.923077
vt 0.932836 1.000000
vt 0.940298 0.076923
vt 0.940298 0.000000
vt 0.940298 0.153846
vt 0.940298 0.230769
vt 0.940298 0.307692
vt 0.940298 0.384615
vt 0.940298 0.461538
vt 0.940298 0.538462
vt 0.940298 0.615385
vt 0.940298 0.692308
vt 0.940298 0.769231
vt 0.940298 0.846154
vt 0.940298 0.923077
vt 0.940298 1.000000
vt 0.947761 0.076923
vt 0.947761 0.000000
vt 0.947761 0.153846
vt 0.947761 0.230769
vt 0.947761 0.307692
vt 0.947761 0.384615
vt 0.947761 0.461538
vt 0.947761 0.538462
vt 0.947761 0.615385
vt 0.947761 0.692308
vt 0.947761 0.769231
vt 0.947761 0.846154
vt 0.947761 0.923077
vt 0.947761 1.000000
vt 0.955224 0.076923
vt 0.955224 0.000000
vt 0.955224 0.153846
vt 0.955224 0.230769
vt 0.955224 0.307692
vt 0.955224 0.384615
vt 0.955224 0.461538
vt 0.955224 0.538462
vt 0.955224 0.615385
vt 0.955224 0.692308
vt 0.955224 0.769231
vt 0.955224 0.846154
vt 0.955224 0.923077
vt 0.955224 1.000000
vt 0.962687 0.076923
vt 0.962687 0.000000
vt 0.962687 0.153846
vt 0.962687 0.230769
vt 0.962687 0.307692
vt 0.962687 0.384615
vt 0.962687 0.461538
vt 0.962687 0.538462
vt 0.962687 0.615385
vt 0.962687 0.692308
vt 0.962687 0.769231
vt 0.962687 0.846154
vt 0.962687 0.923077
vt 0.962687 1.000000
vt 0.970149 0.076923
vt 0.970149 0.000000
vt 0.970149 0.153846
vt 0.970149 0.230769
vt 0.970149 0.307692
vt 0.970149 0.384615
vt 0.970149 0.461538
vt 0.970149 0.538462
vt 0.970149 0.615385
vt 0.970149 0.692308
vt 0.970149 0.769231
vt 0.970149 0.846154
vt 0.970149 0.923077
vt 0.970149 1.000000
vt 0.977612 0.076923
vt 0.977612 0.000000
vt 0.977612 0.153846
vt 0.977612 0.230769
vt 0.977612 0.307692
vt 0.977612 0.384615
vt 0.977612 0.461538
vt 0.977612 0.538462
vt 0.977612 0.615385
vt 0.977612 0.692308
vt 0.977612 0.769231
vt 0.977612 0.846154
vt 0.977612 0.923077
vt 0.977612 1.000000
vt 0.985075 0.076923
vt 0.985075 0.000000
vt 0.985075 0.153846
vt 0.985075 0.230769
vt 0.985075 0.307692
vt 0.985075 0.384615
vt 0.985075 0.461538
vt 0.985075 0.538462
vt 0.985075 0.615385
vt 0.985075 0.692308
vt 0.985075 0.769231
vt 0.985075 0.846154
vt 0.985075 0.923077
vt 0.985075 1.000000
vt 0.992537 0.076923
vt 0.992537 0.000000
vt 0.992537 0.153846
vt 0.992537 0.230769
vt 0.992537 0.307692
vt 0.992537 0.384615
vt 0.992537 0.461538
vt 0.992537 0.538462
vt 0.992537 0.615385
vt 0.992537 0.692308
vt 0.992537 0.769231
vt 0.992537 0.846154
vt 0.992537 0.923077
vt 0.992537 1.000000
vt 0.017241 0.076923
vt 0.017241 0.000000
vt 0.017241 0.153846
vt 0.017241 0.230769
vt 0.017241 0.307692
vt 0.017241 0.384615
vt 0.017241 0.461538
vt 0.017241 0.538462
vt 0.017241 0.615385
vt 0.017241 0.692308
vt 0.017241 0.769231
vt 0.017241 0.846154
vt 0.017241 0.923077
vt 0.017241 1.000000
vt 0.034483 0.076923
vt 0.034483 0.000000
vt 0.034483 0.153846
vt 0.034483 0.230769
vt 0.034483 0.307692
vt 0.034483 0.384615
vt 0.034483 0.461538
vt 0.034483 0.538462
vt 0.034483 0.615385
vt 0.034483 0.692308
vt 0.034483 0.769231
vt 0.034483 0.846154
vt 0.034483 0.923077
vt 0.034483 1.000000
vt 0.051724 0.076923
vt 0.051724 0.000000
vt 0.051724 0.153846
vt 0.051724 0.230769
vt 0.051724 0.307692
vt 0.051724 0.384615
vt 0.051724 0.461538
vt 0.051724 0.538462
vt 0.051724 0.615385
vt 0.051724 0.692308
vt 0.051724 0.769231
vt 0.051724 0.846154
vt 0.051724 0.923077
vt 0.051724 1.000000
vt 0.068966 0.076923
vt 0.068966 0.000000
vt 0.068966 0.153846
vt 0.068966 0.230769
vt 0.068966 0.307692
vt 0.068966 0.384615
vt 0.068966 0.461538
vt 0.068966 0.538462
vt 0.068966 0.615385
vt 0.068966 0.692308
vt 0.068966 0.769231
vt 0.068966 0.846154
vt 0.068966 0.923077
vt 0.068966 1.000000
vt 0.086207 0.076923
vt 0.086207 0.000000
vt 0.086207 0.153846
vt 0.086207 0.230769
vt 0.086207 0.307692
vt 0.086207 0.384615
vt 0.086207 0.461538
vt 0.086207 0.538462
vt 0.086207 0.615385
vt 0.086207 0.692308
vt 0.086207 0.769231
vt 0.086207 0.846154
vt 0.086207 0.923077
vt 0.086207 1.000000
vt 0.103448 0.076923
vt 0.103448 0.000000
vt 0.103448 0.153846
vt 0.103448 0.230769
vt 0.103448 0.307692
vt 0.103448 0.384615
vt 0.103448 0.461538
vt 0.103448 0.538462
vt 0.103448 0.615385
vt 0.103448 0.692308
vt 0.103448 0.769231
vt 0.103448 0.846154
vt 0.103448 0.923077
vt 0.103448 1.000000
vt 0.120690 0.076923
vt 0.120690 0.000000
vt 0.120690 0.153846
vt 0.120690 0.230769
vt 0.120690 0.307692
vt 0.120690 0.384615
vt 0.120690 0.461538
vt 0.120690 0.538462
vt 0.120690 0.615385
vt 0.120690 0.692308
vt 0.120690 0.769231
vt 0.120690 0.846154
vt 0.120690 0.923077
vt 0.120690 1.000000
vt 0.137931 0.076923
vt 0.137931 0.000000
vt 0.137931 0.153846
vt 0.137931 0.230769
vt 0.137931 0.307692
vt 0.137931 0.384615
vt 0.137931 0.461538
vt 0.137931 0.538462
vt 0.137931 0.615385
vt 0.137931 0.692308
vt 0.137931 0.769231
vt 0.137931 0.846154
vt 0.137931 0.923077
vt 0.137931 1.000000
vt 0.155172 0.076923
vt 0.155172 0.000000
vt 0.155172 0.153846
vt 0.155172 0.230769
vt 0.155172 0.307692
vt 0.155172 0.384615
vt 0.155172 0.461538
vt 0.155172 0.538462
vt 0.155172 0.615385
vt 0.155172 0.692308
vt 0.155172 0.769231
vt 0.155172 0.846154
vt 0.155172 0.923077
vt 0.155172 1.000000
vt 0.172414 0.076923
vt 0.172414 0.000000
vt 0.172414 0.153846
vt 0.172414 0.230769
vt 0.172414 0.307692
vt 0.172414 0.384615
vt 0.172414 0.461538
vt 0.172414 0.538462
vt 0.172414 0.615385
vt 0.172414 0.692308
vt 0.172414 0.769231
vt 0.172414 0.846154
vt 0.172414 0.923077
vt 0.172414 1.000000
vt 0.189655 0.076923
vt 0.189655 0.000000
vt 0.189655 0.153846
vt 0.189655 0.230769
vt 0.189655 0.307692
vt 0.189655 0.384615
vt 0.189655 0.461538
vt 0.189655 0.538462
vt 0.189655 0.615385
vt 0.189655 0.692308
vt 0.189655 0.769231
vt 0.189655 0.846154
vt 0.189655 0.923077
vt 0.189655 1.000000
vt 0.206897 0.076923
vt 0.206897 0.000000
vt 0.206897 0.153846
vt 0.206897 0.230769
vt 0.206897 0.307692
vt 0.206897 0.384615
vt 0.206897 0.461538
vt 0.206897 0.538462
vt 0.206897 0.615385
vt 0.206897 0.692308
vt 0.206897 0.769231
vt 0.206897 0.846154
vt 0.206897 0.923077
vt 0.206897 1.000000
vt 0.224138 0.076923
vt 0.224138 0.000000
vt 0.224138 0.153846
vt 0.224138 0.230769
vt 0.224138 0.307692
vt 0.224138 0.384615
vt 0.224138 0.461538
vt 0.224138 0.538462
vt 0.224138 0.615385
vt 0.224138 0.692308
vt 0.224138 0.769231
vt 0.224138 0.846154
vt 0.224138 0.923077
vt 0.224138 1.000000
vt 0.241379 0.076923
vt 0.241379 0.000000
vt 0.241379 0.153846
vt 0.241379 0.230769
vt 0.241379 0.307692
vt 0.241379 0.384615
vt 0.241379 0.461538
vt 0.241379 0.538462
vt 0.241379 0.615385
vt 0.241379 0.692308
vt 0.241379 0.769231
vt 0.241379 0.846154
vt 0.241379 0.923077
vt 0.241379 1.000000
vt 0.258621 0.076923
vt 0.258621 0.000000
vt 0.258621 0.153846
vt 0.258621 0.230769
vt 0.258621 0.307692
vt 0.258621 0.384615
vt 0.258621 0.461538
vt 0.258621 0.538462
vt 0.258621 0.615385
vt 0.258621 0.692308
vt 0.258621 0.769231
vt 0.258621 0.846154
vt 0.258621 0.923077
vt 0.258621 1.000000
vt 0.275862 0.076923
vt 0.275862 0.000000
vt 0.275862 0.153846
vt 0.275862 0.230769
vt 0.275862 0.307692
vt 0.275862 0.384615
vt 0.275862 0.461538
vt 0.275862 0.538462
vt 0.275862 0.615385
vt 0.275862 0.692308
vt 0.275862 0.769231
vt 0.275862 0.846154
vt 0.275862 0.923077
vt 0.275862 1.000000
vt 0.293103 0.076923
vt 0.293103 0.000000
vt 0.293103 0.153846
vt 0.293103 0.230769
vt 0.293103 0.307692
vt 0.293103 0.384615
vt 0.293103 0.461538
vt 0.293103 0.538462
vt 0.293103 0.615385
vt 0.293103 0.692308
vt 0.293103 0.769231
vt 0.293103 0.846154
vt 0.293103 0.923077
vt 0.293103 1.000000
vt 0.310345 0.076923
vt 0.310345 0.000000
vt 0.310345 0.153846
vt 0.310345 0.230769
vt 0.310345 0.307692
vt 0.310345 0.384615
vt 0.310345 0.461538
vt 0.310345 0.538462
vt 0.310345 0.615385
vt 0.310345 0.692308
vt 0.310345 0.769231
vt 0.310345 0.846154
vt 0.310345 0.923077
vt 0.310345 1.000000
vt 0.327586 0.076923
vt 0.327586 0.000000
vt 0.327586 0.153846
vt 0.327586 0.230769
vt 0.327586 0.307692
vt 0.327586 0.384615
vt 0.327586 0.461538
vt 0.327586 0.538462
vt 0.327586 0.615385
vt 0.327586 0.692308
vt 0.327586 0.769231
vt 0.327586 0.846154
vt 0.327586 0.923077
vt 0.327586 1.000000
vt 0.344828 0.076923
vt 0.344828 0.000000
vt 0.344828 0.153846
vt 0.344828 0.230769
vt 0.344828 0.307692
vt 0.344828 0.384615
vt 0.344828 0.461538
vt 0.344828 0.538462
vt 0.344828 0.615385
vt 0.344828 0.692308
vt 0.344828 0.769231
vt 0.344828 0.846154
vt 0.344828 0.923077
vt 0.344828 1.000000
vt 0.362069 0.076923
vt 0.362069 0.000000
vt 0.362069 0.153846
vt 0.362069 0.230769
vt 0.362069 0.307692
vt 0.362069 0.384615
vt 0.362069 0.461538
vt 0.362069 0.538462
vt 0.362069 0.615385
vt 0.362069 0.692308
vt 0.362069 0.769231
vt 0.362069 0.846154
vt 0.362069 0.923077
vt 0.362069 1.000000
vt 0.379310 0.076923
vt 0.379310 0.000000
vt 0.379310 0.153846
vt 0.379310 0.230769
vt 0.379310 0.307692
vt 0.379310 0.384615
vt 0.379310 0.461538
vt 0.379310 0.538462
vt 0.379310 0.615385
vt 0.379310 0.692308
vt 0.379310 0.769231
vt 0.379310 0.846154
vt 0.379310 0.923077
vt 0.379310 1.000000
vt 0.396552 0.076923
vt 0.396552 0.000000
vt 0.396552 0.153846
vt 0.396552 0.230769
vt 0.396552 0.307692
vt 0.396552 0.384615
vt 0.396552 0.461538
vt 0.396552 0.538462
vt 0.396552 0.615385
vt 0.396552 0.692308
vt 0.396552 0.769231
vt 0.396552 0.846154
vt 0.396552 0.923077
vt 0.396552 1.000000
vt 0.413793 0.076923
vt 0.413793 0.000000
vt 0.413793 0.153846
vt 0.413793 0.230769
vt 0.413793 0.307692
vt 0.413793 0.384615
vt 0.413793 0.461538
vt 0.413793 0.538462
vt 0.413793 0.615385
vt 0.413793 0.692308
vt 0.413793 0.769231
vt 0.413793 0.846154
vt 0.413793 0.923077
vt 0.413793 1.000000
vt 0.431034 0.076923
vt 0.431034 0.000000
vt 0.431034 0.153846
vt 0.431034 0.230769
vt 0.431034 0.307692
vt 0.431034 0.384615
vt 0.431034 0.461538
vt 0.431034 0.538462
vt 0.431034 0.615385
vt 0.431034 0.692308
vt 0.431034 0.769231
vt 0.431034 0.846154
vt 0.431034 0.923077
vt 0.431034 1.000000
vt 0.448276 0.076923
vt 0.448276 0.000000
vt 0.448276 0.153846
vt 0.448276 0.230769
vt 0.448276 0.307692
vt 0.448276 0.384615
vt 0.448276 0.461538
vt 0.448276 0.538462
vt 0.448276 0.615385
vt 0.448276 0.692308
vt 0.448276 0.769231
vt 0.448276 0.846154
vt 0.448276 0.923077
vt 0.448276 1.000000
vt 0.465517 0.076923
vt 0.465517 0.000000
vt 0.465517 0.153846
vt 0.465517 0.230769
vt 0.465517 0.307692
vt 0.465517 0.384615
vt 0.465517 0.461538
vt 0.465517 0.538462
vt 0.465517 0.615385
vt 0.465517 0.692308
vt 0.465517 0.769231
vt 0.465517 0.846154
vt 0.465517 0.923077
vt 0.465517 1.000000
vt 0.482759 0.076923
vt 0.482759 0.000000
vt 0.482759 0.153846
vt 0.482759 0.230769
vt 0.482759 0.307692
vt 0.482759 0.384615
vt 0.482759 0.461538
vt 0.482759 0.538462
vt 0.482759 0.615385
vt 0.482759 0.692308
vt 0.482759 0.769231
vt 0.482759 0.846154
vt 0.482759 0.923077
vt 0.482759 1.000000
vt 0.517241 0.076923
vt 0.517241 0.000000
vt 0.517241 0.153846
vt 0.517241 0.230769
vt 0.517241 0.307692
vt 0.517241 0.384615
vt 0.517241 0.461538
vt 0.517241 0.538462
vt 0.517241 0.615385
vt 0.517241 0.692308
vt 0.517241 0.769231
vt 0.517241 0.846154
vt 0.517241 0.923077
vt 0.517241 1.000000
vt 0.534483 0.076923
vt 0.534483 0.000000
vt 0.534483 0.153846
vt 0.534483 0.230769
vt 0.534483 0.307692
vt 0.534483 0.384615
vt 0.534483 0.461538
vt 0.534483 0.538462
vt 0.534483 0.615385
vt 0.534483 0.692308
vt 0.534483 0.769231
vt 0.534483 0.846154
vt 0.534483 0.923077
vt 0.534483 1.000000
vt 0.551724 0.076923
vt 0.551724 0.000000
vt 0.551724 0.153846
vt 0.551724 0.230769
vt 0.551724 0.307692
vt 0.551724 0.384615
vt 0.551724 0.461538
vt 0.551724 0.538462
vt 0.551724 0.615385
vt 0.551724 0.692308
vt 0.551724 0.769231
vt 0.551724 0.846154
vt 0.551724 0.923077
vt 0.551724 1.000000
vt 0.568965 0.076923
vt 0.568965 0.000000
vt 0.568965 0.153846
vt 0.568965 0.230769
vt 0.568965 0.307692
vt 0.568965 0.384615
vt 0.568965 0.461538
vt 0.568965 0.538462
vt 0.568965 0.615385
vt 0.568965 0.692308
vt 0.568965 0.769231
vt 0.568965 0.846154
vt 0.568965 0.923077
vt 0.568965 1.000000
vt 0.586207 0.076923
vt 0.586207 0.000000
vt 0.586207 0.153846
vt 0.586207 0.230769
vt 0.586207 0.307692
vt 0.586207 0.384615
vt 0.586207 0.461538
vt 0.586207 0.538462
vt 0.586207 0.615385
vt 0.586207 0.692308
vt 0.586207 0.769231
vt 0.586207 0.846154
vt 0.586207 0.923077
vt 0.586207 1.000000
vt 0.603448 0.076923
vt 0.603448 0.000000
vt 0.603448 0.153846
vt 0.603448 0.230769
vt 0.603448 0.307692
vt 0.603448 0.384615
vt 0.603448 0.461538
vt 0.603448 0.538462
vt 0.603448 0.615385
vt 0.603448 0.692308
vt 0.603448 0.769231
vt 0.603448 0.846154
vt 0.603448 0.923077
vt 0.603448 1.000000
vt 0.620690 0.076923
vt 0.620690 0.000000
vt 0.620690 0.153846
vt 0.620690 0.230769
vt 0.620690 0.307692
vt 0.620690 0.384615
vt 0.620690 0.461538
vt 0.620690 0.538462
vt 0.620690 0.615385
vt 0.620690 0.692308
vt 0.620690 0.769231
vt 0.620690 0.846154
vt 0.620690 0.923077
vt 0.620690 1.000000
vt 0.637931 0.076923
vt 0.637931 0.000000
vt 0.637931 0.153846
vt 0.637931 0.230769
vt 0.637931 0.307692
vt 0.637931 0.384615
vt 0.637931 0.461538
vt 0.637931 0.538462
vt 0.637931 0.615385
vt 0.637931 0.692308
vt 0.637931 0.769231
vt 0.637931 0.846154
vt 0.637931 0.923077
vt 0.637931 1.000000
vt 0.655172 0.076923
vt 0.655172 0.000000
vt 0.655172 0.153846
vt 0.655172 0.230769
vt 0.655172 0.307692
vt 0.655172 0.384615
vt 0.655172 0.461538
vt 0.655172 0.538462
vt 0.655172 0.615385
vt 0.655172 0.692308
vt 0.655172 0.769231
vt 0.655172 0.846154
vt 0.655172 0.923077
vt 0.655172 1.000000
vt 0.672414 0.076923
vt 0.672414 0.000000
vt 0.672414 0.153846
vt 0.672414 0.230769
vt 0.672414 0.307692
vt 0.672414 0.384615
vt 0.672414 0.461538
vt 0.672414 0.538462
vt 0.672414 0.615385
vt 0.672414 0.692308
vt 0.672414 0.769231
vt 0.672414 0.846154
vt 0.672414 0.923077
vt 0.672414 1.000000
vt 0.689655 0.076923
vt 0.689655 0.000000
vt 0.689655 0.153846
vt 0.689655 0.230769
vt 0.689655 0.307692
vt 0.689655 0.384615
vt 0.689655 0.461538
vt 0.689655 0.538462
vt 0.689655 0.615385
vt 0.689655 0.692308
vt 0.689655 0.769231
vt 0.689655 0.846154
vt 0.689655 0.923077
vt 0.689655 1.000000
vt 0.706897 0.076923
vt 0.706897 0.000000
vt 0.706897 0.153846
vt 0.706897 0.230769
vt 0.706897 0.307692
vt 0.706897 0.384615
vt 0.706897 0.461538
vt 0.706897 0.538462
vt 0.706897 0.615385
vt 0.706897 0.692308
vt 0.706897 0.769231
vt 0.706897 0.846154
vt 0.706897 0.923077
vt 0.706897 1.000000
vt 0.724138 0.076923
vt 0.724138 0.000000
vt 0.724138 0.153846
vt 0.724138 0.230769
vt 0.724138 0.307692
vt 0.724138 0.384615
vt 0.724138 0.461538
vt 0.724138 0.538462
vt 0.724138 0.615385
vt 0.724138 0.692308
vt 0.724138 0.769231
vt 0.724138 0.846154
vt 0.724138 0.923077
vt 0.724138 1.000000
vt 0.741379 0.076923
vt 0.741379 0.000000
vt 0.741379 0.153846
vt 0.741379 0.230769
vt 0.741379 0.307692
vt 0.741379 0.384615
vt 0.741379 0.461538
vt 0.741379 0.538462
vt 0.741379 0.615385
vt 0.741379 0.692308
vt 0.741379 0.769231
vt 0.741379 0.846154
vt 0.741379 0.923077
vt 0.741379 1.000000
vt 0.758621 0.076923
vt 0.758621 0.000000
vt 0.758621 0.153846
vt 0.758621 0.230769
vt 0.758621 0.307692
vt 0.758621 0.384615
vt 0.758621 0.461538
vt 0.758621 0.538462
vt 0.758621 0.615385
vt 0.758621 0.692308
vt 0.758621 0.769231
vt 0.758621 0.846154
vt 0.758621 0.923077
vt 0.758621 1.000000
vt 0.775862 0.076923
vt 0.775862 0.000000
vt 0.775862 0.153846
vt 0.775862 0.230769
vt 0.775862 0.307692
vt 0.775862 0.384615
vt 0.775862 0.461538
vt 0.775862 0.538462
vt 0.775862 0.615385
vt 0.775862 0.692308
vt 0.775862 0.769231
vt 0.775862 0.846154
vt 0.775862 0.923077
vt 0.775862 1.000000
vt 0.793103 0.076923
vt 0.793103 0.000000
vt 0.793103 0.153846
vt 0.793103 0.230769
vt 0.793103 0.307692
vt 0.793103 0.384615
vt 0.793103 0.461538
vt 0.793103 0.538462
vt 0.793103 0.615385
vt 0.793103 0.692308
vt 0.793103 0.769231
vt 0.793103 0.846154
vt 0.793103 0.923077
vt 0.793103 1.000000
vt 0.810345 0.076923
vt 0.810345 0.000000
vt 0.810345 0.153846
vt 0.810345 0.230769
vt 0.810345 0.307692
vt 0.810345 0.384615
vt 0.810345 0.461538
vt 0.810345 0.538462
vt 0.810345 0.615385
vt 0.810345 0.692308
vt 0.810345 0.769231
vt 0.810345 0.846154
vt 0.810345 0.923077
vt 0.810345 1.000000
vt 0.827586 0.076923
vt 0.827586 0.000000
vt 0.827586 0.153846
vt 0.827586 0.230769
vt 0.827586 0.307692
vt 0.827586 0.384615
vt 0.827586 0.461538
vt 0.827586 0.538462
vt 0.827586 0.615385
vt 0.827586 0.692308
vt 0.827586 0.769231
vt 0.827586 0.846154
vt 0.827586 0.923077
vt 0.827586 1.000000
vt 0.844828 0.076923
vt 0.844828 0.000000
vt 0.844828 0.153846
vt 0.844828 0.230769
vt 0.844828 0.307692
vt 0.844828 0.384615
vt 0.844828 0.461538
vt 0.844828 0.538462
vt 0.844828 0.615385
vt 0.844828 0.692308
vt 0.844828 0.769231
vt 0.844828 0.846154
vt 0.844828 0.923077
vt 0.844828 1.000000
vt 0.862069 0.076923
vt 0.862069 0.000000
vt 0.862069 0.153846
vt 0.862069 0.230769
vt 0.862069 0.307692
vt 0.862069 0.384615
vt 0.862069 0.461538
vt 0.862069 0.538462
vt 0.862069 0.615385
vt 0.862069 0.692308
vt 0.862069 0.769231
vt 0.862069 0.846154
vt 0.862069 0.923077
vt 0.862069 1.000000
vt 0.879310 0.076923
vt 0.879310 0.000000
vt 0.879310 0.153846
vt 0.879310 0.230769
vt 0.879310 0.307692
vt 0.879310 0.384615
vt 0.879310 0.461538
vt 0.879310 0.538462
vt 0.879310 0.615385
vt 0.879310 0.692308
vt 0.879310 0.769231
vt 0.879310 0.846154
vt 0.879310 0.923077
vt 0.879310 1.000000
vt 0.896552 0.076923
vt 0.896552 0.000000
vt 0.896552 0.153846
vt 0.896552 0.230769
vt 0.896552 0.307692
vt 0.896552 0.384615
vt 0.896552 0.461538
vt 0.896552 0.538462
vt 0.896552 0.615385
vt 0.896552 0.692308
vt 0.896552 0.769231
vt 0.896552 0.846154
vt 0.896552 0.923077
vt 0.896552 1.000000
vt 0.913793 0.076923
vt 0.913793 0.000000
vt 0.913793 0.153846
vt 0.913793 0.230769
vt 0.913793 0.307692
vt 0.913793 0.384615
vt 0.913793 0.461538
vt 0.913793 0.538462
vt 0.913793 0.615385
vt 0.913793 0.692308
vt 0.913793 0.769231
vt 0.913793 0.846154
vt 0.913793 0.923077
vt 0.913793 1.000000
vt 0.931035 0.076923
vt 0.931035 0.000000
vt 0.931035 0.153846
vt 0.931035 0.230769
vt 0.931035 0.307692
vt 0.931035 0.384615
vt 0.931035 0.461538
vt 0.931035 0.538462
vt 0.931035 0.615385
vt 0.931035 0.692308
vt 0.931035 0.769231
vt 0.931035 0.846154
vt 0.931035 0.923077
vt 0.931035 1.000000
vt 0.948276 0.076923
vt 0.948276 0.000000
vt 0.948276 0.153846
vt 0.948276 0.230769
vt 0.948276 0.307692
vt 0.948276 0.384615
vt 0.948276 0.461538
vt 0.948276 0.538462
vt 0.948276 0.615385
vt 0.948276 0.692308
vt 0.948276 0.769231
vt 0.948276 0.846154
vt 0.948276 0.923077
vt 0.948276 1.000000
vt 0.965517 0.076923
vt 0.965517 0.000000
vt 0.965517 0.153846
vt 0.965517 0.230769
vt 0.965517 0.307692
vt 0.965517 0.384615
vt 0.965517 0.461538
vt 0.965517 0.538462
vt 0.965517 0.615385
vt 0.965517 0.692308
vt 0.965517 0.769231
vt 0.965517 0.846154
vt 0.965517 0.923077
vt 0.965517 1.000000
vt 0.982759 0.076923
vt 0.982759 0.000000
vt 0.982759 0.153846
vt 0.982759 0.230769
vt 0.982759 0.307692
vt 0.982759 0.384615
vt 0.982759 0.461538
vt 0.982759 0.538462
vt 0.982759 0.615385
vt 0.982759 0.692308
vt 0.982759 0.769231
vt 0.982759 0.846154
vt 0.982759 0.923077
vt 0.982759 1.000000
vt 0.020833 0.076923
vt 0.020833 0.000000
vt 0.020833 0.153846
vt 0.020833 0.230769
vt 0.020833 0.307692
vt 0.020833 0.384615
vt 0.020833 0.461538
vt 0.020833 0.538462
vt 0.020833 0.615385
vt 0.020833 0.692308
vt 0.020833 0.769231
vt 0.020833 0.846154
vt 0.020833 0.923077
vt 0.020833 1.000000
vt 0.041667 0.076923
vt 0.041667 0.000000
vt 0.041667 0.153846
vt 0.041667 0.230769
vt 0.041667 0.307692
vt 0.041667 0.384615
vt 0.041667 0.461538
vt 0.041667 0.538462
vt 0.041667 0.615385
vt 0.041667 0.692308
vt 0.041667 0.769231
vt 0.041667 0.846154
vt 0.041667 0.923077
vt 0.041667 1.000000
vt 0.062500 0.076923
vt 0.062500 0.000000
vt 0.062500 0.153846
vt 0.062500 0.230769
vt 0.062500 0.307692
vt 0.062500 0.384615
vt 0.062500 0.461538
vt 0.062500 0.538462
vt 0.062500 0.615385
vt 0.062500 0.692308
vt 0.062500 0.769231
vt 0.062500 0.846154
vt 0.062500 0.923077
vt 0.062500 1.000000
vt 0.083333 0.076923
vt 0.083333 0.000000
vt 0.083333 0.153846
vt 0.083333 0.230769
vt 0.083333 0.307692
vt 0.083333 0.384615
vt 0.083333 0.461538
vt 0.083333 0.538462
vt 0.083333 0.615385
vt 0.083333 0.692308
vt 0.083333 0.769231
vt 0.083333 0.846154
vt 0.083333 0.923077
vt 0.083333 1.000000
vt 0.104167 0.076923
vt 0.104167 0.000000
vt 0.104167 0.153846
vt 0.104167 0.230769
vt 0.104167 0.307692
vt 0.104167 0.384615
vt 0.104167 0.461538
vt 0.104167 0.538462
vt 0.104167 0.615385
vt 0.104167 0.692308
vt 0.104167 0.769231
vt 0.104167 0.846154
vt 0.104167 0.923077
vt 0.104167 1.000000
vt 0.145833 0.076923
vt 0.145833 0.000000
vt 0.145833 0.153846
vt 0.145833 0.230769
vt 0.145833 0.307692
vt 0.145833 0.384615
vt 0.145833 0.461538
vt 0.145833 0.538462
vt 0.145833 0.615385
vt 0.145833 0.692308
vt 0.145833 0.769231
vt 0.145833 0.846154
vt 0.145833 0.923077
vt 0.145833 1.000000
vt 0.166667 0.076923
vt 0.166667 0.000000
vt 0.166667 0.153846
vt 0.166667 0.230769
vt 0.166667 0.307692
vt 0.166667 0.384615
vt 0.166667 0.461538
vt 0.166667 0.538462
vt 0.166667 0.615385
vt 0.166667 0.692308
vt 0.166667 0.769231
vt 0.166667 0.846154
vt 0.166667 0.923077
vt 0.166667 1.000000
vt 0.187500 0.076923
vt 0.187500 0.000000
vt 0.187500 0.153846
vt 0.187500 0.230769
vt 0.187500 0.307692
vt 0.187500 0.384615
vt 0.187500 0.461538
vt 0.187500 0.538462
vt 0.187500 0.615385
vt 0.187500 0.692308
vt 0.187500 0.769231
vt 0.187500 0.846154
vt 0.187500 0.923077
vt 0.187500 1.000000
vt 0.208333 0.076923
vt 0.208333 0.000000
vt 0.208333 0.153846
vt 0.208333 0.230769
vt 0.208333 0.307692
vt 0.208333 0.384615
vt 0.208333 0.461538
vt 0.208333 0.538462
vt 0.208333 0.615385
vt 0.208333 0.692308
vt 0.208333 0.769231
vt 0.208333 0.846154
vt 0.208333 0.923077
vt 0.208333 1.000000
vt 0.229167 0.076923
vt 0.229167 0.000000
vt 0.229167 0.153846
vt 0.229167 0.230769
vt 0.229167 0.307692
vt 0.229167 0.384615
vt 0.229167 0.461538
vt 0.229167 0.538462
vt 0.229167 0.615385
vt 0.229167 0.692308
vt 0.229167 0.769231
vt 0.229167 0.846154
vt 0.229167 0.923077
vt 0.229167 1.000000
vt 0.270833 0.076923
vt 0.270833 0.000000
vt 0.270833 0.153846
vt 0.270833 0.230769
vt 0.270833 0.307692
vt 0.270833 0.384615
vt 0.270833 0.461538
vt 0.270833 0.538462
vt 0.270833 0.615385
vt 0.270833 0.692308
vt 0.270833 0.769231
vt 0.270833 0.846154
vt 0.270833 0.923077
vt 0.270833 1.000000
vt 0.291667 0.076923
vt 0.291667 0.000000
vt 0.291667 0.153846
vt 0.291667 0.230769
vt 0.291667 0.307692
vt 0.291667 0.384615
vt 0.291667 0.461538
vt 0.291667 0.538462
vt 0.291667 0.615385
vt 0.291667 0.692308
vt 0.291667 0.769231
vt 0.291667 0.846154
vt 0.291667 0.923077
vt 0.291667 1.000000
vt 0.312500 0.076923
vt 0.312500 0.000000
vt 0.312500 0.153846
vt 0.312500 0.230769
vt 0.312500 0.307692
vt 0.312500 0.384615
vt 0.312500 0.461538
vt 0.312500 0.538462
vt 0.312500 0.615385
vt 0.312500 0.692308
vt 0.312500 0.769231
vt 0.312500 0.846154
vt 0.312500 0.923077
vt 0.312500 1.000000
vt 0.333333 0.076923
vt 0.333333 0.153846
vt 0.333333 0.230769
vt 0.333333 0.307692
vt 0.333333 0.384615
vt 0.333333 0.461538
vt 0.333333 0.538462
vt 0.333333 0.615385
vt 0.333333 0.692308
vt 0.333333 0.769231
vt 0.333333 0.846154
vt 0.333333 0.923077
vt 0.333333 1.000000
vt 0.354167 0.076923
vt 0.354167 0.000000
vt 0.354167 0.153846
vt 0.354167 0.230769
vt 0.354167 0.307692
vt 0.354167 0.384615
vt 0.354167 0.461538
vt 0.354167 0.538462
vt 0.354167 0.615385
vt 0.354167 0.692308
vt 0.354167 0.769231
vt 0.354167 0.846154
vt 0.354167 0.923077
vt 0.354167 1.000000
vt 0.395833 0.076923
vt 0.395833 0.000000
vt 0.395833 0.153846
vt 0.395833 0.230769
vt 0.395833 0.307692
vt 0.395833 0.384615
vt 0.395833 0.461538
vt 0.395833 0.538462
vt 0.395833 0.615385
vt 0.395833 0.692308
vt 0.395833 0.769231
vt 0.395833 0.846154
vt 0.395833 0.923077
vt 0.395833 1.000000
vt 0.416667 0.076923
vt 0.416667 0.000000
vt 0.416667 0.153846
vt 0.416667 0.230769
vt 0.416667 0.307692
vt 0.416667 0.384615
vt 0.416667 0.461538
vt 0.416667 0.538462
vt 0.416667 0.615385
vt 0.416667 0.692308
vt 0.416667 0.769231
vt 0.416667 0.846154
vt 0.416667 0.923077
vt 0.416667 1.000000
vt 0.437500 0.076923
vt 0.437500 0.000000
vt 0.437500 0.153846
vt 0.437500 0.230769
vt 0.437500 0.307692
vt 0.437500 0.384615
vt 0.437500 0.461538
vt 0.437500 0.538462
vt 0.437500 0.615385
vt 0.437500 0.692308
vt 0.437500 0.769231
vt 0.437500 0.846154
vt 0.437500 0.923077
vt 0.437500 1.000000
vt 0.458333 0.076923
vt 0.458333 0.000000
vt 0.458333 0.153846
vt 0.458333 0.230769
vt 0.458333 0.307692
vt 0.458333 0.384615
vt 0.458333 0.461538
vt 0.458333 0.538462
vt 0.458333 0.615385
vt 0.458333 0.692308
vt 0.458333 0.769231
vt 0.458333 0.846154
vt 0.458333 0.923077
vt 0.458333 1.000000
vt 0.479167 0.076923
vt 0.479167 0.000000
vt 0.479167 0.153846
vt 0.479167 0.230769
vt 0.479167 0.307692
vt 0.479167 0.384615
vt 0.479167 0.461538
vt 0.479167 0.538462
vt 0.479167 0.615385
vt 0.479167 0.692308
vt 0.479167 0.769231
vt 0.479167 0.846154
vt 0.479167 0.923077
vt 0.479167 1.000000
vt 0.520833 0.076923
vt 0.520833 0.000000
vt 0.520833 0.153846
vt 0.520833 0.230769
vt 0.520833 0.307692
vt 0.520833 0.384615
vt 0.520833 0.461538
vt 0.520833 0.538462
vt 0.520833 0.615385
vt 0.520833 0.692308
vt 0.520833 0.769231
vt 0.520833 0.846154
vt 0.520833 0.923077
vt 0.520833 1.000000
vt 0.541667 0.076923
vt 0.541667 0.000000
vt 0.541667 0.153846
vt 0.541667 0.230769
vt 0.541667 0.307692
vt 0.541667 0.384615
vt 0.541667 0.461538
vt 0.541667 0.538462
vt 0.541667 0.615385
vt 0.541667 0.692308
vt 0.541667 0.769231
vt 0.541667 0.846154
vt 0.541667 0.923077
vt 0.541667 1.000000
vt 0.562500 0.076923
vt 0.562500 0.000000
vt 0.562500 0.153846
vt 0.562500 0.230769
vt 0.562500 0.307692
vt 0.562500 0.384615
vt 0.562500 0.461538
vt 0.562500 0.538462
vt 0.562500 0.615385
vt 0.562500 0.692308
vt 0.562500 0.769231
vt 0.562500 0.846154
vt 0.562500 0.923077
vt 0.562500 1.000000
vt 0.583333 0.076923
vt 0.583333 0.000000
vt 0.583333 0.153846
vt 0.583333 0.230769
vt 0.583333 0.307692
vt 0.583333 0.384615
vt 0.583333 0.461538
vt 0.583333 0.538462
vt 0.583333 0.615385
vt 0.583333 0.692308
vt 0.583333 0.769231
vt 0.583333 0.846154
vt 0.583333 0.923077
vt 0.583333 1.000000
vt 0.604167 0.076923
vt 0.604167 0.000000
vt 0.604167 0.153846
vt 0.604167 0.230769
vt 0.604167 0.307692
vt 0.604167 0.384615
vt 0.604167 0.461538
vt 0.604167 0.538462
vt 0.604167 0.615385
vt 0.604167 0.692308
vt 0.604167 0.769231
vt 0.604167 0.846154
vt 0.604167 0.923077
vt 0.604167 1.000000
vt 0.645833 0.076923
vt 0.645833 0.000000
vt 0.645833 0.153846
vt 0.645833 0.230769
vt 0.645833 0.307692
vt 0.645833 0.384615
vt 0.645833 0.461538
vt 0.645833 0.538462
vt 0.645833 0.615385
vt 0.645833 0.692308
vt 0.645833 0.769231
vt 0.645833 0.846154
vt 0.645833 0.923077
vt 0.645833 1.000000
vt 0.666667 0.076923
vt 0.666667 0.153846
vt 0.666667 0.230769
vt 0.666667 0.307692
vt 0.666667 0.384615
vt 0.666667 0.461538
vt 0.666667 0.538462
vt 0.666667 0.615385
vt 0.666667 0.692308
vt 0.666667 0.769231
vt 0.666667 0.846154
vt 0.666667 0.923077
vt 0.666667 1.000000
vt 0.687500 0.076923
vt 0.687500 0.000000
vt 0.687500 0.153846
vt 0.687500 0.230769
vt 0.687500 0.307692
vt 0.687500 0.384615
vt 0.687500 0.461538
vt 0.687500 0.538462
vt 0.687500 0.615385
vt 0.687500 0.692308
vt 0.687500 0.769231
vt 0.687500 0.846154
vt 0.687500 0.923077
vt 0.687500 1.000000
vt 0.708333 0.076923
vt 0.708333 0.000000
vt 0.708333 0.153846
vt 0.708333 0.230769
vt 0.708333 0.307692
vt 0.708333 0.384615
vt 0.708333 0.461538
vt 0.708333 0.538462
vt 0.708333 0.615385
vt 0.708333 0.692308
vt 0.708333 0.769231
vt 0.708333 0.846154
vt 0.708333 0.923077
vt 0.708333 1.000000
vt 0.729167 0.076923
vt 0.729167 0.000000
vt 0.729167 0.153846
vt 0.729167 0.230769
vt 0.729167 0.307692
vt 0.729167 0.384615
vt 0.729167 0.461538
vt 0.729167 0.538462
vt 0.729167 0.615385
vt 0.729167 0.692308
vt 0.729167 0.769231
vt 0.729167 0.846154
vt 0.729167 0.923077
vt 0.729167 1.000000
vt 0.770833 0.076923
vt 0.770833 0.000000
vt 0.770833 0.153846
vt 0.770833 0.230769
vt 0.770833 0.307692
vt 0.770833 0.384615
vt 0.770833 0.461538
vt 0.770833 0.538462
vt 0.770833 0.615385
vt 0.770833 0.692308
vt 0.770833 0.769231
vt 0.770833 0.846154
vt 0.770833 0.923077
vt 0.770833 1.000000
vt 0.791667 0.076923
vt 0.791667 0.000000
vt 0.791667 0.153846
vt 0.791667 0.230769
vt 0.791667 0.307692
vt 0.791667 0.384615
vt 0.791667 0.461538
vt 0.791667 0.538462
vt 0.791667 0.615385
vt 0.791667 0.692308
vt 0.791667 0.769231
vt 0.791667 0.846154
vt 0.791667 0.923077
vt 0.791667 1.000000
vt 0.812500 0.076923
vt 0.812500 0.000000
vt 0.812500 0.153846
vt 0.812500 0.230769
vt 0.812500 0.307692
vt 0.812500 0.384615
vt 0.812500 0.461538
vt 0.812500 0.538462
vt 0.812500 0.615385
vt 0.812500 0.692308
vt 0.812500 0.769231
vt 0.812500 0.846154
vt 0.812500 0.923077
vt 0.812500 1.000000
vt 0.833333 0.076923
vt 0.833333 0.000000
vt 0.833333 0.153846
vt 0.833333 0.230769
vt 0.833333 0.307692
vt 0.833333 0.384615
vt 0.833333 0.461538
vt 0.833333 0.538462
vt 0.833333 0.615385
vt 0.833333 0.692308
vt 0.833333 0.769231
vt 0.833333 0.846154
vt 0.833333 0.923077
vt 0.833333 1.000000
vt 0.854167 0.076923
vt 0.854167 0.000000
vt 0.854167 0.153846
vt 0.854167 0.230769
vt 0.854167 0.307692
vt 0.854167 0.384615
vt 0.854167 0.461538
vt 0.854167 0.538462
vt 0.854167 0.615385
vt 0.854167 0.692308
vt 0.854167 0.769231
vt 0.854167 0.846154
vt 0.854167 0.923077
vt 0.854167 1.000000
vt 0.895833 0.076923
vt 0.895833 0.000000
vt 0.895833 0.153846
vt 0.895833 0.230769
vt 0.895833 0.307692
vt 0.895833 0.384615
vt 0.895833 0.461538
vt 0.895833 0.538462
vt 0.895833 0.615385
vt 0.895833 0.692308
vt 0.895833 0.769231
vt 0.895833 0.846154
vt 0.895833 0.923077
vt 0.895833 1.000000
vt 0.916667 0.076923
vt 0.916667 0.000000
vt 0.916667 0.153846
vt 0.916667 0.230769
vt 0.916667 0.307692
vt 0.916667 0.384615
vt 0.916667 0.461538
vt 0.916667 0.538462
vt 0.916667 0.615385
vt 0.916667 0.692308
vt 0.916667 0.769231
vt 0.916667 0.846154
vt 0.916667 0.923077
vt 0.916667 1.000000
vt 0.937500 0.076923
vt 0.937500 0.000000
vt 0.937500 0.153846
vt 0.937500 0.230769
vt 0.937500 0.307692
vt 0.937500 0.384615
vt 0.937500 0.461538
vt 0.937500 0.538462
vt 0.937500 0.615385
vt 0.937500 0.692308
vt 0.937500 0.769231
vt 0.937500 0.846154
vt 0.937500 0.923077
vt 0.937500 1.000000
vt 0.958333 0.076923
vt 0.958333 0.000000
vt 0.958333 0.153846
vt 0.958333 0.230769
vt 0.958333 0.307692
vt 0.958333 0.384615
vt 0.958333 0.461538
vt 0.958333 0.538462
vt 0.958333 0.615385
vt 0.958333 0.692308
vt 0.958333 0.769231
vt 0.958333 0.846154
vt 0.958333 0.923077
vt 0.958333 1.000000
vt 0.979167 0.076923
vt 0.979167 0.000000
vt 0.979167 0.153846
vt 0.979167 0.230769
vt 0.979167 0.307692
vt 0.979167 0.384615
vt 0.979167 0.461538
vt 0.979167 0.538462
vt 0.979167 0.615385
vt 0.979167 0.692308
vt 0.979167 0.769231
vt 0.979167 0.846154
vt 0.979167 0.923077
vt 0.979167 1.000000
s 0
usemtl マテリアル
f 22/1/1 21/2/1 51/3/1
f 51/3/1 50/4/1 22/1/1
f 23/5/1 22/1/1 50/4/1
f 50/4/1 49/6/1 23/5/1
f 24/7/1 23/5/1 49/6/1
f 49/6/1 98/8/1 24/7/1
f 25/9/1 24/7/1 98/8/1
f 26/10/1 25/9/1 98/8/1
f 98/8/1 97/11/1 26/10/1
f 27/12/1 26/10/1 97/11/1
f 97/11/1 96/13/1 27/12/1
f 28/14/1 27/12/1 96/13/1
f 96/13/1 95/15/1 28/14/1
f 29/16/1 28/14/1 95/15/1
f 58/17/1 13/18/1 59/19/1
f 86/20/1 36/21/1 87/22/1
f 13/18/1 58/17/1 14/23/1
f 57/24/1 14/23/1 58/17/1
f 35/25/1 88/26/1 87/22/1
f 87/22/1 36/21/1 35/25/1
f 14/23/1 57/24/1 15/27/1
f 56/28/1 15/27/1 57/24/1
f 90/29/1 89/30/1 33/31/1
f 34/32/1 33/31/1 89/30/1
f 89/30/1 88/26/1 34/32/1
f 88/26/1 35/25/1 34/32/1
f 15/27/1 56/28/1 16/33/1
f 56/28/1 55/34/1 16/33/1
f 17/35/1 16/33/1 55/34/1
f 55/34/1 54/36/1 17/35/1
f 18/37/1 17/35/1 54/36/1
f 19/38/1 18/37/1 54/36/1
f 54/36/1 53/39/1 19/38/1
f 20/40/1 19/38/1 53/39/1
f 53/39/1 52/41/1 20/40/1
f 21/2/1 20/40/1 52/41/1
f 51/3/1 21/2/1 52/41/1
f 29/16/1 95/15/1 94/42/1
f 30/43/1 29/16/1 94/42/1
f 94/42/1 93/44/1 30/43/1
f 31/45/1 30/43/1 93/44/1
f 93/44/1 92/46/1 31/45/1
f 92/46/1 91/47/1 31/45/1
f 32/48/1 31/45/1 91/47/1
f 91/47/1 90/29/1 32/48/1
f 90/29/1 33/31/1 32/48/1
f 60/49/1 11/50/1 61/51/1
f 84/52/1 37/53/1 85/54/1
f 61/51/1 11/50/1 10/55/1
f 10/55/1 62/56/1 61/51/1
f 83/57/1 38/58/1 84/52/1
f 37/53/1 84/52/1 38/58/1
f 64/59/1 8/60/1 7/61/1
f 7/61/1 65/62/1 64/59/1
f 62/56/1 10/55/1 9/63/1
f 63/64/1 62/56/1 9/63/1
f 9/63/1 8/60/1 63/64/1
f 8/60/1 64/59/1 63/64/1
f 83/57/1 82/65/1 39/66/1
f 38/58/1 83/57/1 39/66/1
f 4/67/1 3/68/1 67/69/1
f 3/68/1 68/70/1 67/69/1
f 72/71/1 74/72/1 73/73/1
f 70/74/1 1/75/1 74/72/1
f 71/76/1 70/74/1 74/72/1
f 74/72/1 72/71/1 71/76/1
f 68/70/1 3/68/1 2/77/1
f 69/78/1 68/70/1 2/77/1
f 2/77/1 1/75/1 69/78/1
f 1/75/1 70/74/1 69/78/1
f 48/79/1 47/80/1 99/81/1
f 47/80/1 46/82/1 99/81/1
f 75/83/1 99/81/1 46/82/1
f 46/82/1 45/84/1 75/83/1
f 65/62/1 7/61/1 6/85/1
f 6/85/1 5/86/1 65/62/1
f 66/87/1 65/62/1 5/86/1
f 5/86/1 4/67/1 66/87/1
f 4/67/1 67/69/1 66/87/1
f 75/83/1 45/84/1 76/88/1
f 77/89/1 76/88/1 45/84/1
f 45/84/1 44/90/1 77/89/1
f 78/91/1 77/89/1 44/90/1
f 44/90/1 43/92/1 78/91/1
f 79/93/1 78/91/1 43/92/1
f 43/92/1 42/94/1 79/93/1
f 80/95/1 79/93/1 42/94/1
f 42/94/1 41/96/1 80/95/1
f 81/97/1 80/95/1 41/96/1
f 41/96/1 40/98/1 81/97/1
f 82/65/1 81/97/1 40/98/1
f 39/66/1 82/65/1 40/98/1
f 11/50/1 60/49/1 12/99/1
f 13/18/1 12/99/1 60/49/1
f 59/19/1 13/18/1 60/49/1
f 98/8/1 49/6/1 99/81/1
f 36/21/1 86/20/1 85/54/1
f 85/54/1 37/53/1 36/21/1
f 48/79/1 99/81/1 49/6/1
f 101/100/1 100/75/1 103/81/1
f 103/81/1 102/101/1 101/100/1
f 159/102/1 158/103/1 157/104/1
f 157/104/1 156/105/1 107/106/1
f 117/107/1 116/108/1 145/109/1
f 145/109/1 116/108/1 146/110/1
f 116/108/1 115/111/1 146/110/1
f 146/110/1 115/111/1 147/112/1
f 115/111/1 114/113/1 147/112/1
f 148/114/1 147/112/1 114/113/1
f 114/113/1 113/115/1 148/114/1
f 149/116/1 148/114/1 113/115/1
f 113/115/1 112/117/1 149/116/1
f 150/118/1 149/116/1 112/117/1
f 112/117/1 111/119/1 150/118/1
f 151/120/1 150/118/1 111/119/1
f 152/121/1 151/120/1 111/119/1
f 111/119/1 110/122/1 152/121/1
f 153/123/1 152/121/1 110/122/1
f 110/122/1 109/124/1 153/123/1
f 154/125/1 153/123/1 109/124/1
f 155/126/1 154/125/1 109/124/1
f 109/124/1 108/127/1 155/126/1
f 156/105/1 155/126/1 108/127/1
f 107/106/1 156/105/1 108/127/1
f 157/104/1 107/106/1 106/128/1
f 106/128/1 161/81/1 157/104/1
f 159/102/1 157/104/1 161/81/1
f 161/81/1 160/129/1 159/102/1
f 118/130/1 144/131/1 119/132/1
f 119/132/1 144/131/1 143/133/1
f 143/133/1 142/101/1 119/132/1
f 142/101/1 120/134/1 119/132/1
f 139/135/1 138/136/1 122/137/1
f 138/136/1 123/100/1 122/137/1
f 120/134/1 142/101/1 141/138/1
f 141/138/1 140/139/1 120/134/1
f 121/140/1 120/134/1 140/139/1
f 140/139/1 139/135/1 121/140/1
f 139/135/1 122/137/1 121/140/1
f 136/141/1 135/142/1 125/143/1
f 132/144/1 131/145/1 130/146/1
f 132/144/1 130/146/1 129/147/1
f 125/143/1 135/142/1 134/148/1
f 126/149/1 125/143/1 134/148/1
f 134/148/1 133/150/1 126/149/1
f 127/151/1 126/149/1 133/150/1
f 133/150/1 132/144/1 127/151/1
f 128/152/1 127/151/1 132/144/1
f 132/144/1 129/147/1 128/152/1
f 123/100/1 138/136/1 137/153/1
f 124/154/1 123/100/1 137/153/1
f 137/153/1 136/141/1 124/154/1
f 136/141/1 125/143/1 124/154/1
f 117/107/1 145/109/1 144/131/1
f 144/131/1 118/130/1 117/107/1
f 161/81/1 106/128/1 105/155/1
f 105/155/1 104/75/1 161/81/1
f 177/156/1 176/157/1 175/158/1
f 180/159/1 179/100/1 177/156/1
f 178/160/1 177/156/1 179/100/1
f 181/161/1 174/162/1 173/163/1
f 172/164/1 182/165/1 173/163/1
f 181/161/1 173/163/1 182/165/1
f 177/156/1 175/158/1 174/162/1
f 180/159/1 177/156/1 174/162/1
f 174/162/1 181/161/1 180/159/1
f 166/166/1 213/81/1 167/167/1
f 167/167/1 213/81/1 168/168/1
f 171/169/1 183/170/1 172/164/1
f 182/165/1 172/164/1 183/170/1
f 192/171/1 191/172/1 189/173/1
f 190/174/1 189/173/1 191/172/1
f 205/175/1 197/176/1 206/177/1
f 196/101/1 206/177/1 197/176/1
f 202/178/1 201/179/1 203/180/1
f 203/180/1 201/179/1 204/181/1
f 198/182/1 204/181/1 201/179/1
f 199/183/1 198/182/1 201/179/1
f 201/179/1 200/184/1 199/183/1
f 204/181/1 198/182/1 205/175/1
f 197/176/1 205/175/1 198/182/1
f 206/177/1 196/101/1 207/185/1
f 195/186/1 207/185/1 196/101/1
f 163/187/1 162/75/1 165/188/1
f 165/188/1 164/189/1 163/187/1
f 212/190/1 211/191/1 213/81/1
f 211/191/1 210/192/1 213/81/1
f 168/168/1 213/81/1 210/192/1
f 210/192/1 209/193/1 168/168/1
f 169/194/1 168/168/1 209/193/1
f 209/193/1 208/195/1 169/194/1
f 170/196/1 169/194/1 208/195/1
f 208/195/1 207/185/1 170/196/1
f 171/169/1 170/196/1 207/185/1
f 207/185/1 195/186/1 171/169/1
f 183/170/1 171/169/1 195/186/1
f 195/186/1 194/197/1 183/170/1
f 184/198/1 183/170/1 194/197/1
f 194/197/1 193/199/1 184/198/1
f 185/200/1 184/198/1 193/199/1
f 193/199/1 192/171/1 185/200/1
f 186/201/1 185/200/1 192/171/1
f 192/171/1 189/173/1 186/201/1
f 187/202/1 186/201/1 189/173/1
f 188/203/1 187/202/1 189/173/1
f 219/76/1 218/24/1 217/92/1
f 221/81/1 220/54/1 214/75/1
f 217/92/1 216/16/1 215/27/1
f 215/27/1 214/75/1 217/92/1
f 214/75/1 220/54/1 217/92/1
f 219/76/1 217/92/1 220/54/1
f 277/102/1 276/103/1 275/104/1
f 275/104/1 274/105/1 225/106/1
f 235/107/1 234/108/1 263/109/1
f 263/109/1 234/108/1 264/110/1
f 234/108/1 233/111/1 264/110/1
f 264/110/1 233/111/1 265/112/1
f 233/111/1 232/113/1 265/112/1
f 266/114/1 265/112/1 232/113/1
f 232/113/1 231/115/1 266/114/1
f 267/116/1 266/114/1 231/115/1
f 231/115/1 230/117/1 267/116/1
f 268/118/1 267/116/1 230/117/1
f 230/117/1 229/119/1 268/118/1
f 269/120/1 268/118/1 229/119/1
f 270/121/1 269/120/1 229/119/1
f 229/119/1 228/122/1 270/121/1
f 271/123/1 270/121/1 228/122/1
f 228/122/1 227/124/1 271/123/1
f 272/125/1 271/123/1 227/124/1
f 273/126/1 272/125/1 227/124/1
f 227/124/1 226/127/1 273/126/1
f 274/105/1 273/126/1 226/127/1
f 225/106/1 274/105/1 226/127/1
f 275/104/1 225/106/1 224/128/1
f 224/128/1 279/81/1 275/104/1
f 277/102/1 275/104/1 279/81/1
f 279/81/1 278/129/1 277/102/1
f 236/130/1 262/131/1 237/132/1
f 237/132/1 262/131/1 261/133/1
f 261/133/1 260/101/1 237/132/1
f 260/101/1 238/134/1 237/132/1
f 257/135/1 256/136/1 240/137/1
f 256/136/1 241/100/1 240/137/1
f 238/134/1 260/101/1 259/138/1
f 259/138/1 258/139/1 238/134/1
f 239/140/1 238/134/1 258/139/1
f 258/139/1 257/135/1 239/140/1
f 257/135/1 240/137/1 239/140/1
f 254/141/1 253/142/1 243/143/1
f 250/144/1 249/145/1 248/146/1
f 250/144/1 248/146/1 247/147/1
f 243/143/1 253/142/1 252/148/1
f 244/149/1 243/143/1 252/148/1
f 252/148/1 251/150/1 244/149/1
f 245/151/1 244/149/1 251/150/1
f 251/150/1 250/144/1 245/151/1
f 246/152/1 245/151/1 250/144/1
f 250/144/1 247/147/1 246/152/1
f 241/100/1 256/136/1 255/153/1
f 242/154/1 241/100/1 255/153/1
f 255/153/1 254/141/1 242/154/1
f 254/141/1 243/143/1 242/154/1
f 235/107/1 263/109/1 262/131/1
f 262/131/1 236/130/1 235/107/1
f 279/81/1 224/128/1 223/155/1
f 223/155/1 222/75/1 279/81/1
f 354/204/1 353/205/1 351/206/1
f 352/207/1 351/206/1 353/205/1
f 345/208/1 359/209/1 346/210/1
f 359/209/1 358/211/1 346/210/1
f 347/212/1 346/210/1 358/211/1
f 347/212/1 358/211/1 348/213/1
f 358/211/1 357/153/1 348/213/1
f 349/214/1 348/213/1 357/153/1
f 357/153/1 356/24/1 349/214/1
f 350/148/1 349/214/1 356/24/1
f 356/24/1 355/215/1 350/148/1
f 351/206/1 350/148/1 355/215/1
f 354/204/1 351/206/1 355/215/1
f 389/216/1 388/217/1 303/218/1
f 303/218/1 302/219/1 389/216/1
f 390/220/1 389/216/1 302/219/1
f 291/221/1 400/222/1 292/223/1
f 363/224/1 340/225/1 364/139/1
f 340/225/1 363/224/1 341/226/1
f 362/227/1 341/226/1 363/224/1
f 293/228/1 292/223/1 399/126/1
f 292/223/1 400/222/1 399/126/1
f 341/226/1 362/227/1 342/229/1
f 343/145/1 342/229/1 362/227/1
f 361/230/1 343/145/1 362/227/1
f 312/231/1 311/232/1 382/233/1
f 295/234/1 294/122/1 398/235/1
f 294/122/1 293/228/1 398/235/1
f 293/228/1 399/126/1 398/235/1
f 343/145/1 361/230/1 344/236/1
f 361/230/1 360/237/1 344/236/1
f 345/208/1 344/236/1 360/237/1
f 359/209/1 345/208/1 360/237/1
f 382/233/1 311/232/1 383/238/1
f 311/232/1 310/239/1 383/238/1
f 310/239/1 309/240/1 383/238/1
f 384/241/1 383/238/1 309/240/1
f 309/240/1 308/108/1 384/241/1
f 385/116/1 384/241/1 308/108/1
f 308/108/1 307/242/1 385/116/1
f 307/242/1 306/243/1 385/116/1
f 386/244/1 385/116/1 306/243/1
f 306/243/1 305/245/1 386/244/1
f 387/246/1 386/244/1 305/245/1
f 305/245/1 304/247/1 387/246/1
f 388/217/1 387/246/1 304/247/1
f 303/218/1 388/217/1 304/247/1
f 390/220/1 302/219/1 301/115/1
f 391/248/1 390/220/1 301/115/1
f 301/115/1 300/249/1 391/248/1
f 392/121/1 391/248/1 300/249/1
f 393/250/1 392/121/1 300/249/1
f 300/249/1 299/27/1 393/250/1
f 394/54/1 393/250/1 299/27/1
f 299/27/1 298/251/1 394/54/1
f 395/252/1 394/54/1 298/251/1
f 298/251/1 297/253/1 395/252/1
f 396/254/1 395/252/1 297/253/1
f 297/253/1 296/255/1 396/254/1
f 397/256/1 396/254/1 296/255/1
f 296/255/1 295/234/1 397/256/1
f 295/234/1 398/235/1 397/256/1
f 365/257/1 339/258/1 338/259/1
f 366/260/1 365/257/1 338/259/1
f 338/259/1 367/261/1 366/260/1
f 288/262/1 403/263/1 289/264/1
f 403/263/1 402/265/1 289/264/1
f 290/266/1 289/264/1 402/265/1
f 401/267/1 290/266/1 402/265/1
f 367/261/1 338/259/1 337/92/1
f 368/268/1 367/261/1 337/92/1
f 314/269/1 380/270/1 315/132/1
f 287/106/1 405/271/1 288/262/1
f 405/271/1 404/272/1 288/262/1
f 403/263/1 288/262/1 404/272/1
f 284/273/1 283/274/1 410/275/1
f 410/275/1 409/276/1 284/273/1
f 413/81/1 412/277/1 280/75/1
f 280/75/1 412/277/1 281/278/1
f 282/279/1 281/278/1 412/277/1
f 412/277/1 411/280/1 282/279/1
f 283/274/1 282/279/1 411/280/1
f 410/275/1 283/274/1 411/280/1
f 368/268/1 337/92/1 336/152/1
f 369/281/1 368/268/1 336/152/1
f 336/152/1 335/282/1 369/281/1
f 370/283/1 369/281/1 335/282/1
f 335/282/1 334/284/1 370/283/1
f 371/133/1 370/283/1 334/284/1
f 334/284/1 333/285/1 371/133/1
f 372/286/1 371/133/1 333/285/1
f 333/285/1 332/287/1 372/286/1
f 373/288/1 372/286/1 332/287/1
f 332/287/1 331/289/1 373/288/1
f 331/289/1 330/290/1 373/288/1
f 374/291/1 373/288/1 330/290/1
f 330/290/1 329/143/1 374/291/1
f 375/76/1 374/291/1 329/143/1
f 329/143/1 328/292/1 375/76/1
f 376/293/1 375/76/1 328/292/1
f 328/292/1 327/294/1 376/293/1
f 327/294/1 326/295/1 376/293/1
f 326/295/1 325/296/1 376/293/1
f 325/296/1 324/297/1 376/293/1
f 377/298/1 376/293/1 324/297/1
f 324/297/1 323/299/1 377/298/1
f 323/299/1 322/137/1 377/298/1
f 322/137/1 321/300/1 377/298/1
f 321/300/1 320/301/1 377/298/1
f 320/301/1 319/302/1 377/298/1
f 378/110/1 377/298/1 319/302/1
f 319/302/1 318/16/1 378/110/1
f 318/16/1 317/303/1 378/110/1
f 379/304/1 378/110/1 317/303/1
f 317/303/1 316/305/1 379/304/1
f 380/270/1 379/304/1 316/305/1
f 315/132/1 380/270/1 316/305/1
f 284/273/1 409/276/1 285/306/1
f 409/276/1 408/307/1 285/306/1
f 408/307/1 407/308/1 285/306/1
f 286/309/1 285/306/1 407/308/1
f 407/308/1 406/103/1 286/309/1
f 287/106/1 286/309/1 406/103/1
f 405/271/1 287/106/1 406/103/1
f 364/139/1 340/225/1 339/258/1
f 339/258/1 365/257/1 364/139/1
f 380/270/1 314/269/1 381/310/1
f 314/269/1 313/311/1 381/310/1
f 382/233/1 381/310/1 313/311/1
f 312/231/1 382/233/1 313/311/1
f 290/266/1 401/267/1 291/221/1
f 400/222/1 291/221/1 401/267/1
f 435/1/1 434/2/1 464/3/1
f 464/3/1 463/4/1 435/1/1
f 436/5/1 435/1/1 463/4/1
f 463/4/1 462/6/1 436/5/1
f 437/7/1 436/5/1 462/6/1
f 462/6/1 511/8/1 437/7/1
f 438/9/1 437/7/1 511/8/1
f 439/10/1 438/9/1 511/8/1
f 511/8/1 510/11/1 439/10/1
f 440/12/1 439/10/1 510/11/1
f 510/11/1 509/13/1 440/12/1
f 441/14/1 440/12/1 509/13/1
f 509/13/1 508/15/1 441/14/1
f 442/16/1 441/14/1 508/15/1
f 471/17/1 426/18/1 472/19/1
f 499/20/1 449/21/1 500/22/1
f 426/18/1 471/17/1 427/23/1
f 470/24/1 427/23/1 471/17/1
f 448/25/1 501/26/1 500/22/1
f 500/22/1 449/21/1 448/25/1
f 427/23/1 470/24/1 428/27/1
f 469/28/1 428/27/1 470/24/1
f 503/29/1 502/30/1 446/31/1
f 447/32/1 446/31/1 502/30/1
f 502/30/1 501/26/1 447/32/1
f 501/26/1 448/25/1 447/32/1
f 428/27/1 469/28/1 429/33/1
f 469/28/1 468/34/1 429/33/1
f 430/35/1 429/33/1 468/34/1
f 468/34/1 467/36/1 430/35/1
f 431/37/1 430/35/1 467/36/1
f 432/38/1 431/37/1 467/36/1
f 467/36/1 466/39/1 432/38/1
f 433/40/1 432/38/1 466/39/1
f 466/39/1 465/41/1 433/40/1
f 434/2/1 433/40/1 465/41/1
f 464/3/1 434/2/1 465/41/1
f 442/16/1 508/15/1 507/42/1
f 443/43/1 442/16/1 507/42/1
f 507/42/1 506/44/1 443/43/1
f 444/45/1 443/43/1 506/44/1
f 506/44/1 505/46/1 444/45/1
f 505/46/1 504/47/1 444/45/1
f 445/48/1 444/45/1 504/47/1
f 504/47/1 503/29/1 445/48/1
f 503/29/1 446/31/1 445/48/1
f 473/49/1 424/50/1 474/51/1
f 497/52/1 450/53/1 498/54/1
f 474/51/1 424/50/1 423/55/1
f 423/55/1 475/56/1 474/51/1
f 496/57/1 451/58/1 497/52/1
f 450/53/1 497/52/1 451/58/1
f 477/59/1 421/60/1 420/61/1
f 420/61/1 478/62/1 477/59/1
f 475/56/1 423/55/1 422/63/1
f 476/64/1 475/56/1 422/63/1
f 422/63/1 421/60/1 476/64/1
f 421/60/1 477/59/1 476/64/1
f 496/57/1 495/65/1 452/66/1
f 451/58/1 496/57/1 452/66/1
f 417/67/1 416/68/1 480/69/1
f 416/68/1 481/70/1 480/69/1
f 485/71/1 487/72/1 486/73/1
f 483/74/1 414/75/1 487/72/1
f 484/76/1 483/74/1 487/72/1
f 487/72/1 485/71/1 484/76/1
f 481/70/1 416/68/1 415/77/1
f 482/78/1 481/70/1 415/77/1
f 415/77/1 414/75/1 482/78/1
f 414/75/1 483/74/1 482/78/1
f 461/79/1 460/80/1 512/81/1
f 460/80/1 459/82/1 512/81/1
f 488/83/1 512/81/1 459/82/1
f 459/82/1 458/84/1 488/83/1
f 478/62/1 420/61/1 419/85/1
f 419/85/1 418/86/1 478/62/1
f 479/87/1 478/62/1 418/86/1
f 418/86/1 417/67/1 479/87/1
f 417/67/1 480/69/1 479/87/1
f 488/83/1 458/84/1 489/88/1
f 490/89/1 489/88/1 458/84/1
f 458/84/1 457/90/1 490/89/1
f 491/91/1 490/89/1 457/90/1
f 457/90/1 456/92/1 491/91/1
f 492/93/1 491/91/1 456/92/1
f 456/92/1 455/94/1 492/93/1
f 493/95/1 492/93/1 455/94/1
f 455/94/1 454/96/1 493/95/1
f 494/97/1 493/95/1 454/96/1
f 454/96/1 453/98/1 494/97/1
f 495/65/1 494/97/1 453/98/1
f 452/66/1 495/65/1 453/98/1
f 424/50/1 473/49/1 425/99/1
f 426/18/1 425/99/1 473/49/1
f 472/19/1 426/18/1 473/49/1
f 511/8/1 462/6/1 512/81/1
f 449/21/1 499/20/1 498/54/1
f 498/54/1 450/53/1 449/21/1
f 461/79/1 512/81/1 462/6/1
f 518/76/1 517/24/1 516/92/1
f 520/81/1 519/54/1 513/75/1
f 516/92/1 515/16/1 514/27/1
f 514/27/1 513/75/1 516/92/1
f 513/75/1 519/54/1 516/92/1
f 518/76/1 516/92/1 519/54/1
f 542/1/2 571/3/2 541/2/2
f 571/3/2 542/1/2 570/4/2
f 543/5/2 570/4/2 542/1/2
f 570/4/2 543/5/2 569/6/2
f 544/7/2 569/6/2 543/5/2
f 569/6/2 544/7/2 618/8/2
f 545/9/2 618/8/2 544/7/2
f 546/10/2 618/8/2 545/9/2
f 618/8/2 546/10/2 617/11/2
f 547/12/2 617/11/2 546/10/2
f 617/11/2 547/12/2 616/13/2
f 548/14/2 616/13/2 547/12/2
f 616/13/2 548/14/2 615/15/2
f 549/16/2 615/15/2 548/14/2
f 578/17/2 579/19/2 533/18/2
f 606/20/2 607/22/2 556/21/2
f 533/18/2 534/23/2 578/17/2
f 577/24/2 578/17/2 534/23/2
f 555/25/2 607/22/2 608/26/2
f 607/22/2 555/25/2 556/21/2
f 534/23/2 535/27/2 577/24/2
f 576/28/2 577/24/2 535/27/2
f 610/29/2 553/31/2 609/30/2
f 554/32/2 609/30/2 553/31/2
f 609/30/2 554/32/2 608/26/2
f 608/26/2 554/32/2 555/25/2
f 535/27/2 536/33/2 576/28/2
f 576/28/2 536/33/2 575/34/2
f 537/35/2 575/34/2 536/33/2
f 575/34/2 537/35/2 574/36/2
f 538/37/2 574/36/2 537/35/2
f 539/38/2 574/36/2 538/37/2
f 574/36/2 539/38/2 573/39/2
f 540/40/2 573/39/2 539/38/2
f 573/39/2 540/40/2 572/41/2
f 541/2/2 572/41/2 540/40/2
f 571/3/2 572/41/2 541/2/2
f 549/16/2 614/42/2 615/15/2
f 550/43/2 614/42/2 549/16/2
f 614/42/2 550/43/2 613/44/2
f 551/45/2 613/44/2 550/43/2
f 613/44/2 551/45/2 612/46/2
f 612/46/2 551/45/2 611/47/2
f 552/48/2 611/47/2 551/45/2
f 611/47/2 552/48/2 610/29/2
f 610/29/2 552/48/2 553/31/2
f 580/49/2 581/51/2 531/50/2
f 604/52/2 605/54/2 557/53/2
f 581/51/2 530/55/2 531/50/2
f 530/55/2 581/51/2 582/56/2
f 603/57/2 604/52/2 558/58/2
f 557/53/2 558/58/2 604/52/2
f 584/59/2 527/61/2 528/60/2
f 527/61/2 584/59/2 585/62/2
f 582/56/2 529/63/2 530/55/2
f 583/64/2 529/63/2 582/56/2
f 529/63/2 583/64/2 528/60/2
f 528/60/2 583/64/2 584/59/2
f 603/57/2 559/66/2 602/65/2
f 558/58/2 559/66/2 603/57/2
f 524/67/2 587/69/2 523/68/2
f 523/68/2 587/69/2 588/70/2
f 592/71/2 593/73/2 594/72/2
f 590/74/2 594/72/2 521/75/2
f 591/76/2 594/72/2 590/74/2
f 594/72/2 591/76/2 592/71/2
f 588/70/2 522/77/2 523/68/2
f 589/78/2 522/77/2 588/70/2
f 522/77/2 589/78/2 521/75/2
f 521/75/2 589/78/2 590/74/2
f 568/79/2 619/81/2 567/80/2
f 567/80/2 619/81/2 566/82/2
f 595/83/2 566/82/2 619/81/2
f 566/82/2 595/83/2 565/84/2
f 585/62/2 526/85/2 527/61/2
f 526/85/2 585/62/2 525/86/2
f 586/87/2 525/86/2 585/62/2
f 525/86/2 586/87/2 524/67/2
f 524/67/2 586/87/2 587/69/2
f 595/83/2 596/88/2 565/84/2
f 597/89/2 565/84/2 596/88/2
f 565/84/2 597/89/2 564/90/2
f 598/91/2 564/90/2 597/89/2
f 564/90/2 598/91/2 563/92/2
f 599/93/2 563/92/2 598/91/2
f 563/92/2 599/93/2 562/94/2
f 600/95/2 562/94/2 599/93/2
f 562/94/2 600/95/2 561/96/2
f 601/97/2 561/96/2 600/95/2
f 561/96/2 601/97/2 560/98/2
f 602/65/2 560/98/2 601/97/2
f 559/66/2 560/98/2 602/65/2
f 531/50/2 532/99/2 580/49/2
f 533/18/2 580/49/2 532/99/2
f 579/19/2 580/49/2 533/18/2
f 618/8/2 619/81/2 569/6/2
f 556/21/2 605/54/2 606/20/2
f 605/54/2 556/21/2 557/53/2
f 568/79/2 569/6/2 619/81/2
f 621/100/2 623/81/2 620/75/2
f 623/81/2 621/100/2 622/101/2
f 679/102/2 677/104/2 678/103/2
f 677/104/2 627/106/2 676/105/2
f 637/107/2 665/109/2 636/108/2
f 665/109/2 666/110/2 636/108/2
f 636/108/2 666/110/2 635/111/2
f 666/110/2 667/112/2 635/111/2
f 635/111/2 667/112/2 634/113/2
f 668/114/2 634/113/2 667/112/2
f 634/113/2 668/114/2 633/115/2
f 669/116/2 633/115/2 668/114/2
f 633/115/2 669/116/2 632/117/2
f 670/118/2 632/117/2 669/116/2
f 632/117/2 670/118/2 631/119/2
f 671/120/2 631/119/2 670/118/2
f 672/121/2 631/119/2 671/120/2
f 631/119/2 672/121/2 630/122/2
f 673/123/2 630/122/2 672/121/2
f 630/122/2 673/123/2 629/124/2
f 674/125/2 629/124/2 673/123/2
f 675/126/2 629/124/2 674/125/2
f 629/124/2 675/126/2 628/127/2
f 676/105/2 628/127/2 675/126/2
f 627/106/2 628/127/2 676/105/2
f 677/104/2 626/128/2 627/106/2
f 626/128/2 677/104/2 681/81/2
f 679/102/2 681/81/2 677/104/2
f 681/81/2 679/102/2 680/129/2
f 638/130/2 639/132/2 664/131/2
f 639/132/2 663/133/2 664/131/2
f 663/133/2 639/132/2 662/101/2
f 662/101/2 639/132/2 640/134/2
f 659/135/2 642/137/2 658/136/2
f 658/136/2 642/137/2 643/100/2
f 640/134/2 661/138/2 662/101/2
f 661/138/2 640/134/2 660/139/2
f 641/140/2 660/139/2 640/134/2
f 660/139/2 641/140/2 659/135/2
f 659/135/2 641/140/2 642/137/2
f 656/141/2 645/143/2 655/142/2
f 652/144/2 650/146/2 651/145/2
f 652/144/2 649/147/2 650/146/2
f 645/143/2 654/148/2 655/142/2
f 646/149/2 654/148/2 645/143/2
f 654/148/2 646/149/2 653/150/2
f 647/151/2 653/150/2 646/149/2
f 653/150/2 647/151/2 652/144/2
f 648/152/2 652/144/2 647/151/2
f 652/144/2 648/152/2 649/147/2
f 643/100/2 657/153/2 658/136/2
f 644/154/2 657/153/2 643/100/2
f 657/153/2 644/154/2 656/141/2
f 656/141/2 644/154/2 645/143/2
f 637/107/2 664/131/2 665/109/2
f 664/131/2 637/107/2 638/130/2
f 681/81/2 625/155/2 626/128/2
f 625/155/2 681/81/2 624/75/2
f 697/156/2 695/158/2 696/157/2
f 700/159/2 697/156/2 699/100/2
f 698/160/2 699/100/2 697/156/2
f 701/161/2 693/163/2 694/162/2
f 692/164/2 693/163/2 702/165/2
f 701/161/2 702/165/2 693/163/2
f 697/156/2 694/162/2 695/158/2
f 700/159/2 694/162/2 697/156/2
f 694/162/2 700/159/2 701/161/2
f 686/166/2 687/167/2 733/81/2
f 687/167/2 688/168/2 733/81/2
f 691/169/2 692/164/2 703/170/2
f 702/165/2 703/170/2 692/164/2
f 712/171/2 709/173/2 711/172/2
f 710/174/2 711/172/2 709/173/2
f 725/175/2 726/177/2 717/176/2
f 716/101/2 717/176/2 726/177/2
f 722/178/2 723/180/2 721/179/2
f 723/180/2 724/181/2 721/179/2
f 718/182/2 721/179/2 724/181/2
f 719/183/2 721/179/2 718/182/2
f 721/179/2 719/183/2 720/184/2
f 724/181/2 725/175/2 718/182/2
f 717/176/2 718/182/2 725/175/2
f 726/177/2 727/185/2 716/101/2
f 715/186/2 716/101/2 727/185/2
f 683/187/2 685/188/2 682/75/2
f 685/188/2 683/187/2 684/189/2
f 732/190/2 733/81/2 731/191/2
f 731/191/2 733/81/2 730/192/2
f 688/168/2 730/192/2 733/81/2
f 730/192/2 688/168/2 729/193/2
f 689/194/2 729/193/2 688/168/2
f 729/193/2 689/194/2 728/195/2
f 690/196/2 728/195/2 689/194/2
f 728/195/2 690/196/2 727/185/2
f 691/169/2 727/185/2 690/196/2
f 727/185/2 691/169/2 715/186/2
f 703/170/2 715/186/2 691/169/2
f 715/186/2 703/170/2 714/197/2
f 704/198/2 714/197/2 703/170/2
f 714/197/2 704/198/2 713/199/2
f 705/200/2 713/199/2 704/198/2
f 713/199/2 705/200/2 712/171/2
f 706/201/2 712/171/2 705/200/2
f 712/171/2 706/201/2 709/173/2
f 707/202/2 709/173/2 706/201/2
f 708/203/2 709/173/2 707/202/2
f 739/76/2 737/92/2 738/24/2
f 741/81/2 734/75/2 740/54/2
f 737/92/2 735/27/2 736/16/2
f 735/27/2 737/92/2 734/75/2
f 734/75/2 737/92/2 740/54/2
f 739/76/2 740/54/2 737/92/2
f 797/102/2 795/104/2 796/103/2
f 795/104/2 745/106/2 794/105/2
f 755/107/2 783/109/2 754/108/2
f 783/109/2 784/110/2 754/108/2
f 754/108/2 784/110/2 753/111/2
f 784/110/2 785/112/2 753/111/2
f 753/111/2 785/112/2 752/113/2
f 786/114/2 752/113/2 785/112/2
f 752/113/2 786/114/2 751/115/2
f 787/116/2 751/115/2 786/114/2
f 751/115/2 787/116/2 750/117/2
f 788/118/2 750/117/2 787/116/2
f 750/117/2 788/118/2 749/119/2
f 789/120/2 749/119/2 788/118/2
f 790/121/2 749/119/2 789/120/2
f 749/119/2 790/121/2 748/122/2
f 791/123/2 748/122/2 790/121/2
f 748/122/2 791/123/2 747/124/2
f 792/125/2 747/124/2 791/123/2
f 793/126/2 747/124/2 792/125/2
f 747/124/2 793/126/2 746/127/2
f 794/105/2 746/127/2 793/126/2
f 745/106/2 746/127/2 794/105/2
f 795/104/2 744/128/2 745/106/2
f 744/128/2 795/104/2 799/81/2
f 797/102/2 799/81/2 795/104/2
f 799/81/2 797/102/2 798/129/2
f 756/130/2 757/132/2 782/131/2
f 757/132/2 781/133/2 782/131/2
f 781/133/2 757/132/2 780/101/2
f 780/101/2 757/132/2 758/134/2
f 777/135/2 760/137/2 776/136/2
f 776/136/2 760/137/2 761/100/2
f 758/134/2 779/138/2 780/101/2
f 779/138/2 758/134/2 778/139/2
f 759/140/2 778/139/2 758/134/2
f 778/139/2 759/140/2 777/135/2
f 777/135/2 759/140/2 760/137/2
f 774/141/2 763/143/2 773/142/2
f 770/144/2 768/146/2 769/145/2
f 770/144/2 767/147/2 768/146/2
f 763/143/2 772/148/2 773/142/2
f 764/149/2 772/148/2 763/143/2
f 772/148/2 764/149/2 771/150/2
f 765/151/2 771/150/2 764/149/2
f 771/150/2 765/151/2 770/144/2
f 766/152/2 770/144/2 765/151/2
f 770/144/2 766/152/2 767/147/2
f 761/100/2 775/153/2 776/136/2
f 762/154/2 775/153/2 761/100/2
f 775/153/2 762/154/2 774/141/2
f 774/141/2 762/154/2 763/143/2
f 755/107/2 782/131/2 783/109/2
f 782/131/2 755/107/2 756/130/2
f 799/81/2 743/155/2 744/128/2
f 743/155/2 799/81/2 742/75/2
f 874/204/2 871/206/2 873/205/2
f 872/207/2 873/205/2 871/206/2
f 865/208/2 866/210/2 879/209/2
f 879/209/2 866/210/2 878/211/2
f 867/212/2 878/211/2 866/210/2
f 867/212/2 868/213/2 878/211/2
f 878/211/2 868/213/2 877/153/2
f 869/214/2 877/153/2 868/213/2
f 877/153/2 869/214/2 876/24/2
f 870/148/2 876/24/2 869/214/2
f 876/24/2 870/148/2 875/215/2
f 871/206/2 875/215/2 870/148/2
f 874/204/2 875/215/2 871/206/2
f 909/216/2 823/218/2 908/217/2
f 823/218/2 909/216/2 822/219/2
f 910/220/2 822/219/2 909/216/2
f 811/221/2 812/223/2 920/222/2
f 883/224/2 884/139/2 860/225/2
f 860/225/2 861/226/2 883/224/2
f 882/227/2 883/224/2 861/226/2
f 813/228/2 919/126/2 812/223/2
f 812/223/2 919/126/2 920/222/2
f 861/226/2 862/229/2 882/227/2
f 863/145/2 882/227/2 862/229/2
f 881/230/2 882/227/2 863/145/2
f 832/231/2 902/233/2 831/232/2
f 815/234/2 918/235/2 814/122/2
f 814/122/2 918/235/2 813/228/2
f 813/228/2 918/235/2 919/126/2
f 863/145/2 864/236/2 881/230/2
f 881/230/2 864/236/2 880/237/2
f 865/208/2 880/237/2 864/236/2
f 879/209/2 880/237/2 865/208/2
f 902/233/2 903/238/2 831/232/2
f 831/232/2 903/238/2 830/239/2
f 830/239/2 903/238/2 829/240/2
f 904/241/2 829/240/2 903/238/2
f 829/240/2 904/241/2 828/108/2
f 905/116/2 828/108/2 904/241/2
f 828/108/2 905/116/2 827/242/2
f 827/242/2 905/116/2 826/243/2
f 906/244/2 826/243/2 905/116/2
f 826/243/2 906/244/2 825/245/2
f 907/246/2 825/245/2 906/244/2
f 825/245/2 907/246/2 824/247/2
f 908/217/2 824/247/2 907/246/2
f 823/218/2 824/247/2 908/217/2
f 910/220/2 821/115/2 822/219/2
f 911/248/2 821/115/2 910/220/2
f 821/115/2 911/248/2 820/249/2
f 912/121/2 820/249/2 911/248/2
f 913/250/2 820/249/2 912/121/2
f 820/249/2 913/250/2 819/27/2
f 914/54/2 819/27/2 913/250/2
f 819/27/2 914/54/2 818/251/2
f 915/252/2 818/251/2 914/54/2
f 818/251/2 915/252/2 817/253/2
f 916/254/2 817/253/2 915/252/2
f 817/253/2 916/254/2 816/255/2
f 917/256/2 816/255/2 916/254/2
f 816/255/2 917/256/2 815/234/2
f 815/234/2 917/256/2 918/235/2
f 885/257/2 858/259/2 859/258/2
f 886/260/2 858/259/2 885/257/2
f 858/259/2 886/260/2 887/261/2
f 808/262/2 809/264/2 923/263/2
f 923/263/2 809/264/2 922/265/2
f 810/266/2 922/265/2 809/264/2
f 921/267/2 922/265/2 810/266/2
f 887/261/2 857/92/2 858/259/2
f 888/268/2 857/92/2 887/261/2
f 834/269/2 835/132/2 900/270/2
f 807/106/2 808/262/2 925/271/2
f 925/271/2 808/262/2 924/272/2
f 923/263/2 924/272/2 808/262/2
f 804/273/2 930/275/2 803/274/2
f 930/275/2 804/273/2 929/276/2
f 933/81/2 800/75/2 932/277/2
f 800/75/2 801/278/2 932/277/2
f 802/279/2 932/277/2 801/278/2
f 932/277/2 802/279/2 931/280/2
f 803/274/2 931/280/2 802/279/2
f 930/275/2 931/280/2 803/274/2
f 888/268/2 856/152/2 857/92/2
f 889/281/2 856/152/2 888/268/2
f 856/152/2 889/281/2 855/282/2
f 890/283/2 855/282/2 889/281/2
f 855/282/2 890/283/2 854/284/2
f 891/133/2 854/284/2 890/283/2
f 854/284/2 891/133/2 853/285/2
f 892/286/2 853/285/2 891/133/2
f 853/285/2 892/286/2 852/287/2
f 893/288/2 852/287/2 892/286/2
f 852/287/2 893/288/2 851/289/2
f 851/289/2 893/288/2 850/290/2
f 894/291/2 850/290/2 893/288/2
f 850/290/2 894/291/2 849/143/2
f 895/76/2 849/143/2 894/291/2
f 849/143/2 895/76/2 848/292/2
f 896/293/2 848/292/2 895/76/2
f 848/292/2 896/293/2 847/294/2
f 847/294/2 896/293/2 846/295/2
f 846/295/2 896/293/2 845/296/2
f 845/296/2 896/293/2 844/297/2
f 897/298/2 844/297/2 896/293/2
f 844/297/2 897/298/2 843/299/2
f 843/299/2 897/298/2 842/137/2
f 842/137/2 897/298/2 841/300/2
f 841/300/2 897/298/2 840/301/2
f 840/301/2 897/298/2 839/302/2
f 898/110/2 839/302/2 897/298/2
f 839/302/2 898/110/2 838/16/2
f 838/16/2 898/110/2 837/303/2
f 899/304/2 837/303/2 898/110/2
f 837/303/2 899/304/2 836/305/2
f 900/270/2 836/305/2 899/304/2
f 835/132/2 836/305/2 900/270/2
f 804/273/2 805/306/2 929/276/2
f 929/276/2 805/306/2 928/307/2
f 928/307/2 805/306/2 927/308/2
f 806/309/2 927/308/2 805/306/2
f 927/308/2 806/309/2 926/103/2
f 807/106/2 926/103/2 806/309/2
f 925/271/2 926/103/2 807/106/2
f 884/139/2 859/258/2 860/225/2
f 859/258/2 884/139/2 885/257/2
f 900/270/2 901/310/2 834/269/2
f 834/269/2 901/310/2 833/311/2
f 902/233/2 833/311/2 901/310/2
f 832/231/2 833/311/2 902/233/2
f 810/266/2 811/221/2 921/267/2
f 920/222/2 921/267/2 811/221/2
f 955/1/2 984/3/2 954/2/2
f 984/3/2 955/1/2 983/4/2
f 956/5/2 983/4/2 955/1/2
f 983/4/2 956/5/2 982/6/2
f 957/7/2 982/6/2 956/5/2
f 982/6/2 957/7/2 1031/8/2
f 958/9/2 1031/8/2 957/7/2
f 959/10/2 1031/8/2 958/9/2
f 1031/8/2 959/10/2 1030/11/2
f 960/12/2 1030/11/2 959/10/2
f 1030/11/2 960/12/2 1029/13/2
f 961/14/2 1029/13/2 960/12/2
f 1029/13/2 961/14/2 1028/15/2
f 962/16/2 1028/15/2 961/14/2
f 991/17/2 992/19/2 946/18/2
f 1019/20/2 1020/22/2 969/21/2
f 946/18/2 947/23/2 991/17/2
f 990/24/2 991/17/2 947/23/2
f 968/25/2 1020/22/2 1021/26/2
f 1020/22/2 968/25/2 969/21/2
f 947/23/2 948/27/2 990/24/2
f 989/28/2 990/24/2 948/27/2
f 1023/29/2 966/31/2 1022/30/2
f 967/32/2 1022/30/2 966/31/2
f 1022/30/2 967/32/2 1021/26/2
f 1021/26/2 967/32/2 968/25/2
f 948/27/2 949/33/2 989/28/2
f 989/28/2 949/33/2 988/34/2
f 950/35/2 988/34/2 949/33/2
f 988/34/2 950/35/2 987/36/2
f 951/37/2 987/36/2 950/35/2
f 952/38/2 987/36/2 951/37/2
f 987/36/2 952/38/2 986/39/2
f 953/40/2 986/39/2 952/38/2
f 986/39/2 953/40/2 985/41/2
f 954/2/2 985/41/2 953/40/2
f 984/3/2 985/41/2 954/2/2
f 962/16/2 1027/42/2 1028/15/2
f 963/43/2 1027/42/2 962/16/2
f 1027/42/2 963/43/2 1026/44/2
f 964/45/2 1026/44/2 963/43/2
f 1026/44/2 964/45/2 1025/46/2
f 1025/46/2 964/45/2 1024/47/2
f 965/48/2 1024/47/2 964/45/2
f 1024/47/2 965/48/2 1023/29/2
f 1023/29/2 965/48/2 966/31/2
f 993/49/2 994/51/2 944/50/2
f 1017/52/2 1018/54/2 970/53/2
f 994/51/2 943/55/2 944/50/2
f 943/55/2 994/51/2 995/56/2
f 1016/57/2 1017/52/2 971/58/2
f 970/53/2 971/58/2 1017/52/2
f 997/59/2 940/61/2 941/60/2
f 940/61/2 997/59/2 998/62/2
f 995/56/2 942/63/2 943/55/2
f 996/64/2 942/63/2 995/56/2
f 942/63/2 996/64/2 941/60/2
f 941/60/2 996/64/2 997/59/2
f 1016/57/2 972/66/2 1015/65/2
f 971/58/2 972/66/2 1016/57/2
f 937/67/2 1000/69/2 936/68/2
f 936/68/2 1000/69/2 1001/70/2
f 1005/71/2 1006/73/2 1007/72/2
f 1003/74/2 1007/72/2 934/75/2
f 1004/76/2 1007/72/2 1003/74/2
f 1007/72/2 1004/76/2 1005/71/2
f 1001/70/2 935/77/2 936/68/2
f 1002/78/2 935/77/2 1001/70/2
f 935/77/2 1002/78/2 934/75/2
f 934/75/2 1002/78/2 1003/74/2
f 981/79/2 1032/81/2 980/80/2
f 980/80/2 1032/81/2 979/82/2
f 1008/83/2 979/82/2 1032/81/2
f 979/82/2 1008/83/2 978/84/2
f 998/62/2 939/85/2 940/61/2
f 939/85/2 998/62/2 938/86/2
f 999/87/2 938/86/2 998/62/2
f 938/86/2 999/87/2 937/67/2
f 937/67/2 999/87/2 1000/69/2
f 1008/83/2 1009/88/2 978/84/2
f 1010/89/2 978/84/2 1009/88/2
f 978/84/2 1010/89/2 977/90/2
f 1011/91/2 977/90/2 1010/89/2
f 977/90/2 1011/91/2 976/92/2
f 1012/93/2 976/92/2 1011/91/2
f 976/92/2 1012/93/2 975/94/2
f 1013/95/2 975/94/2 1012/93/2
f 975/94/2 1013/95/2 974/96/2
f 1014/97/2 974/96/2 1013/95/2
f 974/96/2 1014/97/2 973/98/2
f 1015/65/2 973/98/2 1014/97/2
f 972/66/2 973/98/2 1015/65/2
f 944/50/2 945/99/2 993/49/2
f 946/18/2 993/49/2 945/99/2
f 992/19/2 993/49/2 946/18/2
f 1031/8/2 1032/81/2 982/6/2
f 969/21/2 1018/54/2 1019/20/2
f 1018/54/2 969/21/2 970/53/2
f 981/79/2 982/6/2 1032/81/2
f 1038/76/2 1036/92/2 1037/24/2
f 1040/81/2 1033/75/2 1039/54/2
f 1036/92/2 1034/27/2 1035/16/2
f 1034/27/2 1036/92/2 1033/75/2
f 1033/75/2 1036/92/2 1039/54/2
f 1038/76/2 1039/54/2 1036/92/2
s 1
f 1042/312/3 1056/313/3 1055/314/3 1041/75/3
f 1043/315/3 1057/316/3 1056/313/3 1042/312/3
f 1044/317/3 1058/318/3 1057/316/3 1043/315/3
f 1045/319/3 1059/320/3 1058/318/3 1044/317/3
f 1046/321/3 1060/322/3 1059/320/3 1045/319/3
f 1047/323/4 1061/324/5 1060/322/3 1046/321/3
f 1048/325/6 1062/326/7 1061/324/5 1047/323/4
f 1049/327/8 1063/328/8 1062/326/7 1048/325/6
f 1050/329/8 1064/330/8 1063/328/8 1049/327/8
f 1051/331/8 1065/332/8 1064/330/8 1050/329/8
f 1052/333/8 1066/334/8 1065/332/8 1051/331/8
f 1053/335/8 1067/336/8 1066/334/8 1052/333/8
f 1054/337/8 1068/338/8 1067/336/8 1053/335/8
f 1056/313/3 1070/339/9 1069/340/9 1055/314/3
f 1057/316/3 1071/341/9 1070/339/9 1056/313/3
f 1058/318/3 1072/342/9 1071/341/9 1057/316/3
f 1059/320/3 1073/343/9 1072/342/9 1058/318/3
f 1060/322/3 1074/344/9 1073/343/9 1059/320/3
f 1061/324/5 1075/345/10 1074/344/9 1060/322/3
f 1062/326/7 1076/346/11 1075/345/10 1061/324/5
f 1063/328/8 1077/347/12 1076/346/11 1062/326/7
f 1064/330/8 1078/348/12 1077/347/12 1063/328/8
f 1065/332/8 1079/349/12 1078/348/12 1064/330/8
f 1066/334/8 1080/350/12 1079/349/12 1065/332/8
f 1067/336/8 1081/351/12 1080/350/12 1066/334/8
f 1068/338/8 1082/352/12 1081/351/12 1067/336/8
f 1070/339/9 1084/353/9 1083/354/9 1069/340/9
f 1071/341/9 1085/355/13 1084/353/9 1070/339/9
f 1072/342/9 1086/356/9 1085/355/13 1071/341/9
f 1073/343/9 1087/357/9 1086/356/9 1072/342/9
f 1074/344/9 1088/358/9 1087/357/9 1073/343/9
f 1075/345/10 1089/359/14 1088/358/9 1074/344/9
f 1076/346/11 1090/360/15 1089/359/14 1075/345/10
f 1077/347/12 1091/361/12 1090/360/15 1076/346/11
f 1078/348/12 1092/362/12 1091/361/12 1077/347/12
f 1079/349/12 1093/363/12 1092/362/12 1078/348/12
f 1080/350/12 1094/364/16 1093/363/12 1079/349/12
f 1081/351/12 1095/365/12 1094/364/16 1080/350/12
f 1082/352/12 1096/366/12 1095/365/12 1081/351/12
f 1084/353/9 1098/367/9 1097/4/9 1083/354/9
f 1085/355/13 1099/368/9 1098/367/9 1084/353/9
f 1086/356/9 1100/369/9 1099/368/9 1085/355/13
f 1087/357/9 1101/370/9 1100/369/9 1086/356/9
f 1088/358/9 1102/371/9 1101/370/9 1087/357/9
f 1089/359/14 1103/372/10 1102/371/9 1088/358/9
f 1090/360/15 1104/373/11 1103/372/10 1089/359/14
f 1091/361/12 1105/374/12 1104/373/11 1090/360/15
f 1092/362/12 1106/375/12 1105/374/12 1091/361/12
f 1093/363/12 1107/376/12 1106/375/12 1092/362/12
f 1094/364/16 1108/377/12 1107/376/12 1093/363/12
f 1095/365/12 1109/378/12 1108/377/12 1094/364/16
f 1096/366/12 1110/379/12 1109/378/12 1095/365/12
f 1098/367/9 1112/380/17 1111/381/17 1097/4/9
f 1099/368/9 1113/382/17 1112/380/17 1098/367/9
f 1100/369/9 1114/383/17 1113/382/17 1099/368/9
f 1101/370/9 1115/384/17 1114/383/17 1100/369/9
f 1102/371/9 1116/385/17 1115/384/17 1101/370/9
f 1103/372/10 1117/386/18 1116/385/17 1102/371/9
f 1104/373/11 1118/387/19 1117/386/18 1103/372/10
f 1105/374/12 1119/388/20 1118/387/19 1104/373/11
f 1106/375/12 1120/389/20 1119/388/20 1105/374/12
f 1107/376/12 1121/390/20 1120/389/20 1106/375/12
f 1108/377/12 1122/391/20 1121/390/20 1107/376/12
f 1109/378/12 1123/392/20 1122/391/20 1108/377/12
f 1110/379/12 1124/393/20 1123/392/20 1109/378/12
f 1112/380/17 1126/394/21 1125/395/21 1111/381/17
f 1113/382/17 1127/396/21 1126/394/21 1112/380/17
f 1114/383/17 1128/397/21 1127/396/21 1113/382/17
f 1115/384/17 1129/398/21 1128/397/21 1114/383/17
f 1116/385/17 1130/399/21 1129/398/21 1115/384/17
f 1117/386/18 1131/400/22 1130/399/21 1116/385/17
f 1118/387/19 1132/401/23 1131/400/22 1117/386/18
f 1119/388/20 1133/402/24 1132/401/23 1118/387/19
f 1120/389/20 1134/403/24 1133/402/24 1119/388/20
f 1121/390/20 1135/404/24 1134/403/24 1120/389/20
f 1122/391/20 1136/405/24 1135/404/24 1121/390/20
f 1123/392/20 1137/406/24 1136/405/24 1122/391/20
f 1124/393/20 1138/407/24 1137/406/24 1123/392/20
f 1126/394/21 1140/408/3 1139/409/3 1125/395/21
f 1127/396/21 1141/410/3 1140/408/3 1126/394/21
f 1128/397/21 1142/411/3 1141/410/3 1127/396/21
f 1129/398/21 1143/412/3 1142/411/3 1128/397/21
f 1130/399/21 1144/413/3 1143/412/3 1129/398/21
f 1131/400/22 1145/414/5 1144/413/3 1130/399/21
f 1132/401/23 1146/415/7 1145/414/5 1131/400/22
f 1133/402/24 1147/416/8 1146/415/7 1132/401/23
f 1134/403/24 1148/417/8 1147/416/8 1133/402/24
f 1135/404/24 1149/418/8 1148/417/8 1134/403/24
f 1136/405/24 1150/419/8 1149/418/8 1135/404/24
f 1137/406/24 1151/420/8 1150/419/8 1136/405/24
f 1138/407/24 1152/421/8 1151/420/8 1137/406/24
f 1140/408/3 1042/422/3 1041/81/3 1139/409/3
f 1141/410/3 1043/423/3 1042/422/3 1140/408/3
f 1142/411/3 1044/424/3 1043/423/3 1141/410/3
f 1143/412/3 1045/425/3 1044/424/3 1142/411/3
f 1144/413/3 1046/426/3 1045/425/3 1143/412/3
f 1145/414/5 1047/427/4 1046/426/3 1144/413/3
f 1146/415/7 1048/428/6 1047/427/4 1145/414/5
f 1147/416/8 1049/429/8 1048/428/6 1146/415/7
f 1148/417/8 1050/430/8 1049/429/8 1147/416/8
f 1149/418/8 1051/431/8 1050/430/8 1148/417/8
f 1150/419/8 1052/432/8 1051/431/8 1149/418/8
f 1151/420/8 1053/433/8 1052/432/8 1150/419/8
f 1152/421/8 1054/434/8 1053/433/8 1151/420/8
f 1154/312/25 1168/435/26 1167/436/26 1153/75/25
f 1155/315/25 1169/437/26 1168/435/26 1154/312/25
f 1156/317/25 1170/438/26 1169/437/26 1155/315/25
f 1157/319/25 1171/439/26 1170/438/26 1156/317/25
f 1158/321/25 1172/440/26 1171/439/26 1157/319/25
f 1159/323/27 1173/441/28 1172/440/26 1158/321/25
f 1160/325/29 1174/442/30 1173/441/28 1159/323/27
f 1161/327/31 1175/443/32 1174/442/30 1160/325/29
f 1162/329/31 1176/444/32 1175/443/32 1161/327/31
f 1163/331/31 1177/445/32 1176/444/32 1162/329/31
f 1164/333/31 1178/446/32 1177/445/32 1163/331/31
f 1165/335/31 1179/447/32 1178/446/32 1164/333/31
f 1166/337/31 1180/448/32 1179/447/32 1165/335/31
f 1168/435/26 1182/449/33 1181/450/33 1167/436/26
f 1169/437/26 1183/451/33 1182/449/33 1168/435/26
f 1170/438/26 1184/452/33 1183/451/33 1169/437/26
f 1171/439/26 1185/453/33 1184/452/33 1170/438/26
f 1172/440/26 1186/454/33 1185/453/33 1171/439/26
f 1173/441/28 1187/455/34 1186/454/33 1172/440/26
f 1174/442/30 1188/456/35 1187/455/34 1173/441/28
f 1175/443/32 1189/457/36 1188/456/35 1174/442/30
f 1176/444/32 1190/458/36 1189/457/36 1175/443/32
f 1177/445/32 1191/459/36 1190/458/36 1176/444/32
f 1178/446/32 1192/460/36 1191/459/36 1177/445/32
f 1179/447/32 1193/461/36 1192/460/36 1178/446/32
f 1180/448/32 1194/462/36 1193/461/36 1179/447/32
f 1182/449/33 1196/463/37 1195/464/37 1181/450/33
f 1183/451/33 1197/465/37 1196/463/37 1182/449/33
f 1184/452/33 1198/466/37 1197/465/37 1183/451/33
f 1185/453/33 1199/467/37 1198/466/37 1184/452/33
f 1186/454/33 1200/468/37 1199/467/37 1185/453/33
f 1187/455/34 1201/469/38 1200/468/37 1186/454/33
f 1188/456/35 1202/470/39 1201/469/38 1187/455/34
f 1189/457/36 1203/471/40 1202/470/39 1188/456/35
f 1190/458/36 1204/472/40 1203/471/40 1189/457/36
f 1191/459/36 1205/473/40 1204/472/40 1190/458/36
f 1192/460/36 1206/474/40 1205/473/40 1191/459/36
f 1193/461/36 1207/475/40 1206/474/40 1192/460/36
f 1194/462/36 1208/476/40 1207/475/40 1193/461/36
f 1196/463/37 1210/477/41 1209/478/41 1195/464/37
f 1197/465/37 1211/479/41 1210/477/41 1196/463/37
f 1198/466/37 1212/480/41 1211/479/41 1197/465/37
f 1199/467/37 1213/481/41 1212/480/41 1198/466/37
f 1200/468/37 1214/482/41 1213/481/41 1199/467/37
f 1201/469/38 1215/483/42 1214/482/41 1200/468/37
f 1202/470/39 1216/484/43 1215/483/42 1201/469/38
f 1203/471/40 1217/485/44 1216/484/43 1202/470/39
f 1204/472/40 1218/486/44 1217/485/44 1203/471/40
f 1205/473/40 1219/487/44 1218/486/44 1204/472/40
f 1206/474/40 1220/488/44 1219/487/44 1205/473/40
f 1207/475/40 1221/489/44 1220/488/44 1206/474/40
f 1208/476/40 1222/490/44 1221/489/44 1207/475/40
f 1210/477/41 1224/491/45 1223/492/45 1209/478/41
f 1211/479/41 1225/493/46 1224/491/45 1210/477/41
f 1212/480/41 1226/494/46 1225/493/46 1211/479/41
f 1213/481/41 1227/495/46 1226/494/46 1212/480/41
f 1214/482/41 1228/496/46 1227/495/46 1213/481/41
f 1215/483/42 1229/497/47 1228/496/46 1214/482/41
f 1216/484/43 1230/498/48 1229/497/47 1215/483/42
f 1217/485/44 1231/499/49 1230/498/48 1216/484/43
f 1218/486/44 1232/500/49 1231/499/49 1217/485/44
f 1219/487/44 1233/501/49 1232/500/49 1218/486/44
f 1220/488/44 1234/502/49 1233/501/49 1219/487/44
f 1221/489/44 1235/503/50 1234/502/49 1220/488/44
f 1222/490/44 1236/504/50 1235/503/50 1221/489/44
f 1224/491/45 1238/505/51 1237/506/51 1223/492/45
f 1225/493/46 1239/507/51 1238/505/51 1224/491/45
f 1226/494/46 1240/508/51 1239/507/51 1225/493/46
f 1227/495/46 1241/509/51 1240/508/51 1226/494/46
f 1228/496/46 1242/510/51 1241/509/51 1227/495/46
f 1229/497/47 1243/511/52 1242/510/51 1228/496/46
f 1230/498/48 1244/512/53 1243/511/52 1229/497/47
f 1231/499/49 1245/513/54 1244/512/53 1230/498/48
f 1232/500/49 1246/514/54 1245/513/54 1231/499/49
f 1233/501/49 1247/515/54 1246/514/54 1232/500/49
f 1234/502/49 1248/516/54 1247/515/54 1233/501/49
f 1235/503/50 1249/517/54 1248/516/54 1234/502/49
f 1236/504/50 1250/518/54 1249/517/54 1235/503/50
f 1238/505/51 1252/519/55 1251/520/55 1237/506/51
f 1239/507/51 1253/521/55 1252/519/55 1238/505/51
f 1240/508/51 1254/522/55 1253/521/55 1239/507/51
f 1241/509/51 1255/523/55 1254/522/55 1240/508/51
f 1242/510/51 1256/524/55 1255/523/55 1241/509/51
f 1243/511/52 1257/525/56 1256/524/55 1242/510/51
f 1244/512/53 1258/526/57 1257/525/56 1243/511/52
f 1245/513/54 1259/527/58 1258/526/57 1244/512/53
f 1246/514/54 1260/528/58 1259/527/58 1245/513/54
f 1247/515/54 1261/529/58 1260/528/58 1246/514/54
f 1248/516/54 1262/530/58 1261/529/58 1247/515/54
f 1249/517/54 1263/531/58 1262/530/58 1248/516/54
f 1250/518/54 1264/532/58 1263/531/58 1249/517/54
f 1252/519/55 1266/533/59 1265/534/59 1251/520/55
f 1253/521/55 1267/535/59 1266/533/59 1252/519/55
f 1254/522/55 1268/536/59 1267/535/59 1253/521/55
f 1255/523/55 1269/537/59 1268/536/59 1254/522/55
f 1256/524/55 1270/538/59 1269/537/59 1255/523/55
f 1257/525/56 1271/539/60 1270/538/59 1256/524/55
f 1258/526/57 1272/540/61 1271/539/60 1257/525/56
f 1259/527/58 1273/541/62 1272/540/61 1258/526/57
f 1260/528/58 1274/542/62 1273/541/62 1259/527/58
f 1261/529/58 1275/543/62 1274/542/62 1260/528/58
f 1262/530/58 1276/544/62 1275/543/62 1261/529/58
f 1263/531/58 1277/545/62 1276/544/62 1262/530/58
f 1264/532/58 1278/546/62 1277/545/62 1263/531/58
f 1266/533/59 1280/547/63 1279/548/63 1265/534/59
f 1267/535/59 1281/549/63 1280/547/63 1266/533/59
f 1268/536/59 1282/550/63 1281/549/63 1267/535/59
f 1269/537/59 1283/551/63 1282/550/63 1268/536/59
f 1270/538/59 1284/552/63 1283/551/63 1269/537/59
f 1271/539/60 1285/553/64 1284/552/63 1270/538/59
f 1272/540/61 1286/554/65 1285/553/64 1271/539/60
f 1273/541/62 1287/555/66 1286/554/65 1272/540/61
f 1274/542/62 1288/556/66 1287/555/66 1273/541/62
f 1275/543/62 1289/557/66 1288/556/66 1274/542/62
f 1276/544/62 1290/558/66 1289/557/66 1275/543/62
f 1277/545/62 1291/559/66 1290/558/66 1276/544/62
f 1278/546/62 1292/560/66 1291/559/66 1277/545/62
f 1280/547/63 1294/561/67 1293/562/67 1279/548/63
f 1281/549/63 1295/563/67 1294/561/67 1280/547/63
f 1282/550/63 1296/564/67 1295/563/67 1281/549/63
f 1283/551/63 1297/565/67 1296/564/67 1282/550/63
f 1284/552/63 1298/566/67 1297/565/67 1283/551/63
f 1285/553/64 1299/567/68 1298/566/67 1284/552/63
f 1286/554/65 1300/568/69 1299/567/68 1285/553/64
f 1287/555/66 1301/569/70 1300/568/69 1286/554/65
f 1288/556/66 1302/570/70 1301/569/70 1287/555/66
f 1289/557/66 1303/571/70 1302/570/70 1288/556/66
f 1290/558/66 1304/572/70 1303/571/70 1289/557/66
f 1291/559/66 1305/573/70 1304/572/70 1290/558/66
f 1292/560/66 1306/574/70 1305/573/70 1291/559/66
f 1294/561/67 1308/575/71 1307/576/71 1293/562/67
f 1295/563/67 1309/577/71 1308/575/71 1294/561/67
f 1296/564/67 1310/578/71 1309/577/71 1295/563/67
f 1297/565/67 1311/579/71 1310/578/71 1296/564/67
f 1298/566/67 1312/580/71 1311/579/71 1297/565/67
f 1299/567/68 1313/581/72 1312/580/71 1298/566/67
f 1300/568/69 1314/582/73 1313/581/72 1299/567/68
f 1301/569/70 1315/583/74 1314/582/73 1300/568/69
f 1302/570/70 1316/584/74 1315/583/74 1301/569/70
f 1303/571/70 1317/585/74 1316/584/74 1302/570/70
f 1304/572/70 1318/586/74 1317/585/74 1303/571/70
f 1305/573/70 1319/587/74 1318/586/74 1304/572/70
f 1306/574/70 1320/588/74 1319/587/74 1305/573/70
f 1308/575/71 1322/589/75 1321/590/75 1307/576/71
f 1309/577/71 1323/591/75 1322/589/75 1308/575/71
f 1310/578/71 1324/592/75 1323/591/75 1309/577/71
f 1311/579/71 1325/593/75 1324/592/75 1310/578/71
f 1312/580/71 1326/594/75 1325/593/75 1311/579/71
f 1313/581/72 1327/595/76 1326/594/75 1312/580/71
f 1314/582/73 1328/596/77 1327/595/76 1313/581/72
f 1315/583/74 1329/597/78 1328/596/77 1314/582/73
f 1316/584/74 1330/598/78 1329/597/78 1315/583/74
f 1317/585/74 1331/599/78 1330/598/78 1316/584/74
f 1318/586/74 1332/600/78 1331/599/78 1317/585/74
f 1319/587/74 1333/601/78 1332/600/78 1318/586/74
f 1320/588/74 1334/602/78 1333/601/78 1319/587/74
f 1322/589/75 1336/603/79 1335/604/79 1321/590/75
f 1323/591/75 1337/605/79 1336/603/79 1322/589/75
f 1324/592/75 1338/606/79 1337/605/79 1323/591/75
f 1325/593/75 1339/607/79 1338/606/79 1324/592/75
f 1326/594/75 1340/608/79 1339/607/79 1325/593/75
f 1327/595/76 1341/609/80 1340/608/79 1326/594/75
f 1328/596/77 1342/610/81 1341/609/80 1327/595/76
f 1329/597/78 1343/611/82 1342/610/81 1328/596/77
f 1330/598/78 1344/612/82 1343/611/82 1329/597/78
f 1331/599/78 1345/613/82 1344/612/82 1330/598/78
f 1332/600/78 1346/614/82 1345/613/82 1331/599/78
f 1333/601/78 1347/615/82 1346/614/82 1332/600/78
f 1334/602/78 1348/616/82 1347/615/82 1333/601/78
f 1336/603/79 1350/617/83 1349/618/83 1335/604/79
f 1337/605/79 1351/619/83 1350/617/83 1336/603/79
f 1338/606/79 1352/620/83 1351/619/83 1337/605/79
f 1339/607/79 1353/621/83 1352/620/83 1338/606/79
f 1340/608/79 1354/622/83 1353/621/83 1339/607/79
f 1341/609/80 1355/623/84 1354/622/83 1340/608/79
f 1342/610/81 1356/624/85 1355/623/84 1341/609/80
f 1343/611/82 1357/625/86 1356/624/85 1342/610/81
f 1344/612/82 1358/626/86 1357/625/86 1343/611/82
f 1345/613/82 1359/627/86 1358/626/86 1344/612/82
f 1346/614/82 1360/628/86 1359/627/86 1345/613/82
f 1347/615/82 1361/629/86 1360/628/86 1346/614/82
f 1348/616/82 1362/630/86 1361/629/86 1347/615/82
f 1350/617/83 1364/631/87 1363/632/87 1349/618/83
f 1351/619/83 1365/633/87 1364/631/87 1350/617/83
f 1352/620/83 1366/634/87 1365/633/87 1351/619/83
f 1353/621/83 1367/635/87 1366/634/87 1352/620/83
f 1354/622/83 1368/636/87 1367/635/87 1353/621/83
f 1355/623/84 1369/637/88 1368/636/87 1354/622/83
f 1356/624/85 1370/638/89 1369/637/88 1355/623/84
f 1357/625/86 1371/639/90 1370/638/89 1356/624/85
f 1358/626/86 1372/640/90 1371/639/90 1357/625/86
f 1359/627/86 1373/641/90 1372/640/90 1358/626/86
f 1360/628/86 1374/642/90 1373/641/90 1359/627/86
f 1361/629/86 1375/643/90 1374/642/90 1360/628/86
f 1362/630/86 1376/644/90 1375/643/90 1361/629/86
f 1364/631/87 1378/645/91 1377/646/91 1363/632/87
f 1365/633/87 1379/647/91 1378/645/91 1364/631/87
f 1366/634/87 1380/648/91 1379/647/91 1365/633/87
f 1367/635/87 1381/649/91 1380/648/91 1366/634/87
f 1368/636/87 1382/650/91 1381/649/91 1367/635/87
f 1369/637/88 1383/651/92 1382/650/91 1368/636/87
f 1370/638/89 1384/652/93 1383/651/92 1369/637/88
f 1371/639/90 1385/653/94 1384/652/93 1370/638/89
f 1372/640/90 1386/654/94 1385/653/94 1371/639/90
f 1373/641/90 1387/655/94 1386/654/94 1372/640/90
f 1374/642/90 1388/656/94 1387/655/94 1373/641/90
f 1375/643/90 1389/657/94 1388/656/94 1374/642/90
f 1376/644/90 1390/658/94 1389/657/94 1375/643/90
f 1378/645/91 1392/659/95 1391/660/95 1377/646/91
f 1379/647/91 1393/661/95 1392/659/95 1378/645/91
f 1380/648/91 1394/662/95 1393/661/95 1379/647/91
f 1381/649/91 1395/663/95 1394/662/95 1380/648/91
f 1382/650/91 1396/664/95 1395/663/95 1381/649/91
f 1383/651/92 1397/665/96 1396/664/95 1382/650/91
f 1384/652/93 1398/666/97 1397/665/96 1383/651/92
f 1385/653/94 1399/667/98 1398/666/97 1384/652/93
f 1386/654/94 1400/668/98 1399/667/98 1385/653/94
f 1387/655/94 1401/669/98 1400/668/98 1386/654/94
f 1388/656/94 1402/670/98 1401/669/98 1387/655/94
f 1389/657/94 1403/671/98 1402/670/98 1388/656/94
f 1390/658/94 1404/672/98 1403/671/98 1389/657/94
f 1392/659/95 1406/673/99 1405/674/99 1391/660/95
f 1393/661/95 1407/675/99 1406/673/99 1392/659/95
f 1394/662/95 1408/676/99 1407/675/99 1393/661/95
f 1395/663/95 1409/677/99 1408/676/99 1394/662/95
f 1396/664/95 1410/678/99 1409/677/99 1395/663/95
f 1397/665/96 1411/679/100 1410/678/99 1396/664/95
f 1398/666/97 1412/680/101 1411/679/100 1397/665/96
f 1399/667/98 1413/681/102 1412/680/101 1398/666/97
f 1400/668/98 1414/682/102 1413/681/102 1399/667/98
f 1401/669/98 1415/683/102 1414/682/102 1400/668/98
f 1402/670/98 1416/684/102 1415/683/102 1401/669/98
f 1403/671/98 1417/685/102 1416/684/102 1402/670/98
f 1404/672/98 1418/686/102 1417/685/102 1403/671/98
f 1406/673/99 1420/687/103 1419/688/103 1405/674/99
f 1407/675/99 1421/689/103 1420/687/103 1406/673/99
f 1408/676/99 1422/690/103 1421/689/103 1407/675/99
f 1409/677/99 1423/691/103 1422/690/103 1408/676/99
f 1410/678/99 1424/692/103 1423/691/103 1409/677/99
f 1411/679/100 1425/693/104 1424/692/103 1410/678/99
f 1412/680/101 1426/694/105 1425/693/104 1411/679/100
f 1413/681/102 1427/695/106 1426/694/105 1412/680/101
f 1414/682/102 1428/696/106 1427/695/106 1413/681/102
f 1415/683/102 1429/697/106 1428/696/106 1414/682/102
f 1416/684/102 1430/698/106 1429/697/106 1415/683/102
f 1417/685/102 1431/699/106 1430/698/106 1416/684/102
f 1418/686/102 1432/700/106 1431/699/106 1417/685/102
f 1420/687/103 1434/701/107 1433/702/107 1419/688/103
f 1421/689/103 1435/703/107 1434/701/107 1420/687/103
f 1422/690/103 1436/704/107 1435/703/107 1421/689/103
f 1423/691/103 1437/705/107 1436/704/107 1422/690/103
f 1424/692/103 1438/706/107 1437/705/107 1423/691/103
f 1425/693/104 1439/707/108 1438/706/107 1424/692/103
f 1426/694/105 1440/708/109 1439/707/108 1425/693/104
f 1427/695/106 1441/709/110 1440/708/109 1426/694/105
f 1428/696/106 1442/710/110 1441/709/110 1427/695/106
f 1429/697/106 1443/711/110 1442/710/110 1428/696/106
f 1430/698/106 1444/712/110 1443/711/110 1429/697/106
f 1431/699/106 1445/713/110 1444/712/110 1430/698/106
f 1432/700/106 1446/714/110 1445/713/110 1431/699/106
f 1434/701/107 1448/715/111 1447/716/111 1433/702/107
f 1435/703/107 1449/717/111 1448/715/111 1434/701/107
f 1436/704/107 1450/718/111 1449/717/111 1435/703/107
f 1437/705/107 1451/719/111 1450/718/111 1436/704/107
f 1438/706/107 1452/720/111 1451/719/111 1437/705/107
f 1439/707/108 1453/721/112 1452/720/111 1438/706/107
f 1440/708/109 1454/722/113 1453/721/112 1439/707/108
f 1441/709/110 1455/723/114 1454/722/113 1440/708/109
f 1442/710/110 1456/724/114 1455/723/114 1441/709/110
f 1443/711/110 1457/725/114 1456/724/114 1442/710/110
f 1444/712/110 1458/726/114 1457/725/114 1443/711/110
f 1445/713/110 1459/727/114 1458/726/114 1444/712/110
f 1446/714/110 1460/728/114 1459/727/114 1445/713/110
f 1448/715/111 1462/729/115 1461/730/115 1447/716/111
f 1449/717/111 1463/731/115 1462/729/115 1448/715/111
f 1450/718/111 1464/732/115 1463/731/115 1449/717/111
f 1451/719/111 1465/733/115 1464/732/115 1450/718/111
f 1452/720/111 1466/734/115 1465/733/115 1451/719/111
f 1453/721/112 1467/735/116 1466/734/115 1452/720/111
f 1454/722/113 1468/736/117 1467/735/116 1453/721/112
f 1455/723/114 1469/737/118 1468/736/117 1454/722/113
f 1456/724/114 1470/738/118 1469/737/118 1455/723/114
f 1457/725/114 1471/739/118 1470/738/118 1456/724/114
f 1458/726/114 1472/740/118 1471/739/118 1457/725/114
f 1459/727/114 1473/741/118 1472/740/118 1458/726/114
f 1460/728/114 1474/742/118 1473/741/118 1459/727/114
f 1462/729/115 1476/743/119 1475/744/119 1461/730/115
f 1463/731/115 1477/745/119 1476/743/119 1462/729/115
f 1464/732/115 1478/746/119 1477/745/119 1463/731/115
f 1465/733/115 1479/747/119 1478/746/119 1464/732/115
f 1466/734/115 1480/748/119 1479/747/119 1465/733/115
f 1467/735/116 1481/749/120 1480/748/119 1466/734/115
f 1468/736/117 1482/750/121 1481/749/120 1467/735/116
f 1469/737/118 1483/751/122 1482/750/121 1468/736/117
f 1470/738/118 1484/752/122 1483/751/122 1469/737/118
f 1471/739/118 1485/753/122 1484/752/122 1470/738/118
f 1472/740/118 1486/754/122 1485/753/122 1471/739/118
f 1473/741/118 1487/755/122 1486/754/122 1472/740/118
f 1474/742/118 1488/756/122 1487/755/122 1473/741/118
f 1476/743/119 1490/757/123 1489/758/123 1475/744/119
f 1477/745/119 1491/759/123 1490/757/123 1476/743/119
f 1478/746/119 1492/760/123 1491/759/123 1477/745/119
f 1479/747/119 1493/761/123 1492/760/123 1478/746/119
f 1480/748/119 1494/762/123 1493/761/123 1479/747/119
f 1481/749/120 1495/763/124 1494/762/123 1480/748/119
f 1482/750/121 1496/764/125 1495/763/124 1481/749/120
f 1483/751/122 1497/765/126 1496/764/125 1482/750/121
f 1484/752/122 1498/766/126 1497/765/126 1483/751/122
f 1485/753/122 1499/767/126 1498/766/126 1484/752/122
f 1486/754/122 1500/768/126 1499/767/126 1485/753/122
f 1487/755/122 1501/769/126 1500/768/126 1486/754/122
f 1488/756/122 1502/770/126 1501/769/126 1487/755/122
f 1490/757/123 1504/771/127 1503/772/127 1489/758/123
f 1491/759/123 1505/773/127 1504/771/127 1490/757/123
f 1492/760/123 1506/774/127 1505/773/127 1491/759/123
f 1493/761/123 1507/775/127 1506/774/127 1492/760/123
f 1494/762/123 1508/776/127 1507/775/127 1493/761/123
f 1495/763/124 1509/777/128 1508/776/127 1494/762/123
f 1496/764/125 1510/778/129 1509/777/128 1495/763/124
f 1497/765/126 1511/779/130 1510/778/129 1496/764/125
f 1498/766/126 1512/780/130 1511/779/130 1497/765/126
f 1499/767/126 1513/781/130 1512/780/130 1498/766/126
f 1500/768/126 1514/782/130 1513/781/130 1499/767/126
f 1501/769/126 1515/783/130 1514/782/130 1500/768/126
f 1502/770/126 1516/784/130 1515/783/130 1501/769/126
f 1504/771/127 1518/785/131 1517/786/131 1503/772/127
f 1505/773/127 1519/787/131 1518/785/131 1504/771/127
f 1506/774/127 1520/788/131 1519/787/131 1505/773/127
f 1507/775/127 1521/789/131 1520/788/131 1506/774/127
f 1508/776/127 1522/790/131 1521/789/131 1507/775/127
f 1509/777/128 1523/791/132 1522/790/131 1508/776/127
f 1510/778/129 1524/792/133 1523/791/132 1509/777/128
f 1511/779/130 1525/793/134 1524/792/133 1510/778/129
f 1512/780/130 1526/794/134 1525/793/134 1511/779/130
f 1513/781/130 1527/795/134 1526/794/134 1512/780/130
f 1514/782/130 1528/796/134 1527/795/134 1513/781/130
f 1515/783/130 1529/797/134 1528/796/134 1514/782/130
f 1516/784/130 1530/798/134 1529/797/134 1515/783/130
f 1518/785/131 1532/799/135 1531/800/135 1517/786/131
f 1519/787/131 1533/801/135 1532/799/135 1518/785/131
f 1520/788/131 1534/802/135 1533/801/135 1519/787/131
f 1521/789/131 1535/803/135 1534/802/135 1520/788/131
f 1522/790/131 1536/804/135 1535/803/135 1521/789/131
f 1523/791/132 1537/805/136 1536/804/135 1522/790/131
f 1524/792/133 1538/806/137 1537/805/136 1523/791/132
f 1525/793/134 1539/807/138 1538/806/137 1524/792/133
f 1526/794/134 1540/808/138 1539/807/138 1525/793/134
f 1527/795/134 1541/809/138 1540/808/138 1526/794/134
f 1528/796/134 1542/810/138 1541/809/138 1527/795/134
f 1529/797/134 1543/811/138 1542/810/138 1528/796/134
f 1530/798/134 1544/812/138 1543/811/138 1529/797/134
f 1532/799/135 1546/813/139 1545/814/139 1531/800/135
f 1533/801/135 1547/815/139 1546/813/139 1532/799/135
f 1534/802/135 1548/816/139 1547/815/139 1533/801/135
f 1535/803/135 1549/817/139 1548/816/139 1534/802/135
f 1536/804/135 1550/818/139 1549/817/139 1535/803/135
f 1537/805/136 1551/819/140 1550/818/139 1536/804/135
f 1538/806/137 1552/820/141 1551/819/140 1537/805/136
f 1539/807/138 1553/821/142 1552/820/141 1538/806/137
f 1540/808/138 1554/822/142 1553/821/142 1539/807/138
f 1541/809/138 1555/823/142 1554/822/142 1540/808/138
f 1542/810/138 1556/824/142 1555/823/142 1541/809/138
f 1543/811/138 1557/825/142 1556/824/142 1542/810/138
f 1544/812/138 1558/826/142 1557/825/142 1543/811/138
f 1546/813/139 1560/827/143 1559/828/143 1545/814/139
f 1547/815/139 1561/829/143 1560/827/143 1546/813/139
f 1548/816/139 1562/830/143 1561/829/143 1547/815/139
f 1549/817/139 1563/831/143 1562/830/143 1548/816/139
f 1550/818/139 1564/832/143 1563/831/143 1549/817/139
f 1551/819/140 1565/833/144 1564/832/143 1550/818/139
f 1552/820/141 1566/834/145 1565/833/144 1551/819/140
f 1553/821/142 1567/835/146 1566/834/145 1552/820/141
f 1554/822/142 1568/836/146 1567/835/146 1553/821/142
f 1555/823/142 1569/837/146 1568/836/146 1554/822/142
f 1556/824/142 1570/838/146 1569/837/146 1555/823/142
f 1557/825/142 1571/839/146 1570/838/146 1556/824/142
f 1558/826/142 1572/840/146 1571/839/146 1557/825/142
f 1560/827/143 1574/841/147 1573/842/147 1559/828/143
f 1561/829/143 1575/843/147 1574/841/147 1560/827/143
f 1562/830/143 1576/844/147 1575/843/147 1561/829/143
f 1563/831/143 1577/845/147 1576/844/147 1562/830/143
f 1564/832/143 1578/846/147 1577/845/147 1563/831/143
f 1565/833/144 1579/847/148 1578/846/147 1564/832/143
f 1566/834/145 1580/848/149 1579/847/148 1565/833/144
f 1567/835/146 1581/849/150 1580/848/149 1566/834/145
f 1568/836/146 1582/850/150 1581/849/150 1567/835/146
f 1569/837/146 1583/851/150 1582/850/150 1568/836/146
f 1570/838/146 1584/852/150 1583/851/150 1569/837/146
f 1571/839/146 1585/853/150 1584/852/150 1570/838/146
f 1572/840/146 1586/854/150 1585/853/150 1571/839/146
f 1574/841/147 1588/855/151 1587/856/151 1573/842/147
f 1575/843/147 1589/857/151 1588/855/151 1574/841/147
f 1576/844/147 1590/858/151 1589/857/151 1575/843/147
f 1577/845/147 1591/859/151 1590/858/151 1576/844/147
f 1578/846/147 1592/860/151 1591/859/151 1577/845/147
f 1579/847/148 1593/861/152 1592/860/151 1578/846/147
f 1580/848/149 1594/862/153 1593/861/152 1579/847/148
f 1581/849/150 1595/863/154 1594/862/153 1580/848/149
f 1582/850/150 1596/864/154 1595/863/154 1581/849/150
f 1583/851/150 1597/865/154 1596/864/154 1582/850/150
f 1584/852/150 1598/866/154 1597/865/154 1583/851/150
f 1585/853/150 1599/867/154 1598/866/154 1584/852/150
f 1586/854/150 1600/868/154 1599/867/154 1585/853/150
f 1588/855/151 1602/869/155 1601/870/155 1587/856/151
f 1589/857/151 1603/871/155 1602/869/155 1588/855/151
f 1590/858/151 1604/872/155 1603/871/155 1589/857/151
f 1591/859/151 1605/873/155 1604/872/155 1590/858/151
f 1592/860/151 1606/874/155 1605/873/155 1591/859/151
f 1593/861/152 1607/875/156 1606/874/155 1592/860/151
f 1594/862/153 1608/876/157 1607/875/156 1593/861/152
f 1595/863/154 1609/877/158 1608/876/157 1594/862/153
f 1596/864/154 1610/878/158 1609/877/158 1595/863/154
f 1597/865/154 1611/879/158 1610/878/158 1596/864/154
f 1598/866/154 1612/880/158 1611/879/158 1597/865/154
f 1599/867/154 1613/881/158 1612/880/158 1598/866/154
f 1600/868/154 1614/882/158 1613/881/158 1599/867/154
f 1602/869/155 1616/883/159 1615/884/159 1601/870/155
f 1603/871/155 1617/885/159 1616/883/159 1602/869/155
f 1604/872/155 1618/886/159 1617/885/159 1603/871/155
f 1605/873/155 1619/887/159 1618/886/159 1604/872/155
f 1606/874/155 1620/888/159 1619/887/159 1605/873/155
f 1607/875/156 1621/889/160 1620/888/159 1606/874/155
f 1608/876/157 1622/890/161 1621/889/160 1607/875/156
f 1609/877/158 1623/891/162 1622/890/161 1608/876/157
f 1610/878/158 1624/892/162 1623/891/162 1609/877/158
f 1611/879/158 1625/893/162 1624/892/162 1610/878/158
f 1612/880/158 1626/894/162 1625/893/162 1611/879/158
f 1613/881/158 1627/895/162 1626/894/162 1612/880/158
f 1614/882/158 1628/896/162 1627/895/162 1613/881/158
f 1616/883/159 1630/897/163 1629/898/163 1615/884/159
f 1617/885/159 1631/899/163 1630/897/163 1616/883/159
f 1618/886/159 1632/900/163 1631/899/163 1617/885/159
f 1619/887/159 1633/901/163 1632/900/163 1618/886/159
f 1620/888/159 1634/902/163 1633/901/163 1619/887/159
f 1621/889/160 1635/903/164 1634/902/163 1620/888/159
f 1622/890/161 1636/904/165 1635/903/164 1621/889/160
f 1623/891/162 1637/905/166 1636/904/165 1622/890/161
f 1624/892/162 1638/906/166 1637/905/166 1623/891/162
f 1625/893/162 1639/907/166 1638/906/166 1624/892/162
f 1626/894/162 1640/908/166 1639/907/166 1625/893/162
f 1627/895/162 1641/909/166 1640/908/166 1626/894/162
f 1628/896/162 1642/910/166 1641/909/166 1627/895/162
f 1630/897/163 1644/911/167 1643/912/167 1629/898/163
f 1631/899/163 1645/913/167 1644/911/167 1630/897/163
f 1632/900/163 1646/914/167 1645/913/167 1631/899/163
f 1633/901/163 1647/915/167 1646/914/167 1632/900/163
f 1634/902/163 1648/916/167 1647/915/167 1633/901/163
f 1635/903/164 1649/917/168 1648/916/167 1634/902/163
f 1636/904/165 1650/918/169 1649/917/168 1635/903/164
f 1637/905/166 1651/919/170 1650/918/169 1636/904/165
f 1638/906/166 1652/920/170 1651/919/170 1637/905/166
f 1639/907/166 1653/921/170 1652/920/170 1638/906/166
f 1640/908/166 1654/922/170 1653/921/170 1639/907/166
f 1641/909/166 1655/923/170 1654/922/170 1640/908/166
f 1642/910/166 1656/924/170 1655/923/170 1641/909/166
f 1644/911/167 1658/925/171 1657/926/171 1643/912/167
f 1645/913/167 1659/927/171 1658/925/171 1644/911/167
f 1646/914/167 1660/928/171 1659/927/171 1645/913/167
f 1647/915/167 1661/929/171 1660/928/171 1646/914/167
f 1648/916/167 1662/930/171 1661/929/171 1647/915/167
f 1649/917/168 1663/931/172 1662/930/171 1648/916/167
f 1650/918/169 1664/932/173 1663/931/172 1649/917/168
f 1651/919/170 1665/933/174 1664/932/173 1650/918/169
f 1652/920/170 1666/934/174 1665/933/174 1651/919/170
f 1653/921/170 1667/935/174 1666/934/174 1652/920/170
f 1654/922/170 1668/936/174 1667/935/174 1653/921/170
f 1655/923/170 1669/937/174 1668/936/174 1654/922/170
f 1656/924/170 1670/938/174 1669/937/174 1655/923/170
f 1658/925/171 1672/367/175 1671/4/175 1657/926/171
f 1659/927/171 1673/368/175 1672/367/175 1658/925/171
f 1660/928/171 1674/369/175 1673/368/175 1659/927/171
f 1661/929/171 1675/370/175 1674/369/175 1660/928/171
f 1662/930/171 1676/371/175 1675/370/175 1661/929/171
f 1663/931/172 1677/372/176 1676/371/175 1662/930/171
f 1664/932/173 1678/373/177 1677/372/176 1663/931/172
f 1665/933/174 1679/374/178 1678/373/177 1664/932/173
f 1666/934/174 1680/375/178 1679/374/178 1665/933/174
f 1667/935/174 1681/376/178 1680/375/178 1666/934/174
f 1668/936/174 1682/377/178 1681/376/178 1667/935/174
f 1669/937/174 1683/378/178 1682/377/178 1668/936/174
f 1670/938/174 1684/379/178 1683/378/178 1669/937/174
f 1672/367/175 1686/939/179 1685/940/179 1671/4/175
f 1673/368/175 1687/941/179 1686/939/179 1672/367/175
f 1674/369/175 1688/942/179 1687/941/179 1673/368/175
f 1675/370/175 1689/943/179 1688/942/179 1674/369/175
f 1676/371/175 1690/944/179 1689/943/179 1675/370/175
f 1677/372/176 1691/945/180 1690/944/179 1676/371/175
f 1678/373/177 1692/946/181 1691/945/180 1677/372/176
f 1679/374/178 1693/947/182 1692/946/181 1678/373/177
f 1680/375/178 1694/948/182 1693/947/182 1679/374/178
f 1681/376/178 1695/949/182 1694/948/182 1680/375/178
f 1682/377/178 1696/950/182 1695/949/182 1681/376/178
f 1683/378/178 1697/951/182 1696/950/182 1682/377/178
f 1684/379/178 1698/952/182 1697/951/182 1683/378/178
f 1686/939/179 1700/953/183 1699/954/183 1685/940/179
f 1687/941/179 1701/955/183 1700/953/183 1686/939/179
f 1688/942/179 1702/956/183 1701/955/183 1687/941/179
f 1689/943/179 1703/957/183 1702/956/183 1688/942/179
f 1690/944/179 1704/958/183 1703/957/183 1689/943/179
f 1691/945/180 1705/959/184 1704/958/183 1690/944/179
f 1692/946/181 1706/960/185 1705/959/184 1691/945/180
f 1693/947/182 1707/961/186 1706/960/185 1692/946/181
f 1694/948/182 1708/962/186 1707/961/186 1693/947/182
f 1695/949/182 1709/963/186 1708/962/186 1694/948/182
f 1696/950/182 1710/964/186 1709/963/186 1695/949/182
f 1697/951/182 1711/965/186 1710/964/186 1696/950/182
f 1698/952/182 1712/966/186 1711/965/186 1697/951/182
f 1700/953/183 1714/967/187 1713/968/187 1699/954/183
f 1701/955/183 1715/969/187 1714/967/187 1700/953/183
f 1702/956/183 1716/970/187 1715/969/187 1701/955/183
f 1703/957/183 1717/971/187 1716/970/187 1702/956/183
f 1704/958/183 1718/972/187 1717/971/187 1703/957/183
f 1705/959/184 1719/973/188 1718/972/187 1704/958/183
f 1706/960/185 1720/974/189 1719/973/188 1705/959/184
f 1707/961/186 1721/975/190 1720/974/189 1706/960/185
f 1708/962/186 1722/976/190 1721/975/190 1707/961/186
f 1709/963/186 1723/977/190 1722/976/190 1708/962/186
f 1710/964/186 1724/978/190 1723/977/190 1709/963/186
f 1711/965/186 1725/979/190 1724/978/190 1710/964/186
f 1712/966/186 1726/980/190 1725/979/190 1711/965/186
f 1714/967/187 1728/981/191 1727/982/191 1713/968/187
f 1715/969/187 1729/983/191 1728/981/191 1714/967/187
f 1716/970/187 1730/984/191 1729/983/191 1715/969/187
f 1717/971/187 1731/985/191 1730/984/191 1716/970/187
f 1718/972/187 1732/986/191 1731/985/191 1717/971/187
f 1719/973/188 1733/987/192 1732/986/191 1718/972/187
f 1720/974/189 1734/988/193 1733/987/192 1719/973/188
f 1721/975/190 1735/989/194 1734/988/193 1720/974/189
f 1722/976/190 1736/990/194 1735/989/194 1721/975/190
f 1723/977/190 1737/991/194 1736/990/194 1722/976/190
f 1724/978/190 1738/992/194 1737/991/194 1723/977/190
f 1725/979/190 1739/993/194 1738/992/194 1724/978/190
f 1726/980/190 1740/994/194 1739/993/194 1725/979/190
f 1728/981/191 1742/995/195 1741/996/195 1727/982/191
f 1729/983/191 1743/997/195 1742/995/195 1728/981/191
f 1730/984/191 1744/998/195 1743/997/195 1729/983/191
f 1731/985/191 1745/999/195 1744/998/195 1730/984/191
f 1732/986/191 1746/1000/195 1745/999/195 1731/985/191
f 1733/987/192 1747/1001/196 1746/1000/195 1732/986/191
f 1734/988/193 1748/1002/197 1747/1001/196 1733/987/192
f 1735/989/194 1749/1003/198 1748/1002/197 1734/988/193
f 1736/990/194 1750/1004/198 1749/1003/198 1735/989/194
f 1737/991/194 1751/1005/198 1750/1004/198 1736/990/194
f 1738/992/194 1752/1006/198 1751/1005/198 1737/991/194
f 1739/993/194 1753/1007/198 1752/1006/198 1738/992/194
f 1740/994/194 1754/1008/198 1753/1007/198 1739/993/194
f 1742/995/195 1756/1009/199 1755/1010/199 1741/996/195
f 1743/997/195 1757/1011/199 1756/1009/199 1742/995/195
f 1744/998/195 1758/1012/199 1757/1011/199 1743/997/195
f 1745/999/195 1759/1013/199 1758/1012/199 1744/998/195
f 1746/1000/195 1760/1014/199 1759/1013/199 1745/999/195
f 1747/1001/196 1761/1015/200 1760/1014/199 1746/1000/195
f 1748/1002/197 1762/1016/201 1761/1015/200 1747/1001/196
f 1749/1003/198 1763/1017/202 1762/1016/201 1748/1002/197
f 1750/1004/198 1764/1018/202 1763/1017/202 1749/1003/198
f 1751/1005/198 1765/1019/202 1764/1018/202 1750/1004/198
f 1752/1006/198 1766/1020/202 1765/1019/202 1751/1005/198
f 1753/1007/198 1767/1021/202 1766/1020/202 1752/1006/198
f 1754/1008/198 1768/1022/202 1767/1021/202 1753/1007/198
f 1756/1009/199 1770/1023/203 1769/1024/203 1755/1010/199
f 1757/1011/199 1771/1025/203 1770/1023/203 1756/1009/199
f 1758/1012/199 1772/1026/203 1771/1025/203 1757/1011/199
f 1759/1013/199 1773/1027/203 1772/1026/203 1758/1012/199
f 1760/1014/199 1774/1028/203 1773/1027/203 1759/1013/199
f 1761/1015/200 1775/1029/204 1774/1028/203 1760/1014/199
f 1762/1016/201 1776/1030/205 1775/1029/204 1761/1015/200
f 1763/1017/202 1777/1031/206 1776/1030/205 1762/1016/201
f 1764/1018/202 1778/1032/206 1777/1031/206 1763/1017/202
f 1765/1019/202 1779/1033/206 1778/1032/206 1764/1018/202
f 1766/1020/202 1780/1034/206 1779/1033/206 1765/1019/202
f 1767/1021/202 1781/1035/206 1780/1034/206 1766/1020/202
f 1768/1022/202 1782/1036/206 1781/1035/206 1767/1021/202
f 1770/1023/203 1784/1037/207 1783/1038/208 1769/1024/203
f 1771/1025/203 1785/1039/207 1784/1037/207 1770/1023/203
f 1772/1026/203 1786/1040/208 1785/1039/207 1771/1025/203
f 1773/1027/203 1787/1041/208 1786/1040/208 1772/1026/203
f 1774/1028/203 1788/1042/207 1787/1041/208 1773/1027/203
f 1775/1029/204 1789/1043/209 1788/1042/207 1774/1028/203
f 1776/1030/205 1790/1044/210 1789/1043/209 1775/1029/204
f 1777/1031/206 1791/1045/211 1790/1044/210 1776/1030/205
f 1778/1032/206 1792/1046/212 1791/1045/211 1777/1031/206
f 1779/1033/206 1793/1047/212 1792/1046/212 1778/1032/206
f 1780/1034/206 1794/1048/211 1793/1047/212 1779/1033/206
f 1781/1035/206 1795/1049/211 1794/1048/211 1780/1034/206
f 1782/1036/206 1796/1050/212 1795/1049/211 1781/1035/206
f 1784/1037/207 1798/1051/213 1797/1052/213 1783/1038/208
f 1785/1039/207 1799/1053/213 1798/1051/213 1784/1037/207
f 1786/1040/208 1800/1054/213 1799/1053/213 1785/1039/207
f 1787/1041/208 1801/1055/213 1800/1054/213 1786/1040/208
f 1788/1042/207 1802/1056/213 1801/1055/213 1787/1041/208
f 1789/1043/209 1803/1057/214 1802/1056/213 1788/1042/207
f 1790/1044/210 1804/1058/215 1803/1057/214 1789/1043/209
f 1791/1045/211 1805/1059/216 1804/1058/215 1790/1044/210
f 1792/1046/212 1806/1060/216 1805/1059/216 1791/1045/211
f 1793/1047/212 1807/1061/216 1806/1060/216 1792/1046/212
f 1794/1048/211 1808/1062/216 1807/1061/216 1793/1047/212
f 1795/1049/211 1809/1063/216 1808/1062/216 1794/1048/211
f 1796/1050/212 1810/1064/216 1809/1063/216 1795/1049/211
f 1798/1051/213 1812/1065/217 1811/1066/217 1797/1052/213
f 1799/1053/213 1813/1067/217 1812/1065/217 1798/1051/213
f 1800/1054/213 1814/1068/217 1813/1067/217 1799/1053/213
f 1801/1055/213 1815/1069/217 1814/1068/217 1800/1054/213
f 1802/1056/213 1816/1070/217 1815/1069/217 1801/1055/213
f 1803/1057/214 1817/1071/218 1816/1070/217 1802/1056/213
f 1804/1058/215 1818/1072/219 1817/1071/218 1803/1057/214
f 1805/1059/216 1819/1073/220 1818/1072/219 1804/1058/215
f 1806/1060/216 1820/1074/220 1819/1073/220 1805/1059/216
f 1807/1061/216 1821/1075/220 1820/1074/220 1806/1060/216
f 1808/1062/216 1822/1076/220 1821/1075/220 1807/1061/216
f 1809/1063/216 1823/1077/220 1822/1076/220 1808/1062/216
f 1810/1064/216 1824/1078/220 1823/1077/220 1809/1063/216
f 1812/1065/217 1826/1079/221 1825/1080/221 1811/1066/217
f 1813/1067/217 1827/1081/221 1826/1079/221 1812/1065/217
f 1814/1068/217 1828/1082/221 1827/1081/221 1813/1067/217
f 1815/1069/217 1829/1083/221 1828/1082/221 1814/1068/217
f 1816/1070/217 1830/1084/222 1829/1083/221 1815/1069/217
f 1817/1071/218 1831/1085/223 1830/1084/222 1816/1070/217
f 1818/1072/219 1832/1086/224 1831/1085/223 1817/1071/218
f 1819/1073/220 1833/1087/225 1832/1086/224 1818/1072/219
f 1820/1074/220 1834/1088/226 1833/1087/225 1819/1073/220
f 1821/1075/220 1835/1089/226 1834/1088/226 1820/1074/220
f 1822/1076/220 1836/1090/226 1835/1089/226 1821/1075/220
f 1823/1077/220 1837/1091/226 1836/1090/226 1822/1076/220
f 1824/1078/220 1838/1092/226 1837/1091/226 1823/1077/220
f 1826/1079/221 1840/1093/227 1839/1094/227 1825/1080/221
f 1827/1081/221 1841/1095/227 1840/1093/227 1826/1079/221
f 1828/1082/221 1842/1096/227 1841/1095/227 1827/1081/221
f 1829/1083/221 1843/1097/227 1842/1096/227 1828/1082/221
f 1830/1084/222 1844/1098/228 1843/1097/227 1829/1083/221
f 1831/1085/223 1845/1099/229 1844/1098/228 1830/1084/222
f 1832/1086/224 1846/1100/230 1845/1099/229 1831/1085/223
f 1833/1087/225 1847/1101/231 1846/1100/230 1832/1086/224
f 1834/1088/226 1848/1102/232 1847/1101/231 1833/1087/225
f 1835/1089/226 1849/1103/232 1848/1102/232 1834/1088/226
f 1836/1090/226 1850/1104/232 1849/1103/232 1835/1089/226
f 1837/1091/226 1851/1105/232 1850/1104/232 1836/1090/226
f 1838/1092/226 1852/1106/232 1851/1105/232 1837/1091/226
f 1840/1093/227 1854/1107/233 1853/1108/233 1839/1094/227
f 1841/1095/227 1855/1109/233 1854/1107/233 1840/1093/227
f 1842/1096/227 1856/1110/233 1855/1109/233 1841/1095/227
f 1843/1097/227 1857/1111/233 1856/1110/233 1842/1096/227
f 1844/1098/228 1858/1112/233 1857/1111/233 1843/1097/227
f 1845/1099/229 1859/1113/234 1858/1112/233 1844/1098/228
f 1846/1100/230 1860/1114/235 1859/1113/234 1845/1099/229
f 1847/1101/231 1861/1115/236 1860/1114/235 1846/1100/230
f 1848/1102/232 1862/1116/236 1861/1115/236 1847/1101/231
f 1849/1103/232 1863/1117/236 1862/1116/236 1848/1102/232
f 1850/1104/232 1864/1118/236 1863/1117/236 1849/1103/232
f 1851/1105/232 1865/1119/236 1864/1118/236 1850/1104/232
f 1852/1106/232 1866/1120/236 1865/1119/236 1851/1105/232
f 1854/1107/233 1868/1121/237 1867/1122/237 1853/1108/233
f 1855/1109/233 1869/1123/237 1868/1121/237 1854/1107/233
f 1856/1110/233 1870/1124/237 1869/1123/237 1855/1109/233
f 1857/1111/233 1871/1125/237 1870/1124/237 1856/1110/233
f 1858/1112/233 1872/1126/237 1871/1125/237 1857/1111/233
f 1859/1113/234 1873/1127/238 1872/1126/237 1858/1112/233
f 1860/1114/235 1874/1128/239 1873/1127/238 1859/1113/234
f 1861/1115/236 1875/1129/240 1874/1128/239 1860/1114/235
f 1862/1116/236 1876/1130/240 1875/1129/240 1861/1115/236
f 1863/1117/236 1877/1131/240 1876/1130/240 1862/1116/236
f 1864/1118/236 1878/1132/240 1877/1131/240 1863/1117/236
f 1865/1119/236 1879/1133/240 1878/1132/240 1864/1118/236
f 1866/1120/236 1880/1134/240 1879/1133/240 1865/1119/236
f 1868/1121/237 1882/1135/241 1881/1136/241 1867/1122/237
f 1869/1123/237 1883/1137/241 1882/1135/241 1868/1121/237
f 1870/1124/237 1884/1138/241 1883/1137/241 1869/1123/237
f 1871/1125/237 1885/1139/241 1884/1138/241 1870/1124/237
f 1872/1126/237 1886/1140/241 1885/1139/241 1871/1125/237
f 1873/1127/238 1887/1141/242 1886/1140/241 1872/1126/237
f 1874/1128/239 1888/1142/243 1887/1141/242 1873/1127/238
f 1875/1129/240 1889/1143/244 1888/1142/243 1874/1128/239
f 1876/1130/240 1890/1144/244 1889/1143/244 1875/1129/240
f 1877/1131/240 1891/1145/244 1890/1144/244 1876/1130/240
f 1878/1132/240 1892/1146/244 1891/1145/244 1877/1131/240
f 1879/1133/240 1893/1147/244 1892/1146/244 1878/1132/240
f 1880/1134/240 1894/1148/244 1893/1147/244 1879/1133/240
f 1882/1135/241 1896/1149/245 1895/1150/245 1881/1136/241
f 1883/1137/241 1897/1151/245 1896/1149/245 1882/1135/241
f 1884/1138/241 1898/1152/245 1897/1151/245 1883/1137/241
f 1885/1139/241 1899/1153/245 1898/1152/245 1884/1138/241
f 1886/1140/241 1900/1154/245 1899/1153/245 1885/1139/241
f 1887/1141/242 1901/1155/246 1900/1154/245 1886/1140/241
f 1888/1142/243 1902/1156/247 1901/1155/246 1887/1141/242
f 1889/1143/244 1903/1157/248 1902/1156/247 1888/1142/243
f 1890/1144/244 1904/1158/248 1903/1157/248 1889/1143/244
f 1891/1145/244 1905/1159/248 1904/1158/248 1890/1144/244
f 1892/1146/244 1906/1160/248 1905/1159/248 1891/1145/244
f 1893/1147/244 1907/1161/248 1906/1160/248 1892/1146/244
f 1894/1148/244 1908/1162/248 1907/1161/248 1893/1147/244
f 1896/1149/245 1910/1163/249 1909/1164/249 1895/1150/245
f 1897/1151/245 1911/1165/249 1910/1163/249 1896/1149/245
f 1898/1152/245 1912/1166/249 1911/1165/249 1897/1151/245
f 1899/1153/245 1913/1167/249 1912/1166/249 1898/1152/245
f 1900/1154/245 1914/1168/249 1913/1167/249 1899/1153/245
f 1901/1155/246 1915/1169/250 1914/1168/249 1900/1154/245
f 1902/1156/247 1916/1170/251 1915/1169/250 1901/1155/246
f 1903/1157/248 1917/1171/252 1916/1170/251 1902/1156/247
f 1904/1158/248 1918/1172/252 1917/1171/252 1903/1157/248
f 1905/1159/248 1919/1173/252 1918/1172/252 1904/1158/248
f 1906/1160/248 1920/1174/252 1919/1173/252 1905/1159/248
f 1907/1161/248 1921/1175/252 1920/1174/252 1906/1160/248
f 1908/1162/248 1922/1176/252 1921/1175/252 1907/1161/248
f 1910/1163/249 1924/1177/253 1923/1178/253 1909/1164/249
f 1911/1165/249 1925/1179/253 1924/1177/253 1910/1163/249
f 1912/1166/249 1926/1180/253 1925/1179/253 1911/1165/249
f 1913/1167/249 1927/1181/253 1926/1180/253 1912/1166/249
f 1914/1168/249 1928/1182/253 1927/1181/253 1913/1167/249
f 1915/1169/250 1929/1183/254 1928/1182/253 1914/1168/249
f 1916/1170/251 1930/1184/255 1929/1183/254 1915/1169/250
f 1917/1171/252 1931/1185/256 1930/1184/255 1916/1170/251
f 1918/1172/252 1932/1186/256 1931/1185/256 1917/1171/252
f 1919/1173/252 1933/1187/256 1932/1186/256 1918/1172/252
f 1920/1174/252 1934/1188/256 1933/1187/256 1919/1173/252
f 1921/1175/252 1935/1189/256 1934/1188/256 1920/1174/252
f 1922/1176/252 1936/1190/256 1935/1189/256 1921/1175/252
f 1924/1177/253 1938/1191/257 1937/1192/257 1923/1178/253
f 1925/1179/253 1939/1193/257 1938/1191/257 1924/1177/253
f 1926/1180/253 1940/1194/257 1939/1193/257 1925/1179/253
f 1927/1181/253 1941/1195/257 1940/1194/257 1926/1180/253
f 1928/1182/253 1942/1196/257 1941/1195/257 1927/1181/253
f 1929/1183/254 1943/1197/258 1942/1196/257 1928/1182/253
f 1930/1184/255 1944/1198/259 1943/1197/258 1929/1183/254
f 1931/1185/256 1945/1199/260 1944/1198/259 1930/1184/255
f 1932/1186/256 1946/1200/260 1945/1199/260 1931/1185/256
f 1933/1187/256 1947/1201/260 1946/1200/260 1932/1186/256
f 1934/1188/256 1948/1202/260 1947/1201/260 1933/1187/256
f 1935/1189/256 1949/1203/260 1948/1202/260 1934/1188/256
f 1936/1190/256 1950/1204/260 1949/1203/260 1935/1189/256
f 1938/1191/257 1952/1205/261 1951/1206/261 1937/1192/257
f 1939/1193/257 1953/1207/261 1952/1205/261 1938/1191/257
f 1940/1194/257 1954/1208/261 1953/1207/261 1939/1193/257
f 1941/1195/257 1955/1209/261 1954/1208/261 1940/1194/257
f 1942/1196/257 1956/1210/261 1955/1209/261 1941/1195/257
f 1943/1197/258 1957/1211/262 1956/1210/261 1942/1196/257
f 1944/1198/259 1958/1212/263 1957/1211/262 1943/1197/258
f 1945/1199/260 1959/1213/264 1958/1212/263 1944/1198/259
f 1946/1200/260 1960/1214/264 1959/1213/264 1945/1199/260
f 1947/1201/260 1961/1215/264 1960/1214/264 1946/1200/260
f 1948/1202/260 1962/1216/264 1961/1215/264 1947/1201/260
f 1949/1203/260 1963/1217/264 1962/1216/264 1948/1202/260
f 1950/1204/260 1964/1218/264 1963/1217/264 1949/1203/260
f 1952/1205/261 1966/1219/265 1965/1220/265 1951/1206/261
f 1953/1207/261 1967/1221/265 1966/1219/265 1952/1205/261
f 1954/1208/261 1968/1222/265 1967/1221/265 1953/1207/261
f 1955/1209/261 1969/1223/265 1968/1222/265 1954/1208/261
f 1956/1210/261 1970/1224/265 1969/1223/265 1955/1209/261
f 1957/1211/262 1971/1225/266 1970/1224/265 1956/1210/261
f 1958/1212/263 1972/1226/267 1971/1225/266 1957/1211/262
f 1959/1213/264 1973/1227/268 1972/1226/267 1958/1212/263
f 1960/1214/264 1974/1228/268 1973/1227/268 1959/1213/264
f 1961/1215/264 1975/1229/268 1974/1228/268 1960/1214/264
f 1962/1216/264 1976/1230/268 1975/1229/268 1961/1215/264
f 1963/1217/264 1977/1231/268 1976/1230/268 1962/1216/264
f 1964/1218/264 1978/1232/268 1977/1231/268 1963/1217/264
f 1966/1219/265 1980/1233/269 1979/1234/269 1965/1220/265
f 1967/1221/265 1981/1235/269 1980/1233/269 1966/1219/265
f 1968/1222/265 1982/1236/269 1981/1235/269 1967/1221/265
f 1969/1223/265 1983/1237/269 1982/1236/269 1968/1222/265
f 1970/1224/265 1984/1238/269 1983/1237/269 1969/1223/265
f 1971/1225/266 1985/1239/270 1984/1238/269 1970/1224/265
f 1972/1226/267 1986/1240/271 1985/1239/270 1971/1225/266
f 1973/1227/268 1987/1241/272 1986/1240/271 1972/1226/267
f 1974/1228/268 1988/1242/272 1987/1241/272 1973/1227/268
f 1975/1229/268 1989/1243/272 1988/1242/272 1974/1228/268
f 1976/1230/268 1990/1244/272 1989/1243/272 1975/1229/268
f 1977/1231/268 1991/1245/272 1990/1244/272 1976/1230/268
f 1978/1232/268 1992/1246/272 1991/1245/272 1977/1231/268
f 1980/1233/269 1994/1247/273 1993/1248/273 1979/1234/269
f 1981/1235/269 1995/1249/273 1994/1247/273 1980/1233/269
f 1982/1236/269 1996/1250/273 1995/1249/273 1981/1235/269
f 1983/1237/269 1997/1251/273 1996/1250/273 1982/1236/269
f 1984/1238/269 1998/1252/273 1997/1251/273 1983/1237/269
f 1985/1239/270 1999/1253/274 1998/1252/273 1984/1238/269
f 1986/1240/271 2000/1254/275 1999/1253/274 1985/1239/270
f 1987/1241/272 2001/1255/276 2000/1254/275 1986/1240/271
f 1988/1242/272 2002/1256/276 2001/1255/276 1987/1241/272
f 1989/1243/272 2003/1257/276 2002/1256/276 1988/1242/272
f 1990/1244/272 2004/1258/276 2003/1257/276 1989/1243/272
f 1991/1245/272 2005/1259/276 2004/1258/276 1990/1244/272
f 1992/1246/272 2006/1260/276 2005/1259/276 1991/1245/272
f 1994/1247/273 2008/1261/277 2007/1262/277 1993/1248/273
f 1995/1249/273 2009/1263/278 2008/1261/277 1994/1247/273
f 1996/1250/273 2010/1264/278 2009/1263/278 1995/1249/273
f 1997/1251/273 2011/1265/277 2010/1264/278 1996/1250/273
f 1998/1252/273 2012/1266/277 2011/1265/277 1997/1251/273
f 1999/1253/274 2013/1267/279 2012/1266/277 1998/1252/273
f 2000/1254/275 2014/1268/280 2013/1267/279 1999/1253/274
f 2001/1255/276 2015/1269/281 2014/1268/280 2000/1254/275
f 2002/1256/276 2016/1270/281 2015/1269/281 2001/1255/276
f 2003/1257/276 2017/1271/281 2016/1270/281 2002/1256/276
f 2004/1258/276 2018/1272/281 2017/1271/281 2003/1257/276
f 2005/1259/276 2019/1273/281 2018/1272/281 2004/1258/276
f 2006/1260/276 2020/1274/282 2019/1273/281 2005/1259/276
f 2008/1261/277 2022/1275/283 2021/1276/283 2007/1262/277
f 2009/1263/278 2023/1277/283 2022/1275/283 2008/1261/277
f 2010/1264/278 2024/1278/283 2023/1277/283 2009/1263/278
f 2011/1265/277 2025/1279/283 2024/1278/283 2010/1264/278
f 2012/1266/277 2026/1280/283 2025/1279/283 2011/1265/277
f 2013/1267/279 2027/1281/284 2026/1280/283 2012/1266/277
f 2014/1268/280 2028/1282/285 2027/1281/284 2013/1267/279
f 2015/1269/281 2029/1283/286 2028/1282/285 2014/1268/280
f 2016/1270/281 2030/1284/286 2029/1283/286 2015/1269/281
f 2017/1271/281 2031/1285/286 2030/1284/286 2016/1270/281
f 2018/1272/281 2032/1286/286 2031/1285/286 2017/1271/281
f 2019/1273/281 2033/1287/286 2032/1286/286 2018/1272/281
f 2020/1274/282 2034/1288/286 2033/1287/286 2019/1273/281
f 2022/1275/283 2036/1289/287 2035/1290/287 2021/1276/283
f 2023/1277/283 2037/1291/287 2036/1289/287 2022/1275/283
f 2024/1278/283 2038/1292/287 2037/1291/287 2023/1277/283
f 2025/1279/283 2039/1293/287 2038/1292/287 2024/1278/283
f 2026/1280/283 2040/1294/287 2039/1293/287 2025/1279/283
f 2027/1281/284 2041/1295/288 2040/1294/287 2026/1280/283
f 2028/1282/285 2042/1296/289 2041/1295/288 2027/1281/284
f 2029/1283/286 2043/1297/290 2042/1296/289 2028/1282/285
f 2030/1284/286 2044/1298/290 2043/1297/290 2029/1283/286
f 2031/1285/286 2045/1299/290 2044/1298/290 2030/1284/286
f 2032/1286/286 2046/1300/290 2045/1299/290 2031/1285/286
f 2033/1287/286 2047/1301/290 2046/1300/290 2032/1286/286
f 2034/1288/286 2048/1302/290 2047/1301/290 2033/1287/286
f 2036/1289/287 2050/1303/291 2049/1304/291 2035/1290/287
f 2037/1291/287 2051/1305/291 2050/1303/291 2036/1289/287
f 2038/1292/287 2052/1306/291 2051/1305/291 2037/1291/287
f 2039/1293/287 2053/1307/291 2052/1306/291 2038/1292/287
f 2040/1294/287 2054/1308/291 2053/1307/291 2039/1293/287
f 2041/1295/288 2055/1309/292 2054/1308/291 2040/1294/287
f 2042/1296/289 2056/1310/293 2055/1309/292 2041/1295/288
f 2043/1297/290 2057/1311/294 2056/1310/293 2042/1296/289
f 2044/1298/290 2058/1312/294 2057/1311/294 2043/1297/290
f 2045/1299/290 2059/1313/294 2058/1312/294 2044/1298/290
f 2046/1300/290 2060/1314/294 2059/1313/294 2045/1299/290
f 2047/1301/290 2061/1315/294 2060/1314/294 2046/1300/290
f 2048/1302/290 2062/1316/294 2061/1315/294 2047/1301/290
f 2050/1303/291 2064/1317/295 2063/1318/295 2049/1304/291
f 2051/1305/291 2065/1319/295 2064/1317/295 2050/1303/291
f 2052/1306/291 2066/1320/295 2065/1319/295 2051/1305/291
f 2053/1307/291 2067/1321/295 2066/1320/295 2052/1306/291
f 2054/1308/291 2068/1322/295 2067/1321/295 2053/1307/291
f 2055/1309/292 2069/1323/296 2068/1322/295 2054/1308/291
f 2056/1310/293 2070/1324/297 2069/1323/296 2055/1309/292
f 2057/1311/294 2071/1325/298 2070/1324/297 2056/1310/293
f 2058/1312/294 2072/1326/298 2071/1325/298 2057/1311/294
f 2059/1313/294 2073/1327/298 2072/1326/298 2058/1312/294
f 2060/1314/294 2074/1328/298 2073/1327/298 2059/1313/294
f 2061/1315/294 2075/1329/298 2074/1328/298 2060/1314/294
f 2062/1316/294 2076/1330/298 2075/1329/298 2061/1315/294
f 2064/1317/295 2078/1331/299 2077/1332/299 2063/1318/295
f 2065/1319/295 2079/1333/299 2078/1331/299 2064/1317/295
f 2066/1320/295 2080/1334/299 2079/1333/299 2065/1319/295
f 2067/1321/295 2081/1335/299 2080/1334/299 2066/1320/295
f 2068/1322/295 2082/1336/299 2081/1335/299 2067/1321/295
f 2069/1323/296 2083/1337/300 2082/1336/299 2068/1322/295
f 2070/1324/297 2084/1338/301 2083/1337/300 2069/1323/296
f 2071/1325/298 2085/1339/302 2084/1338/301 2070/1324/297
f 2072/1326/298 2086/1340/302 2085/1339/302 2071/1325/298
f 2073/1327/298 2087/1341/302 2086/1340/302 2072/1326/298
f 2074/1328/298 2088/1342/302 2087/1341/302 2073/1327/298
f 2075/1329/298 2089/1343/302 2088/1342/302 2074/1328/298
f 2076/1330/298 2090/1344/302 2089/1343/302 2075/1329/298
f 2078/1331/299 2092/1345/303 2091/1346/303 2077/1332/299
f 2079/1333/299 2093/1347/303 2092/1345/303 2078/1331/299
f 2080/1334/299 2094/1348/303 2093/1347/303 2079/1333/299
f 2081/1335/299 2095/1349/303 2094/1348/303 2080/1334/299
f 2082/1336/299 2096/1350/303 2095/1349/303 2081/1335/299
f 2083/1337/300 2097/1351/304 2096/1350/303 2082/1336/299
f 2084/1338/301 2098/1352/305 2097/1351/304 2083/1337/300
f 2085/1339/302 2099/1353/306 2098/1352/305 2084/1338/301
f 2086/1340/302 2100/1354/306 2099/1353/306 2085/1339/302
f 2087/1341/302 2101/1355/306 2100/1354/306 2086/1340/302
f 2088/1342/302 2102/1356/306 2101/1355/306 2087/1341/302
f 2089/1343/302 2103/1357/306 2102/1356/306 2088/1342/302
f 2090/1344/302 2104/1358/306 2103/1357/306 2089/1343/302
f 2092/1345/303 2106/1359/307 2105/1360/307 2091/1346/303
f 2093/1347/303 2107/1361/307 2106/1359/307 2092/1345/303
f 2094/1348/303 2108/1362/307 2107/1361/307 2093/1347/303
f 2095/1349/303 2109/1363/307 2108/1362/307 2094/1348/303
f 2096/1350/303 2110/1364/307 2109/1363/307 2095/1349/303
f 2097/1351/304 2111/1365/308 2110/1364/307 2096/1350/303
f 2098/1352/305 2112/1366/309 2111/1365/308 2097/1351/304
f 2099/1353/306 2113/1367/310 2112/1366/309 2098/1352/305
f 2100/1354/306 2114/1368/310 2113/1367/310 2099/1353/306
f 2101/1355/306 2115/1369/310 2114/1368/310 2100/1354/306
f 2102/1356/306 2116/1370/310 2115/1369/310 2101/1355/306
f 2103/1357/306 2117/1371/310 2116/1370/310 2102/1356/306
f 2104/1358/306 2118/1372/310 2117/1371/310 2103/1357/306
f 2106/1359/307 2120/1373/311 2119/1374/311 2105/1360/307
f 2107/1361/307 2121/1375/311 2120/1373/311 2106/1359/307
f 2108/1362/307 2122/1376/311 2121/1375/311 2107/1361/307
f 2109/1363/307 2123/1377/311 2122/1376/311 2108/1362/307
f 2110/1364/307 2124/1378/311 2123/1377/311 2109/1363/307
f 2111/1365/308 2125/1379/312 2124/1378/311 2110/1364/307
f 2112/1366/309 2126/1380/313 2125/1379/312 2111/1365/308
f 2113/1367/310 2127/1381/314 2126/1380/313 2112/1366/309
f 2114/1368/310 2128/1382/314 2127/1381/314 2113/1367/310
f 2115/1369/310 2129/1383/314 2128/1382/314 2114/1368/310
f 2116/1370/310 2130/1384/314 2129/1383/314 2115/1369/310
f 2117/1371/310 2131/1385/314 2130/1384/314 2116/1370/310
f 2118/1372/310 2132/1386/314 2131/1385/314 2117/1371/310
f 2120/1373/311 2134/1387/315 2133/1388/315 2119/1374/311
f 2121/1375/311 2135/1389/315 2134/1387/315 2120/1373/311
f 2122/1376/311 2136/1390/315 2135/1389/315 2121/1375/311
f 2123/1377/311 2137/1391/315 2136/1390/315 2122/1376/311
f 2124/1378/311 2138/1392/315 2137/1391/315 2123/1377/311
f 2125/1379/312 2139/1393/316 2138/1392/315 2124/1378/311
f 2126/1380/313 2140/1394/317 2139/1393/316 2125/1379/312
f 2127/1381/314 2141/1395/318 2140/1394/317 2126/1380/313
f 2128/1382/314 2142/1396/318 2141/1395/318 2127/1381/314
f 2129/1383/314 2143/1397/318 2142/1396/318 2128/1382/314
f 2130/1384/314 2144/1398/318 2143/1397/318 2129/1383/314
f 2131/1385/314 2145/1399/318 2144/1398/318 2130/1384/314
f 2132/1386/314 2146/1400/318 2145/1399/318 2131/1385/314
f 2134/1387/315 2148/1401/319 2147/1402/319 2133/1388/315
f 2135/1389/315 2149/1403/319 2148/1401/319 2134/1387/315
f 2136/1390/315 2150/1404/319 2149/1403/319 2135/1389/315
f 2137/1391/315 2151/1405/319 2150/1404/319 2136/1390/315
f 2138/1392/315 2152/1406/319 2151/1405/319 2137/1391/315
f 2139/1393/316 2153/1407/320 2152/1406/319 2138/1392/315
f 2140/1394/317 2154/1408/321 2153/1407/320 2139/1393/316
f 2141/1395/318 2155/1409/322 2154/1408/321 2140/1394/317
f 2142/1396/318 2156/1410/322 2155/1409/322 2141/1395/318
f 2143/1397/318 2157/1411/322 2156/1410/322 2142/1396/318
f 2144/1398/318 2158/1412/322 2157/1411/322 2143/1397/318
f 2145/1399/318 2159/1413/322 2158/1412/322 2144/1398/318
f 2146/1400/318 2160/1414/322 2159/1413/322 2145/1399/318
f 2148/1401/319 2162/1415/323 2161/1416/323 2147/1402/319
f 2149/1403/319 2163/1417/323 2162/1415/323 2148/1401/319
f 2150/1404/319 2164/1418/323 2163/1417/323 2149/1403/319
f 2151/1405/319 2165/1419/323 2164/1418/323 2150/1404/319
f 2152/1406/319 2166/1420/323 2165/1419/323 2151/1405/319
f 2153/1407/320 2167/1421/324 2166/1420/323 2152/1406/319
f 2154/1408/321 2168/1422/325 2167/1421/324 2153/1407/320
f 2155/1409/322 2169/1423/326 2168/1422/325 2154/1408/321
f 2156/1410/322 2170/1424/326 2169/1423/326 2155/1409/322
f 2157/1411/322 2171/1425/326 2170/1424/326 2156/1410/322
f 2158/1412/322 2172/1426/326 2171/1425/326 2157/1411/322
f 2159/1413/322 2173/1427/326 2172/1426/326 2158/1412/322
f 2160/1414/322 2174/1428/326 2173/1427/326 2159/1413/322
f 2162/1415/323 2176/1429/327 2175/1430/327 2161/1416/323
f 2163/1417/323 2177/1431/327 2176/1429/327 2162/1415/323
f 2164/1418/323 2178/1432/327 2177/1431/327 2163/1417/323
f 2165/1419/323 2179/1433/327 2178/1432/327 2164/1418/323
f 2166/1420/323 2180/1434/327 2179/1433/327 2165/1419/323
f 2167/1421/324 2181/1435/328 2180/1434/327 2166/1420/323
f 2168/1422/325 2182/1436/329 2181/1435/328 2167/1421/324
f 2169/1423/326 2183/1437/330 2182/1436/329 2168/1422/325
f 2170/1424/326 2184/1438/330 2183/1437/330 2169/1423/326
f 2171/1425/326 2185/1439/330 2184/1438/330 2170/1424/326
f 2172/1426/326 2186/1440/330 2185/1439/330 2171/1425/326
f 2173/1427/326 2187/1441/330 2186/1440/330 2172/1426/326
f 2174/1428/326 2188/1442/330 2187/1441/330 2173/1427/326
f 2176/1429/327 1154/422/25 1153/81/25 2175/1430/327
f 2177/1431/327 1155/423/25 1154/422/25 2176/1429/327
f 2178/1432/327 1156/424/25 1155/423/25 2177/1431/327
f 2179/1433/327 1157/425/25 1156/424/25 2178/1432/327
f 2180/1434/327 1158/426/25 1157/425/25 2179/1433/327
f 2181/1435/328 1159/427/27 1158/426/25 2180/1434/327
f 2182/1436/329 1160/428/29 1159/427/27 2181/1435/328
f 2183/1437/330 1161/429/31 1160/428/29 2182/1436/329
f 2184/1438/330 1162/430/31 1161/429/31 2183/1437/330
f 2185/1439/330 1163/431/31 1162/430/31 2184/1438/330
f 2186/1440/330 1164/432/31 1163/431/31 2185/1439/330
f 2187/1441/330 1165/433/31 1164/432/31 2186/1440/330
f 2188/1442/330 1166/434/31 1165/433/31 2187/1441/330
f 2190/312/331 2204/1443/332 2203/1444/332 2189/75/331
f 2191/315/331 2205/1445/332 2204/1443/332 2190/312/331
f 2192/317/331 2206/1446/332 2205/1445/332 2191/315/331
f 2193/319/333 2207/1447/332 2206/1446/332 2192/317/331
f 2194/321/334 2208/1448/332 2207/1447/332 2193/319/333
f 2195/323/335 2209/1449/336 2208/1448/332 2194/321/334
f 2196/325/337 2210/1450/338 2209/1449/336 2195/323/335
f 2197/327/334 2211/1451/339 2210/1450/338 2196/325/337
f 2198/329/340 2212/1452/339 2211/1451/339 2197/327/334
f 2199/331/341 2213/1453/339 2212/1452/339 2198/329/340
f 2200/333/341 2214/1454/339 2213/1453/339 2199/331/341
f 2201/335/341 2215/1455/339 2214/1454/339 2200/333/341
f 2202/337/341 2216/1456/339 2215/1455/339 2201/335/341
f 2204/1443/332 2218/1457/342 2217/1458/342 2203/1444/332
f 2205/1445/332 2219/1459/342 2218/1457/342 2204/1443/332
f 2206/1446/332 2220/1460/342 2219/1459/342 2205/1445/332
f 2207/1447/332 2221/1461/342 2220/1460/342 2206/1446/332
f 2208/1448/332 2222/1462/342 2221/1461/342 2207/1447/332
f 2209/1449/336 2223/1463/343 2222/1462/342 2208/1448/332
f 2210/1450/338 2224/1464/344 2223/1463/343 2209/1449/336
f 2211/1451/339 2225/1465/345 2224/1464/344 2210/1450/338
f 2212/1452/339 2226/1466/345 2225/1465/345 2211/1451/339
f 2213/1453/339 2227/1467/345 2226/1466/345 2212/1452/339
f 2214/1454/339 2228/1468/345 2227/1467/345 2213/1453/339
f 2215/1455/339 2229/1469/345 2228/1468/345 2214/1454/339
f 2216/1456/339 2230/1470/345 2229/1469/345 2215/1455/339
f 2218/1457/342 2232/1471/346 2231/1472/346 2217/1458/342
f 2219/1459/342 2233/1473/346 2232/1471/346 2218/1457/342
f 2220/1460/342 2234/1474/346 2233/1473/346 2219/1459/342
f 2221/1461/342 2235/1475/346 2234/1474/346 2220/1460/342
f 2222/1462/342 2236/1476/346 2235/1475/346 2221/1461/342
f 2223/1463/343 2237/1477/347 2236/1476/346 2222/1462/342
f 2224/1464/344 2238/1478/348 2237/1477/347 2223/1463/343
f 2225/1465/345 2239/1479/349 2238/1478/348 2224/1464/344
f 2226/1466/345 2240/1480/349 2239/1479/349 2225/1465/345
f 2227/1467/345 2241/1481/349 2240/1480/349 2226/1466/345
f 2228/1468/345 2242/1482/349 2241/1481/349 2227/1467/345
f 2229/1469/345 2243/1483/349 2242/1482/349 2228/1468/345
f 2230/1470/345 2244/1484/349 2243/1483/349 2229/1469/345
f 2232/1471/346 2246/1485/350 2245/1486/350 2231/1472/346
f 2233/1473/346 2247/1487/350 2246/1485/350 2232/1471/346
f 2234/1474/346 2248/1488/350 2247/1487/350 2233/1473/346
f 2235/1475/346 2249/1489/350 2248/1488/350 2234/1474/346
f 2236/1476/346 2250/1490/350 2249/1489/350 2235/1475/346
f 2237/1477/347 2251/1491/351 2250/1490/350 2236/1476/346
f 2238/1478/348 2252/1492/352 2251/1491/351 2237/1477/347
f 2239/1479/349 2253/1493/353 2252/1492/352 2238/1478/348
f 2240/1480/349 2254/1494/353 2253/1493/353 2239/1479/349
f 2241/1481/349 2255/1495/353 2254/1494/353 2240/1480/349
f 2242/1482/349 2256/1496/353 2255/1495/353 2241/1481/349
f 2243/1483/349 2257/1497/353 2256/1496/353 2242/1482/349
f 2244/1484/349 2258/1498/353 2257/1497/353 2243/1483/349
f 2246/1485/350 2260/1499/354 2259/1500/354 2245/1486/350
f 2247/1487/350 2261/1501/354 2260/1499/354 2246/1485/350
f 2248/1488/350 2262/1502/354 2261/1501/354 2247/1487/350
f 2249/1489/350 2263/1503/354 2262/1502/354 2248/1488/350
f 2250/1490/350 2264/1504/354 2263/1503/354 2249/1489/350
f 2251/1491/351 2265/1505/355 2264/1504/354 2250/1490/350
f 2252/1492/352 2266/1506/356 2265/1505/355 2251/1491/351
f 2253/1493/353 2267/1507/357 2266/1506/356 2252/1492/352
f 2254/1494/353 2268/1508/357 2267/1507/357 2253/1493/353
f 2255/1495/353 2269/1509/357 2268/1508/357 2254/1494/353
f 2256/1496/353 2270/1510/357 2269/1509/357 2255/1495/353
f 2257/1497/353 2271/1511/357 2270/1510/357 2256/1496/353
f 2258/1498/353 2272/1512/357 2271/1511/357 2257/1497/353
f 2260/1499/354 2274/1513/358 2273/1514/358 2259/1500/354
f 2261/1501/354 2275/1515/358 2274/1513/358 2260/1499/354
f 2262/1502/354 2276/1516/358 2275/1515/358 2261/1501/354
f 2263/1503/354 2277/1517/358 2276/1516/358 2262/1502/354
f 2264/1504/354 2278/1518/358 2277/1517/358 2263/1503/354
f 2265/1505/355 2279/1519/359 2278/1518/358 2264/1504/354
f 2266/1506/356 2280/1520/360 2279/1519/359 2265/1505/355
f 2267/1507/357 2281/1521/361 2280/1520/360 2266/1506/356
f 2268/1508/357 2282/1522/361 2281/1521/361 2267/1507/357
f 2269/1509/357 2283/1523/361 2282/1522/361 2268/1508/357
f 2270/1510/357 2284/1524/361 2283/1523/361 2269/1509/357
f 2271/1511/357 2285/1525/361 2284/1524/361 2270/1510/357
f 2272/1512/357 2286/1526/361 2285/1525/361 2271/1511/357
f 2274/1513/358 2288/1527/362 2287/1528/362 2273/1514/358
f 2275/1515/358 2289/1529/362 2288/1527/362 2274/1513/358
f 2276/1516/358 2290/1530/362 2289/1529/362 2275/1515/358
f 2277/1517/358 2291/1531/362 2290/1530/362 2276/1516/358
f 2278/1518/358 2292/1532/362 2291/1531/362 2277/1517/358
f 2279/1519/359 2293/1533/363 2292/1532/362 2278/1518/358
f 2280/1520/360 2294/1534/364 2293/1533/363 2279/1519/359
f 2281/1521/361 2295/1535/365 2294/1534/364 2280/1520/360
f 2282/1522/361 2296/1536/365 2295/1535/365 2281/1521/361
f 2283/1523/361 2297/1537/365 2296/1536/365 2282/1522/361
f 2284/1524/361 2298/1538/365 2297/1537/365 2283/1523/361
f 2285/1525/361 2299/1539/365 2298/1538/365 2284/1524/361
f 2286/1526/361 2300/1540/365 2299/1539/365 2285/1525/361
f 2288/1527/362 2302/1541/366 2301/1542/366 2287/1528/362
f 2289/1529/362 2303/1543/366 2302/1541/366 2288/1527/362
f 2290/1530/362 2304/1544/366 2303/1543/366 2289/1529/362
f 2291/1531/362 2305/1545/366 2304/1544/366 2290/1530/362
f 2292/1532/362 2306/1546/366 2305/1545/366 2291/1531/362
f 2293/1533/363 2307/1547/367 2306/1546/366 2292/1532/362
f 2294/1534/364 2308/1548/368 2307/1547/367 2293/1533/363
f 2295/1535/365 2309/1549/369 2308/1548/368 2294/1534/364
f 2296/1536/365 2310/1550/369 2309/1549/369 2295/1535/365
f 2297/1537/365 2311/1551/369 2310/1550/369 2296/1536/365
f 2298/1538/365 2312/1552/369 2311/1551/369 2297/1537/365
f 2299/1539/365 2313/1553/369 2312/1552/369 2298/1538/365
f 2300/1540/365 2314/1554/369 2313/1553/369 2299/1539/365
f 2302/1541/366 2316/1555/370 2315/1556/370 2301/1542/366
f 2303/1543/366 2317/1557/370 2316/1555/370 2302/1541/366
f 2304/1544/366 2318/1558/370 2317/1557/370 2303/1543/366
f 2305/1545/366 2319/1559/370 2318/1558/370 2304/1544/366
f 2306/1546/366 2320/1560/370 2319/1559/370 2305/1545/366
f 2307/1547/367 2321/1561/371 2320/1560/370 2306/1546/366
f 2308/1548/368 2322/1562/372 2321/1561/371 2307/1547/367
f 2309/1549/369 2323/1563/373 2322/1562/372 2308/1548/368
f 2310/1550/369 2324/1564/373 2323/1563/373 2309/1549/369
f 2311/1551/369 2325/1565/373 2324/1564/373 2310/1550/369
f 2312/1552/369 2326/1566/373 2325/1565/373 2311/1551/369
f 2313/1553/369 2327/1567/373 2326/1566/373 2312/1552/369
f 2314/1554/369 2328/1568/373 2327/1567/373 2313/1553/369
f 2316/1555/370 2330/1569/374 2329/1570/374 2315/1556/370
f 2317/1557/370 2331/1571/374 2330/1569/374 2316/1555/370
f 2318/1558/370 2332/1572/374 2331/1571/374 2317/1557/370
f 2319/1559/370 2333/1573/374 2332/1572/374 2318/1558/370
f 2320/1560/370 2334/1574/374 2333/1573/374 2319/1559/370
f 2321/1561/371 2335/1575/375 2334/1574/374 2320/1560/370
f 2322/1562/372 2336/1576/376 2335/1575/375 2321/1561/371
f 2323/1563/373 2337/1577/377 2336/1576/376 2322/1562/372
f 2324/1564/373 2338/1578/377 2337/1577/377 2323/1563/373
f 2325/1565/373 2339/1579/377 2338/1578/377 2324/1564/373
f 2326/1566/373 2340/1580/377 2339/1579/377 2325/1565/373
f 2327/1567/373 2341/1581/377 2340/1580/377 2326/1566/373
f 2328/1568/373 2342/1582/377 2341/1581/377 2327/1567/373
f 2330/1569/374 2344/1583/378 2343/1584/378 2329/1570/374
f 2331/1571/374 2345/1585/378 2344/1583/378 2330/1569/374
f 2332/1572/374 2346/1586/378 2345/1585/378 2331/1571/374
f 2333/1573/374 2347/1587/378 2346/1586/378 2332/1572/374
f 2334/1574/374 2348/1588/378 2347/1587/378 2333/1573/374
f 2335/1575/375 2349/1589/379 2348/1588/378 2334/1574/374
f 2336/1576/376 2350/1590/380 2349/1589/379 2335/1575/375
f 2337/1577/377 2351/1591/381 2350/1590/380 2336/1576/376
f 2338/1578/377 2352/1592/381 2351/1591/381 2337/1577/377
f 2339/1579/377 2353/1593/381 2352/1592/381 2338/1578/377
f 2340/1580/377 2354/1594/381 2353/1593/381 2339/1579/377
f 2341/1581/377 2355/1595/381 2354/1594/381 2340/1580/377
f 2342/1582/377 2356/1596/381 2355/1595/381 2341/1581/377
f 2344/1583/378 2358/1597/382 2357/1598/382 2343/1584/378
f 2345/1585/378 2359/1599/382 2358/1597/382 2344/1583/378
f 2346/1586/378 2360/1600/382 2359/1599/382 2345/1585/378
f 2347/1587/378 2361/1601/382 2360/1600/382 2346/1586/378
f 2348/1588/378 2362/1602/382 2361/1601/382 2347/1587/378
f 2349/1589/379 2363/1603/383 2362/1602/382 2348/1588/378
f 2350/1590/380 2364/1604/384 2363/1603/383 2349/1589/379
f 2351/1591/381 2365/1605/385 2364/1604/384 2350/1590/380
f 2352/1592/381 2366/1606/385 2365/1605/385 2351/1591/381
f 2353/1593/381 2367/1607/385 2366/1606/385 2352/1592/381
f 2354/1594/381 2368/1608/385 2367/1607/385 2353/1593/381
f 2355/1595/381 2369/1609/385 2368/1608/385 2354/1594/381
f 2356/1596/381 2370/1610/385 2369/1609/385 2355/1595/381
f 2358/1597/382 2372/1611/386 2371/1612/386 2357/1598/382
f 2359/1599/382 2373/1613/386 2372/1611/386 2358/1597/382
f 2360/1600/382 2374/1614/386 2373/1613/386 2359/1599/382
f 2361/1601/382 2375/1615/386 2374/1614/386 2360/1600/382
f 2362/1602/382 2376/1616/386 2375/1615/386 2361/1601/382
f 2363/1603/383 2377/1617/387 2376/1616/386 2362/1602/382
f 2364/1604/384 2378/1618/388 2377/1617/387 2363/1603/383
f 2365/1605/385 2379/1619/389 2378/1618/388 2364/1604/384
f 2366/1606/385 2380/1620/389 2379/1619/389 2365/1605/385
f 2367/1607/385 2381/1621/389 2380/1620/389 2366/1606/385
f 2368/1608/385 2382/1622/389 2381/1621/389 2367/1607/385
f 2369/1609/385 2383/1623/389 2382/1622/389 2368/1608/385
f 2370/1610/385 2384/1624/389 2383/1623/389 2369/1609/385
f 2372/1611/386 2386/1625/390 2385/1626/390 2371/1612/386
f 2373/1613/386 2387/1627/390 2386/1625/390 2372/1611/386
f 2374/1614/386 2388/1628/390 2387/1627/390 2373/1613/386
f 2375/1615/386 2389/1629/390 2388/1628/390 2374/1614/386
f 2376/1616/386 2390/1630/390 2389/1629/390 2375/1615/386
f 2377/1617/387 2391/1631/391 2390/1630/390 2376/1616/386
f 2378/1618/388 2392/1632/392 2391/1631/391 2377/1617/387
f 2379/1619/389 2393/1633/393 2392/1632/392 2378/1618/388
f 2380/1620/389 2394/1634/393 2393/1633/393 2379/1619/389
f 2381/1621/389 2395/1635/393 2394/1634/393 2380/1620/389
f 2382/1622/389 2396/1636/393 2395/1635/393 2381/1621/389
f 2383/1623/389 2397/1637/393 2396/1636/393 2382/1622/389
f 2384/1624/389 2398/1638/393 2397/1637/393 2383/1623/389
f 2386/1625/390 2400/1639/394 2399/1640/394 2385/1626/390
f 2387/1627/390 2401/1641/394 2400/1639/394 2386/1625/390
f 2388/1628/390 2402/1642/394 2401/1641/394 2387/1627/390
f 2389/1629/390 2403/1643/394 2402/1642/394 2388/1628/390
f 2390/1630/390 2404/1644/394 2403/1643/394 2389/1629/390
f 2391/1631/391 2405/1645/395 2404/1644/394 2390/1630/390
f 2392/1632/392 2406/1646/396 2405/1645/395 2391/1631/391
f 2393/1633/393 2407/1647/397 2406/1646/396 2392/1632/392
f 2394/1634/393 2408/1648/397 2407/1647/397 2393/1633/393
f 2395/1635/393 2409/1649/397 2408/1648/397 2394/1634/393
f 2396/1636/393 2410/1650/397 2409/1649/397 2395/1635/393
f 2397/1637/393 2411/1651/397 2410/1650/397 2396/1636/393
f 2398/1638/393 2412/1652/397 2411/1651/397 2397/1637/393
f 2400/1639/394 2414/1653/398 2413/1654/398 2399/1640/394
f 2401/1641/394 2415/1655/398 2414/1653/398 2400/1639/394
f 2402/1642/394 2416/1656/398 2415/1655/398 2401/1641/394
f 2403/1643/394 2417/1657/398 2416/1656/398 2402/1642/394
f 2404/1644/394 2418/1658/398 2417/1657/398 2403/1643/394
f 2405/1645/395 2419/1659/399 2418/1658/398 2404/1644/394
f 2406/1646/396 2420/1660/400 2419/1659/399 2405/1645/395
f 2407/1647/397 2421/1661/401 2420/1660/400 2406/1646/396
f 2408/1648/397 2422/1662/401 2421/1661/401 2407/1647/397
f 2409/1649/397 2423/1663/401 2422/1662/401 2408/1648/397
f 2410/1650/397 2424/1664/401 2423/1663/401 2409/1649/397
f 2411/1651/397 2425/1665/401 2424/1664/401 2410/1650/397
f 2412/1652/397 2426/1666/401 2425/1665/401 2411/1651/397
f 2414/1653/398 2428/1667/402 2427/1668/402 2413/1654/398
f 2415/1655/398 2429/1669/402 2428/1667/402 2414/1653/398
f 2416/1656/398 2430/1670/402 2429/1669/402 2415/1655/398
f 2417/1657/398 2431/1671/402 2430/1670/402 2416/1656/398
f 2418/1658/398 2432/1672/402 2431/1671/402 2417/1657/398
f 2419/1659/399 2433/1673/403 2432/1672/402 2418/1658/398
f 2420/1660/400 2434/1674/404 2433/1673/403 2419/1659/399
f 2421/1661/401 2435/1675/405 2434/1674/404 2420/1660/400
f 2422/1662/401 2436/1676/405 2435/1675/405 2421/1661/401
f 2423/1663/401 2437/1677/405 2436/1676/405 2422/1662/401
f 2424/1664/401 2438/1678/405 2437/1677/405 2423/1663/401
f 2425/1665/401 2439/1679/405 2438/1678/405 2424/1664/401
f 2426/1666/401 2440/1680/405 2439/1679/405 2425/1665/401
f 2428/1667/402 2442/1681/406 2441/1682/406 2427/1668/402
f 2429/1669/402 2443/1683/406 2442/1681/406 2428/1667/402
f 2430/1670/402 2444/1684/406 2443/1683/406 2429/1669/402
f 2431/1671/402 2445/1685/406 2444/1684/406 2430/1670/402
f 2432/1672/402 2446/1686/406 2445/1685/406 2431/1671/402
f 2433/1673/403 2447/1687/407 2446/1686/406 2432/1672/402
f 2434/1674/404 2448/1688/408 2447/1687/407 2433/1673/403
f 2435/1675/405 2449/1689/409 2448/1688/408 2434/1674/404
f 2436/1676/405 2450/1690/409 2449/1689/409 2435/1675/405
f 2437/1677/405 2451/1691/409 2450/1690/409 2436/1676/405
f 2438/1678/405 2452/1692/409 2451/1691/409 2437/1677/405
f 2439/1679/405 2453/1693/409 2452/1692/409 2438/1678/405
f 2440/1680/405 2454/1694/409 2453/1693/409 2439/1679/405
f 2442/1681/406 2456/1695/410 2455/1696/410 2441/1682/406
f 2443/1683/406 2457/1697/410 2456/1695/410 2442/1681/406
f 2444/1684/406 2458/1698/410 2457/1697/410 2443/1683/406
f 2445/1685/406 2459/1699/410 2458/1698/410 2444/1684/406
f 2446/1686/406 2460/1700/410 2459/1699/410 2445/1685/406
f 2447/1687/407 2461/1701/411 2460/1700/410 2446/1686/406
f 2448/1688/408 2462/1702/412 2461/1701/411 2447/1687/407
f 2449/1689/409 2463/1703/413 2462/1702/412 2448/1688/408
f 2450/1690/409 2464/1704/413 2463/1703/413 2449/1689/409
f 2451/1691/409 2465/1705/413 2464/1704/413 2450/1690/409
f 2452/1692/409 2466/1706/413 2465/1705/413 2451/1691/409
f 2453/1693/409 2467/1707/413 2466/1706/413 2452/1692/409
f 2454/1694/409 2468/1708/413 2467/1707/413 2453/1693/409
f 2456/1695/410 2470/1709/414 2469/1710/414 2455/1696/410
f 2457/1697/410 2471/1711/414 2470/1709/414 2456/1695/410
f 2458/1698/410 2472/1712/414 2471/1711/414 2457/1697/410
f 2459/1699/410 2473/1713/414 2472/1712/414 2458/1698/410
f 2460/1700/410 2474/1714/414 2473/1713/414 2459/1699/410
f 2461/1701/411 2475/1715/415 2474/1714/414 2460/1700/410
f 2462/1702/412 2476/1716/416 2475/1715/415 2461/1701/411
f 2463/1703/413 2477/1717/417 2476/1716/416 2462/1702/412
f 2464/1704/413 2478/1718/417 2477/1717/417 2463/1703/413
f 2465/1705/413 2479/1719/417 2478/1718/417 2464/1704/413
f 2466/1706/413 2480/1720/417 2479/1719/417 2465/1705/413
f 2467/1707/413 2481/1721/417 2480/1720/417 2466/1706/413
f 2468/1708/413 2482/1722/417 2481/1721/417 2467/1707/413
f 2470/1709/414 2484/1723/418 2483/1724/418 2469/1710/414
f 2471/1711/414 2485/1725/418 2484/1723/418 2470/1709/414
f 2472/1712/414 2486/1726/418 2485/1725/418 2471/1711/414
f 2473/1713/414 2487/1727/418 2486/1726/418 2472/1712/414
f 2474/1714/414 2488/1728/418 2487/1727/418 2473/1713/414
f 2475/1715/415 2489/1729/419 2488/1728/418 2474/1714/414
f 2476/1716/416 2490/1730/420 2489/1729/419 2475/1715/415
f 2477/1717/417 2491/1731/421 2490/1730/420 2476/1716/416
f 2478/1718/417 2492/1732/421 2491/1731/421 2477/1717/417
f 2479/1719/417 2493/1733/421 2492/1732/421 2478/1718/417
f 2480/1720/417 2494/1734/421 2493/1733/421 2479/1719/417
f 2481/1721/417 2495/1735/421 2494/1734/421 2480/1720/417
f 2482/1722/417 2496/1736/421 2495/1735/421 2481/1721/417
f 2484/1723/418 2498/1737/422 2497/1738/422 2483/1724/418
f 2485/1725/418 2499/1739/422 2498/1737/422 2484/1723/418
f 2486/1726/418 2500/1740/422 2499/1739/422 2485/1725/418
f 2487/1727/418 2501/1741/423 2500/1740/422 2486/1726/418
f 2488/1728/418 2502/1742/424 2501/1741/423 2487/1727/418
f 2489/1729/419 2503/1743/425 2502/1742/424 2488/1728/418
f 2490/1730/420 2504/1744/426 2503/1743/425 2489/1729/419
f 2491/1731/421 2505/1745/424 2504/1744/426 2490/1730/420
f 2492/1732/421 2506/1746/427 2505/1745/424 2491/1731/421
f 2493/1733/421 2507/1747/428 2506/1746/427 2492/1732/421
f 2494/1734/421 2508/1748/428 2507/1747/428 2493/1733/421
f 2495/1735/421 2509/1749/428 2508/1748/428 2494/1734/421
f 2496/1736/421 2510/1750/428 2509/1749/428 2495/1735/421
f 2498/1737/422 2512/1751/429 2511/1752/429 2497/1738/422
f 2499/1739/422 2513/1753/429 2512/1751/429 2498/1737/422
f 2500/1740/422 2514/1754/429 2513/1753/429 2499/1739/422
f 2501/1741/423 2515/1755/430 2514/1754/429 2500/1740/422
f 2502/1742/424 2516/1756/431 2515/1755/430 2501/1741/423
f 2503/1743/425 2517/1757/432 2516/1756/431 2502/1742/424
f 2504/1744/426 2518/1758/433 2517/1757/432 2503/1743/425
f 2505/1745/424 2519/1759/431 2518/1758/433 2504/1744/426
f 2506/1746/427 2520/1760/434 2519/1759/431 2505/1745/424
f 2507/1747/428 2521/1761/435 2520/1760/434 2506/1746/427
f 2508/1748/428 2522/1762/435 2521/1761/435 2507/1747/428
f 2509/1749/428 2523/1763/435 2522/1762/435 2508/1748/428
f 2510/1750/428 2524/1764/435 2523/1763/435 2509/1749/428
f 2512/1751/429 2526/1765/436 2525/1766/436 2511/1752/429
f 2513/1753/429 2527/1767/436 2526/1765/436 2512/1751/429
f 2514/1754/429 2528/1768/436 2527/1767/436 2513/1753/429
f 2515/1755/430 2529/1769/437 2528/1768/436 2514/1754/429
f 2516/1756/431 2530/1770/438 2529/1769/437 2515/1755/430
f 2517/1757/432 2531/1771/439 2530/1770/438 2516/1756/431
f 2518/1758/433 2532/1772/440 2531/1771/439 2517/1757/432
f 2519/1759/431 2533/1773/438 2532/1772/440 2518/1758/433
f 2520/1760/434 2534/1774/441 2533/1773/438 2519/1759/431
f 2521/1761/435 2535/1775/442 2534/1774/441 2520/1760/434
f 2522/1762/435 2536/1776/442 2535/1775/442 2521/1761/435
f 2523/1763/435 2537/1777/442 2536/1776/442 2522/1762/435
f 2524/1764/435 2538/1778/442 2537/1777/442 2523/1763/435
f 2526/1765/436 2190/422/331 2189/81/331 2525/1766/436
f 2527/1767/436 2191/423/331 2190/422/331 2526/1765/436
f 2528/1768/436 2192/424/331 2191/423/331 2527/1767/436
f 2529/1769/437 2193/425/333 2192/424/331 2528/1768/436
f 2530/1770/438 2194/426/334 2193/425/333 2529/1769/437
f 2531/1771/439 2195/427/335 2194/426/334 2530/1770/438
f 2532/1772/440 2196/428/337 2195/427/335 2531/1771/439
f 2533/1773/438 2197/429/334 2196/428/337 2532/1772/440
f 2534/1774/441 2198/430/340 2197/429/334 2533/1773/438
f 2535/1775/442 2199/431/341 2198/430/340 2534/1774/441
f 2536/1776/442 2200/432/341 2199/431/341 2535/1775/442
f 2537/1777/442 2201/433/341 2200/432/341 2536/1776/442
f 2538/1778/442 2202/434/341 2201/433/341 2537/1777/442
f 2540/312/443 2554/1779/444 2553/1780/444 2539/75/443
f 2541/315/443 2555/1781/444 2554/1779/444 2540/312/443
f 2542/317/443 2556/1782/444 2555/1781/444 2541/315/443
f 2543/319/443 2557/1783/444 2556/1782/444 2542/317/443
f 2544/321/443 2558/1784/444 2557/1783/444 2543/319/443
f 2545/323/445 2559/1785/446 2558/1784/444 2544/321/443
f 2546/325/447 2560/1786/448 2559/1785/446 2545/323/445
f 2547/327/449 2561/1787/450 2560/1786/448 2546/325/447
f 2548/329/449 2562/1788/450 2561/1787/450 2547/327/449
f 2549/331/449 2563/1789/450 2562/1788/450 2548/329/449
f 2550/333/449 2564/1790/450 2563/1789/450 2549/331/449
f 2551/335/449 2565/1791/450 2564/1790/450 2550/333/449
f 2552/337/449 2566/1792/450 2565/1791/450 2551/335/449
f 2554/1779/444 2568/1793/451 2567/1794/451 2553/1780/444
f 2555/1781/444 2569/1795/451 2568/1793/451 2554/1779/444
f 2556/1782/444 2570/1796/451 2569/1795/451 2555/1781/444
f 2557/1783/444 2571/1797/451 2570/1796/451 2556/1782/444
f 2558/1784/444 2572/1798/451 2571/1797/451 2557/1783/444
f 2559/1785/446 2573/1799/452 2572/1798/451 2558/1784/444
f 2560/1786/448 2574/1800/453 2573/1799/452 2559/1785/446
f 2561/1787/450 2575/1801/454 2574/1800/453 2560/1786/448
f 2562/1788/450 2576/1802/454 2575/1801/454 2561/1787/450
f 2563/1789/450 2577/1803/454 2576/1802/454 2562/1788/450
f 2564/1790/450 2578/1804/454 2577/1803/454 2563/1789/450
f 2565/1791/450 2579/1805/454 2578/1804/454 2564/1790/450
f 2566/1792/450 2580/1806/454 2579/1805/454 2565/1791/450
f 2568/1793/451 2582/1807/455 2581/1808/455 2567/1794/451
f 2569/1795/451 2583/1809/455 2582/1807/455 2568/1793/451
f 2570/1796/451 2584/1810/455 2583/1809/455 2569/1795/451
f 2571/1797/451 2585/1811/455 2584/1810/455 2570/1796/451
f 2572/1798/451 2586/1812/455 2585/1811/455 2571/1797/451
f 2573/1799/452 2587/1813/456 2586/1812/455 2572/1798/451
f 2574/1800/453 2588/1814/457 2587/1813/456 2573/1799/452
f 2575/1801/454 2589/1815/458 2588/1814/457 2574/1800/453
f 2576/1802/454 2590/1816/458 2589/1815/458 2575/1801/454
f 2577/1803/454 2591/1817/458 2590/1816/458 2576/1802/454
f 2578/1804/454 2592/1818/458 2591/1817/458 2577/1803/454
f 2579/1805/454 2593/1819/458 2592/1818/458 2578/1804/454
f 2580/1806/454 2594/1820/458 2593/1819/458 2579/1805/454
f 2582/1807/455 2596/1821/459 2595/1822/459 2581/1808/455
f 2583/1809/455 2597/1823/459 2596/1821/459 2582/1807/455
f 2584/1810/455 2598/1824/459 2597/1823/459 2583/1809/455
f 2585/1811/455 2599/1825/459 2598/1824/459 2584/1810/455
f 2586/1812/455 2600/1826/459 2599/1825/459 2585/1811/455
f 2587/1813/456 2601/1827/460 2600/1826/459 2586/1812/455
f 2588/1814/457 2602/1828/461 2601/1827/460 2587/1813/456
f 2589/1815/458 2603/1829/462 2602/1828/461 2588/1814/457
f 2590/1816/458 2604/1830/462 2603/1829/462 2589/1815/458
f 2591/1817/458 2605/1831/462 2604/1830/462 2590/1816/458
f 2592/1818/458 2606/1832/462 2605/1831/462 2591/1817/458
f 2593/1819/458 2607/1833/462 2606/1832/462 2592/1818/458
f 2594/1820/458 2608/1834/462 2607/1833/462 2593/1819/458
f 2596/1821/459 2610/1835/463 2609/1836/463 2595/1822/459
f 2597/1823/459 2611/1837/463 2610/1835/463 2596/1821/459
f 2598/1824/459 2612/1838/463 2611/1837/463 2597/1823/459
f 2599/1825/459 2613/1839/463 2612/1838/463 2598/1824/459
f 2600/1826/459 2614/1840/463 2613/1839/463 2599/1825/459
f 2601/1827/460 2615/1841/464 2614/1840/463 2600/1826/459
f 2602/1828/461 2616/1842/465 2615/1841/464 2601/1827/460
f 2603/1829/462 2617/1843/466 2616/1842/465 2602/1828/461
f 2604/1830/462 2618/1844/466 2617/1843/466 2603/1829/462
f 2605/1831/462 2619/1845/466 2618/1844/466 2604/1830/462
f 2606/1832/462 2620/1846/466 2619/1845/466 2605/1831/462
f 2607/1833/462 2621/1847/466 2620/1846/466 2606/1832/462
f 2608/1834/462 2622/1848/466 2621/1847/466 2607/1833/462
f 2610/1835/463 2624/1849/467 2623/1850/467 2609/1836/463
f 2611/1837/463 2625/1851/467 2624/1849/467 2610/1835/463
f 2612/1838/463 2626/1852/467 2625/1851/467 2611/1837/463
f 2613/1839/463 2627/1853/467 2626/1852/467 2612/1838/463
f 2614/1840/463 2628/1854/467 2627/1853/467 2613/1839/463
f 2615/1841/464 2629/1855/468 2628/1854/467 2614/1840/463
f 2616/1842/465 2630/1856/469 2629/1855/468 2615/1841/464
f 2617/1843/466 2631/1857/470 2630/1856/469 2616/1842/465
f 2618/1844/466 2632/1858/470 2631/1857/470 2617/1843/466
f 2619/1845/466 2633/1859/470 2632/1858/470 2618/1844/466
f 2620/1846/466 2634/1860/470 2633/1859/470 2619/1845/466
f 2621/1847/466 2635/1861/470 2634/1860/470 2620/1846/466
f 2622/1848/466 2636/1862/470 2635/1861/470 2621/1847/466
f 2624/1849/467 2638/1863/471 2637/1864/471 2623/1850/467
f 2625/1851/467 2639/1865/471 2638/1863/471 2624/1849/467
f 2626/1852/467 2640/1866/471 2639/1865/471 2625/1851/467
f 2627/1853/467 2641/1867/471 2640/1866/471 2626/1852/467
f 2628/1854/467 2642/1868/471 2641/1867/471 2627/1853/467
f 2629/1855/468 2643/1869/472 2642/1868/471 2628/1854/467
f 2630/1856/469 2644/1870/473 2643/1869/472 2629/1855/468
f 2631/1857/470 2645/1871/474 2644/1870/473 2630/1856/469
f 2632/1858/470 2646/1872/474 2645/1871/474 2631/1857/470
f 2633/1859/470 2647/1873/474 2646/1872/474 2632/1858/470
f 2634/1860/470 2648/1874/474 2647/1873/474 2633/1859/470
f 2635/1861/470 2649/1875/474 2648/1874/474 2634/1860/470
f 2636/1862/470 2650/1876/474 2649/1875/474 2635/1861/470
f 2638/1863/471 2652/1877/475 2651/1878/475 2637/1864/471
f 2639/1865/471 2653/1879/475 2652/1877/475 2638/1863/471
f 2640/1866/471 2654/1880/475 2653/1879/475 2639/1865/471
f 2641/1867/471 2655/1881/475 2654/1880/475 2640/1866/471
f 2642/1868/471 2656/1882/475 2655/1881/475 2641/1867/471
f 2643/1869/472 2657/1883/476 2656/1882/475 2642/1868/471
f 2644/1870/473 2658/1884/477 2657/1883/476 2643/1869/472
f 2645/1871/474 2659/1885/478 2658/1884/477 2644/1870/473
f 2646/1872/474 2660/1886/478 2659/1885/478 2645/1871/474
f 2647/1873/474 2661/1887/478 2660/1886/478 2646/1872/474
f 2648/1874/474 2662/1888/478 2661/1887/478 2647/1873/474
f 2649/1875/474 2663/1889/478 2662/1888/478 2648/1874/474
f 2650/1876/474 2664/1890/478 2663/1889/478 2649/1875/474
f 2652/1877/475 2666/1891/479 2665/1892/479 2651/1878/475
f 2653/1879/475 2667/1893/479 2666/1891/479 2652/1877/475
f 2654/1880/475 2668/1894/479 2667/1893/479 2653/1879/475
f 2655/1881/475 2669/1895/479 2668/1894/479 2654/1880/475
f 2656/1882/475 2670/1896/479 2669/1895/479 2655/1881/475
f 2657/1883/476 2671/1897/480 2670/1896/479 2656/1882/475
f 2658/1884/477 2672/1898/481 2671/1897/480 2657/1883/476
f 2659/1885/478 2673/1899/482 2672/1898/481 2658/1884/477
f 2660/1886/478 2674/1900/482 2673/1899/482 2659/1885/478
f 2661/1887/478 2675/1901/482 2674/1900/482 2660/1886/478
f 2662/1888/478 2676/1902/482 2675/1901/482 2661/1887/478
f 2663/1889/478 2677/1903/482 2676/1902/482 2662/1888/478
f 2664/1890/478 2678/1904/482 2677/1903/482 2663/1889/478
f 2666/1891/479 2680/1905/483 2679/1906/483 2665/1892/479
f 2667/1893/479 2681/1907/483 2680/1905/483 2666/1891/479
f 2668/1894/479 2682/1908/483 2681/1907/483 2667/1893/479
f 2669/1895/479 2683/1909/483 2682/1908/483 2668/1894/479
f 2670/1896/479 2684/1910/483 2683/1909/483 2669/1895/479
f 2671/1897/480 2685/1911/484 2684/1910/483 2670/1896/479
f 2672/1898/481 2686/1912/485 2685/1911/484 2671/1897/480
f 2673/1899/482 2687/1913/486 2686/1912/485 2672/1898/481
f 2674/1900/482 2688/1914/486 2687/1913/486 2673/1899/482
f 2675/1901/482 2689/1915/486 2688/1914/486 2674/1900/482
f 2676/1902/482 2690/1916/486 2689/1915/486 2675/1901/482
f 2677/1903/482 2691/1917/486 2690/1916/486 2676/1902/482
f 2678/1904/482 2692/1918/486 2691/1917/486 2677/1903/482
f 2680/1905/483 2694/1919/487 2693/1920/487 2679/1906/483
f 2681/1907/483 2695/1921/487 2694/1919/487 2680/1905/483
f 2682/1908/483 2696/1922/487 2695/1921/487 2681/1907/483
f 2683/1909/483 2697/1923/487 2696/1922/487 2682/1908/483
f 2684/1910/483 2698/1924/487 2697/1923/487 2683/1909/483
f 2685/1911/484 2699/1925/488 2698/1924/487 2684/1910/483
f 2686/1912/485 2700/1926/489 2699/1925/488 2685/1911/484
f 2687/1913/486 2701/1927/490 2700/1926/489 2686/1912/485
f 2688/1914/486 2702/1928/490 2701/1927/490 2687/1913/486
f 2689/1915/486 2703/1929/490 2702/1928/490 2688/1914/486
f 2690/1916/486 2704/1930/490 2703/1929/490 2689/1915/486
f 2691/1917/486 2705/1931/490 2704/1930/490 2690/1916/486
f 2692/1918/486 2706/1932/490 2705/1931/490 2691/1917/486
f 2694/1919/487 2708/1933/491 2707/1934/491 2693/1920/487
f 2695/1921/487 2709/1935/491 2708/1933/491 2694/1919/487
f 2696/1922/487 2710/1936/491 2709/1935/491 2695/1921/487
f 2697/1923/487 2711/1937/491 2710/1936/491 2696/1922/487
f 2698/1924/487 2712/1938/491 2711/1937/491 2697/1923/487
f 2699/1925/488 2713/1939/492 2712/1938/491 2698/1924/487
f 2700/1926/489 2714/1940/493 2713/1939/492 2699/1925/488
f 2701/1927/490 2715/1941/494 2714/1940/493 2700/1926/489
f 2702/1928/490 2716/1942/494 2715/1941/494 2701/1927/490
f 2703/1929/490 2717/1943/494 2716/1942/494 2702/1928/490
f 2704/1930/490 2718/1944/494 2717/1943/494 2703/1929/490
f 2705/1931/490 2719/1945/494 2718/1944/494 2704/1930/490
f 2706/1932/490 2720/1946/494 2719/1945/494 2705/1931/490
f 2708/1933/491 2722/1947/495 2721/1948/495 2707/1934/491
f 2709/1935/491 2723/1949/495 2722/1947/495 2708/1933/491
f 2710/1936/491 2724/1950/495 2723/1949/495 2709/1935/491
f 2711/1937/491 2725/1951/495 2724/1950/495 2710/1936/491
f 2712/1938/491 2726/1952/495 2725/1951/495 2711/1937/491
f 2713/1939/492 2727/1953/496 2726/1952/495 2712/1938/491
f 2714/1940/493 2728/1954/497 2727/1953/496 2713/1939/492
f 2715/1941/494 2729/1955/498 2728/1954/497 2714/1940/493
f 2716/1942/494 2730/1956/498 2729/1955/498 2715/1941/494
f 2717/1943/494 2731/1957/498 2730/1956/498 2716/1942/494
f 2718/1944/494 2732/1958/498 2731/1957/498 2717/1943/494
f 2719/1945/494 2733/1959/498 2732/1958/498 2718/1944/494
f 2720/1946/494 2734/1960/498 2733/1959/498 2719/1945/494
f 2722/1947/495 2736/1961/499 2735/1962/499 2721/1948/495
f 2723/1949/495 2737/1963/499 2736/1961/499 2722/1947/495
f 2724/1950/495 2738/1964/499 2737/1963/499 2723/1949/495
f 2725/1951/495 2739/1965/499 2738/1964/499 2724/1950/495
f 2726/1952/495 2740/1966/499 2739/1965/499 2725/1951/495
f 2727/1953/496 2741/1967/500 2740/1966/499 2726/1952/495
f 2728/1954/497 2742/1968/501 2741/1967/500 2727/1953/496
f 2729/1955/498 2743/1969/502 2742/1968/501 2728/1954/497
f 2730/1956/498 2744/1970/502 2743/1969/502 2729/1955/498
f 2731/1957/498 2745/1971/502 2744/1970/502 2730/1956/498
f 2732/1958/498 2746/1972/502 2745/1971/502 2731/1957/498
f 2733/1959/498 2747/1973/502 2746/1972/502 2732/1958/498
f 2734/1960/498 2748/1974/502 2747/1973/502 2733/1959/498
f 2736/1961/499 2750/1975/503 2749/1976/503 2735/1962/499
f 2737/1963/499 2751/1977/503 2750/1975/503 2736/1961/499
f 2738/1964/499 2752/1978/503 2751/1977/503 2737/1963/499
f 2739/1965/499 2753/1979/503 2752/1978/503 2738/1964/499
f 2740/1966/499 2754/1980/503 2753/1979/503 2739/1965/499
f 2741/1967/500 2755/1981/504 2754/1980/503 2740/1966/499
f 2742/1968/501 2756/1982/505 2755/1981/504 2741/1967/500
f 2743/1969/502 2757/1983/506 2756/1982/505 2742/1968/501
f 2744/1970/502 2758/1984/506 2757/1983/506 2743/1969/502
f 2745/1971/502 2759/1985/506 2758/1984/506 2744/1970/502
f 2746/1972/502 2760/1986/506 2759/1985/506 2745/1971/502
f 2747/1973/502 2761/1987/506 2760/1986/506 2746/1972/502
f 2748/1974/502 2762/1988/506 2761/1987/506 2747/1973/502
f 2750/1975/503 2764/1989/507 2763/1990/507 2749/1976/503
f 2751/1977/503 2765/1991/507 2764/1989/507 2750/1975/503
f 2752/1978/503 2766/1992/507 2765/1991/507 2751/1977/503
f 2753/1979/503 2767/1993/507 2766/1992/507 2752/1978/503
f 2754/1980/503 2768/1994/507 2767/1993/507 2753/1979/503
f 2755/1981/504 2769/1995/508 2768/1994/507 2754/1980/503
f 2756/1982/505 2770/1996/509 2769/1995/508 2755/1981/504
f 2757/1983/506 2771/1997/510 2770/1996/509 2756/1982/505
f 2758/1984/506 2772/1998/510 2771/1997/510 2757/1983/506
f 2759/1985/506 2773/1999/510 2772/1998/510 2758/1984/506
f 2760/1986/506 2774/2000/510 2773/1999/510 2759/1985/506
f 2761/1987/506 2775/2001/510 2774/2000/510 2760/1986/506
f 2762/1988/506 2776/2002/510 2775/2001/510 2761/1987/506
f 2764/1989/507 2778/2003/511 2777/2004/511 2763/1990/507
f 2765/1991/507 2779/2005/511 2778/2003/511 2764/1989/507
f 2766/1992/507 2780/2006/511 2779/2005/511 2765/1991/507
f 2767/1993/507 2781/2007/511 2780/2006/511 2766/1992/507
f 2768/1994/507 2782/2008/511 2781/2007/511 2767/1993/507
f 2769/1995/508 2783/2009/512 2782/2008/511 2768/1994/507
f 2770/1996/509 2784/2010/513 2783/2009/512 2769/1995/508
f 2771/1997/510 2785/2011/514 2784/2010/513 2770/1996/509
f 2772/1998/510 2786/2012/514 2785/2011/514 2771/1997/510
f 2773/1999/510 2787/2013/514 2786/2012/514 2772/1998/510
f 2774/2000/510 2788/2014/514 2787/2013/514 2773/1999/510
f 2775/2001/510 2789/2015/514 2788/2014/514 2774/2000/510
f 2776/2002/510 2790/2016/514 2789/2015/514 2775/2001/510
f 2778/2003/511 2792/2017/515 2791/2018/515 2777/2004/511
f 2779/2005/511 2793/2019/515 2792/2017/515 2778/2003/511
f 2780/2006/511 2794/2020/515 2793/2019/515 2779/2005/511
f 2781/2007/511 2795/2021/515 2794/2020/515 2780/2006/511
f 2782/2008/511 2796/2022/515 2795/2021/515 2781/2007/511
f 2783/2009/512 2797/2023/516 2796/2022/515 2782/2008/511
f 2784/2010/513 2798/2024/517 2797/2023/516 2783/2009/512
f 2785/2011/514 2799/2025/518 2798/2024/517 2784/2010/513
f 2786/2012/514 2800/2026/518 2799/2025/518 2785/2011/514
f 2787/2013/514 2801/2027/518 2800/2026/518 2786/2012/514
f 2788/2014/514 2802/2028/518 2801/2027/518 2787/2013/514
f 2789/2015/514 2803/2029/518 2802/2028/518 2788/2014/514
f 2790/2016/514 2804/2030/518 2803/2029/518 2789/2015/514
f 2792/2017/515 2806/2031/519 2805/2032/519 2791/2018/515
f 2793/2019/515 2807/2033/519 2806/2031/519 2792/2017/515
f 2794/2020/515 2808/2034/519 2807/2033/519 2793/2019/515
f 2795/2021/515 2809/2035/519 2808/2034/519 2794/2020/515
f 2796/2022/515 2810/2036/519 2809/2035/519 2795/2021/515
f 2797/2023/516 2811/2037/520 2810/2036/519 2796/2022/515
f 2798/2024/517 2812/2038/521 2811/2037/520 2797/2023/516
f 2799/2025/518 2813/2039/522 2812/2038/521 2798/2024/517
f 2800/2026/518 2814/2040/522 2813/2039/522 2799/2025/518
f 2801/2027/518 2815/2041/522 2814/2040/522 2800/2026/518
f 2802/2028/518 2816/2042/522 2815/2041/522 2801/2027/518
f 2803/2029/518 2817/2043/522 2816/2042/522 2802/2028/518
f 2804/2030/518 2818/2044/522 2817/2043/522 2803/2029/518
f 2806/2031/519 2820/2045/523 2819/2046/523 2805/2032/519
f 2807/2033/519 2821/2047/523 2820/2045/523 2806/2031/519
f 2808/2034/519 2822/2048/523 2821/2047/523 2807/2033/519
f 2809/2035/519 2823/2049/523 2822/2048/523 2808/2034/519
f 2810/2036/519 2824/2050/523 2823/2049/523 2809/2035/519
f 2811/2037/520 2825/2051/524 2824/2050/523 2810/2036/519
f 2812/2038/521 2826/2052/525 2825/2051/524 2811/2037/520
f 2813/2039/522 2827/2053/526 2826/2052/525 2812/2038/521
f 2814/2040/522 2828/2054/526 2827/2053/526 2813/2039/522
f 2815/2041/522 2829/2055/526 2828/2054/526 2814/2040/522
f 2816/2042/522 2830/2056/526 2829/2055/526 2815/2041/522
f 2817/2043/522 2831/2057/526 2830/2056/526 2816/2042/522
f 2818/2044/522 2832/2058/526 2831/2057/526 2817/2043/522
f 2820/2045/523 2834/2059/527 2833/2060/527 2819/2046/523
f 2821/2047/523 2835/2061/527 2834/2059/527 2820/2045/523
f 2822/2048/523 2836/2062/527 2835/2061/527 2821/2047/523
f 2823/2049/523 2837/2063/527 2836/2062/527 2822/2048/523
f 2824/2050/523 2838/2064/527 2837/2063/527 2823/2049/523
f 2825/2051/524 2839/2065/528 2838/2064/527 2824/2050/523
f 2826/2052/525 2840/2066/529 2839/2065/528 2825/2051/524
f 2827/2053/526 2841/2067/530 2840/2066/529 2826/2052/525
f 2828/2054/526 2842/2068/530 2841/2067/530 2827/2053/526
f 2829/2055/526 2843/2069/530 2842/2068/530 2828/2054/526
f 2830/2056/526 2844/2070/530 2843/2069/530 2829/2055/526
f 2831/2057/526 2845/2071/530 2844/2070/530 2830/2056/526
f 2832/2058/526 2846/2072/530 2845/2071/530 2831/2057/526
f 2834/2059/527 2848/2073/531 2847/2074/531 2833/2060/527
f 2835/2061/527 2849/2075/531 2848/2073/531 2834/2059/527
f 2836/2062/527 2850/2076/531 2849/2075/531 2835/2061/527
f 2837/2063/527 2851/2077/531 2850/2076/531 2836/2062/527
f 2838/2064/527 2852/2078/531 2851/2077/531 2837/2063/527
f 2839/2065/528 2853/2079/532 2852/2078/531 2838/2064/527
f 2840/2066/529 2854/2080/533 2853/2079/532 2839/2065/528
f 2841/2067/530 2855/2081/534 2854/2080/533 2840/2066/529
f 2842/2068/530 2856/2082/534 2855/2081/534 2841/2067/530
f 2843/2069/530 2857/2083/534 2856/2082/534 2842/2068/530
f 2844/2070/530 2858/2084/534 2857/2083/534 2843/2069/530
f 2845/2071/530 2859/2085/534 2858/2084/534 2844/2070/530
f 2846/2072/530 2860/2086/534 2859/2085/534 2845/2071/530
f 2848/2073/531 2862/2087/535 2861/2088/535 2847/2074/531
f 2849/2075/531 2863/2089/535 2862/2087/535 2848/2073/531
f 2850/2076/531 2864/2090/535 2863/2089/535 2849/2075/531
f 2851/2077/531 2865/2091/535 2864/2090/535 2850/2076/531
f 2852/2078/531 2866/2092/535 2865/2091/535 2851/2077/531
f 2853/2079/532 2867/2093/536 2866/2092/535 2852/2078/531
f 2854/2080/533 2868/2094/537 2867/2093/536 2853/2079/532
f 2855/2081/534 2869/2095/538 2868/2094/537 2854/2080/533
f 2856/2082/534 2870/2096/538 2869/2095/538 2855/2081/534
f 2857/2083/534 2871/2097/538 2870/2096/538 2856/2082/534
f 2858/2084/534 2872/2098/538 2871/2097/538 2857/2083/534
f 2859/2085/534 2873/2099/538 2872/2098/538 2858/2084/534
f 2860/2086/534 2874/2100/538 2873/2099/538 2859/2085/534
f 2862/2087/535 2876/2101/539 2875/2102/539 2861/2088/535
f 2863/2089/535 2877/2103/539 2876/2101/539 2862/2087/535
f 2864/2090/535 2878/2104/539 2877/2103/539 2863/2089/535
f 2865/2091/535 2879/2105/539 2878/2104/539 2864/2090/535
f 2866/2092/535 2880/2106/539 2879/2105/539 2865/2091/535
f 2867/2093/536 2881/2107/540 2880/2106/539 2866/2092/535
f 2868/2094/537 2882/2108/541 2881/2107/540 2867/2093/536
f 2869/2095/538 2883/2109/542 2882/2108/541 2868/2094/537
f 2870/2096/538 2884/2110/542 2883/2109/542 2869/2095/538
f 2871/2097/538 2885/2111/542 2884/2110/542 2870/2096/538
f 2872/2098/538 2886/2112/542 2885/2111/542 2871/2097/538
f 2873/2099/538 2887/2113/542 2886/2112/542 2872/2098/538
f 2874/2100/538 2888/2114/542 2887/2113/542 2873/2099/538
f 2876/2101/539 2890/2115/543 2889/2116/543 2875/2102/539
f 2877/2103/539 2891/2117/543 2890/2115/543 2876/2101/539
f 2878/2104/539 2892/2118/543 2891/2117/543 2877/2103/539
f 2879/2105/539 2893/2119/543 2892/2118/543 2878/2104/539
f 2880/2106/539 2894/2120/543 2893/2119/543 2879/2105/539
f 2881/2107/540 2895/2121/544 2894/2120/543 2880/2106/539
f 2882/2108/541 2896/2122/545 2895/2121/544 2881/2107/540
f 2883/2109/542 2897/2123/546 2896/2122/545 2882/2108/541
f 2884/2110/542 2898/2124/546 2897/2123/546 2883/2109/542
f 2885/2111/542 2899/2125/546 2898/2124/546 2884/2110/542
f 2886/2112/542 2900/2126/546 2899/2125/546 2885/2111/542
f 2887/2113/542 2901/2127/546 2900/2126/546 2886/2112/542
f 2888/2114/542 2902/2128/546 2901/2127/546 2887/2113/542
f 2890/2115/543 2904/2129/547 2903/2130/547 2889/2116/543
f 2891/2117/543 2905/2131/547 2904/2129/547 2890/2115/543
f 2892/2118/543 2906/2132/547 2905/2131/547 2891/2117/543
f 2893/2119/543 2907/2133/547 2906/2132/547 2892/2118/543
f 2894/2120/543 2908/2134/547 2907/2133/547 2893/2119/543
f 2895/2121/544 2909/2135/548 2908/2134/547 2894/2120/543
f 2896/2122/545 2910/2136/549 2909/2135/548 2895/2121/544
f 2897/2123/546 2911/2137/550 2910/2136/549 2896/2122/545
f 2898/2124/546 2912/2138/550 2911/2137/550 2897/2123/546
f 2899/2125/546 2913/2139/550 2912/2138/550 2898/2124/546
f 2900/2126/546 2914/2140/550 2913/2139/550 2899/2125/546
f 2901/2127/546 2915/2141/550 2914/2140/550 2900/2126/546
f 2902/2128/546 2916/2142/550 2915/2141/550 2901/2127/546
f 2904/2129/547 2918/2143/551 2917/2144/551 2903/2130/547
f 2905/2131/547 2919/2145/551 2918/2143/551 2904/2129/547
f 2906/2132/547 2920/2146/551 2919/2145/551 2905/2131/547
f 2907/2133/547 2921/2147/551 2920/2146/551 2906/2132/547
f 2908/2134/547 2922/2148/551 2921/2147/551 2907/2133/547
f 2909/2135/548 2923/2149/552 2922/2148/551 2908/2134/547
f 2910/2136/549 2924/2150/553 2923/2149/552 2909/2135/548
f 2911/2137/550 2925/2151/554 2924/2150/553 2910/2136/549
f 2912/2138/550 2926/2152/554 2925/2151/554 2911/2137/550
f 2913/2139/550 2927/2153/554 2926/2152/554 2912/2138/550
f 2914/2140/550 2928/2154/554 2927/2153/554 2913/2139/550
f 2915/2141/550 2929/2155/554 2928/2154/554 2914/2140/550
f 2916/2142/550 2930/2156/554 2929/2155/554 2915/2141/550
f 2918/2143/551 2932/2157/555 2931/2158/555 2917/2144/551
f 2919/2145/551 2933/2159/555 2932/2157/555 2918/2143/551
f 2920/2146/551 2934/2160/555 2933/2159/555 2919/2145/551
f 2921/2147/551 2935/2161/555 2934/2160/555 2920/2146/551
f 2922/2148/551 2936/2162/555 2935/2161/555 2921/2147/551
f 2923/2149/552 2937/2163/556 2936/2162/555 2922/2148/551
f 2924/2150/553 2938/2164/557 2937/2163/556 2923/2149/552
f 2925/2151/554 2939/2165/558 2938/2164/557 2924/2150/553
f 2926/2152/554 2940/2166/558 2939/2165/558 2925/2151/554
f 2927/2153/554 2941/2167/558 2940/2166/558 2926/2152/554
f 2928/2154/554 2942/2168/558 2941/2167/558 2927/2153/554
f 2929/2155/554 2943/2169/558 2942/2168/558 2928/2154/554
f 2930/2156/554 2944/2170/558 2943/2169/558 2929/2155/554
f 2932/2157/555 2946/2171/559 2945/2172/559 2931/2158/555
f 2933/2159/555 2947/2173/559 2946/2171/559 2932/2157/555
f 2934/2160/555 2948/2174/559 2947/2173/559 2933/2159/555
f 2935/2161/555 2949/2175/559 2948/2174/559 2934/2160/555
f 2936/2162/555 2950/2176/559 2949/2175/559 2935/2161/555
f 2937/2163/556 2951/2177/560 2950/2176/559 2936/2162/555
f 2938/2164/557 2952/2178/561 2951/2177/560 2937/2163/556
f 2939/2165/558 2953/2179/562 2952/2178/561 2938/2164/557
f 2940/2166/558 2954/2180/562 2953/2179/562 2939/2165/558
f 2941/2167/558 2955/2181/562 2954/2180/562 2940/2166/558
f 2942/2168/558 2956/2182/562 2955/2181/562 2941/2167/558
f 2943/2169/558 2957/2183/562 2956/2182/562 2942/2168/558
f 2944/2170/558 2958/2184/562 2957/2183/562 2943/2169/558
f 2946/2171/559 2960/2185/563 2959/2186/563 2945/2172/559
f 2947/2173/559 2961/2187/563 2960/2185/563 2946/2171/559
f 2948/2174/559 2962/2188/563 2961/2187/563 2947/2173/559
f 2949/2175/559 2963/2189/563 2962/2188/563 2948/2174/559
f 2950/2176/559 2964/2190/563 2963/2189/563 2949/2175/559
f 2951/2177/560 2965/2191/564 2964/2190/563 2950/2176/559
f 2952/2178/561 2966/2192/565 2965/2191/564 2951/2177/560
f 2953/2179/562 2967/2193/566 2966/2192/565 2952/2178/561
f 2954/2180/562 2968/2194/566 2967/2193/566 2953/2179/562
f 2955/2181/562 2969/2195/566 2968/2194/566 2954/2180/562
f 2956/2182/562 2970/2196/566 2969/2195/566 2955/2181/562
f 2957/2183/562 2971/2197/566 2970/2196/566 2956/2182/562
f 2958/2184/562 2972/2198/566 2971/2197/566 2957/2183/562
f 2960/2185/563 2974/2199/567 2973/2200/567 2959/2186/563
f 2961/2187/563 2975/2201/567 2974/2199/567 2960/2185/563
f 2962/2188/563 2976/2202/567 2975/2201/567 2961/2187/563
f 2963/2189/563 2977/2203/568 2976/2202/567 2962/2188/563
f 2964/2190/563 2978/2204/568 2977/2203/568 2963/2189/563
f 2965/2191/564 2979/2205/569 2978/2204/568 2964/2190/563
f 2966/2192/565 2980/2206/570 2979/2205/569 2965/2191/564
f 2967/2193/566 2981/2207/571 2980/2206/570 2966/2192/565
f 2968/2194/566 2982/2208/571 2981/2207/571 2967/2193/566
f 2969/2195/566 2983/2209/572 2982/2208/571 2968/2194/566
f 2970/2196/566 2984/2210/572 2983/2209/572 2969/2195/566
f 2971/2197/566 2985/2211/572 2984/2210/572 2970/2196/566
f 2972/2198/566 2986/2212/572 2985/2211/572 2971/2197/566
f 2974/2199/567 2988/2213/573 2987/2214/573 2973/2200/567
f 2975/2201/567 2989/2215/573 2988/2213/573 2974/2199/567
f 2976/2202/567 2990/2216/573 2989/2215/573 2975/2201/567
f 2977/2203/568 2991/2217/573 2990/2216/573 2976/2202/567
f 2978/2204/568 2992/2218/573 2991/2217/573 2977/2203/568
f 2979/2205/569 2993/2219/574 2992/2218/573 2978/2204/568
f 2980/2206/570 2994/2220/575 2993/2219/574 2979/2205/569
f 2981/2207/571 2995/2221/576 2994/2220/575 2980/2206/570
f 2982/2208/571 2996/2222/576 2995/2221/576 2981/2207/571
f 2983/2209/572 2997/2223/576 2996/2222/576 2982/2208/571
f 2984/2210/572 2998/2224/576 2997/2223/576 2983/2209/572
f 2985/2211/572 2999/2225/576 2998/2224/576 2984/2210/572
f 2986/2212/572 3000/2226/576 2999/2225/576 2985/2211/572
f 2988/2213/573 3002/2227/577 3001/2228/577 2987/2214/573
f 2989/2215/573 3003/2229/577 3002/2227/577 2988/2213/573
f 2990/2216/573 3004/2230/577 3003/2229/577 2989/2215/573
f 2991/2217/573 3005/2231/577 3004/2230/577 2990/2216/573
f 2992/2218/573 3006/2232/577 3005/2231/577 2991/2217/573
f 2993/2219/574 3007/2233/578 3006/2232/577 2992/2218/573
f 2994/2220/575 3008/2234/579 3007/2233/578 2993/2219/574
f 2995/2221/576 3009/2235/580 3008/2234/579 2994/2220/575
f 2996/2222/576 3010/2236/580 3009/2235/580 2995/2221/576
f 2997/2223/576 3011/2237/580 3010/2236/580 2996/2222/576
f 2998/2224/576 3012/2238/580 3011/2237/580 2997/2223/576
f 2999/2225/576 3013/2239/580 3012/2238/580 2998/2224/576
f 3000/2226/576 3014/2240/580 3013/2239/580 2999/2225/576
f 3002/2227/577 3016/2241/581 3015/2242/581 3001/2228/577
f 3003/2229/577 3017/2243/582 3016/2241/581 3002/2227/577
f 3004/2230/577 3018/2244/581 3017/2243/582 3003/2229/577
f 3005/2231/577 3019/2245/581 3018/2244/581 3004/2230/577
f 3006/2232/577 3020/2246/581 3019/2245/581 3005/2231/577
f 3007/2233/578 3021/2247/583 3020/2246/581 3006/2232/577
f 3008/2234/579 3022/2248/584 3021/2247/583 3007/2233/578
f 3009/2235/580 3023/2249/585 3022/2248/584 3008/2234/579
f 3010/2236/580 3024/2250/585 3023/2249/585 3009/2235/580
f 3011/2237/580 3025/2251/586 3024/2250/585 3010/2236/580
f 3012/2238/580 3026/2252/586 3025/2251/586 3011/2237/580
f 3013/2239/580 3027/2253/585 3026/2252/586 3012/2238/580
f 3014/2240/580 3028/2254/585 3027/2253/585 3013/2239/580
f 3016/2241/581 3030/2255/587 3029/2256/587 3015/2242/581
f 3017/2243/582 3031/2257/587 3030/2255/587 3016/2241/581
f 3018/2244/581 3032/2258/587 3031/2257/587 3017/2243/582
f 3019/2245/581 3033/2259/587 3032/2258/587 3018/2244/581
f 3020/2246/581 3034/2260/587 3033/2259/587 3019/2245/581
f 3021/2247/583 3035/2261/588 3034/2260/587 3020/2246/581
f 3022/2248/584 3036/2262/589 3035/2261/588 3021/2247/583
f 3023/2249/585 3037/2263/590 3036/2262/589 3022/2248/584
f 3024/2250/585 3038/2264/590 3037/2263/590 3023/2249/585
f 3025/2251/586 3039/2265/590 3038/2264/590 3024/2250/585
f 3026/2252/586 3040/2266/590 3039/2265/590 3025/2251/586
f 3027/2253/585 3041/2267/590 3040/2266/590 3026/2252/586
f 3028/2254/585 3042/2268/590 3041/2267/590 3027/2253/585
f 3030/2255/587 3044/2269/591 3043/2270/591 3029/2256/587
f 3031/2257/587 3045/2271/591 3044/2269/591 3030/2255/587
f 3032/2258/587 3046/2272/591 3045/2271/591 3031/2257/587
f 3033/2259/587 3047/2273/591 3046/2272/591 3032/2258/587
f 3034/2260/587 3048/2274/591 3047/2273/591 3033/2259/587
f 3035/2261/588 3049/2275/592 3048/2274/591 3034/2260/587
f 3036/2262/589 3050/2276/593 3049/2275/592 3035/2261/588
f 3037/2263/590 3051/2277/594 3050/2276/593 3036/2262/589
f 3038/2264/590 3052/2278/594 3051/2277/594 3037/2263/590
f 3039/2265/590 3053/2279/594 3052/2278/594 3038/2264/590
f 3040/2266/590 3054/2280/594 3053/2279/594 3039/2265/590
f 3041/2267/590 3055/2281/594 3054/2280/594 3040/2266/590
f 3042/2268/590 3056/2282/594 3055/2281/594 3041/2267/590
f 3044/2269/591 3058/2283/595 3057/2284/595 3043/2270/591
f 3045/2271/591 3059/2285/595 3058/2283/595 3044/2269/591
f 3046/2272/591 3060/2286/595 3059/2285/595 3045/2271/591
f 3047/2273/591 3061/2287/595 3060/2286/595 3046/2272/591
f 3048/2274/591 3062/2288/595 3061/2287/595 3047/2273/591
f 3049/2275/592 3063/2289/596 3062/2288/595 3048/2274/591
f 3050/2276/593 3064/2290/597 3063/2289/596 3049/2275/592
f 3051/2277/594 3065/2291/598 3064/2290/597 3050/2276/593
f 3052/2278/594 3066/2292/598 3065/2291/598 3051/2277/594
f 3053/2279/594 3067/2293/598 3066/2292/598 3052/2278/594
f 3054/2280/594 3068/2294/598 3067/2293/598 3053/2279/594
f 3055/2281/594 3069/2295/598 3068/2294/598 3054/2280/594
f 3056/2282/594 3070/2296/598 3069/2295/598 3055/2281/594
f 3058/2283/595 3072/2297/599 3071/2298/599 3057/2284/595
f 3059/2285/595 3073/2299/599 3072/2297/599 3058/2283/595
f 3060/2286/595 3074/2300/599 3073/2299/599 3059/2285/595
f 3061/2287/595 3075/2301/599 3074/2300/599 3060/2286/595
f 3062/2288/595 3076/2302/599 3075/2301/599 3061/2287/595
f 3063/2289/596 3077/2303/600 3076/2302/599 3062/2288/595
f 3064/2290/597 3078/2304/601 3077/2303/600 3063/2289/596
f 3065/2291/598 3079/2305/602 3078/2304/601 3064/2290/597
f 3066/2292/598 3080/2306/602 3079/2305/602 3065/2291/598
f 3067/2293/598 3081/2307/602 3080/2306/602 3066/2292/598
f 3068/2294/598 3082/2308/602 3081/2307/602 3067/2293/598
f 3069/2295/598 3083/2309/602 3082/2308/602 3068/2294/598
f 3070/2296/598 3084/2310/602 3083/2309/602 3069/2295/598
f 3072/2297/599 3086/2311/603 3085/2312/603 3071/2298/599
f 3073/2299/599 3087/2313/603 3086/2311/603 3072/2297/599
f 3074/2300/599 3088/2314/603 3087/2313/603 3073/2299/599
f 3075/2301/599 3089/2315/603 3088/2314/603 3074/2300/599
f 3076/2302/599 3090/2316/603 3089/2315/603 3075/2301/599
f 3077/2303/600 3091/2317/604 3090/2316/603 3076/2302/599
f 3078/2304/601 3092/2318/605 3091/2317/604 3077/2303/600
f 3079/2305/602 3093/2319/606 3092/2318/605 3078/2304/601
f 3080/2306/602 3094/2320/606 3093/2319/606 3079/2305/602
f 3081/2307/602 3095/2321/606 3094/2320/606 3080/2306/602
f 3082/2308/602 3096/2322/606 3095/2321/606 3081/2307/602
f 3083/2309/602 3097/2323/606 3096/2322/606 3082/2308/602
f 3084/2310/602 3098/2324/606 3097/2323/606 3083/2309/602
f 3086/2311/603 3100/2325/607 3099/2326/607 3085/2312/603
f 3087/2313/603 3101/2327/607 3100/2325/607 3086/2311/603
f 3088/2314/603 3102/2328/607 3101/2327/607 3087/2313/603
f 3089/2315/603 3103/2329/607 3102/2328/607 3088/2314/603
f 3090/2316/603 3104/2330/607 3103/2329/607 3089/2315/603
f 3091/2317/604 3105/2331/608 3104/2330/607 3090/2316/603
f 3092/2318/605 3106/2332/609 3105/2331/608 3091/2317/604
f 3093/2319/606 3107/2333/610 3106/2332/609 3092/2318/605
f 3094/2320/606 3108/2334/610 3107/2333/610 3093/2319/606
f 3095/2321/606 3109/2335/610 3108/2334/610 3094/2320/606
f 3096/2322/606 3110/2336/610 3109/2335/610 3095/2321/606
f 3097/2323/606 3111/2337/610 3110/2336/610 3096/2322/606
f 3098/2324/606 3112/2338/610 3111/2337/610 3097/2323/606
f 3100/2325/607 3114/2339/611 3113/2340/611 3099/2326/607
f 3101/2327/607 3115/2341/611 3114/2339/611 3100/2325/607
f 3102/2328/607 3116/2342/611 3115/2341/611 3101/2327/607
f 3103/2329/607 3117/2343/611 3116/2342/611 3102/2328/607
f 3104/2330/607 3118/2344/611 3117/2343/611 3103/2329/607
f 3105/2331/608 3119/2345/612 3118/2344/611 3104/2330/607
f 3106/2332/609 3120/2346/613 3119/2345/612 3105/2331/608
f 3107/2333/610 3121/2347/614 3120/2346/613 3106/2332/609
f 3108/2334/610 3122/2348/614 3121/2347/614 3107/2333/610
f 3109/2335/610 3123/2349/614 3122/2348/614 3108/2334/610
f 3110/2336/610 3124/2350/614 3123/2349/614 3109/2335/610
f 3111/2337/610 3125/2351/614 3124/2350/614 3110/2336/610
f 3112/2338/610 3126/2352/614 3125/2351/614 3111/2337/610
f 3114/2339/611 3128/2353/615 3127/2354/615 3113/2340/611
f 3115/2341/611 3129/2355/615 3128/2353/615 3114/2339/611
f 3116/2342/611 3130/2356/615 3129/2355/615 3115/2341/611
f 3117/2343/611 3131/2357/615 3130/2356/615 3116/2342/611
f 3118/2344/611 3132/2358/615 3131/2357/615 3117/2343/611
f 3119/2345/612 3133/2359/616 3132/2358/615 3118/2344/611
f 3120/2346/613 3134/2360/617 3133/2359/616 3119/2345/612
f 3121/2347/614 3135/2361/618 3134/2360/617 3120/2346/613
f 3122/2348/614 3136/2362/618 3135/2361/618 3121/2347/614
f 3123/2349/614 3137/2363/618 3136/2362/618 3122/2348/614
f 3124/2350/614 3138/2364/618 3137/2363/618 3123/2349/614
f 3125/2351/614 3139/2365/618 3138/2364/618 3124/2350/614
f 3126/2352/614 3140/2366/618 3139/2365/618 3125/2351/614
f 3128/2353/615 3142/2367/619 3141/2368/619 3127/2354/615
f 3129/2355/615 3143/2369/619 3142/2367/619 3128/2353/615
f 3130/2356/615 3144/2370/619 3143/2369/619 3129/2355/615
f 3131/2357/615 3145/2371/619 3144/2370/619 3130/2356/615
f 3132/2358/615 3146/2372/619 3145/2371/619 3131/2357/615
f 3133/2359/616 3147/2373/620 3146/2372/619 3132/2358/615
f 3134/2360/617 3148/2374/621 3147/2373/620 3133/2359/616
f 3135/2361/618 3149/2375/622 3148/2374/621 3134/2360/617
f 3136/2362/618 3150/2376/622 3149/2375/622 3135/2361/618
f 3137/2363/618 3151/2377/622 3150/2376/622 3136/2362/618
f 3138/2364/618 3152/2378/622 3151/2377/622 3137/2363/618
f 3139/2365/618 3153/2379/622 3152/2378/622 3138/2364/618
f 3140/2366/618 3154/2380/622 3153/2379/622 3139/2365/618
f 3142/2367/619 3156/2381/623 3155/2382/623 3141/2368/619
f 3143/2369/619 3157/2383/623 3156/2381/623 3142/2367/619
f 3144/2370/619 3158/2384/623 3157/2383/623 3143/2369/619
f 3145/2371/619 3159/2385/623 3158/2384/623 3144/2370/619
f 3146/2372/619 3160/2386/623 3159/2385/623 3145/2371/619
f 3147/2373/620 3161/2387/624 3160/2386/623 3146/2372/619
f 3148/2374/621 3162/2388/625 3161/2387/624 3147/2373/620
f 3149/2375/622 3163/2389/626 3162/2388/625 3148/2374/621
f 3150/2376/622 3164/2390/626 3163/2389/626 3149/2375/622
f 3151/2377/622 3165/2391/626 3164/2390/626 3150/2376/622
f 3152/2378/622 3166/2392/626 3165/2391/626 3151/2377/622
f 3153/2379/622 3167/2393/626 3166/2392/626 3152/2378/622
f 3154/2380/622 3168/2394/626 3167/2393/626 3153/2379/622
f 3156/2381/623 3170/2395/627 3169/2396/627 3155/2382/623
f 3157/2383/623 3171/2397/627 3170/2395/627 3156/2381/623
f 3158/2384/623 3172/2398/627 3171/2397/627 3157/2383/623
f 3159/2385/623 3173/2399/627 3172/2398/627 3158/2384/623
f 3160/2386/623 3174/2400/627 3173/2399/627 3159/2385/623
f 3161/2387/624 3175/2401/628 3174/2400/627 3160/2386/623
f 3162/2388/625 3176/2402/629 3175/2401/628 3161/2387/624
f 3163/2389/626 3177/2403/630 3176/2402/629 3162/2388/625
f 3164/2390/626 3178/2404/630 3177/2403/630 3163/2389/626
f 3165/2391/626 3179/2405/630 3178/2404/630 3164/2390/626
f 3166/2392/626 3180/2406/630 3179/2405/630 3165/2391/626
f 3167/2393/626 3181/2407/630 3180/2406/630 3166/2392/626
f 3168/2394/626 3182/2408/630 3181/2407/630 3167/2393/626
f 3170/2395/627 3184/2409/631 3183/2410/631 3169/2396/627
f 3171/2397/627 3185/2411/631 3184/2409/631 3170/2395/627
f 3172/2398/627 3186/2412/631 3185/2411/631 3171/2397/627
f 3173/2399/627 3187/2413/631 3186/2412/631 3172/2398/627
f 3174/2400/627 3188/2414/631 3187/2413/631 3173/2399/627
f 3175/2401/628 3189/2415/632 3188/2414/631 3174/2400/627
f 3176/2402/629 3190/2416/633 3189/2415/632 3175/2401/628
f 3177/2403/630 3191/2417/634 3190/2416/633 3176/2402/629
f 3178/2404/630 3192/2418/634 3191/2417/634 3177/2403/630
f 3179/2405/630 3193/2419/634 3192/2418/634 3178/2404/630
f 3180/2406/630 3194/2420/634 3193/2419/634 3179/2405/630
f 3181/2407/630 3195/2421/634 3194/2420/634 3180/2406/630
f 3182/2408/630 3196/2422/634 3195/2421/634 3181/2407/630
f 3184/2409/631 3198/2423/635 3197/2424/635 3183/2410/631
f 3185/2411/631 3199/2425/635 3198/2423/635 3184/2409/631
f 3186/2412/631 3200/2426/635 3199/2425/635 3185/2411/631
f 3187/2413/631 3201/2427/635 3200/2426/635 3186/2412/631
f 3188/2414/631 3202/2428/635 3201/2427/635 3187/2413/631
f 3189/2415/632 3203/2429/636 3202/2428/635 3188/2414/631
f 3190/2416/633 3204/2430/637 3203/2429/636 3189/2415/632
f 3191/2417/634 3205/2431/638 3204/2430/637 3190/2416/633
f 3192/2418/634 3206/2432/638 3205/2431/638 3191/2417/634
f 3193/2419/634 3207/2433/638 3206/2432/638 3192/2418/634
f 3194/2420/634 3208/2434/638 3207/2433/638 3193/2419/634
f 3195/2421/634 3209/2435/638 3208/2434/638 3194/2420/634
f 3196/2422/634 3210/2436/638 3209/2435/638 3195/2421/634
f 3198/2423/635 3212/2437/639 3211/2438/639 3197/2424/635
f 3199/2425/635 3213/2439/639 3212/2437/639 3198/2423/635
f 3200/2426/635 3214/2440/639 3213/2439/639 3199/2425/635
f 3201/2427/635 3215/2441/639 3214/2440/639 3200/2426/635
f 3202/2428/635 3216/2442/639 3215/2441/639 3201/2427/635
f 3203/2429/636 3217/2443/640 3216/2442/639 3202/2428/635
f 3204/2430/637 3218/2444/641 3217/2443/640 3203/2429/636
f 3205/2431/638 3219/2445/642 3218/2444/641 3204/2430/637
f 3206/2432/638 3220/2446/642 3219/2445/642 3205/2431/638
f 3207/2433/638 3221/2447/642 3220/2446/642 3206/2432/638
f 3208/2434/638 3222/2448/642 3221/2447/642 3207/2433/638
f 3209/2435/638 3223/2449/642 3222/2448/642 3208/2434/638
f 3210/2436/638 3224/2450/642 3223/2449/642 3209/2435/638
f 3212/2437/639 3226/2451/643 3225/2452/643 3211/2438/639
f 3213/2439/639 3227/2453/643 3226/2451/643 3212/2437/639
f 3214/2440/639 3228/2454/643 3227/2453/643 3213/2439/639
f 3215/2441/639 3229/2455/643 3228/2454/643 3214/2440/639
f 3216/2442/639 3230/2456/643 3229/2455/643 3215/2441/639
f 3217/2443/640 3231/2457/644 3230/2456/643 3216/2442/639
f 3218/2444/641 3232/2458/645 3231/2457/644 3217/2443/640
f 3219/2445/642 3233/2459/646 3232/2458/645 3218/2444/641
f 3220/2446/642 3234/2460/646 3233/2459/646 3219/2445/642
f 3221/2447/642 3235/2461/646 3234/2460/646 3220/2446/642
f 3222/2448/642 3236/2462/646 3235/2461/646 3221/2447/642
f 3223/2449/642 3237/2463/646 3236/2462/646 3222/2448/642
f 3224/2450/642 3238/2464/646 3237/2463/646 3223/2449/642
f 3226/2451/643 3240/2465/647 3239/2466/647 3225/2452/643
f 3227/2453/643 3241/2467/647 3240/2465/647 3226/2451/643
f 3228/2454/643 3242/2468/647 3241/2467/647 3227/2453/643
f 3229/2455/643 3243/2469/647 3242/2468/647 3228/2454/643
f 3230/2456/643 3244/2470/647 3243/2469/647 3229/2455/643
f 3231/2457/644 3245/2471/648 3244/2470/647 3230/2456/643
f 3232/2458/645 3246/2472/649 3245/2471/648 3231/2457/644
f 3233/2459/646 3247/2473/650 3246/2472/649 3232/2458/645
f 3234/2460/646 3248/2474/650 3247/2473/650 3233/2459/646
f 3235/2461/646 3249/2475/650 3248/2474/650 3234/2460/646
f 3236/2462/646 3250/2476/650 3249/2475/650 3235/2461/646
f 3237/2463/646 3251/2477/650 3250/2476/650 3236/2462/646
f 3238/2464/646 3252/2478/650 3251/2477/650 3237/2463/646
f 3240/2465/647 3254/2479/651 3253/2480/651 3239/2466/647
f 3241/2467/647 3255/2481/651 3254/2479/651 3240/2465/647
f 3242/2468/647 3256/2482/651 3255/2481/651 3241/2467/647
f 3243/2469/647 3257/2483/651 3256/2482/651 3242/2468/647
f 3244/2470/647 3258/2484/651 3257/2483/651 3243/2469/647
f 3245/2471/648 3259/2485/652 3258/2484/651 3244/2470/647
f 3246/2472/649 3260/2486/653 3259/2485/652 3245/2471/648
f 3247/2473/650 3261/2487/654 3260/2486/653 3246/2472/649
f 3248/2474/650 3262/2488/654 3261/2487/654 3247/2473/650
f 3249/2475/650 3263/2489/654 3262/2488/654 3248/2474/650
f 3250/2476/650 3264/2490/654 3263/2489/654 3249/2475/650
f 3251/2477/650 3265/2491/654 3264/2490/654 3250/2476/650
f 3252/2478/650 3266/2492/654 3265/2491/654 3251/2477/650
f 3254/2479/651 3268/2493/655 3267/2494/655 3253/2480/651
f 3255/2481/651 3269/2495/655 3268/2493/655 3254/2479/651
f 3256/2482/651 3270/2496/655 3269/2495/655 3255/2481/651
f 3257/2483/651 3271/2497/655 3270/2496/655 3256/2482/651
f 3258/2484/651 3272/2498/655 3271/2497/655 3257/2483/651
f 3259/2485/652 3273/2499/656 3272/2498/655 3258/2484/651
f 3260/2486/653 3274/2500/657 3273/2499/656 3259/2485/652
f 3261/2487/654 3275/2501/658 3274/2500/657 3260/2486/653
f 3262/2488/654 3276/2502/658 3275/2501/658 3261/2487/654
f 3263/2489/654 3277/2503/658 3276/2502/658 3262/2488/654
f 3264/2490/654 3278/2504/658 3277/2503/658 3263/2489/654
f 3265/2491/654 3279/2505/658 3278/2504/658 3264/2490/654
f 3266/2492/654 3280/2506/658 3279/2505/658 3265/2491/654
f 3268/2493/655 3282/2507/659 3281/2508/659 3267/2494/655
f 3269/2495/655 3283/2509/659 3282/2507/659 3268/2493/655
f 3270/2496/655 3284/2510/659 3283/2509/659 3269/2495/655
f 3271/2497/655 3285/2511/659 3284/2510/659 3270/2496/655
f 3272/2498/655 3286/2512/659 3285/2511/659 3271/2497/655
f 3273/2499/656 3287/2513/660 3286/2512/659 3272/2498/655
f 3274/2500/657 3288/2514/661 3287/2513/660 3273/2499/656
f 3275/2501/658 3289/2515/662 3288/2514/661 3274/2500/657
f 3276/2502/658 3290/2516/662 3289/2515/662 3275/2501/658
f 3277/2503/658 3291/2517/662 3290/2516/662 3276/2502/658
f 3278/2504/658 3292/2518/662 3291/2517/662 3277/2503/658
f 3279/2505/658 3293/2519/662 3292/2518/662 3278/2504/658
f 3280/2506/658 3294/2520/662 3293/2519/662 3279/2505/658
f 3282/2507/659 3296/2521/663 3295/2522/663 3281/2508/659
f 3283/2509/659 3297/2523/663 3296/2521/663 3282/2507/659
f 3284/2510/659 3298/2524/663 3297/2523/663 3283/2509/659
f 3285/2511/659 3299/2525/663 3298/2524/663 3284/2510/659
f 3286/2512/659 3300/2526/663 3299/2525/663 3285/2511/659
f 3287/2513/660 3301/2527/664 3300/2526/663 3286/2512/659
f 3288/2514/661 3302/2528/665 3301/2527/664 3287/2513/660
f 3289/2515/662 3303/2529/666 3302/2528/665 3288/2514/661
f 3290/2516/662 3304/2530/666 3303/2529/666 3289/2515/662
f 3291/2517/662 3305/2531/666 3304/2530/666 3290/2516/662
f 3292/2518/662 3306/2532/666 3305/2531/666 3291/2517/662
f 3293/2519/662 3307/2533/666 3306/2532/666 3292/2518/662
f 3294/2520/662 3308/2534/666 3307/2533/666 3293/2519/662
f 3296/2521/663 3310/2535/667 3309/2536/667 3295/2522/663
f 3297/2523/663 3311/2537/667 3310/2535/667 3296/2521/663
f 3298/2524/663 3312/2538/667 3311/2537/667 3297/2523/663
f 3299/2525/663 3313/2539/667 3312/2538/667 3298/2524/663
f 3300/2526/663 3314/2540/667 3313/2539/667 3299/2525/663
f 3301/2527/664 3315/2541/668 3314/2540/667 3300/2526/663
f 3302/2528/665 3316/2542/669 3315/2541/668 3301/2527/664
f 3303/2529/666 3317/2543/670 3316/2542/669 3302/2528/665
f 3304/2530/666 3318/2544/670 3317/2543/670 3303/2529/666
f 3305/2531/666 3319/2545/670 3318/2544/670 3304/2530/666
f 3306/2532/666 3320/2546/670 3319/2545/670 3305/2531/666
f 3307/2533/666 3321/2547/670 3320/2546/670 3306/2532/666
f 3308/2534/666 3322/2548/670 3321/2547/670 3307/2533/666
f 3310/2535/667 3324/2549/671 3323/2550/671 3309/2536/667
f 3311/2537/667 3325/2551/671 3324/2549/671 3310/2535/667
f 3312/2538/667 3326/2552/671 3325/2551/671 3311/2537/667
f 3313/2539/667 3327/2553/671 3326/2552/671 3312/2538/667
f 3314/2540/667 3328/2554/671 3327/2553/671 3313/2539/667
f 3315/2541/668 3329/2555/672 3328/2554/671 3314/2540/667
f 3316/2542/669 3330/2556/673 3329/2555/672 3315/2541/668
f 3317/2543/670 3331/2557/674 3330/2556/673 3316/2542/669
f 3318/2544/670 3332/2558/674 3331/2557/674 3317/2543/670
f 3319/2545/670 3333/2559/674 3332/2558/674 3318/2544/670
f 3320/2546/670 3334/2560/674 3333/2559/674 3319/2545/670
f 3321/2547/670 3335/2561/674 3334/2560/674 3320/2546/670
f 3322/2548/670 3336/2562/674 3335/2561/674 3321/2547/670
f 3324/2549/671 3338/2563/675 3337/2564/675 3323/2550/671
f 3325/2551/671 3339/2565/675 3338/2563/675 3324/2549/671
f 3326/2552/671 3340/2566/675 3339/2565/675 3325/2551/671
f 3327/2553/671 3341/2567/675 3340/2566/675 3326/2552/671
f 3328/2554/671 3342/2568/675 3341/2567/675 3327/2553/671
f 3329/2555/672 3343/2569/676 3342/2568/675 3328/2554/671
f 3330/2556/673 3344/2570/677 3343/2569/676 3329/2555/672
f 3331/2557/674 3345/2571/678 3344/2570/677 3330/2556/673
f 3332/2558/674 3346/2572/678 3345/2571/678 3331/2557/674
f 3333/2559/674 3347/2573/678 3346/2572/678 3332/2558/674
f 3334/2560/674 3348/2574/678 3347/2573/678 3333/2559/674
f 3335/2561/674 3349/2575/678 3348/2574/678 3334/2560/674
f 3336/2562/674 3350/2576/678 3349/2575/678 3335/2561/674
f 3338/2563/675 3352/2577/679 3351/2578/679 3337/2564/675
f 3339/2565/675 3353/2579/679 3352/2577/679 3338/2563/675
f 3340/2566/675 3354/2580/679 3353/2579/679 3339/2565/675
f 3341/2567/675 3355/2581/679 3354/2580/679 3340/2566/675
f 3342/2568/675 3356/2582/679 3355/2581/679 3341/2567/675
f 3343/2569/676 3357/2583/680 3356/2582/679 3342/2568/675
f 3344/2570/677 3358/2584/681 3357/2583/680 3343/2569/676
f 3345/2571/678 3359/2585/682 3358/2584/681 3344/2570/677
f 3346/2572/678 3360/2586/682 3359/2585/682 3345/2571/678
f 3347/2573/678 3361/2587/682 3360/2586/682 3346/2572/678
f 3348/2574/678 3362/2588/682 3361/2587/682 3347/2573/678
f 3349/2575/678 3363/2589/682 3362/2588/682 3348/2574/678
f 3350/2576/678 3364/2590/682 3363/2589/682 3349/2575/678
f 3352/2577/679 3366/2591/683 3365/2592/683 3351/2578/679
f 3353/2579/679 3367/2593/683 3366/2591/683 3352/2577/679
f 3354/2580/679 3368/2594/683 3367/2593/683 3353/2579/679
f 3355/2581/679 3369/2595/683 3368/2594/683 3354/2580/679
f 3356/2582/679 3370/2596/683 3369/2595/683 3355/2581/679
f 3357/2583/680 3371/2597/684 3370/2596/683 3356/2582/679
f 3358/2584/681 3372/2598/685 3371/2597/684 3357/2583/680
f 3359/2585/682 3373/2599/686 3372/2598/685 3358/2584/681
f 3360/2586/682 3374/2600/686 3373/2599/686 3359/2585/682
f 3361/2587/682 3375/2601/686 3374/2600/686 3360/2586/682
f 3362/2588/682 3376/2602/686 3375/2601/686 3361/2587/682
f 3363/2589/682 3377/2603/686 3376/2602/686 3362/2588/682
f 3364/2590/682 3378/2604/686 3377/2603/686 3363/2589/682
f 3366/2591/683 3380/2605/687 3379/2606/687 3365/2592/683
f 3367/2593/683 3381/2607/687 3380/2605/687 3366/2591/683
f 3368/2594/683 3382/2608/687 3381/2607/687 3367/2593/683
f 3369/2595/683 3383/2609/687 3382/2608/687 3368/2594/683
f 3370/2596/683 3384/2610/687 3383/2609/687 3369/2595/683
f 3371/2597/684 3385/2611/688 3384/2610/687 3370/2596/683
f 3372/2598/685 3386/2612/689 3385/2611/688 3371/2597/684
f 3373/2599/686 3387/2613/690 3386/2612/689 3372/2598/685
f 3374/2600/686 3388/2614/690 3387/2613/690 3373/2599/686
f 3375/2601/686 3389/2615/690 3388/2614/690 3374/2600/686
f 3376/2602/686 3390/2616/690 3389/2615/690 3375/2601/686
f 3377/2603/686 3391/2617/690 3390/2616/690 3376/2602/686
f 3378/2604/686 3392/2618/690 3391/2617/690 3377/2603/686
f 3380/2605/687 3394/2619/691 3393/2620/691 3379/2606/687
f 3381/2607/687 3395/2621/691 3394/2619/691 3380/2605/687
f 3382/2608/687 3396/2622/691 3395/2621/691 3381/2607/687
f 3383/2609/687 3397/2623/691 3396/2622/691 3382/2608/687
f 3384/2610/687 3398/2624/691 3397/2623/691 3383/2609/687
f 3385/2611/688 3399/2625/692 3398/2624/691 3384/2610/687
f 3386/2612/689 3400/2626/693 3399/2625/692 3385/2611/688
f 3387/2613/690 3401/2627/694 3400/2626/693 3386/2612/689
f 3388/2614/690 3402/2628/694 3401/2627/694 3387/2613/690
f 3389/2615/690 3403/2629/694 3402/2628/694 3388/2614/690
f 3390/2616/690 3404/2630/694 3403/2629/694 3389/2615/690
f 3391/2617/690 3405/2631/694 3404/2630/694 3390/2616/690
f 3392/2618/690 3406/2632/694 3405/2631/694 3391/2617/690
f 3394/2619/691 3408/2633/695 3407/2634/695 3393/2620/691
f 3395/2621/691 3409/2635/695 3408/2633/695 3394/2619/691
f 3396/2622/691 3410/2636/695 3409/2635/695 3395/2621/691
f 3397/2623/691 3411/2637/695 3410/2636/695 3396/2622/691
f 3398/2624/691 3412/2638/695 3411/2637/695 3397/2623/691
f 3399/2625/692 3413/2639/696 3412/2638/695 3398/2624/691
f 3400/2626/693 3414/2640/697 3413/2639/696 3399/2625/692
f 3401/2627/694 3415/2641/698 3414/2640/697 3400/2626/693
f 3402/2628/694 3416/2642/698 3415/2641/698 3401/2627/694
f 3403/2629/694 3417/2643/698 3416/2642/698 3402/2628/694
f 3404/2630/694 3418/2644/698 3417/2643/698 3403/2629/694
f 3405/2631/694 3419/2645/698 3418/2644/698 3404/2630/694
f 3406/2632/694 3420/2646/698 3419/2645/698 3405/2631/694
f 3408/2633/695 3422/2647/699 3421/2648/699 3407/2634/695
f 3409/2635/695 3423/2649/699 3422/2647/699 3408/2633/695
f 3410/2636/695 3424/2650/699 3423/2649/699 3409/2635/695
f 3411/2637/695 3425/2651/699 3424/2650/699 3410/2636/695
f 3412/2638/695 3426/2652/699 3425/2651/699 3411/2637/695
f 3413/2639/696 3427/2653/700 3426/2652/699 3412/2638/695
f 3414/2640/697 3428/2654/701 3427/2653/700 3413/2639/696
f 3415/2641/698 3429/2655/702 3428/2654/701 3414/2640/697
f 3416/2642/698 3430/2656/702 3429/2655/702 3415/2641/698
f 3417/2643/698 3431/2657/702 3430/2656/702 3416/2642/698
f 3418/2644/698 3432/2658/702 3431/2657/702 3417/2643/698
f 3419/2645/698 3433/2659/702 3432/2658/702 3418/2644/698
f 3420/2646/698 3434/2660/702 3433/2659/702 3419/2645/698
f 3422/2647/699 3436/2661/703 3435/2662/703 3421/2648/699
f 3423/2649/699 3437/2663/703 3436/2661/703 3422/2647/699
f 3424/2650/699 3438/2664/703 3437/2663/703 3423/2649/699
f 3425/2651/699 3439/2665/703 3438/2664/703 3424/2650/699
f 3426/2652/699 3440/2666/703 3439/2665/703 3425/2651/699
f 3427/2653/700 3441/2667/704 3440/2666/703 3426/2652/699
f 3428/2654/701 3442/2668/705 3441/2667/704 3427/2653/700
f 3429/2655/702 3443/2669/706 3442/2668/705 3428/2654/701
f 3430/2656/702 3444/2670/706 3443/2669/706 3429/2655/702
f 3431/2657/702 3445/2671/706 3444/2670/706 3430/2656/702
f 3432/2658/702 3446/2672/706 3445/2671/706 3431/2657/702
f 3433/2659/702 3447/2673/706 3446/2672/706 3432/2658/702
f 3434/2660/702 3448/2674/706 3447/2673/706 3433/2659/702
f 3436/2661/703 3450/2675/707 3449/2676/707 3435/2662/703
f 3437/2663/703 3451/2677/707 3450/2675/707 3436/2661/703
f 3438/2664/703 3452/2678/707 3451/2677/707 3437/2663/703
f 3439/2665/703 3453/2679/707 3452/2678/707 3438/2664/703
f 3440/2666/703 3454/2680/707 3453/2679/707 3439/2665/703
f 3441/2667/704 3455/2681/708 3454/2680/707 3440/2666/703
f 3442/2668/705 3456/2682/709 3455/2681/708 3441/2667/704
f 3443/2669/706 3457/2683/710 3456/2682/709 3442/2668/705
f 3444/2670/706 3458/2684/710 3457/2683/710 3443/2669/706
f 3445/2671/706 3459/2685/710 3458/2684/710 3444/2670/706
f 3446/2672/706 3460/2686/710 3459/2685/710 3445/2671/706
f 3447/2673/706 3461/2687/710 3460/2686/710 3446/2672/706
f 3448/2674/706 3462/2688/710 3461/2687/710 3447/2673/706
f 3450/2675/707 3464/2689/711 3463/2690/711 3449/2676/707
f 3451/2677/707 3465/2691/711 3464/2689/711 3450/2675/707
f 3452/2678/707 3466/2692/711 3465/2691/711 3451/2677/707
f 3453/2679/707 3467/2693/711 3466/2692/711 3452/2678/707
f 3454/2680/707 3468/2694/711 3467/2693/711 3453/2679/707
f 3455/2681/708 3469/2695/712 3468/2694/711 3454/2680/707
f 3456/2682/709 3470/2696/713 3469/2695/712 3455/2681/708
f 3457/2683/710 3471/2697/714 3470/2696/713 3456/2682/709
f 3458/2684/710 3472/2698/714 3471/2697/714 3457/2683/710
f 3459/2685/710 3473/2699/714 3472/2698/714 3458/2684/710
f 3460/2686/710 3474/2700/714 3473/2699/714 3459/2685/710
f 3461/2687/710 3475/2701/714 3474/2700/714 3460/2686/710
f 3462/2688/710 3476/2702/714 3475/2701/714 3461/2687/710
f 3464/2689/711 3478/367/715 3477/4/715 3463/2690/711
f 3465/2691/711 3479/368/715 3478/367/715 3464/2689/711
f 3466/2692/711 3480/369/715 3479/368/715 3465/2691/711
f 3467/2693/711 3481/370/715 3480/369/715 3466/2692/711
f 3468/2694/711 3482/371/715 3481/370/715 3467/2693/711
f 3469/2695/712 3483/372/716 3482/371/715 3468/2694/711
f 3470/2696/713 3484/373/717 3483/372/716 3469/2695/712
f 3471/2697/714 3485/374/718 3484/373/717 3470/2696/713
f 3472/2698/714 3486/375/718 3485/374/718 3471/2697/714
f 3473/2699/714 3487/376/718 3486/375/718 3472/2698/714
f 3474/2700/714 3488/377/718 3487/376/718 3473/2699/714
f 3475/2701/714 3489/378/718 3488/377/718 3474/2700/714
f 3476/2702/714 3490/379/718 3489/378/718 3475/2701/714
f 3478/367/715 3492/2703/719 3491/2704/719 3477/4/715
f 3479/368/715 3493/2705/719 3492/2703/719 3478/367/715
f 3480/369/715 3494/2706/719 3493/2705/719 3479/368/715
f 3481/370/715 3495/2707/719 3494/2706/719 3480/369/715
f 3482/371/715 3496/2708/719 3495/2707/719 3481/370/715
f 3483/372/716 3497/2709/720 3496/2708/719 3482/371/715
f 3484/373/717 3498/2710/721 3497/2709/720 3483/372/716
f 3485/374/718 3499/2711/722 3498/2710/721 3484/373/717
f 3486/375/718 3500/2712/722 3499/2711/722 3485/374/718
f 3487/376/718 3501/2713/722 3500/2712/722 3486/375/718
f 3488/377/718 3502/2714/722 3501/2713/722 3487/376/718
f 3489/378/718 3503/2715/722 3502/2714/722 3488/377/718
f 3490/379/718 3504/2716/722 3503/2715/722 3489/378/718
f 3492/2703/719 3506/2717/723 3505/2718/723 3491/2704/719
f 3493/2705/719 3507/2719/723 3506/2717/723 3492/2703/719
f 3494/2706/719 3508/2720/723 3507/2719/723 3493/2705/719
f 3495/2707/719 3509/2721/723 3508/2720/723 3494/2706/719
f 3496/2708/719 3510/2722/723 3509/2721/723 3495/2707/719
f 3497/2709/720 3511/2723/724 3510/2722/723 3496/2708/719
f 3498/2710/721 3512/2724/725 3511/2723/724 3497/2709/720
f 3499/2711/722 3513/2725/726 3512/2724/725 3498/2710/721
f 3500/2712/722 3514/2726/726 3513/2725/726 3499/2711/722
f 3501/2713/722 3515/2727/726 3514/2726/726 3500/2712/722
f 3502/2714/722 3516/2728/726 3515/2727/726 3501/2713/722
f 3503/2715/722 3517/2729/726 3516/2728/726 3502/2714/722
f 3504/2716/722 3518/2730/726 3517/2729/726 3503/2715/722
f 3506/2717/723 3520/2731/727 3519/2732/727 3505/2718/723
f 3507/2719/723 3521/2733/727 3520/2731/727 3506/2717/723
f 3508/2720/723 3522/2734/727 3521/2733/727 3507/2719/723
f 3509/2721/723 3523/2735/727 3522/2734/727 3508/2720/723
f 3510/2722/723 3524/2736/727 3523/2735/727 3509/2721/723
f 3511/2723/724 3525/2737/728 3524/2736/727 3510/2722/723
f 3512/2724/725 3526/2738/729 3525/2737/728 3511/2723/724
f 3513/2725/726 3527/2739/730 3526/2738/729 3512/2724/725
f 3514/2726/726 3528/2740/730 3527/2739/730 3513/2725/726
f 3515/2727/726 3529/2741/730 3528/2740/730 3514/2726/726
f 3516/2728/726 3530/2742/730 3529/2741/730 3515/2727/726
f 3517/2729/726 3531/2743/730 3530/2742/730 3516/2728/726
f 3518/2730/726 3532/2744/730 3531/2743/730 3517/2729/726
f 3520/2731/727 3534/2745/731 3533/2746/731 3519/2732/727
f 3521/2733/727 3535/2747/731 3534/2745/731 3520/2731/727
f 3522/2734/727 3536/2748/731 3535/2747/731 3521/2733/727
f 3523/2735/727 3537/2749/731 3536/2748/731 3522/2734/727
f 3524/2736/727 3538/2750/731 3537/2749/731 3523/2735/727
f 3525/2737/728 3539/2751/732 3538/2750/731 3524/2736/727
f 3526/2738/729 3540/2752/733 3539/2751/732 3525/2737/728
f 3527/2739/730 3541/2753/734 3540/2752/733 3526/2738/729
f 3528/2740/730 3542/2754/734 3541/2753/734 3527/2739/730
f 3529/2741/730 3543/2755/734 3542/2754/734 3528/2740/730
f 3530/2742/730 3544/2756/734 3543/2755/734 3529/2741/730
f 3531/2743/730 3545/2757/734 3544/2756/734 3530/2742/730
f 3532/2744/730 3546/2758/734 3545/2757/734 3531/2743/730
f 3534/2745/731 3548/2759/735 3547/2760/735 3533/2746/731
f 3535/2747/731 3549/2761/735 3548/2759/735 3534/2745/731
f 3536/2748/731 3550/2762/735 3549/2761/735 3535/2747/731
f 3537/2749/731 3551/2763/735 3550/2762/735 3536/2748/731
f 3538/2750/731 3552/2764/735 3551/2763/735 3537/2749/731
f 3539/2751/732 3553/2765/736 3552/2764/735 3538/2750/731
f 3540/2752/733 3554/2766/737 3553/2765/736 3539/2751/732
f 3541/2753/734 3555/2767/738 3554/2766/737 3540/2752/733
f 3542/2754/734 3556/2768/738 3555/2767/738 3541/2753/734
f 3543/2755/734 3557/2769/738 3556/2768/738 3542/2754/734
f 3544/2756/734 3558/2770/738 3557/2769/738 3543/2755/734
f 3545/2757/734 3559/2771/738 3558/2770/738 3544/2756/734
f 3546/2758/734 3560/2772/738 3559/2771/738 3545/2757/734
f 3548/2759/735 3562/2773/739 3561/2774/739 3547/2760/735
f 3549/2761/735 3563/2775/739 3562/2773/739 3548/2759/735
f 3550/2762/735 3564/2776/739 3563/2775/739 3549/2761/735
f 3551/2763/735 3565/2777/740 3564/2776/739 3550/2762/735
f 3552/2764/735 3566/2778/740 3565/2777/740 3551/2763/735
f 3553/2765/736 3567/2779/741 3566/2778/740 3552/2764/735
f 3554/2766/737 3568/2780/742 3567/2779/741 3553/2765/736
f 3555/2767/738 3569/2781/743 3568/2780/742 3554/2766/737
f 3556/2768/738 3570/2782/743 3569/2781/743 3555/2767/738
f 3557/2769/738 3571/2783/744 3570/2782/743 3556/2768/738
f 3558/2770/738 3572/2784/744 3571/2783/744 3557/2769/738
f 3559/2771/738 3573/2785/744 3572/2784/744 3558/2770/738
f 3560/2772/738 3574/2786/744 3573/2785/744 3559/2771/738
f 3562/2773/739 3576/2787/745 3575/2788/745 3561/2774/739
f 3563/2775/739 3577/2789/745 3576/2787/745 3562/2773/739
f 3564/2776/739 3578/2790/745 3577/2789/745 3563/2775/739
f 3565/2777/740 3579/2791/745 3578/2790/745 3564/2776/739
f 3566/2778/740 3580/2792/745 3579/2791/745 3565/2777/740
f 3567/2779/741 3581/2793/746 3580/2792/745 3566/2778/740
f 3568/2780/742 3582/2794/747 3581/2793/746 3567/2779/741
f 3569/2781/743 3583/2795/748 3582/2794/747 3568/2780/742
f 3570/2782/743 3584/2796/748 3583/2795/748 3569/2781/743
f 3571/2783/744 3585/2797/748 3584/2796/748 3570/2782/743
f 3572/2784/744 3586/2798/748 3585/2797/748 3571/2783/744
f 3573/2785/744 3587/2799/748 3586/2798/748 3572/2784/744
f 3574/2786/744 3588/2800/748 3587/2799/748 3573/2785/744
f 3576/2787/745 3590/2801/749 3589/2802/749 3575/2788/745
f 3577/2789/745 3591/2803/749 3590/2801/749 3576/2787/745
f 3578/2790/745 3592/2804/749 3591/2803/749 3577/2789/745
f 3579/2791/745 3593/2805/749 3592/2804/749 3578/2790/745
f 3580/2792/745 3594/2806/749 3593/2805/749 3579/2791/745
f 3581/2793/746 3595/2807/750 3594/2806/749 3580/2792/745
f 3582/2794/747 3596/2808/751 3595/2807/750 3581/2793/746
f 3583/2795/748 3597/2809/752 3596/2808/751 3582/2794/747
f 3584/2796/748 3598/2810/752 3597/2809/752 3583/2795/748
f 3585/2797/748 3599/2811/752 3598/2810/752 3584/2796/748
f 3586/2798/748 3600/2812/752 3599/2811/752 3585/2797/748
f 3587/2799/748 3601/2813/752 3600/2812/752 3586/2798/748
f 3588/2800/748 3602/2814/752 3601/2813/752 3587/2799/748
f 3590/2801/749 3604/2815/753 3603/2816/753 3589/2802/749
f 3591/2803/749 3605/2817/753 3604/2815/753 3590/2801/749
f 3592/2804/749 3606/2818/753 3605/2817/753 3591/2803/749
f 3593/2805/749 3607/2819/753 3606/2818/753 3592/2804/749
f 3594/2806/749 3608/2820/753 3607/2819/753 3593/2805/749
f 3595/2807/750 3609/2821/754 3608/2820/753 3594/2806/749
f 3596/2808/751 3610/2822/755 3609/2821/754 3595/2807/750
f 3597/2809/752 3611/2823/756 3610/2822/755 3596/2808/751
f 3598/2810/752 3612/2824/756 3611/2823/756 3597/2809/752
f 3599/2811/752 3613/2825/756 3612/2824/756 3598/2810/752
f 3600/2812/752 3614/2826/756 3613/2825/756 3599/2811/752
f 3601/2813/752 3615/2827/756 3614/2826/756 3600/2812/752
f 3602/2814/752 3616/2828/756 3615/2827/756 3601/2813/752
f 3604/2815/753 3618/2829/757 3617/2830/757 3603/2816/753
f 3605/2817/753 3619/2831/757 3618/2829/757 3604/2815/753
f 3606/2818/753 3620/2832/757 3619/2831/757 3605/2817/753
f 3607/2819/753 3621/2833/757 3620/2832/757 3606/2818/753
f 3608/2820/753 3622/2834/757 3621/2833/757 3607/2819/753
f 3609/2821/754 3623/2835/758 3622/2834/757 3608/2820/753
f 3610/2822/755 3624/2836/759 3623/2835/758 3609/2821/754
f 3611/2823/756 3625/2837/760 3624/2836/759 3610/2822/755
f 3612/2824/756 3626/2838/760 3625/2837/760 3611/2823/756
f 3613/2825/756 3627/2839/760 3626/2838/760 3612/2824/756
f 3614/2826/756 3628/2840/760 3627/2839/760 3613/2825/756
f 3615/2827/756 3629/2841/760 3628/2840/760 3614/2826/756
f 3616/2828/756 3630/2842/760 3629/2841/760 3615/2827/756
f 3618/2829/757 3632/2843/761 3631/2844/761 3617/2830/757
f 3619/2831/757 3633/2845/761 3632/2843/761 3618/2829/757
f 3620/2832/757 3634/2846/761 3633/2845/761 3619/2831/757
f 3621/2833/757 3635/2847/761 3634/2846/761 3620/2832/757
f 3622/2834/757 3636/2848/761 3635/2847/761 3621/2833/757
f 3623/2835/758 3637/2849/762 3636/2848/761 3622/2834/757
f 3624/2836/759 3638/2850/763 3637/2849/762 3623/2835/758
f 3625/2837/760 3639/2851/764 3638/2850/763 3624/2836/759
f 3626/2838/760 3640/2852/764 3639/2851/764 3625/2837/760
f 3627/2839/760 3641/2853/764 3640/2852/764 3626/2838/760
f 3628/2840/760 3642/2854/764 3641/2853/764 3627/2839/760
f 3629/2841/760 3643/2855/764 3642/2854/764 3628/2840/760
f 3630/2842/760 3644/2856/764 3643/2855/764 3629/2841/760
f 3632/2843/761 3646/2857/765 3645/2858/765 3631/2844/761
f 3633/2845/761 3647/2859/765 3646/2857/765 3632/2843/761
f 3634/2846/761 3648/2860/765 3647/2859/765 3633/2845/761
f 3635/2847/761 3649/2861/765 3648/2860/765 3634/2846/761
f 3636/2848/761 3650/2862/765 3649/2861/765 3635/2847/761
f 3637/2849/762 3651/2863/766 3650/2862/765 3636/2848/761
f 3638/2850/763 3652/2864/767 3651/2863/766 3637/2849/762
f 3639/2851/764 3653/2865/768 3652/2864/767 3638/2850/763
f 3640/2852/764 3654/2866/768 3653/2865/768 3639/2851/764
f 3641/2853/764 3655/2867/768 3654/2866/768 3640/2852/764
f 3642/2854/764 3656/2868/768 3655/2867/768 3641/2853/764
f 3643/2855/764 3657/2869/768 3656/2868/768 3642/2854/764
f 3644/2856/764 3658/2870/768 3657/2869/768 3643/2855/764
f 3646/2857/765 3660/2871/769 3659/2872/769 3645/2858/765
f 3647/2859/765 3661/2873/769 3660/2871/769 3646/2857/765
f 3648/2860/765 3662/2874/769 3661/2873/769 3647/2859/765
f 3649/2861/765 3663/2875/769 3662/2874/769 3648/2860/765
f 3650/2862/765 3664/2876/769 3663/2875/769 3649/2861/765
f 3651/2863/766 3665/2877/770 3664/2876/769 3650/2862/765
f 3652/2864/767 3666/2878/771 3665/2877/770 3651/2863/766
f 3653/2865/768 3667/2879/772 3666/2878/771 3652/2864/767
f 3654/2866/768 3668/2880/772 3667/2879/772 3653/2865/768
f 3655/2867/768 3669/2881/772 3668/2880/772 3654/2866/768
f 3656/2868/768 3670/2882/772 3669/2881/772 3655/2867/768
f 3657/2869/768 3671/2883/772 3670/2882/772 3656/2868/768
f 3658/2870/768 3672/2884/772 3671/2883/772 3657/2869/768
f 3660/2871/769 3674/2885/773 3673/2886/773 3659/2872/769
f 3661/2873/769 3675/2887/773 3674/2885/773 3660/2871/769
f 3662/2874/769 3676/2888/773 3675/2887/773 3661/2873/769
f 3663/2875/769 3677/2889/773 3676/2888/773 3662/2874/769
f 3664/2876/769 3678/2890/773 3677/2889/773 3663/2875/769
f 3665/2877/770 3679/2891/774 3678/2890/773 3664/2876/769
f 3666/2878/771 3680/2892/775 3679/2891/774 3665/2877/770
f 3667/2879/772 3681/2893/776 3680/2892/775 3666/2878/771
f 3668/2880/772 3682/2894/776 3681/2893/776 3667/2879/772
f 3669/2881/772 3683/2895/776 3682/2894/776 3668/2880/772
f 3670/2882/772 3684/2896/776 3683/2895/776 3669/2881/772
f 3671/2883/772 3685/2897/776 3684/2896/776 3670/2882/772
f 3672/2884/772 3686/2898/776 3685/2897/776 3671/2883/772
f 3674/2885/773 3688/2899/777 3687/2900/777 3673/2886/773
f 3675/2887/773 3689/2901/777 3688/2899/777 3674/2885/773
f 3676/2888/773 3690/2902/777 3689/2901/777 3675/2887/773
f 3677/2889/773 3691/2903/777 3690/2902/777 3676/2888/773
f 3678/2890/773 3692/2904/777 3691/2903/777 3677/2889/773
f 3679/2891/774 3693/2905/778 3692/2904/777 3678/2890/773
f 3680/2892/775 3694/2906/779 3693/2905/778 3679/2891/774
f 3681/2893/776 3695/2907/780 3694/2906/779 3680/2892/775
f 3682/2894/776 3696/2908/780 3695/2907/780 3681/2893/776
f 3683/2895/776 3697/2909/780 3696/2908/780 3682/2894/776
f 3684/2896/776 3698/2910/780 3697/2909/780 3683/2895/776
f 3685/2897/776 3699/2911/780 3698/2910/780 3684/2896/776
f 3686/2898/776 3700/2912/780 3699/2911/780 3685/2897/776
f 3688/2899/777 3702/2913/781 3701/2914/781 3687/2900/777
f 3689/2901/777 3703/2915/781 3702/2913/781 3688/2899/777
f 3690/2902/777 3704/2916/781 3703/2915/781 3689/2901/777
f 3691/2903/777 3705/2917/781 3704/2916/781 3690/2902/777
f 3692/2904/777 3706/2918/781 3705/2917/781 3691/2903/777
f 3693/2905/778 3707/2919/782 3706/2918/781 3692/2904/777
f 3694/2906/779 3708/2920/783 3707/2919/782 3693/2905/778
f 3695/2907/780 3709/2921/784 3708/2920/783 3694/2906/779
f 3696/2908/780 3710/2922/784 3709/2921/784 3695/2907/780
f 3697/2909/780 3711/2923/784 3710/2922/784 3696/2908/780
f 3698/2910/780 3712/2924/784 3711/2923/784 3697/2909/780
f 3699/2911/780 3713/2925/784 3712/2924/784 3698/2910/780
f 3700/2912/780 3714/2926/784 3713/2925/784 3699/2911/780
f 3702/2913/781 3716/2927/785 3715/2928/785 3701/2914/781
f 3703/2915/781 3717/2929/785 3716/2927/785 3702/2913/781
f 3704/2916/781 3718/2930/785 3717/2929/785 3703/2915/781
f 3705/2917/781 3719/2931/785 3718/2930/785 3704/2916/781
f 3706/2918/781 3720/2932/785 3719/2931/785 3705/2917/781
f 3707/2919/782 3721/2933/786 3720/2932/785 3706/2918/781
f 3708/2920/783 3722/2934/787 3721/2933/786 3707/2919/782
f 3709/2921/784 3723/2935/788 3722/2934/787 3708/2920/783
f 3710/2922/784 3724/2936/788 3723/2935/788 3709/2921/784
f 3711/2923/784 3725/2937/788 3724/2936/788 3710/2922/784
f 3712/2924/784 3726/2938/788 3725/2937/788 3711/2923/784
f 3713/2925/784 3727/2939/788 3726/2938/788 3712/2924/784
f 3714/2926/784 3728/2940/788 3727/2939/788 3713/2925/784
f 3716/2927/785 3730/2941/789 3729/2942/789 3715/2928/785
f 3717/2929/785 3731/2943/789 3730/2941/789 3716/2927/785
f 3718/2930/785 3732/2944/789 3731/2943/789 3717/2929/785
f 3719/2931/785 3733/2945/789 3732/2944/789 3718/2930/785
f 3720/2932/785 3734/2946/789 3733/2945/789 3719/2931/785
f 3721/2933/786 3735/2947/790 3734/2946/789 3720/2932/785
f 3722/2934/787 3736/2948/791 3735/2947/790 3721/2933/786
f 3723/2935/788 3737/2949/792 3736/2948/791 3722/2934/787
f 3724/2936/788 3738/2950/792 3737/2949/792 3723/2935/788
f 3725/2937/788 3739/2951/792 3738/2950/792 3724/2936/788
f 3726/2938/788 3740/2952/792 3739/2951/792 3725/2937/788
f 3727/2939/788 3741/2953/792 3740/2952/792 3726/2938/788
f 3728/2940/788 3742/2954/792 3741/2953/792 3727/2939/788
f 3730/2941/789 3744/2955/793 3743/2956/793 3729/2942/789
f 3731/2943/789 3745/2957/793 3744/2955/793 3730/2941/789
f 3732/2944/789 3746/2958/793 3745/2957/793 3731/2943/789
f 3733/2945/789 3747/2959/793 3746/2958/793 3732/2944/789
f 3734/2946/789 3748/2960/793 3747/2959/793 3733/2945/789
f 3735/2947/790 3749/2961/794 3748/2960/793 3734/2946/789
f 3736/2948/791 3750/2962/795 3749/2961/794 3735/2947/790
f 3737/2949/792 3751/2963/796 3750/2962/795 3736/2948/791
f 3738/2950/792 3752/2964/796 3751/2963/796 3737/2949/792
f 3739/2951/792 3753/2965/796 3752/2964/796 3738/2950/792
f 3740/2952/792 3754/2966/796 3753/2965/796 3739/2951/792
f 3741/2953/792 3755/2967/796 3754/2966/796 3740/2952/792
f 3742/2954/792 3756/2968/796 3755/2967/796 3741/2953/792
f 3744/2955/793 3758/2969/797 3757/2970/797 3743/2956/793
f 3745/2957/793 3759/2971/797 3758/2969/797 3744/2955/793
f 3746/2958/793 3760/2972/797 3759/2971/797 3745/2957/793
f 3747/2959/793 3761/2973/797 3760/2972/797 3746/2958/793
f 3748/2960/793 3762/2974/797 3761/2973/797 3747/2959/793
f 3749/2961/794 3763/2975/798 3762/2974/797 3748/2960/793
f 3750/2962/795 3764/2976/799 3763/2975/798 3749/2961/794
f 3751/2963/796 3765/2977/800 3764/2976/799 3750/2962/795
f 3752/2964/796 3766/2978/800 3765/2977/800 3751/2963/796
f 3753/2965/796 3767/2979/800 3766/2978/800 3752/2964/796
f 3754/2966/796 3768/2980/800 3767/2979/800 3753/2965/796
f 3755/2967/796 3769/2981/800 3768/2980/800 3754/2966/796
f 3756/2968/796 3770/2982/800 3769/2981/800 3755/2967/796
f 3758/2969/797 3772/2983/801 3771/2984/801 3757/2970/797
f 3759/2971/797 3773/2985/801 3772/2983/801 3758/2969/797
f 3760/2972/797 3774/2986/801 3773/2985/801 3759/2971/797
f 3761/2973/797 3775/2987/801 3774/2986/801 3760/2972/797
f 3762/2974/797 3776/2988/801 3775/2987/801 3761/2973/797
f 3763/2975/798 3777/2989/802 3776/2988/801 3762/2974/797
f 3764/2976/799 3778/2990/803 3777/2989/802 3763/2975/798
f 3765/2977/800 3779/2991/804 3778/2990/803 3764/2976/799
f 3766/2978/800 3780/2992/804 3779/2991/804 3765/2977/800
f 3767/2979/800 3781/2993/804 3780/2992/804 3766/2978/800
f 3768/2980/800 3782/2994/804 3781/2993/804 3767/2979/800
f 3769/2981/800 3783/2995/804 3782/2994/804 3768/2980/800
f 3770/2982/800 3784/2996/804 3783/2995/804 3769/2981/800
f 3772/2983/801 3786/2997/805 3785/2998/805 3771/2984/801
f 3773/2985/801 3787/2999/805 3786/2997/805 3772/2983/801
f 3774/2986/801 3788/3000/805 3787/2999/805 3773/2985/801
f 3775/2987/801 3789/3001/805 3788/3000/805 3774/2986/801
f 3776/2988/801 3790/3002/805 3789/3001/805 3775/2987/801
f 3777/2989/802 3791/3003/806 3790/3002/805 3776/2988/801
f 3778/2990/803 3792/3004/807 3791/3003/806 3777/2989/802
f 3779/2991/804 3793/3005/808 3792/3004/807 3778/2990/803
f 3780/2992/804 3794/3006/808 3793/3005/808 3779/2991/804
f 3781/2993/804 3795/3007/808 3794/3006/808 3780/2992/804
f 3782/2994/804 3796/3008/808 3795/3007/808 3781/2993/804
f 3783/2995/804 3797/3009/808 3796/3008/808 3782/2994/804
f 3784/2996/804 3798/3010/808 3797/3009/808 3783/2995/804
f 3786/2997/805 3800/3011/809 3799/3012/809 3785/2998/805
f 3787/2999/805 3801/3013/809 3800/3011/809 3786/2997/805
f 3788/3000/805 3802/3014/809 3801/3013/809 3787/2999/805
f 3789/3001/805 3803/3015/809 3802/3014/809 3788/3000/805
f 3790/3002/805 3804/3016/809 3803/3015/809 3789/3001/805
f 3791/3003/806 3805/3017/810 3804/3016/809 3790/3002/805
f 3792/3004/807 3806/3018/811 3805/3017/810 3791/3003/806
f 3793/3005/808 3807/3019/812 3806/3018/811 3792/3004/807
f 3794/3006/808 3808/3020/812 3807/3019/812 3793/3005/808
f 3795/3007/808 3809/3021/812 3808/3020/812 3794/3006/808
f 3796/3008/808 3810/3022/812 3809/3021/812 3795/3007/808
f 3797/3009/808 3811/3023/812 3810/3022/812 3796/3008/808
f 3798/3010/808 3812/3024/812 3811/3023/812 3797/3009/808
f 3800/3011/809 3814/3025/813 3813/3026/813 3799/3012/809
f 3801/3013/809 3815/3027/813 3814/3025/813 3800/3011/809
f 3802/3014/809 3816/3028/813 3815/3027/813 3801/3013/809
f 3803/3015/809 3817/3029/813 3816/3028/813 3802/3014/809
f 3804/3016/809 3818/3030/813 3817/3029/813 3803/3015/809
f 3805/3017/810 3819/3031/814 3818/3030/813 3804/3016/809
f 3806/3018/811 3820/3032/815 3819/3031/814 3805/3017/810
f 3807/3019/812 3821/3033/816 3820/3032/815 3806/3018/811
f 3808/3020/812 3822/3034/816 3821/3033/816 3807/3019/812
f 3809/3021/812 3823/3035/816 3822/3034/816 3808/3020/812
f 3810/3022/812 3824/3036/816 3823/3035/816 3809/3021/812
f 3811/3023/812 3825/3037/816 3824/3036/816 3810/3022/812
f 3812/3024/812 3826/3038/816 3825/3037/816 3811/3023/812
f 3814/3025/813 3828/3039/817 3827/3040/817 3813/3026/813
f 3815/3027/813 3829/3041/817 3828/3039/817 3814/3025/813
f 3816/3028/813 3830/3042/817 3829/3041/817 3815/3027/813
f 3817/3029/813 3831/3043/817 3830/3042/817 3816/3028/813
f 3818/3030/813 3832/3044/817 3831/3043/817 3817/3029/813
f 3819/3031/814 3833/3045/818 3832/3044/817 3818/3030/813
f 3820/3032/815 3834/3046/819 3833/3045/818 3819/3031/814
f 3821/3033/816 3835/3047/820 3834/3046/819 3820/3032/815
f 3822/3034/816 3836/3048/820 3835/3047/820 3821/3033/816
f 3823/3035/816 3837/3049/820 3836/3048/820 3822/3034/816
f 3824/3036/816 3838/3050/820 3837/3049/820 3823/3035/816
f 3825/3037/816 3839/3051/820 3838/3050/820 3824/3036/816
f 3826/3038/816 3840/3052/820 3839/3051/820 3825/3037/816
f 3828/3039/817 3842/3053/821 3841/3054/821 3827/3040/817
f 3829/3041/817 3843/3055/821 3842/3053/821 3828/3039/817
f 3830/3042/817 3844/3056/821 3843/3055/821 3829/3041/817
f 3831/3043/817 3845/3057/821 3844/3056/821 3830/3042/817
f 3832/3044/817 3846/3058/821 3845/3057/821 3831/3043/817
f 3833/3045/818 3847/3059/822 3846/3058/821 3832/3044/817
f 3834/3046/819 3848/3060/823 3847/3059/822 3833/3045/818
f 3835/3047/820 3849/3061/824 3848/3060/823 3834/3046/819
f 3836/3048/820 3850/3062/824 3849/3061/824 3835/3047/820
f 3837/3049/820 3851/3063/824 3850/3062/824 3836/3048/820
f 3838/3050/820 3852/3064/824 3851/3063/824 3837/3049/820
f 3839/3051/820 3853/3065/824 3852/3064/824 3838/3050/820
f 3840/3052/820 3854/3066/824 3853/3065/824 3839/3051/820
f 3842/3053/821 3856/3067/825 3855/3068/825 3841/3054/821
f 3843/3055/821 3857/3069/825 3856/3067/825 3842/3053/821
f 3844/3056/821 3858/3070/825 3857/3069/825 3843/3055/821
f 3845/3057/821 3859/3071/825 3858/3070/825 3844/3056/821
f 3846/3058/821 3860/3072/825 3859/3071/825 3845/3057/821
f 3847/3059/822 3861/3073/826 3860/3072/825 3846/3058/821
f 3848/3060/823 3862/3074/827 3861/3073/826 3847/3059/822
f 3849/3061/824 3863/3075/828 3862/3074/827 3848/3060/823
f 3850/3062/824 3864/3076/828 3863/3075/828 3849/3061/824
f 3851/3063/824 3865/3077/828 3864/3076/828 3850/3062/824
f 3852/3064/824 3866/3078/828 3865/3077/828 3851/3063/824
f 3853/3065/824 3867/3079/828 3866/3078/828 3852/3064/824
f 3854/3066/824 3868/3080/828 3867/3079/828 3853/3065/824
f 3856/3067/825 3870/3081/829 3869/3082/829 3855/3068/825
f 3857/3069/825 3871/3083/829 3870/3081/829 3856/3067/825
f 3858/3070/825 3872/3084/829 3871/3083/829 3857/3069/825
f 3859/3071/825 3873/3085/829 3872/3084/829 3858/3070/825
f 3860/3072/825 3874/3086/829 3873/3085/829 3859/3071/825
f 3861/3073/826 3875/3087/830 3874/3086/829 3860/3072/825
f 3862/3074/827 3876/3088/831 3875/3087/830 3861/3073/826
f 3863/3075/828 3877/3089/832 3876/3088/831 3862/3074/827
f 3864/3076/828 3878/3090/832 3877/3089/832 3863/3075/828
f 3865/3077/828 3879/3091/832 3878/3090/832 3864/3076/828
f 3866/3078/828 3880/3092/832 3879/3091/832 3865/3077/828
f 3867/3079/828 3881/3093/832 3880/3092/832 3866/3078/828
f 3868/3080/828 3882/3094/832 3881/3093/832 3867/3079/828
f 3870/3081/829 3884/3095/833 3883/3096/833 3869/3082/829
f 3871/3083/829 3885/3097/833 3884/3095/833 3870/3081/829
f 3872/3084/829 3886/3098/833 3885/3097/833 3871/3083/829
f 3873/3085/829 3887/3099/833 3886/3098/833 3872/3084/829
f 3874/3086/829 3888/3100/833 3887/3099/833 3873/3085/829
f 3875/3087/830 3889/3101/834 3888/3100/833 3874/3086/829
f 3876/3088/831 3890/3102/835 3889/3101/834 3875/3087/830
f 3877/3089/832 3891/3103/836 3890/3102/835 3876/3088/831
f 3878/3090/832 3892/3104/836 3891/3103/836 3877/3089/832
f 3879/3091/832 3893/3105/836 3892/3104/836 3878/3090/832
f 3880/3092/832 3894/3106/836 3893/3105/836 3879/3091/832
f 3881/3093/832 3895/3107/836 3894/3106/836 3880/3092/832
f 3882/3094/832 3896/3108/836 3895/3107/836 3881/3093/832
f 3884/3095/833 3898/3109/837 3897/3110/837 3883/3096/833
f 3885/3097/833 3899/3111/837 3898/3109/837 3884/3095/833
f 3886/3098/833 3900/3112/837 3899/3111/837 3885/3097/833
f 3887/3099/833 3901/3113/837 3900/3112/837 3886/3098/833
f 3888/3100/833 3902/3114/837 3901/3113/837 3887/3099/833
f 3889/3101/834 3903/3115/838 3902/3114/837 3888/3100/833
f 3890/3102/835 3904/3116/839 3903/3115/838 3889/3101/834
f 3891/3103/836 3905/3117/840 3904/3116/839 3890/3102/835
f 3892/3104/836 3906/3118/840 3905/3117/840 3891/3103/836
f 3893/3105/836 3907/3119/840 3906/3118/840 3892/3104/836
f 3894/3106/836 3908/3120/840 3907/3119/840 3893/3105/836
f 3895/3107/836 3909/3121/840 3908/3120/840 3894/3106/836
f 3896/3108/836 3910/3122/840 3909/3121/840 3895/3107/836
f 3898/3109/837 3912/3123/841 3911/3124/841 3897/3110/837
f 3899/3111/837 3913/3125/841 3912/3123/841 3898/3109/837
f 3900/3112/837 3914/3126/841 3913/3125/841 3899/3111/837
f 3901/3113/837 3915/3127/841 3914/3126/841 3900/3112/837
f 3902/3114/837 3916/3128/841 3915/3127/841 3901/3113/837
f 3903/3115/838 3917/3129/842 3916/3128/841 3902/3114/837
f 3904/3116/839 3918/3130/843 3917/3129/842 3903/3115/838
f 3905/3117/840 3919/3131/844 3918/3130/843 3904/3116/839
f 3906/3118/840 3920/3132/844 3919/3131/844 3905/3117/840
f 3907/3119/840 3921/3133/844 3920/3132/844 3906/3118/840
f 3908/3120/840 3922/3134/844 3921/3133/844 3907/3119/840
f 3909/3121/840 3923/3135/844 3922/3134/844 3908/3120/840
f 3910/3122/840 3924/3136/844 3923/3135/844 3909/3121/840
f 3912/3123/841 3926/3137/845 3925/3138/845 3911/3124/841
f 3913/3125/841 3927/3139/845 3926/3137/845 3912/3123/841
f 3914/3126/841 3928/3140/845 3927/3139/845 3913/3125/841
f 3915/3127/841 3929/3141/845 3928/3140/845 3914/3126/841
f 3916/3128/841 3930/3142/845 3929/3141/845 3915/3127/841
f 3917/3129/842 3931/3143/846 3930/3142/845 3916/3128/841
f 3918/3130/843 3932/3144/847 3931/3143/846 3917/3129/842
f 3919/3131/844 3933/3145/848 3932/3144/847 3918/3130/843
f 3920/3132/844 3934/3146/848 3933/3145/848 3919/3131/844
f 3921/3133/844 3935/3147/848 3934/3146/848 3920/3132/844
f 3922/3134/844 3936/3148/848 3935/3147/848 3921/3133/844
f 3923/3135/844 3937/3149/848 3936/3148/848 3922/3134/844
f 3924/3136/844 3938/3150/848 3937/3149/848 3923/3135/844
f 3926/3137/845 3940/3151/849 3939/3152/849 3925/3138/845
f 3927/3139/845 3941/3153/849 3940/3151/849 3926/3137/845
f 3928/3140/845 3942/3154/849 3941/3153/849 3927/3139/845
f 3929/3141/845 3943/3155/849 3942/3154/849 3928/3140/845
f 3930/3142/845 3944/3156/849 3943/3155/849 3929/3141/845
f 3931/3143/846 3945/3157/850 3944/3156/849 3930/3142/845
f 3932/3144/847 3946/3158/851 3945/3157/850 3931/3143/846
f 3933/3145/848 3947/3159/852 3946/3158/851 3932/3144/847
f 3934/3146/848 3948/3160/852 3947/3159/852 3933/3145/848
f 3935/3147/848 3949/3161/852 3948/3160/852 3934/3146/848
f 3936/3148/848 3950/3162/852 3949/3161/852 3935/3147/848
f 3937/3149/848 3951/3163/852 3950/3162/852 3936/3148/848
f 3938/3150/848 3952/3164/852 3951/3163/852 3937/3149/848
f 3940/3151/849 3954/3165/853 3953/3166/853 3939/3152/849
f 3941/3153/849 3955/3167/853 3954/3165/853 3940/3151/849
f 3942/3154/849 3956/3168/853 3955/3167/853 3941/3153/849
f 3943/3155/849 3957/3169/853 3956/3168/853 3942/3154/849
f 3944/3156/849 3958/3170/853 3957/3169/853 3943/3155/849
f 3945/3157/850 3959/3171/854 3958/3170/853 3944/3156/849
f 3946/3158/851 3960/3172/855 3959/3171/854 3945/3157/850
f 3947/3159/852 3961/3173/856 3960/3172/855 3946/3158/851
f 3948/3160/852 3962/3174/856 3961/3173/856 3947/3159/852
f 3949/3161/852 3963/3175/856 3962/3174/856 3948/3160/852
f 3950/3162/852 3964/3176/856 3963/3175/856 3949/3161/852
f 3951/3163/852 3965/3177/856 3964/3176/856 3950/3162/852
f 3952/3164/852 3966/3178/856 3965/3177/856 3951/3163/852
f 3954/3165/853 3968/3179/857 3967/3180/857 3953/3166/853
f 3955/3167/853 3969/3181/857 3968/3179/857 3954/3165/853
f 3956/3168/853 3970/3182/857 3969/3181/857 3955/3167/853
f 3957/3169/853 3971/3183/857 3970/3182/857 3956/3168/853
f 3958/3170/853 3972/3184/857 3971/3183/857 3957/3169/853
f 3959/3171/854 3973/3185/858 3972/3184/857 3958/3170/853
f 3960/3172/855 3974/3186/859 3973/3185/858 3959/3171/854
f 3961/3173/856 3975/3187/860 3974/3186/859 3960/3172/855
f 3962/3174/856 3976/3188/860 3975/3187/860 3961/3173/856
f 3963/3175/856 3977/3189/860 3976/3188/860 3962/3174/856
f 3964/3176/856 3978/3190/860 3977/3189/860 3963/3175/856
f 3965/3177/856 3979/3191/860 3978/3190/860 3964/3176/856
f 3966/3178/856 3980/3192/860 3979/3191/860 3965/3177/856
f 3968/3179/857 3982/3193/861 3981/3194/861 3967/3180/857
f 3969/3181/857 3983/3195/861 3982/3193/861 3968/3179/857
f 3970/3182/857 3984/3196/861 3983/3195/861 3969/3181/857
f 3971/3183/857 3985/3197/861 3984/3196/861 3970/3182/857
f 3972/3184/857 3986/3198/861 3985/3197/861 3971/3183/857
f 3973/3185/858 3987/3199/862 3986/3198/861 3972/3184/857
f 3974/3186/859 3988/3200/863 3987/3199/862 3973/3185/858
f 3975/3187/860 3989/3201/864 3988/3200/863 3974/3186/859
f 3976/3188/860 3990/3202/864 3989/3201/864 3975/3187/860
f 3977/3189/860 3991/3203/864 3990/3202/864 3976/3188/860
f 3978/3190/860 3992/3204/864 3991/3203/864 3977/3189/860
f 3979/3191/860 3993/3205/864 3992/3204/864 3978/3190/860
f 3980/3192/860 3994/3206/864 3993/3205/864 3979/3191/860
f 3982/3193/861 3996/3207/865 3995/3208/865 3981/3194/861
f 3983/3195/861 3997/3209/865 3996/3207/865 3982/3193/861
f 3984/3196/861 3998/3210/865 3997/3209/865 3983/3195/861
f 3985/3197/861 3999/3211/865 3998/3210/865 3984/3196/861
f 3986/3198/861 4000/3212/865 3999/3211/865 3985/3197/861
f 3987/3199/862 4001/3213/866 4000/3212/865 3986/3198/861
f 3988/3200/863 4002/3214/867 4001/3213/866 3987/3199/862
f 3989/3201/864 4003/3215/868 4002/3214/867 3988/3200/863
f 3990/3202/864 4004/3216/868 4003/3215/868 3989/3201/864
f 3991/3203/864 4005/3217/868 4004/3216/868 3990/3202/864
f 3992/3204/864 4006/3218/868 4005/3217/868 3991/3203/864
f 3993/3205/864 4007/3219/868 4006/3218/868 3992/3204/864
f 3994/3206/864 4008/3220/868 4007/3219/868 3993/3205/864
f 3996/3207/865 4010/3221/869 4009/3222/869 3995/3208/865
f 3997/3209/865 4011/3223/869 4010/3221/869 3996/3207/865
f 3998/3210/865 4012/3224/869 4011/3223/869 3997/3209/865
f 3999/3211/865 4013/3225/869 4012/3224/869 3998/3210/865
f 4000/3212/865 4014/3226/869 4013/3225/869 3999/3211/865
f 4001/3213/866 4015/3227/870 4014/3226/869 4000/3212/865
f 4002/3214/867 4016/3228/871 4015/3227/870 4001/3213/866
f 4003/3215/868 4017/3229/872 4016/3228/871 4002/3214/867
f 4004/3216/868 4018/3230/872 4017/3229/872 4003/3215/868
f 4005/3217/868 4019/3231/872 4018/3230/872 4004/3216/868
f 4006/3218/868 4020/3232/872 4019/3231/872 4005/3217/868
f 4007/3219/868 4021/3233/872 4020/3232/872 4006/3218/868
f 4008/3220/868 4022/3234/872 4021/3233/872 4007/3219/868
f 4010/3221/869 4024/3235/873 4023/3236/873 4009/3222/869
f 4011/3223/869 4025/3237/873 4024/3235/873 4010/3221/869
f 4012/3224/869 4026/3238/873 4025/3237/873 4011/3223/869
f 4013/3225/869 4027/3239/873 4026/3238/873 4012/3224/869
f 4014/3226/869 4028/3240/873 4027/3239/873 4013/3225/869
f 4015/3227/870 4029/3241/874 4028/3240/873 4014/3226/869
f 4016/3228/871 4030/3242/875 4029/3241/874 4015/3227/870
f 4017/3229/872 4031/3243/876 4030/3242/875 4016/3228/871
f 4018/3230/872 4032/3244/876 4031/3243/876 4017/3229/872
f 4019/3231/872 4033/3245/876 4032/3244/876 4018/3230/872
f 4020/3232/872 4034/3246/876 4033/3245/876 4019/3231/872
f 4021/3233/872 4035/3247/876 4034/3246/876 4020/3232/872
f 4022/3234/872 4036/3248/876 4035/3247/876 4021/3233/872
f 4024/3235/873 4038/3249/877 4037/3250/877 4023/3236/873
f 4025/3237/873 4039/3251/877 4038/3249/877 4024/3235/873
f 4026/3238/873 4040/3252/877 4039/3251/877 4025/3237/873
f 4027/3239/873 4041/3253/877 4040/3252/877 4026/3238/873
f 4028/3240/873 4042/3254/877 4041/3253/877 4027/3239/873
f 4029/3241/874 4043/3255/878 4042/3254/877 4028/3240/873
f 4030/3242/875 4044/3256/879 4043/3255/878 4029/3241/874
f 4031/3243/876 4045/3257/880 4044/3256/879 4030/3242/875
f 4032/3244/876 4046/3258/880 4045/3257/880 4031/3243/876
f 4033/3245/876 4047/3259/880 4046/3258/880 4032/3244/876
f 4034/3246/876 4048/3260/880 4047/3259/880 4033/3245/876
f 4035/3247/876 4049/3261/880 4048/3260/880 4034/3246/876
f 4036/3248/876 4050/3262/880 4049/3261/880 4035/3247/876
f 4038/3249/877 4052/3263/881 4051/3264/881 4037/3250/877
f 4039/3251/877 4053/3265/881 4052/3263/881 4038/3249/877
f 4040/3252/877 4054/3266/881 4053/3265/881 4039/3251/877
f 4041/3253/877 4055/3267/881 4054/3266/881 4040/3252/877
f 4042/3254/877 4056/3268/881 4055/3267/881 4041/3253/877
f 4043/3255/878 4057/3269/882 4056/3268/881 4042/3254/877
f 4044/3256/879 4058/3270/883 4057/3269/882 4043/3255/878
f 4045/3257/880 4059/3271/884 4058/3270/883 4044/3256/879
f 4046/3258/880 4060/3272/884 4059/3271/884 4045/3257/880
f 4047/3259/880 4061/3273/884 4060/3272/884 4046/3258/880
f 4048/3260/880 4062/3274/884 4061/3273/884 4047/3259/880
f 4049/3261/880 4063/3275/884 4062/3274/884 4048/3260/880
f 4050/3262/880 4064/3276/884 4063/3275/884 4049/3261/880
f 4052/3263/881 4066/3277/885 4065/3278/885 4051/3264/881
f 4053/3265/881 4067/3279/885 4066/3277/885 4052/3263/881
f 4054/3266/881 4068/3280/885 4067/3279/885 4053/3265/881
f 4055/3267/881 4069/3281/885 4068/3280/885 4054/3266/881
f 4056/3268/881 4070/3282/885 4069/3281/885 4055/3267/881
f 4057/3269/882 4071/3283/886 4070/3282/885 4056/3268/881
f 4058/3270/883 4072/3284/887 4071/3283/886 4057/3269/882
f 4059/3271/884 4073/3285/888 4072/3284/887 4058/3270/883
f 4060/3272/884 4074/3286/888 4073/3285/888 4059/3271/884
f 4061/3273/884 4075/3287/888 4074/3286/888 4060/3272/884
f 4062/3274/884 4076/3288/888 4075/3287/888 4061/3273/884
f 4063/3275/884 4077/3289/888 4076/3288/888 4062/3274/884
f 4064/3276/884 4078/3290/888 4077/3289/888 4063/3275/884
f 4066/3277/885 4080/3291/889 4079/3292/889 4065/3278/885
f 4067/3279/885 4081/3293/889 4080/3291/889 4066/3277/885
f 4068/3280/885 4082/3294/889 4081/3293/889 4067/3279/885
f 4069/3281/885 4083/3295/889 4082/3294/889 4068/3280/885
f 4070/3282/885 4084/3296/889 4083/3295/889 4069/3281/885
f 4071/3283/886 4085/3297/890 4084/3296/889 4070/3282/885
f 4072/3284/887 4086/3298/891 4085/3297/890 4071/3283/886
f 4073/3285/888 4087/3299/892 4086/3298/891 4072/3284/887
f 4074/3286/888 4088/3300/892 4087/3299/892 4073/3285/888
f 4075/3287/888 4089/3301/892 4088/3300/892 4074/3286/888
f 4076/3288/888 4090/3302/892 4089/3301/892 4075/3287/888
f 4077/3289/888 4091/3303/892 4090/3302/892 4076/3288/888
f 4078/3290/888 4092/3304/892 4091/3303/892 4077/3289/888
f 4080/3291/889 4094/3305/893 4093/3306/893 4079/3292/889
f 4081/3293/889 4095/3307/893 4094/3305/893 4080/3291/889
f 4082/3294/889 4096/3308/893 4095/3307/893 4081/3293/889
f 4083/3295/889 4097/3309/893 4096/3308/893 4082/3294/889
f 4084/3296/889 4098/3310/893 4097/3309/893 4083/3295/889
f 4085/3297/890 4099/3311/894 4098/3310/893 4084/3296/889
f 4086/3298/891 4100/3312/895 4099/3311/894 4085/3297/890
f 4087/3299/892 4101/3313/896 4100/3312/895 4086/3298/891
f 4088/3300/892 4102/3314/896 4101/3313/896 4087/3299/892
f 4089/3301/892 4103/3315/896 4102/3314/896 4088/3300/892
f 4090/3302/892 4104/3316/896 4103/3315/896 4089/3301/892
f 4091/3303/892 4105/3317/896 4104/3316/896 4090/3302/892
f 4092/3304/892 4106/3318/896 4105/3317/896 4091/3303/892
f 4094/3305/893 4108/3319/897 4107/3320/897 4093/3306/893
f 4095/3307/893 4109/3321/897 4108/3319/897 4094/3305/893
f 4096/3308/893 4110/3322/897 4109/3321/897 4095/3307/893
f 4097/3309/893 4111/3323/897 4110/3322/897 4096/3308/893
f 4098/3310/893 4112/3324/897 4111/3323/897 4097/3309/893
f 4099/3311/894 4113/3325/898 4112/3324/897 4098/3310/893
f 4100/3312/895 4114/3326/899 4113/3325/898 4099/3311/894
f 4101/3313/896 4115/3327/900 4114/3326/899 4100/3312/895
f 4102/3314/896 4116/3328/900 4115/3327/900 4101/3313/896
f 4103/3315/896 4117/3329/900 4116/3328/900 4102/3314/896
f 4104/3316/896 4118/3330/900 4117/3329/900 4103/3315/896
f 4105/3317/896 4119/3331/900 4118/3330/900 4104/3316/896
f 4106/3318/896 4120/3332/900 4119/3331/900 4105/3317/896
f 4108/3319/897 4122/3333/901 4121/3334/901 4107/3320/897
f 4109/3321/897 4123/3335/901 4122/3333/901 4108/3319/897
f 4110/3322/897 4124/3336/901 4123/3335/901 4109/3321/897
f 4111/3323/897 4125/3337/901 4124/3336/901 4110/3322/897
f 4112/3324/897 4126/3338/901 4125/3337/901 4111/3323/897
f 4113/3325/898 4127/3339/902 4126/3338/901 4112/3324/897
f 4114/3326/899 4128/3340/903 4127/3339/902 4113/3325/898
f 4115/3327/900 4129/3341/904 4128/3340/903 4114/3326/899
f 4116/3328/900 4130/3342/904 4129/3341/904 4115/3327/900
f 4117/3329/900 4131/3343/904 4130/3342/904 4116/3328/900
f 4118/3330/900 4132/3344/904 4131/3343/904 4117/3329/900
f 4119/3331/900 4133/3345/904 4132/3344/904 4118/3330/900
f 4120/3332/900 4134/3346/904 4133/3345/904 4119/3331/900
f 4122/3333/901 4136/3347/905 4135/3348/905 4121/3334/901
f 4123/3335/901 4137/3349/905 4136/3347/905 4122/3333/901
f 4124/3336/901 4138/3350/905 4137/3349/905 4123/3335/901
f 4125/3337/901 4139/3351/905 4138/3350/905 4124/3336/901
f 4126/3338/901 4140/3352/905 4139/3351/905 4125/3337/901
f 4127/3339/902 4141/3353/906 4140/3352/905 4126/3338/901
f 4128/3340/903 4142/3354/907 4141/3353/906 4127/3339/902
f 4129/3341/904 4143/3355/908 4142/3354/907 4128/3340/903
f 4130/3342/904 4144/3356/908 4143/3355/908 4129/3341/904
f 4131/3343/904 4145/3357/908 4144/3356/908 4130/3342/904
f 4132/3344/904 4146/3358/908 4145/3357/908 4131/3343/904
f 4133/3345/904 4147/3359/908 4146/3358/908 4132/3344/904
f 4134/3346/904 4148/3360/908 4147/3359/908 4133/3345/904
f 4136/3347/905 4150/3361/909 4149/3362/909 4135/3348/905
f 4137/3349/905 4151/3363/909 4150/3361/909 4136/3347/905
f 4138/3350/905 4152/3364/909 4151/3363/909 4137/3349/905
f 4139/3351/905 4153/3365/909 4152/3364/909 4138/3350/905
f 4140/3352/905 4154/3366/909 4153/3365/909 4139/3351/905
f 4141/3353/906 4155/3367/910 4154/3366/909 4140/3352/905
f 4142/3354/907 4156/3368/911 4155/3367/910 4141/3353/906
f 4143/3355/908 4157/3369/912 4156/3368/911 4142/3354/907
f 4144/3356/908 4158/3370/912 4157/3369/912 4143/3355/908
f 4145/3357/908 4159/3371/912 4158/3370/912 4144/3356/908
f 4146/3358/908 4160/3372/912 4159/3371/912 4145/3357/908
f 4147/3359/908 4161/3373/912 4160/3372/912 4146/3358/908
f 4148/3360/908 4162/3374/912 4161/3373/912 4147/3359/908
f 4150/3361/909 4164/3375/913 4163/3376/913 4149/3362/909
f 4151/3363/909 4165/3377/913 4164/3375/913 4150/3361/909
f 4152/3364/909 4166/3378/913 4165/3377/913 4151/3363/909
f 4153/3365/909 4167/3379/913 4166/3378/913 4152/3364/909
f 4154/3366/909 4168/3380/913 4167/3379/913 4153/3365/909
f 4155/3367/910 4169/3381/914 4168/3380/913 4154/3366/909
f 4156/3368/911 4170/3382/915 4169/3381/914 4155/3367/910
f 4157/3369/912 4171/3383/916 4170/3382/915 4156/3368/911
f 4158/3370/912 4172/3384/916 4171/3383/916 4157/3369/912
f 4159/3371/912 4173/3385/916 4172/3384/916 4158/3370/912
f 4160/3372/912 4174/3386/916 4173/3385/916 4159/3371/912
f 4161/3373/912 4175/3387/916 4174/3386/916 4160/3372/912
f 4162/3374/912 4176/3388/916 4175/3387/916 4161/3373/912
f 4164/3375/913 4178/3389/917 4177/3390/917 4163/3376/913
f 4165/3377/913 4179/3391/917 4178/3389/917 4164/3375/913
f 4166/3378/913 4180/3392/917 4179/3391/917 4165/3377/913
f 4167/3379/913 4181/3393/917 4180/3392/917 4166/3378/913
f 4168/3380/913 4182/3394/917 4181/3393/917 4167/3379/913
f 4169/3381/914 4183/3395/918 4182/3394/917 4168/3380/913
f 4170/3382/915 4184/3396/919 4183/3395/918 4169/3381/914
f 4171/3383/916 4185/3397/920 4184/3396/919 4170/3382/915
f 4172/3384/916 4186/3398/920 4185/3397/920 4171/3383/916
f 4173/3385/916 4187/3399/920 4186/3398/920 4172/3384/916
f 4174/3386/916 4188/3400/920 4187/3399/920 4173/3385/916
f 4175/3387/916 4189/3401/920 4188/3400/920 4174/3386/916
f 4176/3388/916 4190/3402/920 4189/3401/920 4175/3387/916
f 4178/3389/917 4192/3403/921 4191/3404/921 4177/3390/917
f 4179/3391/917 4193/3405/921 4192/3403/921 4178/3389/917
f 4180/3392/917 4194/3406/921 4193/3405/921 4179/3391/917
f 4181/3393/917 4195/3407/921 4194/3406/921 4180/3392/917
f 4182/3394/917 4196/3408/921 4195/3407/921 4181/3393/917
f 4183/3395/918 4197/3409/922 4196/3408/921 4182/3394/917
f 4184/3396/919 4198/3410/923 4197/3409/922 4183/3395/918
f 4185/3397/920 4199/3411/924 4198/3410/923 4184/3396/919
f 4186/3398/920 4200/3412/924 4199/3411/924 4185/3397/920
f 4187/3399/920 4201/3413/924 4200/3412/924 4186/3398/920
f 4188/3400/920 4202/3414/924 4201/3413/924 4187/3399/920
f 4189/3401/920 4203/3415/924 4202/3414/924 4188/3400/920
f 4190/3402/920 4204/3416/924 4203/3415/924 4189/3401/920
f 4192/3403/921 4206/3417/925 4205/3418/925 4191/3404/921
f 4193/3405/921 4207/3419/925 4206/3417/925 4192/3403/921
f 4194/3406/921 4208/3420/925 4207/3419/925 4193/3405/921
f 4195/3407/921 4209/3421/925 4208/3420/925 4194/3406/921
f 4196/3408/921 4210/3422/925 4209/3421/925 4195/3407/921
f 4197/3409/922 4211/3423/926 4210/3422/925 4196/3408/921
f 4198/3410/923 4212/3424/927 4211/3423/926 4197/3409/922
f 4199/3411/924 4213/3425/928 4212/3424/927 4198/3410/923
f 4200/3412/924 4214/3426/928 4213/3425/928 4199/3411/924
f 4201/3413/924 4215/3427/928 4214/3426/928 4200/3412/924
f 4202/3414/924 4216/3428/928 4215/3427/928 4201/3413/924
f 4203/3415/924 4217/3429/928 4216/3428/928 4202/3414/924
f 4204/3416/924 4218/3430/928 4217/3429/928 4203/3415/924
f 4206/3417/925 4220/3431/929 4219/3432/929 4205/3418/925
f 4207/3419/925 4221/3433/929 4220/3431/929 4206/3417/925
f 4208/3420/925 4222/3434/929 4221/3433/929 4207/3419/925
f 4209/3421/925 4223/3435/929 4222/3434/929 4208/3420/925
f 4210/3422/925 4224/3436/929 4223/3435/929 4209/3421/925
f 4211/3423/926 4225/3437/930 4224/3436/929 4210/3422/925
f 4212/3424/927 4226/3438/931 4225/3437/930 4211/3423/926
f 4213/3425/928 4227/3439/932 4226/3438/931 4212/3424/927
f 4214/3426/928 4228/3440/932 4227/3439/932 4213/3425/928
f 4215/3427/928 4229/3441/932 4228/3440/932 4214/3426/928
f 4216/3428/928 4230/3442/932 4229/3441/932 4215/3427/928
f 4217/3429/928 4231/3443/932 4230/3442/932 4216/3428/928
f 4218/3430/928 4232/3444/932 4231/3443/932 4217/3429/928
f 4220/3431/929 4234/3445/933 4233/3446/933 4219/3432/929
f 4221/3433/929 4235/3447/933 4234/3445/933 4220/3431/929
f 4222/3434/929 4236/3448/933 4235/3447/933 4221/3433/929
f 4223/3435/929 4237/3449/933 4236/3448/933 4222/3434/929
f 4224/3436/929 4238/3450/933 4237/3449/933 4223/3435/929
f 4225/3437/930 4239/3451/934 4238/3450/933 4224/3436/929
f 4226/3438/931 4240/3452/935 4239/3451/934 4225/3437/930
f 4227/3439/932 4241/3453/936 4240/3452/935 4226/3438/931
f 4228/3440/932 4242/3454/936 4241/3453/936 4227/3439/932
f 4229/3441/932 4243/3455/936 4242/3454/936 4228/3440/932
f 4230/3442/932 4244/3456/936 4243/3455/936 4229/3441/932
f 4231/3443/932 4245/3457/936 4244/3456/936 4230/3442/932
f 4232/3444/932 4246/3458/936 4245/3457/936 4231/3443/932
f 4234/3445/933 4248/3459/937 4247/3460/937 4233/3446/933
f 4235/3447/933 4249/3461/937 4248/3459/937 4234/3445/933
f 4236/3448/933 4250/3462/937 4249/3461/937 4235/3447/933
f 4237/3449/933 4251/3463/937 4250/3462/937 4236/3448/933
f 4238/3450/933 4252/3464/937 4251/3463/937 4237/3449/933
f 4239/3451/934 4253/3465/938 4252/3464/937 4238/3450/933
f 4240/3452/935 4254/3466/939 4253/3465/938 4239/3451/934
f 4241/3453/936 4255/3467/940 4254/3466/939 4240/3452/935
f 4242/3454/936 4256/3468/940 4255/3467/940 4241/3453/936
f 4243/3455/936 4257/3469/940 4256/3468/940 4242/3454/936
f 4244/3456/936 4258/3470/940 4257/3469/940 4243/3455/936
f 4245/3457/936 4259/3471/940 4258/3470/940 4244/3456/936
f 4246/3458/936 4260/3472/940 4259/3471/940 4245/3457/936
f 4248/3459/937 4262/3473/941 4261/3474/941 4247/3460/937
f 4249/3461/937 4263/3475/941 4262/3473/941 4248/3459/937
f 4250/3462/937 4264/3476/941 4263/3475/941 4249/3461/937
f 4251/3463/937 4265/3477/941 4264/3476/941 4250/3462/937
f 4252/3464/937 4266/3478/941 4265/3477/941 4251/3463/937
f 4253/3465/938 4267/3479/942 4266/3478/941 4252/3464/937
f 4254/3466/939 4268/3480/943 4267/3479/942 4253/3465/938
f 4255/3467/940 4269/3481/944 4268/3480/943 4254/3466/939
f 4256/3468/940 4270/3482/944 4269/3481/944 4255/3467/940
f 4257/3469/940 4271/3483/944 4270/3482/944 4256/3468/940
f 4258/3470/940 4272/3484/944 4271/3483/944 4257/3469/940
f 4259/3471/940 4273/3485/944 4272/3484/944 4258/3470/940
f 4260/3472/940 4274/3486/944 4273/3485/944 4259/3471/940
f 4262/3473/941 4276/3487/945 4275/3488/945 4261/3474/941
f 4263/3475/941 4277/3489/945 4276/3487/945 4262/3473/941
f 4264/3476/941 4278/3490/945 4277/3489/945 4263/3475/941
f 4265/3477/941 4279/3491/945 4278/3490/945 4264/3476/941
f 4266/3478/941 4280/3492/945 4279/3491/945 4265/3477/941
f 4267/3479/942 4281/3493/946 4280/3492/945 4266/3478/941
f 4268/3480/943 4282/3494/947 4281/3493/946 4267/3479/942
f 4269/3481/944 4283/3495/948 4282/3494/947 4268/3480/943
f 4270/3482/944 4284/3496/948 4283/3495/948 4269/3481/944
f 4271/3483/944 4285/3497/948 4284/3496/948 4270/3482/944
f 4272/3484/944 4286/3498/948 4285/3497/948 4271/3483/944
f 4273/3485/944 4287/3499/948 4286/3498/948 4272/3484/944
f 4274/3486/944 4288/3500/948 4287/3499/948 4273/3485/944
f 4276/3487/945 4290/3501/949 4289/3502/949 4275/3488/945
f 4277/3489/945 4291/3503/949 4290/3501/949 4276/3487/945
f 4278/3490/945 4292/3504/949 4291/3503/949 4277/3489/945
f 4279/3491/945 4293/3505/949 4292/3504/949 4278/3490/945
f 4280/3492/945 4294/3506/949 4293/3505/949 4279/3491/945
f 4281/3493/946 4295/3507/950 4294/3506/949 4280/3492/945
f 4282/3494/947 4296/3508/951 4295/3507/950 4281/3493/946
f 4283/3495/948 4297/3509/952 4296/3508/951 4282/3494/947
f 4284/3496/948 4298/3510/952 4297/3509/952 4283/3495/948
f 4285/3497/948 4299/3511/952 4298/3510/952 4284/3496/948
f 4286/3498/948 4300/3512/952 4299/3511/952 4285/3497/948
f 4287/3499/948 4301/3513/952 4300/3512/952 4286/3498/948
f 4288/3500/948 4302/3514/952 4301/3513/952 4287/3499/948
f 4290/3501/949 4304/3515/953 4303/3516/953 4289/3502/949
f 4291/3503/949 4305/3517/953 4304/3515/953 4290/3501/949
f 4292/3504/949 4306/3518/953 4305/3517/953 4291/3503/949
f 4293/3505/949 4307/3519/953 4306/3518/953 4292/3504/949
f 4294/3506/949 4308/3520/953 4307/3519/953 4293/3505/949
f 4295/3507/950 4309/3521/954 4308/3520/953 4294/3506/949
f 4296/3508/951 4310/3522/955 4309/3521/954 4295/3507/950
f 4297/3509/952 4311/3523/956 4310/3522/955 4296/3508/951
f 4298/3510/952 4312/3524/956 4311/3523/956 4297/3509/952
f 4299/3511/952 4313/3525/956 4312/3524/956 4298/3510/952
f 4300/3512/952 4314/3526/956 4313/3525/956 4299/3511/952
f 4301/3513/952 4315/3527/956 4314/3526/956 4300/3512/952
f 4302/3514/952 4316/3528/956 4315/3527/956 4301/3513/952
f 4304/3515/953 4318/3529/957 4317/3530/957 4303/3516/953
f 4305/3517/953 4319/3531/957 4318/3529/957 4304/3515/953
f 4306/3518/953 4320/3532/957 4319/3531/957 4305/3517/953
f 4307/3519/953 4321/3533/957 4320/3532/957 4306/3518/953
f 4308/3520/953 4322/3534/957 4321/3533/957 4307/3519/953
f 4309/3521/954 4323/3535/958 4322/3534/957 4308/3520/953
f 4310/3522/955 4324/3536/959 4323/3535/958 4309/3521/954
f 4311/3523/956 4325/3537/960 4324/3536/959 4310/3522/955
f 4312/3524/956 4326/3538/960 4325/3537/960 4311/3523/956
f 4313/3525/956 4327/3539/960 4326/3538/960 4312/3524/956
f 4314/3526/956 4328/3540/960 4327/3539/960 4313/3525/956
f 4315/3527/956 4329/3541/960 4328/3540/960 4314/3526/956
f 4316/3528/956 4330/3542/960 4329/3541/960 4315/3527/956
f 4318/3529/957 4332/3543/961 4331/3544/961 4317/3530/957
f 4319/3531/957 4333/3545/961 4332/3543/961 4318/3529/957
f 4320/3532/957 4334/3546/961 4333/3545/961 4319/3531/957
f 4321/3533/957 4335/3547/961 4334/3546/961 4320/3532/957
f 4322/3534/957 4336/3548/961 4335/3547/961 4321/3533/957
f 4323/3535/958 4337/3549/962 4336/3548/961 4322/3534/957
f 4324/3536/959 4338/3550/963 4337/3549/962 4323/3535/958
f 4325/3537/960 4339/3551/964 4338/3550/963 4324/3536/959
f 4326/3538/960 4340/3552/964 4339/3551/964 4325/3537/960
f 4327/3539/960 4341/3553/964 4340/3552/964 4326/3538/960
f 4328/3540/960 4342/3554/964 4341/3553/964 4327/3539/960
f 4329/3541/960 4343/3555/964 4342/3554/964 4328/3540/960
f 4330/3542/960 4344/3556/964 4343/3555/964 4329/3541/960
f 4332/3543/961 4346/3557/965 4345/3558/965 4331/3544/961
f 4333/3545/961 4347/3559/965 4346/3557/965 4332/3543/961
f 4334/3546/961 4348/3560/965 4347/3559/965 4333/3545/961
f 4335/3547/961 4349/3561/965 4348/3560/965 4334/3546/961
f 4336/3548/961 4350/3562/965 4349/3561/965 4335/3547/961
f 4337/3549/962 4351/3563/966 4350/3562/965 4336/3548/961
f 4338/3550/963 4352/3564/967 4351/3563/966 4337/3549/962
f 4339/3551/964 4353/3565/968 4352/3564/967 4338/3550/963
f 4340/3552/964 4354/3566/968 4353/3565/968 4339/3551/964
f 4341/3553/964 4355/3567/968 4354/3566/968 4340/3552/964
f 4342/3554/964 4356/3568/968 4355/3567/968 4341/3553/964
f 4343/3555/964 4357/3569/968 4356/3568/968 4342/3554/964
f 4344/3556/964 4358/3570/968 4357/3569/968 4343/3555/964
f 4346/3557/965 4360/3571/969 4359/3572/969 4345/3558/965
f 4347/3559/965 4361/3573/969 4360/3571/969 4346/3557/965
f 4348/3560/965 4362/3574/969 4361/3573/969 4347/3559/965
f 4349/3561/965 4363/3575/969 4362/3574/969 4348/3560/965
f 4350/3562/965 4364/3576/969 4363/3575/969 4349/3561/965
f 4351/3563/966 4365/3577/970 4364/3576/969 4350/3562/965
f 4352/3564/967 4366/3578/971 4365/3577/970 4351/3563/966
f 4353/3565/968 4367/3579/972 4366/3578/971 4352/3564/967
f 4354/3566/968 4368/3580/972 4367/3579/972 4353/3565/968
f 4355/3567/968 4369/3581/972 4368/3580/972 4354/3566/968
f 4356/3568/968 4370/3582/972 4369/3581/972 4355/3567/968
f 4357/3569/968 4371/3583/972 4370/3582/972 4356/3568/968
f 4358/3570/968 4372/3584/972 4371/3583/972 4357/3569/968
f 4360/3571/969 4374/3585/973 4373/3586/973 4359/3572/969
f 4361/3573/969 4375/3587/973 4374/3585/973 4360/3571/969
f 4362/3574/969 4376/3588/973 4375/3587/973 4361/3573/969
f 4363/3575/969 4377/3589/973 4376/3588/973 4362/3574/969
f 4364/3576/969 4378/3590/973 4377/3589/973 4363/3575/969
f 4365/3577/970 4379/3591/974 4378/3590/973 4364/3576/969
f 4366/3578/971 4380/3592/975 4379/3591/974 4365/3577/970
f 4367/3579/972 4381/3593/976 4380/3592/975 4366/3578/971
f 4368/3580/972 4382/3594/976 4381/3593/976 4367/3579/972
f 4369/3581/972 4383/3595/976 4382/3594/976 4368/3580/972
f 4370/3582/972 4384/3596/976 4383/3595/976 4369/3581/972
f 4371/3583/972 4385/3597/976 4384/3596/976 4370/3582/972
f 4372/3584/972 4386/3598/976 4385/3597/976 4371/3583/972
f 4374/3585/973 4388/3599/977 4387/3600/977 4373/3586/973
f 4375/3587/973 4389/3601/977 4388/3599/977 4374/3585/973
f 4376/3588/973 4390/3602/977 4389/3601/977 4375/3587/973
f 4377/3589/973 4391/3603/977 4390/3602/977 4376/3588/973
f 4378/3590/973 4392/3604/977 4391/3603/977 4377/3589/973
f 4379/3591/974 4393/3605/978 4392/3604/977 4378/3590/973
f 4380/3592/975 4394/3606/979 4393/3605/978 4379/3591/974
f 4381/3593/976 4395/3607/980 4394/3606/979 4380/3592/975
f 4382/3594/976 4396/3608/980 4395/3607/980 4381/3593/976
f 4383/3595/976 4397/3609/980 4396/3608/980 4382/3594/976
f 4384/3596/976 4398/3610/980 4397/3609/980 4383/3595/976
f 4385/3597/976 4399/3611/980 4398/3610/980 4384/3596/976
f 4386/3598/976 4400/3612/980 4399/3611/980 4385/3597/976
f 4388/3599/977 4402/3613/981 4401/3614/981 4387/3600/977
f 4389/3601/977 4403/3615/981 4402/3613/981 4388/3599/977
f 4390/3602/977 4404/3616/981 4403/3615/981 4389/3601/977
f 4391/3603/977 4405/3617/981 4404/3616/981 4390/3602/977
f 4392/3604/977 4406/3618/981 4405/3617/981 4391/3603/977
f 4393/3605/978 4407/3619/982 4406/3618/981 4392/3604/977
f 4394/3606/979 4408/3620/983 4407/3619/982 4393/3605/978
f 4395/3607/980 4409/3621/984 4408/3620/983 4394/3606/979
f 4396/3608/980 4410/3622/984 4409/3621/984 4395/3607/980
f 4397/3609/980 4411/3623/984 4410/3622/984 4396/3608/980
f 4398/3610/980 4412/3624/984 4411/3623/984 4397/3609/980
f 4399/3611/980 4413/3625/984 4412/3624/984 4398/3610/980
f 4400/3612/980 4414/3626/984 4413/3625/984 4399/3611/980
f 4402/3613/981 2540/422/443 2539/81/443 4401/3614/981
f 4403/3615/981 2541/423/443 2540/422/443 4402/3613/981
f 4404/3616/981 2542/424/443 2541/423/443 4403/3615/981
f 4405/3617/981 2543/425/443 2542/424/443 4404/3616/981
f 4406/3618/981 2544/426/443 2543/425/443 4405/3617/981
f 4407/3619/982 2545/427/445 2544/426/443 4406/3618/981
f 4408/3620/983 2546/428/447 2545/427/445 4407/3619/982
f 4409/3621/984 2547/429/449 2546/428/447 4408/3620/983
f 4410/3622/984 2548/430/449 2547/429/449 4409/3621/984
f 4411/3623/984 2549/431/449 2548/430/449 4410/3622/984
f 4412/3624/984 2550/432/449 2549/431/449 4411/3623/984
f 4413/3625/984 2551/433/449 2550/432/449 4412/3624/984
f 4414/3626/984 2552/434/449 2551/433/449 4413/3625/984
f 4416/312/21 4430/3627/3 4429/3628/3 4415/75/21
f 4417/315/21 4431/3629/3 4430/3627/3 4416/312/21
f 4418/317/21 4432/3630/3 4431/3629/3 4417/315/21
f 4419/319/21 4433/3631/3 4432/3630/3 4418/317/21
f 4420/321/21 4434/3632/3 4433/3631/3 4419/319/21
f 4421/323/22 4435/3633/5 4434/3632/3 4420/321/21
f 4422/325/23 4436/3634/7 4435/3633/5 4421/323/22
f 4423/327/24 4437/3635/8 4436/3634/7 4422/325/23
f 4424/329/24 4438/3636/8 4437/3635/8 4423/327/24
f 4425/331/24 4439/3637/8 4438/3636/8 4424/329/24
f 4426/333/24 4440/3638/8 4439/3637/8 4425/331/24
f 4427/335/24 4441/3639/8 4440/3638/8 4426/333/24
f 4428/337/24 4442/3640/8 4441/3639/8 4427/335/24
f 4430/3627/3 4444/3641/3 4443/3642/3 4429/3628/3
f 4431/3629/3 4445/3643/3 4444/3641/3 4430/3627/3
f 4432/3630/3 4446/3644/3 4445/3643/3 4431/3629/3
f 4433/3631/3 4447/3645/3 4446/3644/3 4432/3630/3
f 4434/3632/3 4448/3646/3 4447/3645/3 4433/3631/3
f 4435/3633/5 4449/3647/4 4448/3646/3 4434/3632/3
f 4436/3634/7 4450/3648/6 4449/3647/4 4435/3633/5
f 4437/3635/8 4451/3649/8 4450/3648/6 4436/3634/7
f 4438/3636/8 4452/3650/8 4451/3649/8 4437/3635/8
f 4439/3637/8 4453/3651/8 4452/3650/8 4438/3636/8
f 4440/3638/8 4454/3652/8 4453/3651/8 4439/3637/8
f 4441/3639/8 4455/3653/8 4454/3652/8 4440/3638/8
f 4442/3640/8 4456/3654/8 4455/3653/8 4441/3639/8
f 4444/3641/3 4458/3655/985 4457/3656/985 4443/3642/3
f 4445/3643/3 4459/3657/985 4458/3655/985 4444/3641/3
f 4446/3644/3 4460/3658/985 4459/3657/985 4445/3643/3
f 4447/3645/3 4461/3659/985 4460/3658/985 4446/3644/3
f 4448/3646/3 4462/3660/985 4461/3659/985 4447/3645/3
f 4449/3647/4 4463/3661/986 4462/3660/985 4448/3646/3
f 4450/3648/6 4464/3662/987 4463/3661/986 4449/3647/4
f 4451/3649/8 4465/3663/988 4464/3662/987 4450/3648/6
f 4452/3650/8 4466/3664/988 4465/3663/988 4451/3649/8
f 4453/3651/8 4467/3665/988 4466/3664/988 4452/3650/8
f 4454/3652/8 4468/3666/988 4467/3665/988 4453/3651/8
f 4455/3653/8 4469/3667/988 4468/3666/988 4454/3652/8
f 4456/3654/8 4470/3668/988 4469/3667/988 4455/3653/8
f 4458/3655/985 4472/3669/989 4471/3670/989 4457/3656/985
f 4459/3657/985 4473/3671/989 4472/3669/989 4458/3655/985
f 4460/3658/985 4474/3672/989 4473/3671/989 4459/3657/985
f 4461/3659/985 4475/3673/989 4474/3672/989 4460/3658/985
f 4462/3660/985 4476/3674/989 4475/3673/989 4461/3659/985
f 4463/3661/986 4477/3675/990 4476/3674/989 4462/3660/985
f 4464/3662/987 4478/3676/991 4477/3675/990 4463/3661/986
f 4465/3663/988 4479/3677/992 4478/3676/991 4464/3662/987
f 4466/3664/988 4480/3678/992 4479/3677/992 4465/3663/988
f 4467/3665/988 4481/3679/992 4480/3678/992 4466/3664/988
f 4468/3666/988 4482/3680/992 4481/3679/992 4467/3665/988
f 4469/3667/988 4483/3681/992 4482/3680/992 4468/3666/988
f 4470/3668/988 4484/3682/992 4483/3681/992 4469/3667/988
f 4472/3669/989 4486/3683/993 4485/3684/993 4471/3670/989
f 4473/3671/989 4487/3685/993 4486/3683/993 4472/3669/989
f 4474/3672/989 4488/3686/993 4487/3685/993 4473/3671/989
f 4475/3673/989 4489/3687/993 4488/3686/993 4474/3672/989
f 4476/3674/989 4490/3688/993 4489/3687/993 4475/3673/989
f 4477/3675/990 4491/3689/994 4490/3688/993 4476/3674/989
f 4478/3676/991 4492/3690/995 4491/3689/994 4477/3675/990
f 4479/3677/992 4493/3691/996 4492/3690/995 4478/3676/991
f 4480/3678/992 4494/3692/996 4493/3691/996 4479/3677/992
f 4481/3679/992 4495/3693/996 4494/3692/996 4480/3678/992
f 4482/3680/992 4496/3694/996 4495/3693/996 4481/3679/992
f 4483/3681/992 4497/3695/996 4496/3694/996 4482/3680/992
f 4484/3682/992 4498/3696/996 4497/3695/996 4483/3681/992
f 4486/3683/993 4500/3697/997 4499/3698/997 4485/3684/993
f 4487/3685/993 4501/3699/997 4500/3697/997 4486/3683/993
f 4488/3686/993 4502/3700/997 4501/3699/997 4487/3685/993
f 4489/3687/993 4503/3701/997 4502/3700/997 4488/3686/993
f 4490/3688/993 4504/3702/997 4503/3701/997 4489/3687/993
f 4491/3689/994 4505/3703/998 4504/3702/997 4490/3688/993
f 4492/3690/995 4506/3704/999 4505/3703/998 4491/3689/994
f 4493/3691/996 4507/3705/1000 4506/3704/999 4492/3690/995
f 4494/3692/996 4508/3706/1000 4507/3705/1000 4493/3691/996
f 4495/3693/996 4509/3707/1000 4508/3706/1000 4494/3692/996
f 4496/3694/996 4510/3708/1000 4509/3707/1000 4495/3693/996
f 4497/3695/996 4511/3709/1000 4510/3708/1000 4496/3694/996
f 4498/3696/996 4512/3710/1000 4511/3709/1000 4497/3695/996
f 4500/3697/997 4514/3711/1001 4513/3712/1001 4499/3698/997
f 4501/3699/997 4515/3713/1001 4514/3711/1001 4500/3697/997
f 4502/3700/997 4516/3714/1001 4515/3713/1001 4501/3699/997
f 4503/3701/997 4517/3715/1001 4516/3714/1001 4502/3700/997
f 4504/3702/997 4518/3716/1001 4517/3715/1001 4503/3701/997
f 4505/3703/998 4519/3717/1002 4518/3716/1001 4504/3702/997
f 4506/3704/999 4520/3718/1003 4519/3717/1002 4505/3703/998
f 4507/3705/1000 4521/3719/1004 4520/3718/1003 4506/3704/999
f 4508/3706/1000 4522/3720/1004 4521/3719/1004 4507/3705/1000
f 4509/3707/1000 4523/3721/1004 4522/3720/1004 4508/3706/1000
f 4510/3708/1000 4524/3722/1004 4523/3721/1004 4509/3707/1000
f 4511/3709/1000 4525/3723/1004 4524/3722/1004 4510/3708/1000
f 4512/3710/1000 4526/3724/1004 4525/3723/1004 4511/3709/1000
f 4514/3711/1001 4528/3725/1005 4527/3726/1005 4513/3712/1001
f 4515/3713/1001 4529/3727/1005 4528/3725/1005 4514/3711/1001
f 4516/3714/1001 4530/3728/1005 4529/3727/1005 4515/3713/1001
f 4517/3715/1001 4531/3729/1005 4530/3728/1005 4516/3714/1001
f 4518/3716/1001 4532/3730/1005 4531/3729/1005 4517/3715/1001
f 4519/3717/1002 4533/3731/1006 4532/3730/1005 4518/3716/1001
f 4520/3718/1003 4534/3732/1007 4533/3731/1006 4519/3717/1002
f 4521/3719/1004 4535/3733/1008 4534/3732/1007 4520/3718/1003
f 4522/3720/1004 4536/3734/1008 4535/3733/1008 4521/3719/1004
f 4523/3721/1004 4537/3735/1008 4536/3734/1008 4522/3720/1004
f 4524/3722/1004 4538/3736/1008 4537/3735/1008 4523/3721/1004
f 4525/3723/1004 4539/3737/1008 4538/3736/1008 4524/3722/1004
f 4526/3724/1004 4540/3738/1008 4539/3737/1008 4525/3723/1004
f 4528/3725/1005 4542/3739/1009 4541/3740/1009 4527/3726/1005
f 4529/3727/1005 4543/3741/1009 4542/3739/1009 4528/3725/1005
f 4530/3728/1005 4544/3742/1009 4543/3741/1009 4529/3727/1005
f 4531/3729/1005 4545/3743/1009 4544/3742/1009 4530/3728/1005
f 4532/3730/1005 4546/3744/1009 4545/3743/1009 4531/3729/1005
f 4533/3731/1006 4547/3745/1010 4546/3744/1009 4532/3730/1005
f 4534/3732/1007 4548/3746/1011 4547/3745/1010 4533/3731/1006
f 4535/3733/1008 4549/3747/1012 4548/3746/1011 4534/3732/1007
f 4536/3734/1008 4550/3748/1012 4549/3747/1012 4535/3733/1008
f 4537/3735/1008 4551/3749/1012 4550/3748/1012 4536/3734/1008
f 4538/3736/1008 4552/3750/1012 4551/3749/1012 4537/3735/1008
f 4539/3737/1008 4553/3751/1012 4552/3750/1012 4538/3736/1008
f 4540/3738/1008 4554/3752/1012 4553/3751/1012 4539/3737/1008
f 4542/3739/1009 4556/3753/1013 4555/3754/1013 4541/3740/1009
f 4543/3741/1009 4557/3755/1013 4556/3753/1013 4542/3739/1009
f 4544/3742/1009 4558/3756/1013 4557/3755/1013 4543/3741/1009
f 4545/3743/1009 4559/3757/1013 4558/3756/1013 4544/3742/1009
f 4546/3744/1009 4560/3758/1013 4559/3757/1013 4545/3743/1009
f 4547/3745/1010 4561/3759/1014 4560/3758/1013 4546/3744/1009
f 4548/3746/1011 4562/3760/1015 4561/3759/1014 4547/3745/1010
f 4549/3747/1012 4563/3761/1016 4562/3760/1015 4548/3746/1011
f 4550/3748/1012 4564/3762/1016 4563/3761/1016 4549/3747/1012
f 4551/3749/1012 4565/3763/1016 4564/3762/1016 4550/3748/1012
f 4552/3750/1012 4566/3764/1016 4565/3763/1016 4551/3749/1012
f 4553/3751/1012 4567/3765/1016 4566/3764/1016 4552/3750/1012
f 4554/3752/1012 4568/3766/1016 4567/3765/1016 4553/3751/1012
f 4556/3753/1013 4570/3767/1017 4569/3768/1017 4555/3754/1013
f 4557/3755/1013 4571/3769/1017 4570/3767/1017 4556/3753/1013
f 4558/3756/1013 4572/3770/1017 4571/3769/1017 4557/3755/1013
f 4559/3757/1013 4573/3771/1017 4572/3770/1017 4558/3756/1013
f 4560/3758/1013 4574/3772/1017 4573/3771/1017 4559/3757/1013
f 4561/3759/1014 4575/3773/1018 4574/3772/1017 4560/3758/1013
f 4562/3760/1015 4576/3774/1019 4575/3773/1018 4561/3759/1014
f 4563/3761/1016 4577/3775/1020 4576/3774/1019 4562/3760/1015
f 4564/3762/1016 4578/3776/1020 4577/3775/1020 4563/3761/1016
f 4565/3763/1016 4579/3777/1020 4578/3776/1020 4564/3762/1016
f 4566/3764/1016 4580/3778/1020 4579/3777/1020 4565/3763/1016
f 4567/3765/1016 4581/3779/1020 4580/3778/1020 4566/3764/1016
f 4568/3766/1016 4582/3780/1020 4581/3779/1020 4567/3765/1016
f 4570/3767/1017 4584/3781/1021 4583/3782/1021 4569/3768/1017
f 4571/3769/1017 4585/3783/1021 4584/3781/1021 4570/3767/1017
f 4572/3770/1017 4586/3784/1021 4585/3783/1021 4571/3769/1017
f 4573/3771/1017 4587/3785/1021 4586/3784/1021 4572/3770/1017
f 4574/3772/1017 4588/3786/1021 4587/3785/1021 4573/3771/1017
f 4575/3773/1018 4589/3787/1022 4588/3786/1021 4574/3772/1017
f 4576/3774/1019 4590/3788/1023 4589/3787/1022 4575/3773/1018
f 4577/3775/1020 4591/3789/1024 4590/3788/1023 4576/3774/1019
f 4578/3776/1020 4592/3790/1024 4591/3789/1024 4577/3775/1020
f 4579/3777/1020 4593/3791/1024 4592/3790/1024 4578/3776/1020
f 4580/3778/1020 4594/3792/1024 4593/3791/1024 4579/3777/1020
f 4581/3779/1020 4595/3793/1024 4594/3792/1024 4580/3778/1020
f 4582/3780/1020 4596/3794/1024 4595/3793/1024 4581/3779/1020
f 4584/3781/1021 4598/3795/1025 4597/3796/1025 4583/3782/1021
f 4585/3783/1021 4599/3797/1025 4598/3795/1025 4584/3781/1021
f 4586/3784/1021 4600/3798/1025 4599/3797/1025 4585/3783/1021
f 4587/3785/1021 4601/3799/1025 4600/3798/1025 4586/3784/1021
f 4588/3786/1021 4602/3800/1025 4601/3799/1025 4587/3785/1021
f 4589/3787/1022 4603/3801/1026 4602/3800/1025 4588/3786/1021
f 4590/3788/1023 4604/3802/1027 4603/3801/1026 4589/3787/1022
f 4591/3789/1024 4605/3803/1028 4604/3802/1027 4590/3788/1023
f 4592/3790/1024 4606/3804/1028 4605/3803/1028 4591/3789/1024
f 4593/3791/1024 4607/3805/1028 4606/3804/1028 4592/3790/1024
f 4594/3792/1024 4608/3806/1028 4607/3805/1028 4593/3791/1024
f 4595/3793/1024 4609/3807/1028 4608/3806/1028 4594/3792/1024
f 4596/3794/1024 4610/3808/1028 4609/3807/1028 4595/3793/1024
f 4598/3795/1025 4612/3809/1029 4611/3810/1029 4597/3796/1025
f 4599/3797/1025 4613/3811/1029 4612/3809/1029 4598/3795/1025
f 4600/3798/1025 4614/3812/1029 4613/3811/1029 4599/3797/1025
f 4601/3799/1025 4615/3813/1029 4614/3812/1029 4600/3798/1025
f 4602/3800/1025 4616/3814/1029 4615/3813/1029 4601/3799/1025
f 4603/3801/1026 4617/3815/1030 4616/3814/1029 4602/3800/1025
f 4604/3802/1027 4618/3816/1031 4617/3815/1030 4603/3801/1026
f 4605/3803/1028 4619/3817/1032 4618/3816/1031 4604/3802/1027
f 4606/3804/1028 4620/3818/1032 4619/3817/1032 4605/3803/1028
f 4607/3805/1028 4621/3819/1032 4620/3818/1032 4606/3804/1028
f 4608/3806/1028 4622/3820/1032 4621/3819/1032 4607/3805/1028
f 4609/3807/1028 4623/3821/1032 4622/3820/1032 4608/3806/1028
f 4610/3808/1028 4624/3822/1032 4623/3821/1032 4609/3807/1028
f 4612/3809/1029 4626/3823/1033 4625/3824/1033 4611/3810/1029
f 4613/3811/1029 4627/3825/1033 4626/3823/1033 4612/3809/1029
f 4614/3812/1029 4628/3826/1033 4627/3825/1033 4613/3811/1029
f 4615/3813/1029 4629/3827/1033 4628/3826/1033 4614/3812/1029
f 4616/3814/1029 4630/3828/1033 4629/3827/1033 4615/3813/1029
f 4617/3815/1030 4631/3829/1034 4630/3828/1033 4616/3814/1029
f 4618/3816/1031 4632/3830/1035 4631/3829/1034 4617/3815/1030
f 4619/3817/1032 4633/3831/1036 4632/3830/1035 4618/3816/1031
f 4620/3818/1032 4634/3832/1036 4633/3831/1036 4619/3817/1032
f 4621/3819/1032 4635/3833/1036 4634/3832/1036 4620/3818/1032
f 4622/3820/1032 4636/3834/1036 4635/3833/1036 4621/3819/1032
f 4623/3821/1032 4637/3835/1036 4636/3834/1036 4622/3820/1032
f 4624/3822/1032 4638/3836/1036 4637/3835/1036 4623/3821/1032
f 4626/3823/1033 4640/3837/1037 4639/3838/1037 4625/3824/1033
f 4627/3825/1033 4641/3839/1037 4640/3837/1037 4626/3823/1033
f 4628/3826/1033 4642/3840/1037 4641/3839/1037 4627/3825/1033
f 4629/3827/1033 4643/3841/1037 4642/3840/1037 4628/3826/1033
f 4630/3828/1033 4644/3842/1037 4643/3841/1037 4629/3827/1033
f 4631/3829/1034 4645/3843/1038 4644/3842/1037 4630/3828/1033
f 4632/3830/1035 4646/3844/1039 4645/3843/1038 4631/3829/1034
f 4633/3831/1036 4647/3845/1040 4646/3844/1039 4632/3830/1035
f 4634/3832/1036 4648/3846/1040 4647/3845/1040 4633/3831/1036
f 4635/3833/1036 4649/3847/1040 4648/3846/1040 4634/3832/1036
f 4636/3834/1036 4650/3848/1040 4649/3847/1040 4635/3833/1036
f 4637/3835/1036 4651/3849/1040 4650/3848/1040 4636/3834/1036
f 4638/3836/1036 4652/3850/1040 4651/3849/1040 4637/3835/1036
f 4640/3837/1037 4654/3851/1041 4653/3852/1041 4639/3838/1037
f 4641/3839/1037 4655/3853/1041 4654/3851/1041 4640/3837/1037
f 4642/3840/1037 4656/3854/1041 4655/3853/1041 4641/3839/1037
f 4643/3841/1037 4657/3855/1041 4656/3854/1041 4642/3840/1037
f 4644/3842/1037 4658/3856/1041 4657/3855/1041 4643/3841/1037
f 4645/3843/1038 4659/3857/1042 4658/3856/1041 4644/3842/1037
f 4646/3844/1039 4660/3858/1043 4659/3857/1042 4645/3843/1038
f 4647/3845/1040 4661/3859/1044 4660/3858/1043 4646/3844/1039
f 4648/3846/1040 4662/3860/1044 4661/3859/1044 4647/3845/1040
f 4649/3847/1040 4663/3861/1044 4662/3860/1044 4648/3846/1040
f 4650/3848/1040 4664/3862/1044 4663/3861/1044 4649/3847/1040
f 4651/3849/1040 4665/3863/1044 4664/3862/1044 4650/3848/1040
f 4652/3850/1040 4666/3864/1044 4665/3863/1044 4651/3849/1040
f 4654/3851/1041 4668/3865/1045 4667/3866/1045 4653/3852/1041
f 4655/3853/1041 4669/3867/1045 4668/3865/1045 4654/3851/1041
f 4656/3854/1041 4670/3868/1045 4669/3867/1045 4655/3853/1041
f 4657/3855/1041 4671/3869/1045 4670/3868/1045 4656/3854/1041
f 4658/3856/1041 4672/3870/1045 4671/3869/1045 4657/3855/1041
f 4659/3857/1042 4673/3871/1046 4672/3870/1045 4658/3856/1041
f 4660/3858/1043 4674/3872/1047 4673/3871/1046 4659/3857/1042
f 4661/3859/1044 4675/3873/1048 4674/3872/1047 4660/3858/1043
f 4662/3860/1044 4676/3874/1048 4675/3873/1048 4661/3859/1044
f 4663/3861/1044 4677/3875/1048 4676/3874/1048 4662/3860/1044
f 4664/3862/1044 4678/3876/1048 4677/3875/1048 4663/3861/1044
f 4665/3863/1044 4679/3877/1048 4678/3876/1048 4664/3862/1044
f 4666/3864/1044 4680/3878/1048 4679/3877/1048 4665/3863/1044
f 4668/3865/1045 4682/3879/1049 4681/3880/1049 4667/3866/1045
f 4669/3867/1045 4683/3881/1049 4682/3879/1049 4668/3865/1045
f 4670/3868/1045 4684/3882/1049 4683/3881/1049 4669/3867/1045
f 4671/3869/1045 4685/3883/1049 4684/3882/1049 4670/3868/1045
f 4672/3870/1045 4686/3884/1049 4685/3883/1049 4671/3869/1045
f 4673/3871/1046 4687/3885/1050 4686/3884/1049 4672/3870/1045
f 4674/3872/1047 4688/3886/1051 4687/3885/1050 4673/3871/1046
f 4675/3873/1048 4689/3887/1052 4688/3886/1051 4674/3872/1047
f 4676/3874/1048 4690/3888/1052 4689/3887/1052 4675/3873/1048
f 4677/3875/1048 4691/3889/1052 4690/3888/1052 4676/3874/1048
f 4678/3876/1048 4692/3890/1052 4691/3889/1052 4677/3875/1048
f 4679/3877/1048 4693/3891/1052 4692/3890/1052 4678/3876/1048
f 4680/3878/1048 4694/3892/1052 4693/3891/1052 4679/3877/1048
f 4682/3879/1049 4696/3893/1053 4695/3894/1053 4681/3880/1049
f 4683/3881/1049 4697/3895/1053 4696/3893/1053 4682/3879/1049
f 4684/3882/1049 4698/3896/1053 4697/3895/1053 4683/3881/1049
f 4685/3883/1049 4699/3897/1053 4698/3896/1053 4684/3882/1049
f 4686/3884/1049 4700/3898/1053 4699/3897/1053 4685/3883/1049
f 4687/3885/1050 4701/3899/1054 4700/3898/1053 4686/3884/1049
f 4688/3886/1051 4702/3900/1055 4701/3899/1054 4687/3885/1050
f 4689/3887/1052 4703/3901/1056 4702/3900/1055 4688/3886/1051
f 4690/3888/1052 4704/3902/1056 4703/3901/1056 4689/3887/1052
f 4691/3889/1052 4705/3903/1056 4704/3902/1056 4690/3888/1052
f 4692/3890/1052 4706/3904/1056 4705/3903/1056 4691/3889/1052
f 4693/3891/1052 4707/3905/1056 4706/3904/1056 4692/3890/1052
f 4694/3892/1052 4708/3906/1056 4707/3905/1056 4693/3891/1052
f 4696/3893/1053 4710/3907/1057 4709/3908/1057 4695/3894/1053
f 4697/3895/1053 4711/3909/1057 4710/3907/1057 4696/3893/1053
f 4698/3896/1053 4712/3910/1057 4711/3909/1057 4697/3895/1053
f 4699/3897/1053 4713/3911/1057 4712/3910/1057 4698/3896/1053
f 4700/3898/1053 4714/3912/1057 4713/3911/1057 4699/3897/1053
f 4701/3899/1054 4715/3913/1058 4714/3912/1057 4700/3898/1053
f 4702/3900/1055 4716/3914/1059 4715/3913/1058 4701/3899/1054
f 4703/3901/1056 4717/3915/1060 4716/3914/1059 4702/3900/1055
f 4704/3902/1056 4718/3916/1060 4717/3915/1060 4703/3901/1056
f 4705/3903/1056 4719/3917/1060 4718/3916/1060 4704/3902/1056
f 4706/3904/1056 4720/3918/1060 4719/3917/1060 4705/3903/1056
f 4707/3905/1056 4721/3919/1060 4720/3918/1060 4706/3904/1056
f 4708/3906/1056 4722/3920/1060 4721/3919/1060 4707/3905/1056
f 4710/3907/1057 4724/3921/1061 4723/3922/1061 4709/3908/1057
f 4711/3909/1057 4725/3923/1061 4724/3921/1061 4710/3907/1057
f 4712/3910/1057 4726/3924/1061 4725/3923/1061 4711/3909/1057
f 4713/3911/1057 4727/3925/1061 4726/3924/1061 4712/3910/1057
f 4714/3912/1057 4728/3926/1061 4727/3925/1061 4713/3911/1057
f 4715/3913/1058 4729/3927/1062 4728/3926/1061 4714/3912/1057
f 4716/3914/1059 4730/3928/1063 4729/3927/1062 4715/3913/1058
f 4717/3915/1060 4731/3929/1064 4730/3928/1063 4716/3914/1059
f 4718/3916/1060 4732/3930/1064 4731/3929/1064 4717/3915/1060
f 4719/3917/1060 4733/3931/1064 4732/3930/1064 4718/3916/1060
f 4720/3918/1060 4734/3932/1064 4733/3931/1064 4719/3917/1060
f 4721/3919/1060 4735/3933/1064 4734/3932/1064 4720/3918/1060
f 4722/3920/1060 4736/3934/1064 4735/3933/1064 4721/3919/1060
f 4724/3921/1061 4738/3935/1065 4737/3936/1065 4723/3922/1061
f 4725/3923/1061 4739/3937/1065 4738/3935/1065 4724/3921/1061
f 4726/3924/1061 4740/3938/1065 4739/3937/1065 4725/3923/1061
f 4727/3925/1061 4741/3939/1065 4740/3938/1065 4726/3924/1061
f 4728/3926/1061 4742/3940/1065 4741/3939/1065 4727/3925/1061
f 4729/3927/1062 4743/3941/1066 4742/3940/1065 4728/3926/1061
f 4730/3928/1063 4744/3942/1067 4743/3941/1066 4729/3927/1062
f 4731/3929/1064 4745/3943/1068 4744/3942/1067 4730/3928/1063
f 4732/3930/1064 4746/3944/1068 4745/3943/1068 4731/3929/1064
f 4733/3931/1064 4747/3945/1068 4746/3944/1068 4732/3930/1064
f 4734/3932/1064 4748/3946/1068 4747/3945/1068 4733/3931/1064
f 4735/3933/1064 4749/3947/1068 4748/3946/1068 4734/3932/1064
f 4736/3934/1064 4750/3948/1068 4749/3947/1068 4735/3933/1064
f 4738/3935/1065 4752/3949/1069 4751/3950/1069 4737/3936/1065
f 4739/3937/1065 4753/3951/1069 4752/3949/1069 4738/3935/1065
f 4740/3938/1065 4754/3952/1069 4753/3951/1069 4739/3937/1065
f 4741/3939/1065 4755/3953/1069 4754/3952/1069 4740/3938/1065
f 4742/3940/1065 4756/3954/1069 4755/3953/1069 4741/3939/1065
f 4743/3941/1066 4757/3955/1070 4756/3954/1069 4742/3940/1065
f 4744/3942/1067 4758/3956/1071 4757/3955/1070 4743/3941/1066
f 4745/3943/1068 4759/3957/1072 4758/3956/1071 4744/3942/1067
f 4746/3944/1068 4760/3958/1072 4759/3957/1072 4745/3943/1068
f 4747/3945/1068 4761/3959/1072 4760/3958/1072 4746/3944/1068
f 4748/3946/1068 4762/3960/1072 4761/3959/1072 4747/3945/1068
f 4749/3947/1068 4763/3961/1072 4762/3960/1072 4748/3946/1068
f 4750/3948/1068 4764/3962/1072 4763/3961/1072 4749/3947/1068
f 4752/3949/1069 4766/3963/1073 4765/3964/1073 4751/3950/1069
f 4753/3951/1069 4767/3965/1073 4766/3963/1073 4752/3949/1069
f 4754/3952/1069 4768/3966/1073 4767/3965/1073 4753/3951/1069
f 4755/3953/1069 4769/3967/1073 4768/3966/1073 4754/3952/1069
f 4756/3954/1069 4770/3968/1073 4769/3967/1073 4755/3953/1069
f 4757/3955/1070 4771/3969/1074 4770/3968/1073 4756/3954/1069
f 4758/3956/1071 4772/3970/1075 4771/3969/1074 4757/3955/1070
f 4759/3957/1072 4773/3971/1076 4772/3970/1075 4758/3956/1071
f 4760/3958/1072 4774/3972/1076 4773/3971/1076 4759/3957/1072
f 4761/3959/1072 4775/3973/1076 4774/3972/1076 4760/3958/1072
f 4762/3960/1072 4776/3974/1076 4775/3973/1076 4761/3959/1072
f 4763/3961/1072 4777/3975/1076 4776/3974/1076 4762/3960/1072
f 4764/3962/1072 4778/3976/1076 4777/3975/1076 4763/3961/1072
f 4766/3963/1073 4780/3977/1077 4779/3978/1077 4765/3964/1073
f 4767/3965/1073 4781/3979/1077 4780/3977/1077 4766/3963/1073
f 4768/3966/1073 4782/3980/1077 4781/3979/1077 4767/3965/1073
f 4769/3967/1073 4783/3981/1077 4782/3980/1077 4768/3966/1073
f 4770/3968/1073 4784/3982/1077 4783/3981/1077 4769/3967/1073
f 4771/3969/1074 4785/3983/1078 4784/3982/1077 4770/3968/1073
f 4772/3970/1075 4786/3984/1079 4785/3983/1078 4771/3969/1074
f 4773/3971/1076 4787/3985/1080 4786/3984/1079 4772/3970/1075
f 4774/3972/1076 4788/3986/1080 4787/3985/1080 4773/3971/1076
f 4775/3973/1076 4789/3987/1080 4788/3986/1080 4774/3972/1076
f 4776/3974/1076 4790/3988/1080 4789/3987/1080 4775/3973/1076
f 4777/3975/1076 4791/3989/1080 4790/3988/1080 4776/3974/1076
f 4778/3976/1076 4792/3990/1080 4791/3989/1080 4777/3975/1076
f 4780/3977/1077 4794/3991/1081 4793/3992/1081 4779/3978/1077
f 4781/3979/1077 4795/3993/1082 4794/3991/1081 4780/3977/1077
f 4782/3980/1077 4796/3994/1081 4795/3993/1082 4781/3979/1077
f 4783/3981/1077 4797/3995/1081 4796/3994/1081 4782/3980/1077
f 4784/3982/1077 4798/3996/1082 4797/3995/1081 4783/3981/1077
f 4785/3983/1078 4799/3997/1083 4798/3996/1082 4784/3982/1077
f 4786/3984/1079 4800/3998/1084 4799/3997/1083 4785/3983/1078
f 4787/3985/1080 4801/3999/1085 4800/3998/1084 4786/3984/1079
f 4788/3986/1080 4802/4000/1086 4801/3999/1085 4787/3985/1080
f 4789/3987/1080 4803/4001/1086 4802/4000/1086 4788/3986/1080
f 4790/3988/1080 4804/4002/1085 4803/4001/1086 4789/3987/1080
f 4791/3989/1080 4805/4003/1086 4804/4002/1085 4790/3988/1080
f 4792/3990/1080 4806/4004/1086 4805/4003/1086 4791/3989/1080
f 4794/3991/1081 4808/4005/1087 4807/4006/1087 4793/3992/1081
f 4795/3993/1082 4809/4007/1087 4808/4005/1087 4794/3991/1081
f 4796/3994/1081 4810/4008/1087 4809/4007/1087 4795/3993/1082
f 4797/3995/1081 4811/4009/1087 4810/4008/1087 4796/3994/1081
f 4798/3996/1082 4812/4010/1087 4811/4009/1087 4797/3995/1081
f 4799/3997/1083 4813/4011/1088 4812/4010/1087 4798/3996/1082
f 4800/3998/1084 4814/4012/1089 4813/4011/1088 4799/3997/1083
f 4801/3999/1085 4815/4013/1090 4814/4012/1089 4800/3998/1084
f 4802/4000/1086 4816/4014/1090 4815/4013/1090 4801/3999/1085
f 4803/4001/1086 4817/4015/1090 4816/4014/1090 4802/4000/1086
f 4804/4002/1085 4818/4016/1090 4817/4015/1090 4803/4001/1086
f 4805/4003/1086 4819/4017/1090 4818/4016/1090 4804/4002/1085
f 4806/4004/1086 4820/4018/1090 4819/4017/1090 4805/4003/1086
f 4808/4005/1087 4822/367/1091 4821/4/1091 4807/4006/1087
f 4809/4007/1087 4823/368/1091 4822/367/1091 4808/4005/1087
f 4810/4008/1087 4824/369/1091 4823/368/1091 4809/4007/1087
f 4811/4009/1087 4825/370/1091 4824/369/1091 4810/4008/1087
f 4812/4010/1087 4826/371/1091 4825/370/1091 4811/4009/1087
f 4813/4011/1088 4827/372/1092 4826/371/1091 4812/4010/1087
f 4814/4012/1089 4828/373/1093 4827/372/1092 4813/4011/1088
f 4815/4013/1090 4829/374/1094 4828/373/1093 4814/4012/1089
f 4816/4014/1090 4830/375/1094 4829/374/1094 4815/4013/1090
f 4817/4015/1090 4831/376/1094 4830/375/1094 4816/4014/1090
f 4818/4016/1090 4832/377/1094 4831/376/1094 4817/4015/1090
f 4819/4017/1090 4833/378/1094 4832/377/1094 4818/4016/1090
f 4820/4018/1090 4834/379/1094 4833/378/1094 4819/4017/1090
f 4822/367/1091 4836/4019/1095 4835/4020/1095 4821/4/1091
f 4823/368/1091 4837/4021/1095 4836/4019/1095 4822/367/1091
f 4824/369/1091 4838/4022/1095 4837/4021/1095 4823/368/1091
f 4825/370/1091 4839/4023/1095 4838/4022/1095 4824/369/1091
f 4826/371/1091 4840/4024/1095 4839/4023/1095 4825/370/1091
f 4827/372/1092 4841/4025/1096 4840/4024/1095 4826/371/1091
f 4828/373/1093 4842/4026/1097 4841/4025/1096 4827/372/1092
f 4829/374/1094 4843/4027/1098 4842/4026/1097 4828/373/1093
f 4830/375/1094 4844/4028/1098 4843/4027/1098 4829/374/1094
f 4831/376/1094 4845/4029/1098 4844/4028/1098 4830/375/1094
f 4832/377/1094 4846/4030/1098 4845/4029/1098 4831/376/1094
f 4833/378/1094 4847/4031/1098 4846/4030/1098 4832/377/1094
f 4834/379/1094 4848/4032/1098 4847/4031/1098 4833/378/1094
f 4836/4019/1095 4850/4033/1099 4849/4034/1099 4835/4020/1095
f 4837/4021/1095 4851/4035/1099 4850/4033/1099 4836/4019/1095
f 4838/4022/1095 4852/4036/1099 4851/4035/1099 4837/4021/1095
f 4839/4023/1095 4853/4037/1099 4852/4036/1099 4838/4022/1095
f 4840/4024/1095 4854/4038/1099 4853/4037/1099 4839/4023/1095
f 4841/4025/1096 4855/4039/1100 4854/4038/1099 4840/4024/1095
f 4842/4026/1097 4856/4040/1101 4855/4039/1100 4841/4025/1096
f 4843/4027/1098 4857/4041/1102 4856/4040/1101 4842/4026/1097
f 4844/4028/1098 4858/4042/1102 4857/4041/1102 4843/4027/1098
f 4845/4029/1098 4859/4043/1102 4858/4042/1102 4844/4028/1098
f 4846/4030/1098 4860/4044/1102 4859/4043/1102 4845/4029/1098
f 4847/4031/1098 4861/4045/1102 4860/4044/1102 4846/4030/1098
f 4848/4032/1098 4862/4046/1102 4861/4045/1102 4847/4031/1098
f 4850/4033/1099 4864/4047/1103 4863/4048/1103 4849/4034/1099
f 4851/4035/1099 4865/4049/1103 4864/4047/1103 4850/4033/1099
f 4852/4036/1099 4866/4050/1103 4865/4049/1103 4851/4035/1099
f 4853/4037/1099 4867/4051/1103 4866/4050/1103 4852/4036/1099
f 4854/4038/1099 4868/4052/1103 4867/4051/1103 4853/4037/1099
f 4855/4039/1100 4869/4053/1104 4868/4052/1103 4854/4038/1099
f 4856/4040/1101 4870/4054/1105 4869/4053/1104 4855/4039/1100
f 4857/4041/1102 4871/4055/1106 4870/4054/1105 4856/4040/1101
f 4858/4042/1102 4872/4056/1106 4871/4055/1106 4857/4041/1102
f 4859/4043/1102 4873/4057/1106 4872/4056/1106 4858/4042/1102
f 4860/4044/1102 4874/4058/1106 4873/4057/1106 4859/4043/1102
f 4861/4045/1102 4875/4059/1106 4874/4058/1106 4860/4044/1102
f 4862/4046/1102 4876/4060/1106 4875/4059/1106 4861/4045/1102
f 4864/4047/1103 4878/4061/1107 4877/4062/1107 4863/4048/1103
f 4865/4049/1103 4879/4063/1107 4878/4061/1107 4864/4047/1103
f 4866/4050/1103 4880/4064/1107 4879/4063/1107 4865/4049/1103
f 4867/4051/1103 4881/4065/1107 4880/4064/1107 4866/4050/1103
f 4868/4052/1103 4882/4066/1107 4881/4065/1107 4867/4051/1103
f 4869/4053/1104 4883/4067/1108 4882/4066/1107 4868/4052/1103
f 4870/4054/1105 4884/4068/1109 4883/4067/1108 4869/4053/1104
f 4871/4055/1106 4885/4069/1110 4884/4068/1109 4870/4054/1105
f 4872/4056/1106 4886/4070/1110 4885/4069/1110 4871/4055/1106
f 4873/4057/1106 4887/4071/1110 4886/4070/1110 4872/4056/1106
f 4874/4058/1106 4888/4072/1110 4887/4071/1110 4873/4057/1106
f 4875/4059/1106 4889/4073/1110 4888/4072/1110 4874/4058/1106
f 4876/4060/1106 4890/4074/1110 4889/4073/1110 4875/4059/1106
f 4878/4061/1107 4892/4075/1111 4891/4076/1112 4877/4062/1107
f 4879/4063/1107 4893/4077/1111 4892/4075/1111 4878/4061/1107
f 4880/4064/1107 4894/4078/1111 4893/4077/1111 4879/4063/1107
f 4881/4065/1107 4895/4079/1112 4894/4078/1111 4880/4064/1107
f 4882/4066/1107 4896/4080/1111 4895/4079/1112 4881/4065/1107
f 4883/4067/1108 4897/4081/1113 4896/4080/1111 4882/4066/1107
f 4884/4068/1109 4898/4082/1114 4897/4081/1113 4883/4067/1108
f 4885/4069/1110 4899/4083/1115 4898/4082/1114 4884/4068/1109
f 4886/4070/1110 4900/4084/1116 4899/4083/1115 4885/4069/1110
f 4887/4071/1110 4901/4085/1115 4900/4084/1116 4886/4070/1110
f 4888/4072/1110 4902/4086/1115 4901/4085/1115 4887/4071/1110
f 4889/4073/1110 4903/4087/1115 4902/4086/1115 4888/4072/1110
f 4890/4074/1110 4904/4088/1116 4903/4087/1115 4889/4073/1110
f 4892/4075/1111 4906/4089/1117 4905/4090/1117 4891/4076/1112
f 4893/4077/1111 4907/4091/1117 4906/4089/1117 4892/4075/1111
f 4894/4078/1111 4908/4092/1117 4907/4091/1117 4893/4077/1111
f 4895/4079/1112 4909/4093/1117 4908/4092/1117 4894/4078/1111
f 4896/4080/1111 4910/4094/1117 4909/4093/1117 4895/4079/1112
f 4897/4081/1113 4911/4095/1118 4910/4094/1117 4896/4080/1111
f 4898/4082/1114 4912/4096/1119 4911/4095/1118 4897/4081/1113
f 4899/4083/1115 4913/4097/1120 4912/4096/1119 4898/4082/1114
f 4900/4084/1116 4914/4098/1120 4913/4097/1120 4899/4083/1115
f 4901/4085/1115 4915/4099/1120 4914/4098/1120 4900/4084/1116
f 4902/4086/1115 4916/4100/1120 4915/4099/1120 4901/4085/1115
f 4903/4087/1115 4917/4101/1120 4916/4100/1120 4902/4086/1115
f 4904/4088/1116 4918/4102/1120 4917/4101/1120 4903/4087/1115
f 4906/4089/1117 4920/4103/1121 4919/4104/1121 4905/4090/1117
f 4907/4091/1117 4921/4105/1121 4920/4103/1121 4906/4089/1117
f 4908/4092/1117 4922/4106/1121 4921/4105/1121 4907/4091/1117
f 4909/4093/1117 4923/4107/1121 4922/4106/1121 4908/4092/1117
f 4910/4094/1117 4924/4108/1121 4923/4107/1121 4909/4093/1117
f 4911/4095/1118 4925/4109/1122 4924/4108/1121 4910/4094/1117
f 4912/4096/1119 4926/4110/1123 4925/4109/1122 4911/4095/1118
f 4913/4097/1120 4927/4111/1124 4926/4110/1123 4912/4096/1119
f 4914/4098/1120 4928/4112/1124 4927/4111/1124 4913/4097/1120
f 4915/4099/1120 4929/4113/1124 4928/4112/1124 4914/4098/1120
f 4916/4100/1120 4930/4114/1124 4929/4113/1124 4915/4099/1120
f 4917/4101/1120 4931/4115/1124 4930/4114/1124 4916/4100/1120
f 4918/4102/1120 4932/4116/1124 4931/4115/1124 4917/4101/1120
f 4920/4103/1121 4934/4117/1125 4933/4118/1125 4919/4104/1121
f 4921/4105/1121 4935/4119/1125 4934/4117/1125 4920/4103/1121
f 4922/4106/1121 4936/4120/1125 4935/4119/1125 4921/4105/1121
f 4923/4107/1121 4937/4121/1125 4936/4120/1125 4922/4106/1121
f 4924/4108/1121 4938/4122/1125 4937/4121/1125 4923/4107/1121
f 4925/4109/1122 4939/4123/1126 4938/4122/1125 4924/4108/1121
f 4926/4110/1123 4940/4124/1127 4939/4123/1126 4925/4109/1122
f 4927/4111/1124 4941/4125/1128 4940/4124/1127 4926/4110/1123
f 4928/4112/1124 4942/4126/1128 4941/4125/1128 4927/4111/1124
f 4929/4113/1124 4943/4127/1128 4942/4126/1128 4928/4112/1124
f 4930/4114/1124 4944/4128/1128 4943/4127/1128 4929/4113/1124
f 4931/4115/1124 4945/4129/1128 4944/4128/1128 4930/4114/1124
f 4932/4116/1124 4946/4130/1128 4945/4129/1128 4931/4115/1124
f 4934/4117/1125 4948/4131/1129 4947/4132/1129 4933/4118/1125
f 4935/4119/1125 4949/4133/1129 4948/4131/1129 4934/4117/1125
f 4936/4120/1125 4950/4134/1129 4949/4133/1129 4935/4119/1125
f 4937/4121/1125 4951/4135/1129 4950/4134/1129 4936/4120/1125
f 4938/4122/1125 4952/4136/1129 4951/4135/1129 4937/4121/1125
f 4939/4123/1126 4953/4137/1130 4952/4136/1129 4938/4122/1125
f 4940/4124/1127 4954/4138/1131 4953/4137/1130 4939/4123/1126
f 4941/4125/1128 4955/4139/1132 4954/4138/1131 4940/4124/1127
f 4942/4126/1128 4956/4140/1132 4955/4139/1132 4941/4125/1128
f 4943/4127/1128 4957/4141/1132 4956/4140/1132 4942/4126/1128
f 4944/4128/1128 4958/4142/1132 4957/4141/1132 4943/4127/1128
f 4945/4129/1128 4959/4143/1132 4958/4142/1132 4944/4128/1128
f 4946/4130/1128 4960/4144/1132 4959/4143/1132 4945/4129/1128
f 4948/4131/1129 4962/4145/1133 4961/4146/1133 4947/4132/1129
f 4949/4133/1129 4963/4147/1133 4962/4145/1133 4948/4131/1129
f 4950/4134/1129 4964/4148/1133 4963/4147/1133 4949/4133/1129
f 4951/4135/1129 4965/4149/1133 4964/4148/1133 4950/4134/1129
f 4952/4136/1129 4966/4150/1133 4965/4149/1133 4951/4135/1129
f 4953/4137/1130 4967/4151/1134 4966/4150/1133 4952/4136/1129
f 4954/4138/1131 4968/4152/1135 4967/4151/1134 4953/4137/1130
f 4955/4139/1132 4969/4153/1136 4968/4152/1135 4954/4138/1131
f 4956/4140/1132 4970/4154/1136 4969/4153/1136 4955/4139/1132
f 4957/4141/1132 4971/4155/1136 4970/4154/1136 4956/4140/1132
f 4958/4142/1132 4972/4156/1136 4971/4155/1136 4957/4141/1132
f 4959/4143/1132 4973/4157/1136 4972/4156/1136 4958/4142/1132
f 4960/4144/1132 4974/4158/1136 4973/4157/1136 4959/4143/1132
f 4962/4145/1133 4976/4159/1137 4975/4160/1137 4961/4146/1133
f 4963/4147/1133 4977/4161/1137 4976/4159/1137 4962/4145/1133
f 4964/4148/1133 4978/4162/1137 4977/4161/1137 4963/4147/1133
f 4965/4149/1133 4979/4163/1137 4978/4162/1137 4964/4148/1133
f 4966/4150/1133 4980/4164/1137 4979/4163/1137 4965/4149/1133
f 4967/4151/1134 4981/4165/1138 4980/4164/1137 4966/4150/1133
f 4968/4152/1135 4982/4166/1139 4981/4165/1138 4967/4151/1134
f 4969/4153/1136 4983/4167/1140 4982/4166/1139 4968/4152/1135
f 4970/4154/1136 4984/4168/1140 4983/4167/1140 4969/4153/1136
f 4971/4155/1136 4985/4169/1140 4984/4168/1140 4970/4154/1136
f 4972/4156/1136 4986/4170/1140 4985/4169/1140 4971/4155/1136
f 4973/4157/1136 4987/4171/1140 4986/4170/1140 4972/4156/1136
f 4974/4158/1136 4988/4172/1140 4987/4171/1140 4973/4157/1136
f 4976/4159/1137 4990/4173/1141 4989/4174/1141 4975/4160/1137
f 4977/4161/1137 4991/4175/1141 4990/4173/1141 4976/4159/1137
f 4978/4162/1137 4992/4176/1141 4991/4175/1141 4977/4161/1137
f 4979/4163/1137 4993/4177/1141 4992/4176/1141 4978/4162/1137
f 4980/4164/1137 4994/4178/1141 4993/4177/1141 4979/4163/1137
f 4981/4165/1138 4995/4179/1142 4994/4178/1141 4980/4164/1137
f 4982/4166/1139 4996/4180/1143 4995/4179/1142 4981/4165/1138
f 4983/4167/1140 4997/4181/1144 4996/4180/1143 4982/4166/1139
f 4984/4168/1140 4998/4182/1144 4997/4181/1144 4983/4167/1140
f 4985/4169/1140 4999/4183/1144 4998/4182/1144 4984/4168/1140
f 4986/4170/1140 5000/4184/1144 4999/4183/1144 4985/4169/1140
f 4987/4171/1140 5001/4185/1144 5000/4184/1144 4986/4170/1140
f 4988/4172/1140 5002/4186/1144 5001/4185/1144 4987/4171/1140
f 4990/4173/1141 5004/4187/1145 5003/4188/1145 4989/4174/1141
f 4991/4175/1141 5005/4189/1145 5004/4187/1145 4990/4173/1141
f 4992/4176/1141 5006/4190/1145 5005/4189/1145 4991/4175/1141
f 4993/4177/1141 5007/4191/1145 5006/4190/1145 4992/4176/1141
f 4994/4178/1141 5008/4192/1145 5007/4191/1145 4993/4177/1141
f 4995/4179/1142 5009/4193/1146 5008/4192/1145 4994/4178/1141
f 4996/4180/1143 5010/4194/1147 5009/4193/1146 4995/4179/1142
f 4997/4181/1144 5011/4195/1148 5010/4194/1147 4996/4180/1143
f 4998/4182/1144 5012/4196/1148 5011/4195/1148 4997/4181/1144
f 4999/4183/1144 5013/4197/1148 5012/4196/1148 4998/4182/1144
f 5000/4184/1144 5014/4198/1148 5013/4197/1148 4999/4183/1144
f 5001/4185/1144 5015/4199/1148 5014/4198/1148 5000/4184/1144
f 5002/4186/1144 5016/4200/1148 5015/4199/1148 5001/4185/1144
f 5004/4187/1145 5018/4201/1149 5017/4202/1149 5003/4188/1145
f 5005/4189/1145 5019/4203/1149 5018/4201/1149 5004/4187/1145
f 5006/4190/1145 5020/4204/1149 5019/4203/1149 5005/4189/1145
f 5007/4191/1145 5021/4205/1149 5020/4204/1149 5006/4190/1145
f 5008/4192/1145 5022/4206/1149 5021/4205/1149 5007/4191/1145
f 5009/4193/1146 5023/4207/1150 5022/4206/1149 5008/4192/1145
f 5010/4194/1147 5024/4208/1151 5023/4207/1150 5009/4193/1146
f 5011/4195/1148 5025/4209/1152 5024/4208/1151 5010/4194/1147
f 5012/4196/1148 5026/4210/1152 5025/4209/1152 5011/4195/1148
f 5013/4197/1148 5027/4211/1152 5026/4210/1152 5012/4196/1148
f 5014/4198/1148 5028/4212/1152 5027/4211/1152 5013/4197/1148
f 5015/4199/1148 5029/4213/1152 5028/4212/1152 5014/4198/1148
f 5016/4200/1148 5030/4214/1152 5029/4213/1152 5015/4199/1148
f 5018/4201/1149 5032/4215/1153 5031/4216/1153 5017/4202/1149
f 5019/4203/1149 5033/4217/1153 5032/4215/1153 5018/4201/1149
f 5020/4204/1149 5034/4218/1153 5033/4217/1153 5019/4203/1149
f 5021/4205/1149 5035/4219/1153 5034/4218/1153 5020/4204/1149
f 5022/4206/1149 5036/4220/1153 5035/4219/1153 5021/4205/1149
f 5023/4207/1150 5037/4221/1154 5036/4220/1153 5022/4206/1149
f 5024/4208/1151 5038/4222/1155 5037/4221/1154 5023/4207/1150
f 5025/4209/1152 5039/4223/1156 5038/4222/1155 5024/4208/1151
f 5026/4210/1152 5040/4224/1156 5039/4223/1156 5025/4209/1152
f 5027/4211/1152 5041/4225/1156 5040/4224/1156 5026/4210/1152
f 5028/4212/1152 5042/4226/1156 5041/4225/1156 5027/4211/1152
f 5029/4213/1152 5043/4227/1156 5042/4226/1156 5028/4212/1152
f 5030/4214/1152 5044/4228/1156 5043/4227/1156 5029/4213/1152
f 5032/4215/1153 5046/4229/1157 5045/4230/1157 5031/4216/1153
f 5033/4217/1153 5047/4231/1157 5046/4229/1157 5032/4215/1153
f 5034/4218/1153 5048/4232/1157 5047/4231/1157 5033/4217/1153
f 5035/4219/1153 5049/4233/1157 5048/4232/1157 5034/4218/1153
f 5036/4220/1153 5050/4234/1157 5049/4233/1157 5035/4219/1153
f 5037/4221/1154 5051/4235/1158 5050/4234/1157 5036/4220/1153
f 5038/4222/1155 5052/4236/1159 5051/4235/1158 5037/4221/1154
f 5039/4223/1156 5053/4237/1160 5052/4236/1159 5038/4222/1155
f 5040/4224/1156 5054/4238/1160 5053/4237/1160 5039/4223/1156
f 5041/4225/1156 5055/4239/1160 5054/4238/1160 5040/4224/1156
f 5042/4226/1156 5056/4240/1160 5055/4239/1160 5041/4225/1156
f 5043/4227/1156 5057/4241/1160 5056/4240/1160 5042/4226/1156
f 5044/4228/1156 5058/4242/1160 5057/4241/1160 5043/4227/1156
f 5046/4229/1157 5060/4243/1161 5059/4244/1161 5045/4230/1157
f 5047/4231/1157 5061/4245/1161 5060/4243/1161 5046/4229/1157
f 5048/4232/1157 5062/4246/1161 5061/4245/1161 5047/4231/1157
f 5049/4233/1157 5063/4247/1161 5062/4246/1161 5048/4232/1157
f 5050/4234/1157 5064/4248/1161 5063/4247/1161 5049/4233/1157
f 5051/4235/1158 5065/4249/1162 5064/4248/1161 5050/4234/1157
f 5052/4236/1159 5066/4250/1163 5065/4249/1162 5051/4235/1158
f 5053/4237/1160 5067/4251/1164 5066/4250/1163 5052/4236/1159
f 5054/4238/1160 5068/4252/1164 5067/4251/1164 5053/4237/1160
f 5055/4239/1160 5069/4253/1164 5068/4252/1164 5054/4238/1160
f 5056/4240/1160 5070/4254/1164 5069/4253/1164 5055/4239/1160
f 5057/4241/1160 5071/4255/1164 5070/4254/1164 5056/4240/1160
f 5058/4242/1160 5072/4256/1164 5071/4255/1164 5057/4241/1160
f 5060/4243/1161 5074/4257/1165 5073/4258/1165 5059/4244/1161
f 5061/4245/1161 5075/4259/1165 5074/4257/1165 5060/4243/1161
f 5062/4246/1161 5076/4260/1165 5075/4259/1165 5061/4245/1161
f 5063/4247/1161 5077/4261/1166 5076/4260/1165 5062/4246/1161
f 5064/4248/1161 5078/4262/1165 5077/4261/1166 5063/4247/1161
f 5065/4249/1162 5079/4263/1167 5078/4262/1165 5064/4248/1161
f 5066/4250/1163 5080/4264/1168 5079/4263/1167 5065/4249/1162
f 5067/4251/1164 5081/4265/1169 5080/4264/1168 5066/4250/1163
f 5068/4252/1164 5082/4266/1169 5081/4265/1169 5067/4251/1164
f 5069/4253/1164 5083/4267/1169 5082/4266/1169 5068/4252/1164
f 5070/4254/1164 5084/4268/1169 5083/4267/1169 5069/4253/1164
f 5071/4255/1164 5085/4269/1169 5084/4268/1169 5070/4254/1164
f 5072/4256/1164 5086/4270/1169 5085/4269/1169 5071/4255/1164
f 5074/4257/1165 5088/4271/1170 5087/4272/1170 5073/4258/1165
f 5075/4259/1165 5089/4273/1170 5088/4271/1170 5074/4257/1165
f 5076/4260/1165 5090/4274/1170 5089/4273/1170 5075/4259/1165
f 5077/4261/1166 5091/4275/1170 5090/4274/1170 5076/4260/1165
f 5078/4262/1165 5092/4276/1170 5091/4275/1170 5077/4261/1166
f 5079/4263/1167 5093/4277/1171 5092/4276/1170 5078/4262/1165
f 5080/4264/1168 5094/4278/1172 5093/4277/1171 5079/4263/1167
f 5081/4265/1169 5095/4279/1173 5094/4278/1172 5080/4264/1168
f 5082/4266/1169 5096/4280/1173 5095/4279/1173 5081/4265/1169
f 5083/4267/1169 5097/4281/1173 5096/4280/1173 5082/4266/1169
f 5084/4268/1169 5098/4282/1173 5097/4281/1173 5083/4267/1169
f 5085/4269/1169 5099/4283/1173 5098/4282/1173 5084/4268/1169
f 5086/4270/1169 5100/4284/1173 5099/4283/1173 5085/4269/1169
f 5088/4271/1170 5102/4285/1174 5101/4286/1174 5087/4272/1170
f 5089/4273/1170 5103/4287/1174 5102/4285/1174 5088/4271/1170
f 5090/4274/1170 5104/4288/1174 5103/4287/1174 5089/4273/1170
f 5091/4275/1170 5105/4289/1174 5104/4288/1174 5090/4274/1170
f 5092/4276/1170 5106/4290/1174 5105/4289/1174 5091/4275/1170
f 5093/4277/1171 5107/4291/1175 5106/4290/1174 5092/4276/1170
f 5094/4278/1172 5108/4292/1176 5107/4291/1175 5093/4277/1171
f 5095/4279/1173 5109/4293/1177 5108/4292/1176 5094/4278/1172
f 5096/4280/1173 5110/4294/1177 5109/4293/1177 5095/4279/1173
f 5097/4281/1173 5111/4295/1177 5110/4294/1177 5096/4280/1173
f 5098/4282/1173 5112/4296/1178 5111/4295/1177 5097/4281/1173
f 5099/4283/1173 5113/4297/1177 5112/4296/1178 5098/4282/1173
f 5100/4284/1173 5114/4298/1177 5113/4297/1177 5099/4283/1173
f 5102/4285/1174 5116/4299/1179 5115/4300/1179 5101/4286/1174
f 5103/4287/1174 5117/4301/1179 5116/4299/1179 5102/4285/1174
f 5104/4288/1174 5118/4302/1179 5117/4301/1179 5103/4287/1174
f 5105/4289/1174 5119/4303/1179 5118/4302/1179 5104/4288/1174
f 5106/4290/1174 5120/4304/1179 5119/4303/1179 5105/4289/1174
f 5107/4291/1175 5121/4305/1180 5120/4304/1179 5106/4290/1174
f 5108/4292/1176 5122/4306/1181 5121/4305/1180 5107/4291/1175
f 5109/4293/1177 5123/4307/1182 5122/4306/1181 5108/4292/1176
f 5110/4294/1177 5124/4308/1182 5123/4307/1182 5109/4293/1177
f 5111/4295/1177 5125/4309/1182 5124/4308/1182 5110/4294/1177
f 5112/4296/1178 5126/4310/1182 5125/4309/1182 5111/4295/1177
f 5113/4297/1177 5127/4311/1182 5126/4310/1182 5112/4296/1178
f 5114/4298/1177 5128/4312/1182 5127/4311/1182 5113/4297/1177
f 5116/4299/1179 5130/4313/1183 5129/4314/1183 5115/4300/1179
f 5117/4301/1179 5131/4315/1183 5130/4313/1183 5116/4299/1179
f 5118/4302/1179 5132/4316/1183 5131/4315/1183 5117/4301/1179
f 5119/4303/1179 5133/4317/1183 5132/4316/1183 5118/4302/1179
f 5120/4304/1179 5134/4318/1183 5133/4317/1183 5119/4303/1179
f 5121/4305/1180 5135/4319/1184 5134/4318/1183 5120/4304/1179
f 5122/4306/1181 5136/4320/1185 5135/4319/1184 5121/4305/1180
f 5123/4307/1182 5137/4321/1186 5136/4320/1185 5122/4306/1181
f 5124/4308/1182 5138/4322/1186 5137/4321/1186 5123/4307/1182
f 5125/4309/1182 5139/4323/1186 5138/4322/1186 5124/4308/1182
f 5126/4310/1182 5140/4324/1186 5139/4323/1186 5125/4309/1182
f 5127/4311/1182 5141/4325/1186 5140/4324/1186 5126/4310/1182
f 5128/4312/1182 5142/4326/1186 5141/4325/1186 5127/4311/1182
f 5130/4313/1183 5144/4327/1187 5143/4328/1187 5129/4314/1183
f 5131/4315/1183 5145/4329/1187 5144/4327/1187 5130/4313/1183
f 5132/4316/1183 5146/4330/1187 5145/4329/1187 5131/4315/1183
f 5133/4317/1183 5147/4331/1187 5146/4330/1187 5132/4316/1183
f 5134/4318/1183 5148/4332/1187 5147/4331/1187 5133/4317/1183
f 5135/4319/1184 5149/4333/1188 5148/4332/1187 5134/4318/1183
f 5136/4320/1185 5150/4334/1189 5149/4333/1188 5135/4319/1184
f 5137/4321/1186 5151/4335/1190 5150/4334/1189 5136/4320/1185
f 5138/4322/1186 5152/4336/1190 5151/4335/1190 5137/4321/1186
f 5139/4323/1186 5153/4337/1190 5152/4336/1190 5138/4322/1186
f 5140/4324/1186 5154/4338/1190 5153/4337/1190 5139/4323/1186
f 5141/4325/1186 5155/4339/1190 5154/4338/1190 5140/4324/1186
f 5142/4326/1186 5156/4340/1190 5155/4339/1190 5141/4325/1186
f 5144/4327/1187 5158/4341/9 5157/4342/9 5143/4328/1187
f 5145/4329/1187 5159/4343/9 5158/4341/9 5144/4327/1187
f 5146/4330/1187 5160/4344/9 5159/4343/9 5145/4329/1187
f 5147/4331/1187 5161/4345/9 5160/4344/9 5146/4330/1187
f 5148/4332/1187 5162/4346/9 5161/4345/9 5147/4331/1187
f 5149/4333/1188 5163/4347/14 5162/4346/9 5148/4332/1187
f 5150/4334/1189 5164/4348/15 5163/4347/14 5149/4333/1188
f 5151/4335/1190 5165/4349/12 5164/4348/15 5150/4334/1189
f 5152/4336/1190 5166/4350/12 5165/4349/12 5151/4335/1190
f 5153/4337/1190 5167/4351/12 5166/4350/12 5152/4336/1190
f 5154/4338/1190 5168/4352/12 5167/4351/12 5153/4337/1190
f 5155/4339/1190 5169/4353/12 5168/4352/12 5154/4338/1190
f 5156/4340/1190 5170/4354/12 5169/4353/12 5155/4339/1190
f 5158/4341/9 5172/4355/9 5171/4356/9 5157/4342/9
f 5159/4343/9 5173/4357/9 5172/4355/9 5158/4341/9
f 5160/4344/9 5174/4358/9 5173/4357/9 5159/4343/9
f 5161/4345/9 5175/4359/9 5174/4358/9 5160/4344/9
f 5162/4346/9 5176/4360/9 5175/4359/9 5161/4345/9
f 5163/4347/14 5177/4361/10 5176/4360/9 5162/4346/9
f 5164/4348/15 5178/4362/11 5177/4361/10 5163/4347/14
f 5165/4349/12 5179/4363/12 5178/4362/11 5164/4348/15
f 5166/4350/12 5180/4364/12 5179/4363/12 5165/4349/12
f 5167/4351/12 5181/4365/12 5180/4364/12 5166/4350/12
f 5168/4352/12 5182/4366/12 5181/4365/12 5167/4351/12
f 5169/4353/12 5183/4367/12 5182/4366/12 5168/4352/12
f 5170/4354/12 5184/4368/12 5183/4367/12 5169/4353/12
f 5172/4355/9 5186/4369/1191 5185/4370/1191 5171/4356/9
f 5173/4357/9 5187/4371/1191 5186/4369/1191 5172/4355/9
f 5174/4358/9 5188/4372/1191 5187/4371/1191 5173/4357/9
f 5175/4359/9 5189/4373/1191 5188/4372/1191 5174/4358/9
f 5176/4360/9 5190/4374/1191 5189/4373/1191 5175/4359/9
f 5177/4361/10 5191/4375/1192 5190/4374/1191 5176/4360/9
f 5178/4362/11 5192/4376/1193 5191/4375/1192 5177/4361/10
f 5179/4363/12 5193/4377/1194 5192/4376/1193 5178/4362/11
f 5180/4364/12 5194/4378/1194 5193/4377/1194 5179/4363/12
f 5181/4365/12 5195/4379/1194 5194/4378/1194 5180/4364/12
f 5182/4366/12 5196/4380/1194 5195/4379/1194 5181/4365/12
f 5183/4367/12 5197/4381/1194 5196/4380/1194 5182/4366/12
f 5184/4368/12 5198/4382/1194 5197/4381/1194 5183/4367/12
f 5186/4369/1191 5200/4383/1195 5199/4384/1195 5185/4370/1191
f 5187/4371/1191 5201/4385/1195 5200/4383/1195 5186/4369/1191
f 5188/4372/1191 5202/4386/1195 5201/4385/1195 5187/4371/1191
f 5189/4373/1191 5203/4387/1195 5202/4386/1195 5188/4372/1191
f 5190/4374/1191 5204/4388/1195 5203/4387/1195 5189/4373/1191
f 5191/4375/1192 5205/4389/1196 5204/4388/1195 5190/4374/1191
f 5192/4376/1193 5206/4390/1197 5205/4389/1196 5191/4375/1192
f 5193/4377/1194 5207/4391/1198 5206/4390/1197 5192/4376/1193
f 5194/4378/1194 5208/4392/1198 5207/4391/1198 5193/4377/1194
f 5195/4379/1194 5209/4393/1198 5208/4392/1198 5194/4378/1194
f 5196/4380/1194 5210/4394/1198 5209/4393/1198 5195/4379/1194
f 5197/4381/1194 5211/4395/1198 5210/4394/1198 5196/4380/1194
f 5198/4382/1194 5212/4396/1198 5211/4395/1198 5197/4381/1194
f 5200/4383/1195 5214/4397/21 5213/4398/21 5199/4384/1195
f 5201/4385/1195 5215/4399/21 5214/4397/21 5200/4383/1195
f 5202/4386/1195 5216/4400/21 5215/4399/21 5201/4385/1195
f 5203/4387/1195 5217/4401/21 5216/4400/21 5202/4386/1195
f 5204/4388/1195 5218/4402/21 5217/4401/21 5203/4387/1195
f 5205/4389/1196 5219/4403/1199 5218/4402/21 5204/4388/1195
f 5206/4390/1197 5220/4404/1200 5219/4403/1199 5205/4389/1196
f 5207/4391/1198 5221/4405/24 5220/4404/1200 5206/4390/1197
f 5208/4392/1198 5222/4406/24 5221/4405/24 5207/4391/1198
f 5209/4393/1198 5223/4407/24 5222/4406/24 5208/4392/1198
f 5210/4394/1198 5224/4408/24 5223/4407/24 5209/4393/1198
f 5211/4395/1198 5225/4409/24 5224/4408/24 5210/4394/1198
f 5212/4396/1198 5226/4410/24 5225/4409/24 5211/4395/1198
f 5214/4397/21 4416/422/21 4415/81/21 5213/4398/21
f 5215/4399/21 4417/423/21 4416/422/21 5214/4397/21
f 5216/4400/21 4418/424/21 4417/423/21 5215/4399/21
f 5217/4401/21 4419/425/21 4418/424/21 5216/4400/21
f 5218/4402/21 4420/426/21 4419/425/21 5217/4401/21
f 5219/4403/1199 4421/427/22 4420/426/21 5218/4402/21
f 5220/4404/1200 4422/428/23 4421/427/22 5219/4403/1199
f 5221/4405/24 4423/429/24 4422/428/23 5220/4404/1200
f 5222/4406/24 4424/430/24 4423/429/24 5221/4405/24
f 5223/4407/24 4425/431/24 4424/430/24 5222/4406/24
f 5224/4408/24 4426/432/24 4425/431/24 5223/4407/24
f 5225/4409/24 4427/433/24 4426/432/24 5224/4408/24
f 5226/4410/24 4428/434/24 4427/433/24 5225/4409/24
f 5228/312/3 5242/313/3 5241/314/3 5227/75/3
f 5229/315/3 5243/316/3 5242/313/3 5228/312/3
f 5230/317/3 5244/318/3 5243/316/3 5229/315/3
f 5231/319/3 5245/320/3 5244/318/3 5230/317/3
f 5232/321/3 5246/322/3 5245/320/3 5231/319/3
f 5233/323/4 5247/324/5 5246/322/3 5232/321/3
f 5234/325/6 5248/326/7 5247/324/5 5233/323/4
f 5235/327/8 5249/328/8 5248/326/7 5234/325/6
f 5236/329/8 5250/330/8 5249/328/8 5235/327/8
f 5237/331/8 5251/332/8 5250/330/8 5236/329/8
f 5238/333/8 5252/334/8 5251/332/8 5237/331/8
f 5239/335/8 5253/336/8 5252/334/8 5238/333/8
f 5240/337/8 5254/338/8 5253/336/8 5239/335/8
f 5242/313/3 5256/339/9 5255/340/9 5241/314/3
f 5243/316/3 5257/341/9 5256/339/9 5242/313/3
f 5244/318/3 5258/342/9 5257/341/9 5243/316/3
f 5245/320/3 5259/343/9 5258/342/9 5244/318/3
f 5246/322/3 5260/344/9 5259/343/9 5245/320/3
f 5247/324/5 5261/345/10 5260/344/9 5246/322/3
f 5248/326/7 5262/346/11 5261/345/10 5247/324/5
f 5249/328/8 5263/347/12 5262/346/11 5248/326/7
f 5250/330/8 5264/348/12 5263/347/12 5249/328/8
f 5251/332/8 5265/349/12 5264/348/12 5250/330/8
f 5252/334/8 5266/350/12 5265/349/12 5251/332/8
f 5253/336/8 5267/351/12 5266/350/12 5252/334/8
f 5254/338/8 5268/352/12 5267/351/12 5253/336/8
f 5256/339/9 5270/353/9 5269/354/9 5255/340/9
f 5257/341/9 5271/355/9 5270/353/9 5256/339/9
f 5258/342/9 5272/356/9 5271/355/9 5257/341/9
f 5259/343/9 5273/357/9 5272/356/9 5258/342/9
f 5260/344/9 5274/358/9 5273/357/9 5259/343/9
f 5261/345/10 5275/359/14 5274/358/9 5260/344/9
f 5262/346/11 5276/360/15 5275/359/14 5261/345/10
f 5263/347/12 5277/361/12 5276/360/15 5262/346/11
f 5264/348/12 5278/362/12 5277/361/12 5263/347/12
f 5265/349/12 5279/363/12 5278/362/12 5264/348/12
f 5266/350/12 5280/364/12 5279/363/12 5265/349/12
f 5267/351/12 5281/365/12 5280/364/12 5266/350/12
f 5268/352/12 5282/366/12 5281/365/12 5267/351/12
f 5270/353/9 5284/367/9 5283/4/9 5269/354/9
f 5271/355/9 5285/368/9 5284/367/9 5270/353/9
f 5272/356/9 5286/369/9 5285/368/9 5271/355/9
f 5273/357/9 5287/370/9 5286/369/9 5272/356/9
f 5274/358/9 5288/371/9 5287/370/9 5273/357/9
f 5275/359/14 5289/372/10 5288/371/9 5274/358/9
f 5276/360/15 5290/373/11 5289/372/10 5275/359/14
f 5277/361/12 5291/374/12 5290/373/11 5276/360/15
f 5278/362/12 5292/375/12 5291/374/12 5277/361/12
f 5279/363/12 5293/376/12 5292/375/12 5278/362/12
f 5280/364/12 5294/377/12 5293/376/12 5279/363/12
f 5281/365/12 5295/378/12 5294/377/12 5280/364/12
f 5282/366/12 5296/379/12 5295/378/12 5281/365/12
f 5284/367/9 5298/380/17 5297/381/17 5283/4/9
f 5285/368/9 5299/382/17 5298/380/17 5284/367/9
f 5286/369/9 5300/383/17 5299/382/17 5285/368/9
f 5287/370/9 5301/384/17 5300/383/17 5286/369/9
f 5288/371/9 5302/385/17 5301/384/17 5287/370/9
f 5289/372/10 5303/386/18 5302/385/17 5288/371/9
f 5290/373/11 5304/387/19 5303/386/18 5289/372/10
f 5291/374/12 5305/388/20 5304/387/19 5290/373/11
f 5292/375/12 5306/389/20 5305/388/20 5291/374/12
f 5293/376/12 5307/390/20 5306/389/20 5292/375/12
f 5294/377/12 5308/391/20 5307/390/20 5293/376/12
f 5295/378/12 5309/392/20 5308/391/20 5294/377/12
f 5296/379/12 5310/393/20 5309/392/20 5295/378/12
f 5298/380/17 5312/394/21 5311/395/21 5297/381/17
f 5299/382/17 5313/396/21 5312/394/21 5298/380/17
f 5300/383/17 5314/397/21 5313/396/21 5299/382/17
f 5301/384/17 5315/398/21 5314/397/21 5300/383/17
f 5302/385/17 5316/399/21 5315/398/21 5301/384/17
f 5303/386/18 5317/400/22 5316/399/21 5302/385/17
f 5304/387/19 5318/401/23 5317/400/22 5303/386/18
f 5305/388/20 5319/402/24 5318/401/23 5304/387/19
f 5306/389/20 5320/403/24 5319/402/24 5305/388/20
f 5307/390/20 5321/404/24 5320/403/24 5306/389/20
f 5308/391/20 5322/405/24 5321/404/24 5307/390/20
f 5309/392/20 5323/406/24 5322/405/24 5308/391/20
f 5310/393/20 5324/407/24 5323/406/24 5309/392/20
f 5312/394/21 5326/408/3 5325/409/3 5311/395/21
f 5313/396/21 5327/410/3 5326/408/3 5312/394/21
f 5314/397/21 5328/411/3 5327/410/3 5313/396/21
f 5315/398/21 5329/412/3 5328/411/3 5314/397/21
f 5316/399/21 5330/413/3 5329/412/3 5315/398/21
f 5317/400/22 5331/414/5 5330/413/3 5316/399/21
f 5318/401/23 5332/415/7 5331/414/5 5317/400/22
f 5319/402/24 5333/416/8 5332/415/7 5318/401/23
f 5320/403/24 5334/417/8 5333/416/8 5319/402/24
f 5321/404/24 5335/418/8 5334/417/8 5320/403/24
f 5322/405/24 5336/419/8 5335/418/8 5321/404/24
f 5323/406/24 5337/420/8 5336/419/8 5322/405/24
f 5324/407/24 5338/421/8 5337/420/8 5323/406/24
f 5326/408/3 5228/422/3 5227/81/3 5325/409/3
f 5327/410/3 5229/423/3 5228/422/3 5326/408/3
f 5328/411/3 5230/424/3 5229/423/3 5327/410/3
f 5329/412/3 5231/425/3 5230/424/3 5328/411/3
f 5330/413/3 5232/426/3 5231/425/3 5329/412/3
f 5331/414/5 5233/427/4 5232/426/3 5330/413/3
f 5332/415/7 5234/428/6 5233/427/4 5331/414/5
f 5333/416/8 5235/429/8 5234/428/6 5332/415/7
f 5334/417/8 5236/430/8 5235/429/8 5333/416/8
f 5335/418/8 5237/431/8 5236/430/8 5334/417/8
f 5336/419/8 5238/432/8 5237/431/8 5335/418/8
f 5337/420/8 5239/433/8 5238/432/8 5336/419/8
f 5338/421/8 5240/434/8 5239/433/8 5337/420/8
f 5340/312/9 5354/339/17 5353/340/17 5339/75/9
f 5341/315/9 5355/341/17 5354/339/17 5340/312/9
f 5342/317/9 5356/342/17 5355/341/17 5341/315/9
f 5343/319/9 5357/343/17 5356/342/17 5342/317/9
f 5344/321/9 5358/344/17 5357/343/17 5343/319/9
f 5345/323/10 5359/345/18 5358/344/17 5344/321/9
f 5346/325/11 5360/346/19 5359/345/18 5345/323/10
f 5347/327/12 5361/347/20 5360/346/19 5346/325/11
f 5348/329/12 5362/348/20 5361/347/20 5347/327/12
f 5349/331/12 5363/349/20 5362/348/20 5348/329/12
f 5350/333/12 5364/350/20 5363/349/20 5349/331/12
f 5351/335/12 5365/351/20 5364/350/20 5350/333/12
f 5352/337/12 5366/352/20 5365/351/20 5351/335/12
f 5354/339/17 5368/367/21 5367/4/21 5353/340/17
f 5355/341/17 5369/368/21 5368/367/21 5354/339/17
f 5356/342/17 5370/369/21 5369/368/21 5355/341/17
f 5357/343/17 5371/370/21 5370/369/21 5356/342/17
f 5358/344/17 5372/371/21 5371/370/21 5357/343/17
f 5359/345/18 5373/372/22 5372/371/21 5358/344/17
f 5360/346/19 5374/373/23 5373/372/22 5359/345/18
f 5361/347/20 5375/374/24 5374/373/23 5360/346/19
f 5362/348/20 5376/375/24 5375/374/24 5361/347/20
f 5363/349/20 5377/376/24 5376/375/24 5362/348/20
f 5364/350/20 5378/377/24 5377/376/24 5363/349/20
f 5365/351/20 5379/378/24 5378/377/24 5364/350/20
f 5366/352/20 5380/379/24 5379/378/24 5365/351/20
f 5368/367/21 5382/394/3 5381/395/3 5367/4/21
f 5369/368/21 5383/396/3 5382/394/3 5368/367/21
f 5370/369/21 5384/397/3 5383/396/3 5369/368/21
f 5371/370/21 5385/398/3 5384/397/3 5370/369/21
f 5372/371/21 5386/399/3 5385/398/3 5371/370/21
f 5373/372/22 5387/400/5 5386/399/3 5372/371/21
f 5374/373/23 5388/401/7 5387/400/5 5373/372/22
f 5375/374/24 5389/402/8 5388/401/7 5374/373/23
f 5376/375/24 5390/403/8 5389/402/8 5375/374/24
f 5377/376/24 5391/404/8 5390/403/8 5376/375/24
f 5378/377/24 5392/405/8 5391/404/8 5377/376/24
f 5379/378/24 5393/406/8 5392/405/8 5378/377/24
f 5380/379/24 5394/407/8 5393/406/8 5379/378/24
f 5382/394/3 5340/422/9 5339/81/9 5381/395/3
f 5383/396/3 5341/423/9 5340/422/9 5382/394/3
f 5384/397/3 5342/424/9 5341/423/9 5383/396/3
f 5385/398/3 5343/425/9 5342/424/9 5384/397/3
f 5386/399/3 5344/426/9 5343/425/9 5385/398/3
f 5387/400/5 5345/427/10 5344/426/9 5386/399/3
f 5388/401/7 5346/428/11 5345/427/10 5387/400/5
f 5389/402/8 5347/429/12 5346/428/11 5388/401/7
f 5390/403/8 5348/430/12 5347/429/12 5389/402/8
f 5391/404/8 5349/431/12 5348/430/12 5390/403/8
f 5392/405/8 5350/432/12 5349/431/12 5391/404/8
f 5393/406/8 5351/433/12 5350/432/12 5392/405/8
f 5394/407/8 5352/434/12 5351/433/12 5393/406/8
f 5396/312/1201 5410/4411/1202 5409/4412/1202 5395/75/1201
f 5397/315/1201 5411/4413/1202 5410/4411/1202 5396/312/1201
f 5398/317/1201 5412/4414/1202 5411/4413/1202 5397/315/1201
f 5399/319/1201 5413/4415/1202 5412/4414/1202 5398/317/1201
f 5400/321/1201 5414/4416/1202 5413/4415/1202 5399/319/1201
f 5401/323/1203 5415/4417/1204 5414/4416/1202 5400/321/1201
f 5402/325/1205 5416/4418/1206 5415/4417/1204 5401/323/1203
f 5403/327/1207 5417/4419/1208 5416/4418/1206 5402/325/1205
f 5404/329/1207 5418/4420/1208 5417/4419/1208 5403/327/1207
f 5405/331/1207 5419/4421/1208 5418/4420/1208 5404/329/1207
f 5406/333/1207 5420/4422/1208 5419/4421/1208 5405/331/1207
f 5407/335/1207 5421/4423/1208 5420/4422/1208 5406/333/1207
f 5408/337/1207 5422/4424/1208 5421/4423/1208 5407/335/1207
f 5410/4411/1202 5424/4425/1209 5423/4426/1209 5409/4412/1202
f 5411/4413/1202 5425/4427/1209 5424/4425/1209 5410/4411/1202
f 5412/4414/1202 5426/4428/1209 5425/4427/1209 5411/4413/1202
f 5413/4415/1202 5427/4429/1209 5426/4428/1209 5412/4414/1202
f 5414/4416/1202 5428/4430/1209 5427/4429/1209 5413/4415/1202
f 5415/4417/1204 5429/4431/1210 5428/4430/1209 5414/4416/1202
f 5416/4418/1206 5430/4432/1211 5429/4431/1210 5415/4417/1204
f 5417/4419/1208 5431/4433/1212 5430/4432/1211 5416/4418/1206
f 5418/4420/1208 5432/4434/1212 5431/4433/1212 5417/4419/1208
f 5419/4421/1208 5433/4435/1212 5432/4434/1212 5418/4420/1208
f 5420/4422/1208 5434/4436/1212 5433/4435/1212 5419/4421/1208
f 5421/4423/1208 5435/4437/1212 5434/4436/1212 5420/4422/1208
f 5422/4424/1208 5436/4438/1212 5435/4437/1212 5421/4423/1208
f 5424/4425/1209 5438/4439/1213 5437/4440/1213 5423/4426/1209
f 5425/4427/1209 5439/4441/1213 5438/4439/1213 5424/4425/1209
f 5426/4428/1209 5440/4442/1213 5439/4441/1213 5425/4427/1209
f 5427/4429/1209 5441/4443/1213 5440/4442/1213 5426/4428/1209
f 5428/4430/1209 5442/4444/1213 5441/4443/1213 5427/4429/1209
f 5429/4431/1210 5443/4445/1214 5442/4444/1213 5428/4430/1209
f 5430/4432/1211 5444/4446/1215 5443/4445/1214 5429/4431/1210
f 5431/4433/1212 5445/4447/1216 5444/4446/1215 5430/4432/1211
f 5432/4434/1212 5446/4448/1216 5445/4447/1216 5431/4433/1212
f 5433/4435/1212 5447/4449/1216 5446/4448/1216 5432/4434/1212
f 5434/4436/1212 5448/4450/1216 5447/4449/1216 5433/4435/1212
f 5435/4437/1212 5449/4451/1216 5448/4450/1216 5434/4436/1212
f 5436/4438/1212 5450/4452/1216 5449/4451/1216 5435/4437/1212
f 5438/4439/1213 5452/4453/1217 5451/4454/1217 5437/4440/1213
f 5439/4441/1213 5453/4455/1217 5452/4453/1217 5438/4439/1213
f 5440/4442/1213 5454/4456/1217 5453/4455/1217 5439/4441/1213
f 5441/4443/1213 5455/4457/1217 5454/4456/1217 5440/4442/1213
f 5442/4444/1213 5456/4458/1217 5455/4457/1217 5441/4443/1213
f 5443/4445/1214 5457/4459/1218 5456/4458/1217 5442/4444/1213
f 5444/4446/1215 5458/4460/1219 5457/4459/1218 5443/4445/1214
f 5445/4447/1216 5459/4461/1220 5458/4460/1219 5444/4446/1215
f 5446/4448/1216 5460/4462/1220 5459/4461/1220 5445/4447/1216
f 5447/4449/1216 5461/4463/1220 5460/4462/1220 5446/4448/1216
f 5448/4450/1216 5462/4464/1220 5461/4463/1220 5447/4449/1216
f 5449/4451/1216 5463/4465/1220 5462/4464/1220 5448/4450/1216
f 5450/4452/1216 5464/4466/1220 5463/4465/1220 5449/4451/1216
f 5452/4453/1217 5466/4467/1221 5465/4468/1221 5451/4454/1217
f 5453/4455/1217 5467/4469/1221 5466/4467/1221 5452/4453/1217
f 5454/4456/1217 5468/4470/1221 5467/4469/1221 5453/4455/1217
f 5455/4457/1217 5469/4471/1221 5468/4470/1221 5454/4456/1217
f 5456/4458/1217 5470/4472/1221 5469/4471/1221 5455/4457/1217
f 5457/4459/1218 5471/4473/1222 5470/4472/1221 5456/4458/1217
f 5458/4460/1219 5472/4474/1223 5471/4473/1222 5457/4459/1218
f 5459/4461/1220 5473/4475/1224 5472/4474/1223 5458/4460/1219
f 5460/4462/1220 5474/4476/1224 5473/4475/1224 5459/4461/1220
f 5461/4463/1220 5475/4477/1224 5474/4476/1224 5460/4462/1220
f 5462/4464/1220 5476/4478/1224 5475/4477/1224 5461/4463/1220
f 5463/4465/1220 5477/4479/1224 5476/4478/1224 5462/4464/1220
f 5464/4466/1220 5478/4480/1224 5477/4479/1224 5463/4465/1220
f 5466/4467/1221 5480/313/1225 5479/314/1225 5465/4468/1221
f 5467/4469/1221 5481/316/1225 5480/313/1225 5466/4467/1221
f 5468/4470/1221 5482/318/1225 5481/316/1225 5467/4469/1221
f 5469/4471/1221 5483/320/1225 5482/318/1225 5468/4470/1221
f 5470/4472/1221 5484/322/1225 5483/320/1225 5469/4471/1221
f 5471/4473/1222 5485/324/1226 5484/322/1225 5470/4472/1221
f 5472/4474/1223 5486/326/1227 5485/324/1226 5471/4473/1222
f 5473/4475/1224 5487/328/1228 5486/326/1227 5472/4474/1223
f 5474/4476/1224 5488/330/1228 5487/328/1228 5473/4475/1224
f 5475/4477/1224 5489/332/1228 5488/330/1228 5474/4476/1224
f 5476/4478/1224 5490/334/1228 5489/332/1228 5475/4477/1224
f 5477/4479/1224 5491/336/1228 5490/334/1228 5476/4478/1224
f 5478/4480/1224 5492/338/1228 5491/336/1228 5477/4479/1224
f 5480/313/1225 5494/4481/1229 5493/4482/1229 5479/314/1225
f 5481/316/1225 5495/4483/1229 5494/4481/1229 5480/313/1225
f 5482/318/1225 5496/4484/1229 5495/4483/1229 5481/316/1225
f 5483/320/1225 5497/4485/1229 5496/4484/1229 5482/318/1225
f 5484/322/1225 5498/4486/1229 5497/4485/1229 5483/320/1225
f 5485/324/1226 5499/4487/1230 5498/4486/1229 5484/322/1225
f 5486/326/1227 5500/4488/1231 5499/4487/1230 5485/324/1226
f 5487/328/1228 5501/4489/1232 5500/4488/1231 5486/326/1227
f 5488/330/1228 5502/4490/1232 5501/4489/1232 5487/328/1228
f 5489/332/1228 5503/4491/1232 5502/4490/1232 5488/330/1228
f 5490/334/1228 5504/4492/1232 5503/4491/1232 5489/332/1228
f 5491/336/1228 5505/4493/1232 5504/4492/1232 5490/334/1228
f 5492/338/1228 5506/4494/1232 5505/4493/1232 5491/336/1228
f 5494/4481/1229 5508/4495/1233 5507/4496/1233 5493/4482/1229
f 5495/4483/1229 5509/4497/1233 5508/4495/1233 5494/4481/1229
f 5496/4484/1229 5510/4498/1233 5509/4497/1233 5495/4483/1229
f 5497/4485/1229 5511/4499/1233 5510/4498/1233 5496/4484/1229
f 5498/4486/1229 5512/4500/1233 5511/4499/1233 5497/4485/1229
f 5499/4487/1230 5513/4501/1234 5512/4500/1233 5498/4486/1229
f 5500/4488/1231 5514/4502/1235 5513/4501/1234 5499/4487/1230
f 5501/4489/1232 5515/4503/1236 5514/4502/1235 5500/4488/1231
f 5502/4490/1232 5516/4504/1236 5515/4503/1236 5501/4489/1232
f 5503/4491/1232 5517/4505/1236 5516/4504/1236 5502/4490/1232
f 5504/4492/1232 5518/4506/1236 5517/4505/1236 5503/4491/1232
f 5505/4493/1232 5519/4507/1236 5518/4506/1236 5504/4492/1232
f 5506/4494/1232 5520/4508/1236 5519/4507/1236 5505/4493/1232
f 5508/4495/1233 5522/4509/1237 5521/4510/1237 5507/4496/1233
f 5509/4497/1233 5523/4511/1237 5522/4509/1237 5508/4495/1233
f 5510/4498/1233 5524/4512/1237 5523/4511/1237 5509/4497/1233
f 5511/4499/1233 5525/4513/1237 5524/4512/1237 5510/4498/1233
f 5512/4500/1233 5526/4514/1237 5525/4513/1237 5511/4499/1233
f 5513/4501/1234 5527/4515/1238 5526/4514/1237 5512/4500/1233
f 5514/4502/1235 5528/4516/1239 5527/4515/1238 5513/4501/1234
f 5515/4503/1236 5529/4517/1240 5528/4516/1239 5514/4502/1235
f 5516/4504/1236 5530/4518/1240 5529/4517/1240 5515/4503/1236
f 5517/4505/1236 5531/4519/1240 5530/4518/1240 5516/4504/1236
f 5518/4506/1236 5532/4520/1240 5531/4519/1240 5517/4505/1236
f 5519/4507/1236 5533/4521/1240 5532/4520/1240 5518/4506/1236
f 5520/4508/1236 5534/4522/1240 5533/4521/1240 5519/4507/1236
f 5522/4509/1237 5536/4523/1241 5535/4524/1241 5521/4510/1237
f 5523/4511/1237 5537/4525/1241 5536/4523/1241 5522/4509/1237
f 5524/4512/1237 5538/4526/1241 5537/4525/1241 5523/4511/1237
f 5525/4513/1237 5539/4527/1241 5538/4526/1241 5524/4512/1237
f 5526/4514/1237 5540/4528/1241 5539/4527/1241 5525/4513/1237
f 5527/4515/1238 5541/4529/1242 5540/4528/1241 5526/4514/1237
f 5528/4516/1239 5542/4530/1243 5541/4529/1242 5527/4515/1238
f 5529/4517/1240 5543/4531/1244 5542/4530/1243 5528/4516/1239
f 5530/4518/1240 5544/4532/1244 5543/4531/1244 5529/4517/1240
f 5531/4519/1240 5545/4533/1244 5544/4532/1244 5530/4518/1240
f 5532/4520/1240 5546/4534/1244 5545/4533/1244 5531/4519/1240
f 5533/4521/1240 5547/4535/1244 5546/4534/1244 5532/4520/1240
f 5534/4522/1240 5548/4536/1244 5547/4535/1244 5533/4521/1240
f 5536/4523/1241 5550/4537/1245 5549/4538/1245 5535/4524/1241
f 5537/4525/1241 5551/4539/1245 5550/4537/1245 5536/4523/1241
f 5538/4526/1241 5552/4540/1245 5551/4539/1245 5537/4525/1241
f 5539/4527/1241 5553/4541/1245 5552/4540/1245 5538/4526/1241
f 5540/4528/1241 5554/4542/1245 5553/4541/1245 5539/4527/1241
f 5541/4529/1242 5555/4543/1246 5554/4542/1245 5540/4528/1241
f 5542/4530/1243 5556/4544/1247 5555/4543/1246 5541/4529/1242
f 5543/4531/1244 5557/4545/1248 5556/4544/1247 5542/4530/1243
f 5544/4532/1244 5558/4546/1248 5557/4545/1248 5543/4531/1244
f 5545/4533/1244 5559/4547/1248 5558/4546/1248 5544/4532/1244
f 5546/4534/1244 5560/4548/1248 5559/4547/1248 5545/4533/1244
f 5547/4535/1244 5561/4549/1248 5560/4548/1248 5546/4534/1244
f 5548/4536/1244 5562/4550/1248 5561/4549/1248 5547/4535/1244
f 5550/4537/1245 5564/339/1249 5563/340/1249 5549/4538/1245
f 5551/4539/1245 5565/341/1249 5564/339/1249 5550/4537/1245
f 5552/4540/1245 5566/342/1249 5565/341/1249 5551/4539/1245
f 5553/4541/1245 5567/343/1249 5566/342/1249 5552/4540/1245
f 5554/4542/1245 5568/344/1249 5567/343/1249 5553/4541/1245
f 5555/4543/1246 5569/345/1250 5568/344/1249 5554/4542/1245
f 5556/4544/1247 5570/346/1251 5569/345/1250 5555/4543/1246
f 5557/4545/1248 5571/347/1252 5570/346/1251 5556/4544/1247
f 5558/4546/1248 5572/348/1252 5571/347/1252 5557/4545/1248
f 5559/4547/1248 5573/349/1252 5572/348/1252 5558/4546/1248
f 5560/4548/1248 5574/350/1252 5573/349/1252 5559/4547/1248
f 5561/4549/1248 5575/351/1252 5574/350/1252 5560/4548/1248
f 5562/4550/1248 5576/352/1252 5575/351/1252 5561/4549/1248
f 5564/339/1249 5578/4551/1253 5577/4552/1253 5563/340/1249
f 5565/341/1249 5579/4553/1253 5578/4551/1253 5564/339/1249
f 5566/342/1249 5580/4554/1253 5579/4553/1253 5565/341/1249
f 5567/343/1249 5581/4555/1253 5580/4554/1253 5566/342/1249
f 5568/344/1249 5582/4556/1253 5581/4555/1253 5567/343/1249
f 5569/345/1250 5583/4557/1254 5582/4556/1253 5568/344/1249
f 5570/346/1251 5584/4558/1255 5583/4557/1254 5569/345/1250
f 5571/347/1252 5585/4559/1256 5584/4558/1255 5570/346/1251
f 5572/348/1252 5586/4560/1256 5585/4559/1256 5571/347/1252
f 5573/349/1252 5587/4561/1256 5586/4560/1256 5572/348/1252
f 5574/350/1252 5588/4562/1256 5587/4561/1256 5573/349/1252
f 5575/351/1252 5589/4563/1256 5588/4562/1256 5574/350/1252
f 5576/352/1252 5590/4564/1256 5589/4563/1256 5575/351/1252
f 5578/4551/1253 5592/4565/1257 5591/4566/1257 5577/4552/1253
f 5579/4553/1253 5593/4567/1257 5592/4565/1257 5578/4551/1253
f 5580/4554/1253 5594/4568/1257 5593/4567/1257 5579/4553/1253
f 5581/4555/1253 5595/4569/1257 5594/4568/1257 5580/4554/1253
f 5582/4556/1253 5596/4570/1257 5595/4569/1257 5581/4555/1253
f 5583/4557/1254 5597/4571/1258 5596/4570/1257 5582/4556/1253
f 5584/4558/1255 5598/4572/1259 5597/4571/1258 5583/4557/1254
f 5585/4559/1256 5599/4573/1260 5598/4572/1259 5584/4558/1255
f 5586/4560/1256 5600/4574/1260 5599/4573/1260 5585/4559/1256
f 5587/4561/1256 5601/4575/1260 5600/4574/1260 5586/4560/1256
f 5588/4562/1256 5602/4576/1260 5601/4575/1260 5587/4561/1256
f 5589/4563/1256 5603/4577/1260 5602/4576/1260 5588/4562/1256
f 5590/4564/1256 5604/4578/1260 5603/4577/1260 5589/4563/1256
f 5592/4565/1257 5606/4579/1261 5605/4580/1261 5591/4566/1257
f 5593/4567/1257 5607/4581/1261 5606/4579/1261 5592/4565/1257
f 5594/4568/1257 5608/4582/1261 5607/4581/1261 5593/4567/1257
f 5595/4569/1257 5609/4583/1261 5608/4582/1261 5594/4568/1257
f 5596/4570/1257 5610/4584/1261 5609/4583/1261 5595/4569/1257
f 5597/4571/1258 5611/4585/1262 5610/4584/1261 5596/4570/1257
f 5598/4572/1259 5612/4586/1263 5611/4585/1262 5597/4571/1258
f 5599/4573/1260 5613/4587/1264 5612/4586/1263 5598/4572/1259
f 5600/4574/1260 5614/4588/1264 5613/4587/1264 5599/4573/1260
f 5601/4575/1260 5615/4589/1264 5614/4588/1264 5600/4574/1260
f 5602/4576/1260 5616/4590/1264 5615/4589/1264 5601/4575/1260
f 5603/4577/1260 5617/4591/1264 5616/4590/1264 5602/4576/1260
f 5604/4578/1260 5618/4592/1264 5617/4591/1264 5603/4577/1260
f 5606/4579/1261 5620/4593/1265 5619/100/1265 5605/4580/1261
f 5607/4581/1261 5621/4594/1265 5620/4593/1265 5606/4579/1261
f 5608/4582/1261 5622/4595/1265 5621/4594/1265 5607/4581/1261
f 5609/4583/1261 5623/4596/1265 5622/4595/1265 5608/4582/1261
f 5610/4584/1261 5624/4597/1265 5623/4596/1265 5609/4583/1261
f 5611/4585/1262 5625/4598/1266 5624/4597/1265 5610/4584/1261
f 5612/4586/1263 5626/4599/1267 5625/4598/1266 5611/4585/1262
f 5613/4587/1264 5627/4600/1268 5626/4599/1267 5612/4586/1263
f 5614/4588/1264 5628/4601/1268 5627/4600/1268 5613/4587/1264
f 5615/4589/1264 5629/4602/1268 5628/4601/1268 5614/4588/1264
f 5616/4590/1264 5630/4603/1268 5629/4602/1268 5615/4589/1264
f 5617/4591/1264 5631/4604/1268 5630/4603/1268 5616/4590/1264
f 5618/4592/1264 5632/4605/1268 5631/4604/1268 5617/4591/1264
f 5620/4593/1265 5634/4606/1269 5633/4607/1269 5619/100/1265
f 5621/4594/1265 5635/4608/1269 5634/4606/1269 5620/4593/1265
f 5622/4595/1265 5636/4609/1269 5635/4608/1269 5621/4594/1265
f 5623/4596/1265 5637/4610/1269 5636/4609/1269 5622/4595/1265
f 5624/4597/1265 5638/4611/1269 5637/4610/1269 5623/4596/1265
f 5625/4598/1266 5639/4612/1270 5638/4611/1269 5624/4597/1265
f 5626/4599/1267 5640/4613/1271 5639/4612/1270 5625/4598/1266
f 5627/4600/1268 5641/4614/1272 5640/4613/1271 5626/4599/1267
f 5628/4601/1268 5642/4615/1272 5641/4614/1272 5627/4600/1268
f 5629/4602/1268 5643/4616/1272 5642/4615/1272 5628/4601/1268
f 5630/4603/1268 5644/4617/1272 5643/4616/1272 5629/4602/1268
f 5631/4604/1268 5645/4618/1272 5644/4617/1272 5630/4603/1268
f 5632/4605/1268 5646/4619/1272 5645/4618/1272 5631/4604/1268
f 5634/4606/1269 5648/353/1273 5647/354/1273 5633/4607/1269
f 5635/4608/1269 5649/355/1273 5648/353/1273 5634/4606/1269
f 5636/4609/1269 5650/356/1273 5649/355/1273 5635/4608/1269
f 5637/4610/1269 5651/357/1273 5650/356/1273 5636/4609/1269
f 5638/4611/1269 5652/358/1273 5651/357/1273 5637/4610/1269
f 5639/4612/1270 5653/359/1274 5652/358/1273 5638/4611/1269
f 5640/4613/1271 5654/360/1275 5653/359/1274 5639/4612/1270
f 5641/4614/1272 5655/361/1276 5654/360/1275 5640/4613/1271
f 5642/4615/1272 5656/362/1276 5655/361/1276 5641/4614/1272
f 5643/4616/1272 5657/363/1276 5656/362/1276 5642/4615/1272
f 5644/4617/1272 5658/364/1276 5657/363/1276 5643/4616/1272
f 5645/4618/1272 5659/365/1276 5658/364/1276 5644/4617/1272
f 5646/4619/1272 5660/366/1276 5659/365/1276 5645/4618/1272
f 5648/353/1273 5662/4620/1277 5661/4621/1277 5647/354/1273
f 5649/355/1273 5663/4622/1277 5662/4620/1277 5648/353/1273
f 5650/356/1273 5664/4623/1277 5663/4622/1277 5649/355/1273
f 5651/357/1273 5665/4624/1277 5664/4623/1277 5650/356/1273
f 5652/358/1273 5666/4625/1277 5665/4624/1277 5651/357/1273
f 5653/359/1274 5667/4626/1278 5666/4625/1277 5652/358/1273
f 5654/360/1275 5668/4627/1279 5667/4626/1278 5653/359/1274
f 5655/361/1276 5669/4628/1280 5668/4627/1279 5654/360/1275
f 5656/362/1276 5670/4629/1280 5669/4628/1280 5655/361/1276
f 5657/363/1276 5671/4630/1280 5670/4629/1280 5656/362/1276
f 5658/364/1276 5672/4631/1280 5671/4630/1280 5657/363/1276
f 5659/365/1276 5673/4632/1280 5672/4631/1280 5658/364/1276
f 5660/366/1276 5674/4633/1280 5673/4632/1280 5659/365/1276
f 5662/4620/1277 5676/4634/1281 5675/4635/1281 5661/4621/1277
f 5663/4622/1277 5677/4636/1281 5676/4634/1281 5662/4620/1277
f 5664/4623/1277 5678/4637/1281 5677/4636/1281 5663/4622/1277
f 5665/4624/1277 5679/4638/1281 5678/4637/1281 5664/4623/1277
f 5666/4625/1277 5680/4639/1281 5679/4638/1281 5665/4624/1277
f 5667/4626/1278 5681/4640/1282 5680/4639/1281 5666/4625/1277
f 5668/4627/1279 5682/4641/1283 5681/4640/1282 5667/4626/1278
f 5669/4628/1280 5683/4642/1284 5682/4641/1283 5668/4627/1279
f 5670/4629/1280 5684/4643/1284 5683/4642/1284 5669/4628/1280
f 5671/4630/1280 5685/4644/1284 5684/4643/1284 5670/4629/1280
f 5672/4631/1280 5686/4645/1284 5685/4644/1284 5671/4630/1280
f 5673/4632/1280 5687/4646/1284 5686/4645/1284 5672/4631/1280
f 5674/4633/1280 5688/4647/1284 5687/4646/1284 5673/4632/1280
f 5676/4634/1281 5690/4648/1285 5689/4649/1285 5675/4635/1281
f 5677/4636/1281 5691/4650/1285 5690/4648/1285 5676/4634/1281
f 5678/4637/1281 5692/4651/1285 5691/4650/1285 5677/4636/1281
f 5679/4638/1281 5693/4652/1285 5692/4651/1285 5678/4637/1281
f 5680/4639/1281 5694/4653/1285 5693/4652/1285 5679/4638/1281
f 5681/4640/1282 5695/4654/1286 5694/4653/1285 5680/4639/1281
f 5682/4641/1283 5696/4655/1287 5695/4654/1286 5681/4640/1282
f 5683/4642/1284 5697/4656/1288 5696/4655/1287 5682/4641/1283
f 5684/4643/1284 5698/4657/1288 5697/4656/1288 5683/4642/1284
f 5685/4644/1284 5699/4658/1288 5698/4657/1288 5684/4643/1284
f 5686/4645/1284 5700/4659/1288 5699/4658/1288 5685/4644/1284
f 5687/4646/1284 5701/4660/1288 5700/4659/1288 5686/4645/1284
f 5688/4647/1284 5702/4661/1288 5701/4660/1288 5687/4646/1284
f 5690/4648/1285 5704/4662/1289 5703/4663/1289 5689/4649/1285
f 5691/4650/1285 5705/4664/1289 5704/4662/1289 5690/4648/1285
f 5692/4651/1285 5706/4665/1289 5705/4664/1289 5691/4650/1285
f 5693/4652/1285 5707/4666/1289 5706/4665/1289 5692/4651/1285
f 5694/4653/1285 5708/4667/1289 5707/4666/1289 5693/4652/1285
f 5695/4654/1286 5709/4668/1290 5708/4667/1289 5694/4653/1285
f 5696/4655/1287 5710/4669/1291 5709/4668/1290 5695/4654/1286
f 5697/4656/1288 5711/4670/1292 5710/4669/1291 5696/4655/1287
f 5698/4657/1288 5712/4671/1292 5711/4670/1292 5697/4656/1288
f 5699/4658/1288 5713/4672/1292 5712/4671/1292 5698/4657/1288
f 5700/4659/1288 5714/4673/1292 5713/4672/1292 5699/4658/1288
f 5701/4660/1288 5715/4674/1292 5714/4673/1292 5700/4659/1288
f 5702/4661/1288 5716/4675/1292 5715/4674/1292 5701/4660/1288
f 5704/4662/1289 5718/4676/1293 5717/4677/1293 5703/4663/1289
f 5705/4664/1289 5719/4678/1293 5718/4676/1293 5704/4662/1289
f 5706/4665/1289 5720/4679/1293 5719/4678/1293 5705/4664/1289
f 5707/4666/1289 5721/4680/1293 5720/4679/1293 5706/4665/1289
f 5708/4667/1289 5722/4681/1293 5721/4680/1293 5707/4666/1289
f 5709/4668/1290 5723/4682/1294 5722/4681/1293 5708/4667/1289
f 5710/4669/1291 5724/4683/1295 5723/4682/1294 5709/4668/1290
f 5711/4670/1292 5725/4684/1296 5724/4683/1295 5710/4669/1291
f 5712/4671/1292 5726/4685/1296 5725/4684/1296 5711/4670/1292
f 5713/4672/1292 5727/4686/1296 5726/4685/1296 5712/4671/1292
f 5714/4673/1292 5728/4687/1296 5727/4686/1296 5713/4672/1292
f 5715/4674/1292 5729/4688/1296 5728/4687/1296 5714/4673/1292
f 5716/4675/1292 5730/4689/1296 5729/4688/1296 5715/4674/1292
f 5718/4676/1293 5732/367/1297 5731/4/1297 5717/4677/1293
f 5719/4678/1293 5733/368/1297 5732/367/1297 5718/4676/1293
f 5720/4679/1293 5734/369/1297 5733/368/1297 5719/4678/1293
f 5721/4680/1293 5735/370/1297 5734/369/1297 5720/4679/1293
f 5722/4681/1293 5736/371/1297 5735/370/1297 5721/4680/1293
f 5723/4682/1294 5737/372/1298 5736/371/1297 5722/4681/1293
f 5724/4683/1295 5738/373/1299 5737/372/1298 5723/4682/1294
f 5725/4684/1296 5739/374/1300 5738/373/1299 5724/4683/1295
f 5726/4685/1296 5740/375/1300 5739/374/1300 5725/4684/1296
f 5727/4686/1296 5741/376/1300 5740/375/1300 5726/4685/1296
f 5728/4687/1296 5742/377/1300 5741/376/1300 5727/4686/1296
f 5729/4688/1296 5743/378/1300 5742/377/1300 5728/4687/1296
f 5730/4689/1296 5744/379/1300 5743/378/1300 5729/4688/1296
f 5732/367/1297 5746/4690/1301 5745/4691/1301 5731/4/1297
f 5733/368/1297 5747/4692/1301 5746/4690/1301 5732/367/1297
f 5734/369/1297 5748/4693/1301 5747/4692/1301 5733/368/1297
f 5735/370/1297 5749/4694/1301 5748/4693/1301 5734/369/1297
f 5736/371/1297 5750/4695/1301 5749/4694/1301 5735/370/1297
f 5737/372/1298 5751/4696/1302 5750/4695/1301 5736/371/1297
f 5738/373/1299 5752/4697/1303 5751/4696/1302 5737/372/1298
f 5739/374/1300 5753/4698/1304 5752/4697/1303 5738/373/1299
f 5740/375/1300 5754/4699/1304 5753/4698/1304 5739/374/1300
f 5741/376/1300 5755/4700/1304 5754/4699/1304 5740/375/1300
f 5742/377/1300 5756/4701/1304 5755/4700/1304 5741/376/1300
f 5743/378/1300 5757/4702/1304 5756/4701/1304 5742/377/1300
f 5744/379/1300 5758/4703/1304 5757/4702/1304 5743/378/1300
f 5746/4690/1301 5760/4704/1305 5759/4705/1305 5745/4691/1301
f 5747/4692/1301 5761/4706/1305 5760/4704/1305 5746/4690/1301
f 5748/4693/1301 5762/4707/1305 5761/4706/1305 5747/4692/1301
f 5749/4694/1301 5763/4708/1305 5762/4707/1305 5748/4693/1301
f 5750/4695/1301 5764/4709/1305 5763/4708/1305 5749/4694/1301
f 5751/4696/1302 5765/4710/1306 5764/4709/1305 5750/4695/1301
f 5752/4697/1303 5766/4711/1307 5765/4710/1306 5751/4696/1302
f 5753/4698/1304 5767/4712/1308 5766/4711/1307 5752/4697/1303
f 5754/4699/1304 5768/4713/1308 5767/4712/1308 5753/4698/1304
f 5755/4700/1304 5769/4714/1308 5768/4713/1308 5754/4699/1304
f 5756/4701/1304 5770/4715/1308 5769/4714/1308 5755/4700/1304
f 5757/4702/1304 5771/4716/1308 5770/4715/1308 5756/4701/1304
f 5758/4703/1304 5772/4717/1308 5771/4716/1308 5757/4702/1304
f 5760/4704/1305 5774/4718/1309 5773/4719/1309 5759/4705/1305
f 5761/4706/1305 5775/4720/1309 5774/4718/1309 5760/4704/1305
f 5762/4707/1305 5776/4721/1309 5775/4720/1309 5761/4706/1305
f 5763/4708/1305 5777/4722/1309 5776/4721/1309 5762/4707/1305
f 5764/4709/1305 5778/4723/1309 5777/4722/1309 5763/4708/1305
f 5765/4710/1306 5779/4724/1310 5778/4723/1309 5764/4709/1305
f 5766/4711/1307 5780/4725/1311 5779/4724/1310 5765/4710/1306
f 5767/4712/1308 5781/4726/1312 5780/4725/1311 5766/4711/1307
f 5768/4713/1308 5782/4727/1312 5781/4726/1312 5767/4712/1308
f 5769/4714/1308 5783/4728/1312 5782/4727/1312 5768/4713/1308
f 5770/4715/1308 5784/4729/1312 5783/4728/1312 5769/4714/1308
f 5771/4716/1308 5785/4730/1312 5784/4729/1312 5770/4715/1308
f 5772/4717/1308 5786/4731/1312 5785/4730/1312 5771/4716/1308
f 5774/4718/1309 5788/4732/1313 5787/4733/1313 5773/4719/1309
f 5775/4720/1309 5789/4734/1313 5788/4732/1313 5774/4718/1309
f 5776/4721/1309 5790/4735/1313 5789/4734/1313 5775/4720/1309
f 5777/4722/1309 5791/4736/1313 5790/4735/1313 5776/4721/1309
f 5778/4723/1309 5792/4737/1313 5791/4736/1313 5777/4722/1309
f 5779/4724/1310 5793/4738/1314 5792/4737/1313 5778/4723/1309
f 5780/4725/1311 5794/4739/1315 5793/4738/1314 5779/4724/1310
f 5781/4726/1312 5795/4740/1316 5794/4739/1315 5780/4725/1311
f 5782/4727/1312 5796/4741/1316 5795/4740/1316 5781/4726/1312
f 5783/4728/1312 5797/4742/1316 5796/4741/1316 5782/4727/1312
f 5784/4729/1312 5798/4743/1316 5797/4742/1316 5783/4728/1312
f 5785/4730/1312 5799/4744/1316 5798/4743/1316 5784/4729/1312
f 5786/4731/1312 5800/4745/1316 5799/4744/1316 5785/4730/1312
f 5788/4732/1313 5802/4746/1317 5801/4747/1317 5787/4733/1313
f 5789/4734/1313 5803/4748/1317 5802/4746/1317 5788/4732/1313
f 5790/4735/1313 5804/4749/1317 5803/4748/1317 5789/4734/1313
f 5791/4736/1313 5805/4750/1317 5804/4749/1317 5790/4735/1313
f 5792/4737/1313 5806/4751/1317 5805/4750/1317 5791/4736/1313
f 5793/4738/1314 5807/4752/1318 5806/4751/1317 5792/4737/1313
f 5794/4739/1315 5808/4753/1319 5807/4752/1318 5793/4738/1314
f 5795/4740/1316 5809/4754/1320 5808/4753/1319 5794/4739/1315
f 5796/4741/1316 5810/4755/1320 5809/4754/1320 5795/4740/1316
f 5797/4742/1316 5811/4756/1320 5810/4755/1320 5796/4741/1316
f 5798/4743/1316 5812/4757/1320 5811/4756/1320 5797/4742/1316
f 5799/4744/1316 5813/4758/1320 5812/4757/1320 5798/4743/1316
f 5800/4745/1316 5814/4759/1320 5813/4758/1320 5799/4744/1316
f 5802/4746/1317 5816/380/1321 5815/381/1321 5801/4747/1317
f 5803/4748/1317 5817/382/1321 5816/380/1321 5802/4746/1317
f 5804/4749/1317 5818/383/1321 5817/382/1321 5803/4748/1317
f 5805/4750/1317 5819/384/1321 5818/383/1321 5804/4749/1317
f 5806/4751/1317 5820/385/1321 5819/384/1321 5805/4750/1317
f 5807/4752/1318 5821/386/1322 5820/385/1321 5806/4751/1317
f 5808/4753/1319 5822/387/1323 5821/386/1322 5807/4752/1318
f 5809/4754/1320 5823/388/1324 5822/387/1323 5808/4753/1319
f 5810/4755/1320 5824/389/1324 5823/388/1324 5809/4754/1320
f 5811/4756/1320 5825/390/1324 5824/389/1324 5810/4755/1320
f 5812/4757/1320 5826/391/1324 5825/390/1324 5811/4756/1320
f 5813/4758/1320 5827/392/1324 5826/391/1324 5812/4757/1320
f 5814/4759/1320 5828/393/1324 5827/392/1324 5813/4758/1320
f 5816/380/1321 5830/4760/1325 5829/4761/1325 5815/381/1321
f 5817/382/1321 5831/4762/1325 5830/4760/1325 5816/380/1321
f 5818/383/1321 5832/4763/1325 5831/4762/1325 5817/382/1321
f 5819/384/1321 5833/4764/1325 5832/4763/1325 5818/383/1321
f 5820/385/1321 5834/4765/1325 5833/4764/1325 5819/384/1321
f 5821/386/1322 5835/4766/1326 5834/4765/1325 5820/385/1321
f 5822/387/1323 5836/4767/1327 5835/4766/1326 5821/386/1322
f 5823/388/1324 5837/4768/1328 5836/4767/1327 5822/387/1323
f 5824/389/1324 5838/4769/1328 5837/4768/1328 5823/388/1324
f 5825/390/1324 5839/4770/1328 5838/4769/1328 5824/389/1324
f 5826/391/1324 5840/4771/1328 5839/4770/1328 5825/390/1324
f 5827/392/1324 5841/4772/1328 5840/4771/1328 5826/391/1324
f 5828/393/1324 5842/4773/1328 5841/4772/1328 5827/392/1324
f 5830/4760/1325 5844/4774/1329 5843/101/1329 5829/4761/1325
f 5831/4762/1325 5845/4775/1329 5844/4774/1329 5830/4760/1325
f 5832/4763/1325 5846/4776/1329 5845/4775/1329 5831/4762/1325
f 5833/4764/1325 5847/4777/1329 5846/4776/1329 5832/4763/1325
f 5834/4765/1325 5848/4778/1329 5847/4777/1329 5833/4764/1325
f 5835/4766/1326 5849/4779/1330 5848/4778/1329 5834/4765/1325
f 5836/4767/1327 5850/4780/1331 5849/4779/1330 5835/4766/1326
f 5837/4768/1328 5851/4781/1332 5850/4780/1331 5836/4767/1327
f 5838/4769/1328 5852/4782/1332 5851/4781/1332 5837/4768/1328
f 5839/4770/1328 5853/4783/1332 5852/4782/1332 5838/4769/1328
f 5840/4771/1328 5854/4784/1332 5853/4783/1332 5839/4770/1328
f 5841/4772/1328 5855/4785/1332 5854/4784/1332 5840/4771/1328
f 5842/4773/1328 5856/4786/1332 5855/4785/1332 5841/4772/1328
f 5844/4774/1329 5858/4787/1333 5857/4788/1333 5843/101/1329
f 5845/4775/1329 5859/4789/1333 5858/4787/1333 5844/4774/1329
f 5846/4776/1329 5860/4790/1333 5859/4789/1333 5845/4775/1329
f 5847/4777/1329 5861/4791/1333 5860/4790/1333 5846/4776/1329
f 5848/4778/1329 5862/4792/1333 5861/4791/1333 5847/4777/1329
f 5849/4779/1330 5863/4793/1334 5862/4792/1333 5848/4778/1329
f 5850/4780/1331 5864/4794/1335 5863/4793/1334 5849/4779/1330
f 5851/4781/1332 5865/4795/1336 5864/4794/1335 5850/4780/1331
f 5852/4782/1332 5866/4796/1336 5865/4795/1336 5851/4781/1332
f 5853/4783/1332 5867/4797/1336 5866/4796/1336 5852/4782/1332
f 5854/4784/1332 5868/4798/1336 5867/4797/1336 5853/4783/1332
f 5855/4785/1332 5869/4799/1336 5868/4798/1336 5854/4784/1332
f 5856/4786/1332 5870/4800/1336 5869/4799/1336 5855/4785/1332
f 5858/4787/1333 5872/4801/1337 5871/4802/1337 5857/4788/1333
f 5859/4789/1333 5873/4803/1337 5872/4801/1337 5858/4787/1333
f 5860/4790/1333 5874/4804/1337 5873/4803/1337 5859/4789/1333
f 5861/4791/1333 5875/4805/1337 5874/4804/1337 5860/4790/1333
f 5862/4792/1333 5876/4806/1337 5875/4805/1337 5861/4791/1333
f 5863/4793/1334 5877/4807/1338 5876/4806/1337 5862/4792/1333
f 5864/4794/1335 5878/4808/1339 5877/4807/1338 5863/4793/1334
f 5865/4795/1336 5879/4809/1340 5878/4808/1339 5864/4794/1335
f 5866/4796/1336 5880/4810/1340 5879/4809/1340 5865/4795/1336
f 5867/4797/1336 5881/4811/1340 5880/4810/1340 5866/4796/1336
f 5868/4798/1336 5882/4812/1340 5881/4811/1340 5867/4797/1336
f 5869/4799/1336 5883/4813/1340 5882/4812/1340 5868/4798/1336
f 5870/4800/1336 5884/4814/1340 5883/4813/1340 5869/4799/1336
f 5872/4801/1337 5886/4815/1341 5885/4816/1341 5871/4802/1337
f 5873/4803/1337 5887/4817/1341 5886/4815/1341 5872/4801/1337
f 5874/4804/1337 5888/4818/1341 5887/4817/1341 5873/4803/1337
f 5875/4805/1337 5889/4819/1341 5888/4818/1341 5874/4804/1337
f 5876/4806/1337 5890/4820/1341 5889/4819/1341 5875/4805/1337
f 5877/4807/1338 5891/4821/1342 5890/4820/1341 5876/4806/1337
f 5878/4808/1339 5892/4822/1343 5891/4821/1342 5877/4807/1338
f 5879/4809/1340 5893/4823/1344 5892/4822/1343 5878/4808/1339
f 5880/4810/1340 5894/4824/1344 5893/4823/1344 5879/4809/1340
f 5881/4811/1340 5895/4825/1344 5894/4824/1344 5880/4810/1340
f 5882/4812/1340 5896/4826/1344 5895/4825/1344 5881/4811/1340
f 5883/4813/1340 5897/4827/1344 5896/4826/1344 5882/4812/1340
f 5884/4814/1340 5898/4828/1344 5897/4827/1344 5883/4813/1340
f 5886/4815/1341 5900/394/1345 5899/395/1345 5885/4816/1341
f 5887/4817/1341 5901/396/1345 5900/394/1345 5886/4815/1341
f 5888/4818/1341 5902/397/1345 5901/396/1345 5887/4817/1341
f 5889/4819/1341 5903/398/1345 5902/397/1345 5888/4818/1341
f 5890/4820/1341 5904/399/1345 5903/398/1345 5889/4819/1341
f 5891/4821/1342 5905/400/1346 5904/399/1345 5890/4820/1341
f 5892/4822/1343 5906/401/1347 5905/400/1346 5891/4821/1342
f 5893/4823/1344 5907/402/1348 5906/401/1347 5892/4822/1343
f 5894/4824/1344 5908/403/1348 5907/402/1348 5893/4823/1344
f 5895/4825/1344 5909/404/1348 5908/403/1348 5894/4824/1344
f 5896/4826/1344 5910/405/1348 5909/404/1348 5895/4825/1344
f 5897/4827/1344 5911/406/1348 5910/405/1348 5896/4826/1344
f 5898/4828/1344 5912/407/1348 5911/406/1348 5897/4827/1344
f 5900/394/1345 5914/4829/1349 5913/4830/1349 5899/395/1345
f 5901/396/1345 5915/4831/1349 5914/4829/1349 5900/394/1345
f 5902/397/1345 5916/4832/1349 5915/4831/1349 5901/396/1345
f 5903/398/1345 5917/4833/1349 5916/4832/1349 5902/397/1345
f 5904/399/1345 5918/4834/1349 5917/4833/1349 5903/398/1345
f 5905/400/1346 5919/4835/1350 5918/4834/1349 5904/399/1345
f 5906/401/1347 5920/4836/1351 5919/4835/1350 5905/400/1346
f 5907/402/1348 5921/4837/1352 5920/4836/1351 5906/401/1347
f 5908/403/1348 5922/4838/1352 5921/4837/1352 5907/402/1348
f 5909/404/1348 5923/4839/1352 5922/4838/1352 5908/403/1348
f 5910/405/1348 5924/4840/1352 5923/4839/1352 5909/404/1348
f 5911/406/1348 5925/4841/1352 5924/4840/1352 5910/405/1348
f 5912/407/1348 5926/4842/1352 5925/4841/1352 5911/406/1348
f 5914/4829/1349 5928/4843/1353 5927/4844/1353 5913/4830/1349
f 5915/4831/1349 5929/4845/1353 5928/4843/1353 5914/4829/1349
f 5916/4832/1349 5930/4846/1353 5929/4845/1353 5915/4831/1349
f 5917/4833/1349 5931/4847/1353 5930/4846/1353 5916/4832/1349
f 5918/4834/1349 5932/4848/1353 5931/4847/1353 5917/4833/1349
f 5919/4835/1350 5933/4849/1354 5932/4848/1353 5918/4834/1349
f 5920/4836/1351 5934/4850/1355 5933/4849/1354 5919/4835/1350
f 5921/4837/1352 5935/4851/1356 5934/4850/1355 5920/4836/1351
f 5922/4838/1352 5936/4852/1356 5935/4851/1356 5921/4837/1352
f 5923/4839/1352 5937/4853/1356 5936/4852/1356 5922/4838/1352
f 5924/4840/1352 5938/4854/1356 5937/4853/1356 5923/4839/1352
f 5925/4841/1352 5939/4855/1356 5938/4854/1356 5924/4840/1352
f 5926/4842/1352 5940/4856/1356 5939/4855/1356 5925/4841/1352
f 5928/4843/1353 5942/4857/1357 5941/4858/1357 5927/4844/1353
f 5929/4845/1353 5943/4859/1357 5942/4857/1357 5928/4843/1353
f 5930/4846/1353 5944/4860/1357 5943/4859/1357 5929/4845/1353
f 5931/4847/1353 5945/4861/1357 5944/4860/1357 5930/4846/1353
f 5932/4848/1353 5946/4862/1357 5945/4861/1357 5931/4847/1353
f 5933/4849/1354 5947/4863/1358 5946/4862/1357 5932/4848/1353
f 5934/4850/1355 5948/4864/1359 5947/4863/1358 5933/4849/1354
f 5935/4851/1356 5949/4865/1360 5948/4864/1359 5934/4850/1355
f 5936/4852/1356 5950/4866/1360 5949/4865/1360 5935/4851/1356
f 5937/4853/1356 5951/4867/1360 5950/4866/1360 5936/4852/1356
f 5938/4854/1356 5952/4868/1360 5951/4867/1360 5937/4853/1356
f 5939/4855/1356 5953/4869/1360 5952/4868/1360 5938/4854/1356
f 5940/4856/1356 5954/4870/1360 5953/4869/1360 5939/4855/1356
f 5942/4857/1357 5956/4871/1361 5955/4872/1361 5941/4858/1357
f 5943/4859/1357 5957/4873/1361 5956/4871/1361 5942/4857/1357
f 5944/4860/1357 5958/4874/1361 5957/4873/1361 5943/4859/1357
f 5945/4861/1357 5959/4875/1361 5958/4874/1361 5944/4860/1357
f 5946/4862/1357 5960/4876/1361 5959/4875/1361 5945/4861/1357
f 5947/4863/1358 5961/4877/1362 5960/4876/1361 5946/4862/1357
f 5948/4864/1359 5962/4878/1363 5961/4877/1362 5947/4863/1358
f 5949/4865/1360 5963/4879/1364 5962/4878/1363 5948/4864/1359
f 5950/4866/1360 5964/4880/1364 5963/4879/1364 5949/4865/1360
f 5951/4867/1360 5965/4881/1364 5964/4880/1364 5950/4866/1360
f 5952/4868/1360 5966/4882/1364 5965/4881/1364 5951/4867/1360
f 5953/4869/1360 5967/4883/1364 5966/4882/1364 5952/4868/1360
f 5954/4870/1360 5968/4884/1364 5967/4883/1364 5953/4869/1360
f 5956/4871/1361 5970/4885/1365 5969/4886/1365 5955/4872/1361
f 5957/4873/1361 5971/4887/1365 5970/4885/1365 5956/4871/1361
f 5958/4874/1361 5972/4888/1365 5971/4887/1365 5957/4873/1361
f 5959/4875/1361 5973/4889/1365 5972/4888/1365 5958/4874/1361
f 5960/4876/1361 5974/4890/1365 5973/4889/1365 5959/4875/1361
f 5961/4877/1362 5975/4891/1366 5974/4890/1365 5960/4876/1361
f 5962/4878/1363 5976/4892/1367 5975/4891/1366 5961/4877/1362
f 5963/4879/1364 5977/4893/1368 5976/4892/1367 5962/4878/1363
f 5964/4880/1364 5978/4894/1368 5977/4893/1368 5963/4879/1364
f 5965/4881/1364 5979/4895/1368 5978/4894/1368 5964/4880/1364
f 5966/4882/1364 5980/4896/1368 5979/4895/1368 5965/4881/1364
f 5967/4883/1364 5981/4897/1368 5980/4896/1368 5966/4882/1364
f 5968/4884/1364 5982/4898/1368 5981/4897/1368 5967/4883/1364
f 5970/4885/1365 5984/408/1369 5983/409/1369 5969/4886/1365
f 5971/4887/1365 5985/410/1369 5984/408/1369 5970/4885/1365
f 5972/4888/1365 5986/411/1369 5985/410/1369 5971/4887/1365
f 5973/4889/1365 5987/412/1369 5986/411/1369 5972/4888/1365
f 5974/4890/1365 5988/413/1369 5987/412/1369 5973/4889/1365
f 5975/4891/1366 5989/414/1370 5988/413/1369 5974/4890/1365
f 5976/4892/1367 5990/415/1371 5989/414/1370 5975/4891/1366
f 5977/4893/1368 5991/416/1372 5990/415/1371 5976/4892/1367
f 5978/4894/1368 5992/417/1372 5991/416/1372 5977/4893/1368
f 5979/4895/1368 5993/418/1372 5992/417/1372 5978/4894/1368
f 5980/4896/1368 5994/419/1372 5993/418/1372 5979/4895/1368
f 5981/4897/1368 5995/420/1372 5994/419/1372 5980/4896/1368
f 5982/4898/1368 5996/421/1372 5995/420/1372 5981/4897/1368
f 5984/408/1369 5998/4899/1373 5997/4900/1373 5983/409/1369
f 5985/410/1369 5999/4901/1373 5998/4899/1373 5984/408/1369
f 5986/411/1369 6000/4902/1373 5999/4901/1373 5985/410/1369
f 5987/412/1369 6001/4903/1373 6000/4902/1373 5986/411/1369
f 5988/413/1369 6002/4904/1373 6001/4903/1373 5987/412/1369
f 5989/414/1370 6003/4905/1374 6002/4904/1373 5988/413/1369
f 5990/415/1371 6004/4906/1375 6003/4905/1374 5989/414/1370
f 5991/416/1372 6005/4907/1376 6004/4906/1375 5990/415/1371
f 5992/417/1372 6006/4908/1376 6005/4907/1376 5991/416/1372
f 5993/418/1372 6007/4909/1376 6006/4908/1376 5992/417/1372
f 5994/419/1372 6008/4910/1376 6007/4909/1376 5993/418/1372
f 5995/420/1372 6009/4911/1376 6008/4910/1376 5994/419/1372
f 5996/421/1372 6010/4912/1376 6009/4911/1376 5995/420/1372
f 5998/4899/1373 6012/4913/1377 6011/4914/1377 5997/4900/1373
f 5999/4901/1373 6013/4915/1377 6012/4913/1377 5998/4899/1373
f 6000/4902/1373 6014/4916/1377 6013/4915/1377 5999/4901/1373
f 6001/4903/1373 6015/4917/1377 6014/4916/1377 6000/4902/1373
f 6002/4904/1373 6016/4918/1377 6015/4917/1377 6001/4903/1373
f 6003/4905/1374 6017/4919/1378 6016/4918/1377 6002/4904/1373
f 6004/4906/1375 6018/4920/1379 6017/4919/1378 6003/4905/1374
f 6005/4907/1376 6019/4921/1380 6018/4920/1379 6004/4906/1375
f 6006/4908/1376 6020/4922/1380 6019/4921/1380 6005/4907/1376
f 6007/4909/1376 6021/4923/1380 6020/4922/1380 6006/4908/1376
f 6008/4910/1376 6022/4924/1380 6021/4923/1380 6007/4909/1376
f 6009/4911/1376 6023/4925/1380 6022/4924/1380 6008/4910/1376
f 6010/4912/1376 6024/4926/1380 6023/4925/1380 6009/4911/1376
f 6012/4913/1377 6026/4927/1381 6025/4928/1381 6011/4914/1377
f 6013/4915/1377 6027/4929/1381 6026/4927/1381 6012/4913/1377
f 6014/4916/1377 6028/4930/1381 6027/4929/1381 6013/4915/1377
f 6015/4917/1377 6029/4931/1381 6028/4930/1381 6014/4916/1377
f 6016/4918/1377 6030/4932/1381 6029/4931/1381 6015/4917/1377
f 6017/4919/1378 6031/4933/1382 6030/4932/1381 6016/4918/1377
f 6018/4920/1379 6032/4934/1383 6031/4933/1382 6017/4919/1378
f 6019/4921/1380 6033/4935/1384 6032/4934/1383 6018/4920/1379
f 6020/4922/1380 6034/4936/1384 6033/4935/1384 6019/4921/1380
f 6021/4923/1380 6035/4937/1384 6034/4936/1384 6020/4922/1380
f 6022/4924/1380 6036/4938/1384 6035/4937/1384 6021/4923/1380
f 6023/4925/1380 6037/4939/1384 6036/4938/1384 6022/4924/1380
f 6024/4926/1380 6038/4940/1384 6037/4939/1384 6023/4925/1380
f 6026/4927/1381 6040/4941/1385 6039/4942/1385 6025/4928/1381
f 6027/4929/1381 6041/4943/1385 6040/4941/1385 6026/4927/1381
f 6028/4930/1381 6042/4944/1385 6041/4943/1385 6027/4929/1381
f 6029/4931/1381 6043/4945/1385 6042/4944/1385 6028/4930/1381
f 6030/4932/1381 6044/4946/1385 6043/4945/1385 6029/4931/1381
f 6031/4933/1382 6045/4947/1386 6044/4946/1385 6030/4932/1381
f 6032/4934/1383 6046/4948/1387 6045/4947/1386 6031/4933/1382
f 6033/4935/1384 6047/4949/1388 6046/4948/1387 6032/4934/1383
f 6034/4936/1384 6048/4950/1388 6047/4949/1388 6033/4935/1384
f 6035/4937/1384 6049/4951/1388 6048/4950/1388 6034/4936/1384
f 6036/4938/1384 6050/4952/1388 6049/4951/1388 6035/4937/1384
f 6037/4939/1384 6051/4953/1388 6050/4952/1388 6036/4938/1384
f 6038/4940/1384 6052/4954/1388 6051/4953/1388 6037/4939/1384
f 6040/4941/1385 6054/4955/1389 6053/4956/1389 6039/4942/1385
f 6041/4943/1385 6055/4957/1389 6054/4955/1389 6040/4941/1385
f 6042/4944/1385 6056/4958/1389 6055/4957/1389 6041/4943/1385
f 6043/4945/1385 6057/4959/1389 6056/4958/1389 6042/4944/1385
f 6044/4946/1385 6058/4960/1389 6057/4959/1389 6043/4945/1385
f 6045/4947/1386 6059/4961/1390 6058/4960/1389 6044/4946/1385
f 6046/4948/1387 6060/4962/1391 6059/4961/1390 6045/4947/1386
f 6047/4949/1388 6061/4963/1392 6060/4962/1391 6046/4948/1387
f 6048/4950/1388 6062/4964/1392 6061/4963/1392 6047/4949/1388
f 6049/4951/1388 6063/4965/1392 6062/4964/1392 6048/4950/1388
f 6050/4952/1388 6064/4966/1392 6063/4965/1392 6049/4951/1388
f 6051/4953/1388 6065/4967/1392 6064/4966/1392 6050/4952/1388
f 6052/4954/1388 6066/4968/1392 6065/4967/1392 6051/4953/1388
f 6054/4955/1389 5396/422/1201 5395/81/1201 6053/4956/1389
f 6055/4957/1389 5397/423/1201 5396/422/1201 6054/4955/1389
f 6056/4958/1389 5398/424/1201 5397/423/1201 6055/4957/1389
f 6057/4959/1389 5399/425/1201 5398/424/1201 6056/4958/1389
f 6058/4960/1389 5400/426/1201 5399/425/1201 6057/4959/1389
f 6059/4961/1390 5401/427/1203 5400/426/1201 6058/4960/1389
f 6060/4962/1391 5402/428/1205 5401/427/1203 6059/4961/1390
f 6061/4963/1392 5403/429/1207 5402/428/1205 6060/4962/1391
f 6062/4964/1392 5404/430/1207 5403/429/1207 6061/4963/1392
f 6063/4965/1392 5405/431/1207 5404/430/1207 6062/4964/1392
f 6064/4966/1392 5406/432/1207 5405/431/1207 6063/4965/1392
f 6065/4967/1392 5407/433/1207 5406/432/1207 6064/4966/1392
f 6066/4968/1392 5408/434/1207 5407/433/1207 6065/4967/1392
f 6068/312/21 6082/3627/3 6081/3628/3 6067/75/21
f 6069/315/21 6083/3629/3 6082/3627/3 6068/312/21
f 6070/317/21 6084/3630/3 6083/3629/3 6069/315/21
f 6071/319/21 6085/3631/3 6084/3630/3 6070/317/21
f 6072/321/21 6086/3632/3 6085/3631/3 6071/319/21
f 6073/323/22 6087/3633/5 6086/3632/3 6072/321/21
f 6074/325/23 6088/3634/7 6087/3633/5 6073/323/22
f 6075/327/24 6089/3635/8 6088/3634/7 6074/325/23
f 6076/329/24 6090/3636/8 6089/3635/8 6075/327/24
f 6077/331/24 6091/3637/8 6090/3636/8 6076/329/24
f 6078/333/24 6092/3638/8 6091/3637/8 6077/331/24
f 6079/335/24 6093/3639/8 6092/3638/8 6078/333/24
f 6080/337/24 6094/3640/8 6093/3639/8 6079/335/24
f 6082/3627/3 6096/3641/3 6095/3642/3 6081/3628/3
f 6083/3629/3 6097/3643/3 6096/3641/3 6082/3627/3
f 6084/3630/3 6098/3644/3 6097/3643/3 6083/3629/3
f 6085/3631/3 6099/3645/3 6098/3644/3 6084/3630/3
f 6086/3632/3 6100/3646/3 6099/3645/3 6085/3631/3
f 6087/3633/5 6101/3647/4 6100/3646/3 6086/3632/3
f 6088/3634/7 6102/3648/6 6101/3647/4 6087/3633/5
f 6089/3635/8 6103/3649/8 6102/3648/6 6088/3634/7
f 6090/3636/8 6104/3650/8 6103/3649/8 6089/3635/8
f 6091/3637/8 6105/3651/8 6104/3650/8 6090/3636/8
f 6092/3638/8 6106/3652/8 6105/3651/8 6091/3637/8
f 6093/3639/8 6107/3653/8 6106/3652/8 6092/3638/8
f 6094/3640/8 6108/3654/8 6107/3653/8 6093/3639/8
f 6096/3641/3 6110/3655/985 6109/3656/985 6095/3642/3
f 6097/3643/3 6111/3657/985 6110/3655/985 6096/3641/3
f 6098/3644/3 6112/3658/985 6111/3657/985 6097/3643/3
f 6099/3645/3 6113/3659/985 6112/3658/985 6098/3644/3
f 6100/3646/3 6114/3660/985 6113/3659/985 6099/3645/3
f 6101/3647/4 6115/3661/986 6114/3660/985 6100/3646/3
f 6102/3648/6 6116/3662/987 6115/3661/986 6101/3647/4
f 6103/3649/8 6117/3663/988 6116/3662/987 6102/3648/6
f 6104/3650/8 6118/3664/988 6117/3663/988 6103/3649/8
f 6105/3651/8 6119/3665/988 6118/3664/988 6104/3650/8
f 6106/3652/8 6120/3666/988 6119/3665/988 6105/3651/8
f 6107/3653/8 6121/3667/988 6120/3666/988 6106/3652/8
f 6108/3654/8 6122/3668/988 6121/3667/988 6107/3653/8
f 6110/3655/985 6124/3669/989 6123/3670/989 6109/3656/985
f 6111/3657/985 6125/3671/989 6124/3669/989 6110/3655/985
f 6112/3658/985 6126/3672/989 6125/3671/989 6111/3657/985
f 6113/3659/985 6127/3673/989 6126/3672/989 6112/3658/985
f 6114/3660/985 6128/3674/989 6127/3673/989 6113/3659/985
f 6115/3661/986 6129/3675/990 6128/3674/989 6114/3660/985
f 6116/3662/987 6130/3676/991 6129/3675/990 6115/3661/986
f 6117/3663/988 6131/3677/992 6130/3676/991 6116/3662/987
f 6118/3664/988 6132/3678/992 6131/3677/992 6117/3663/988
f 6119/3665/988 6133/3679/992 6132/3678/992 6118/3664/988
f 6120/3666/988 6134/3680/992 6133/3679/992 6119/3665/988
f 6121/3667/988 6135/3681/992 6134/3680/992 6120/3666/988
f 6122/3668/988 6136/3682/992 6135/3681/992 6121/3667/988
f 6124/3669/989 6138/3683/993 6137/3684/993 6123/3670/989
f 6125/3671/989 6139/3685/993 6138/3683/993 6124/3669/989
f 6126/3672/989 6140/3686/993 6139/3685/993 6125/3671/989
f 6127/3673/989 6141/3687/993 6140/3686/993 6126/3672/989
f 6128/3674/989 6142/3688/993 6141/3687/993 6127/3673/989
f 6129/3675/990 6143/3689/994 6142/3688/993 6128/3674/989
f 6130/3676/991 6144/3690/995 6143/3689/994 6129/3675/990
f 6131/3677/992 6145/3691/996 6144/3690/995 6130/3676/991
f 6132/3678/992 6146/3692/996 6145/3691/996 6131/3677/992
f 6133/3679/992 6147/3693/996 6146/3692/996 6132/3678/992
f 6134/3680/992 6148/3694/996 6147/3693/996 6133/3679/992
f 6135/3681/992 6149/3695/996 6148/3694/996 6134/3680/992
f 6136/3682/992 6150/3696/996 6149/3695/996 6135/3681/992
f 6138/3683/993 6152/3697/997 6151/3698/997 6137/3684/993
f 6139/3685/993 6153/3699/997 6152/3697/997 6138/3683/993
f 6140/3686/993 6154/3700/997 6153/3699/997 6139/3685/993
f 6141/3687/993 6155/3701/997 6154/3700/997 6140/3686/993
f 6142/3688/993 6156/3702/997 6155/3701/997 6141/3687/993
f 6143/3689/994 6157/3703/998 6156/3702/997 6142/3688/993
f 6144/3690/995 6158/3704/999 6157/3703/998 6143/3689/994
f 6145/3691/996 6159/3705/1000 6158/3704/999 6144/3690/995
f 6146/3692/996 6160/3706/1000 6159/3705/1000 6145/3691/996
f 6147/3693/996 6161/3707/1000 6160/3706/1000 6146/3692/996
f 6148/3694/996 6162/3708/1000 6161/3707/1000 6147/3693/996
f 6149/3695/996 6163/3709/1000 6162/3708/1000 6148/3694/996
f 6150/3696/996 6164/3710/1000 6163/3709/1000 6149/3695/996
f 6152/3697/997 6166/3711/1001 6165/3712/1001 6151/3698/997
f 6153/3699/997 6167/3713/1001 6166/3711/1001 6152/3697/997
f 6154/3700/997 6168/3714/1001 6167/3713/1001 6153/3699/997
f 6155/3701/997 6169/3715/1001 6168/3714/1001 6154/3700/997
f 6156/3702/997 6170/3716/1001 6169/3715/1001 6155/3701/997
f 6157/3703/998 6171/3717/1002 6170/3716/1001 6156/3702/997
f 6158/3704/999 6172/3718/1003 6171/3717/1002 6157/3703/998
f 6159/3705/1000 6173/3719/1004 6172/3718/1003 6158/3704/999
f 6160/3706/1000 6174/3720/1004 6173/3719/1004 6159/3705/1000
f 6161/3707/1000 6175/3721/1004 6174/3720/1004 6160/3706/1000
f 6162/3708/1000 6176/3722/1004 6175/3721/1004 6161/3707/1000
f 6163/3709/1000 6177/3723/1004 6176/3722/1004 6162/3708/1000
f 6164/3710/1000 6178/3724/1004 6177/3723/1004 6163/3709/1000
f 6166/3711/1001 6180/3725/1005 6179/3726/1005 6165/3712/1001
f 6167/3713/1001 6181/3727/1005 6180/3725/1005 6166/3711/1001
f 6168/3714/1001 6182/3728/1005 6181/3727/1005 6167/3713/1001
f 6169/3715/1001 6183/3729/1005 6182/3728/1005 6168/3714/1001
f 6170/3716/1001 6184/3730/1005 6183/3729/1005 6169/3715/1001
f 6171/3717/1002 6185/3731/1006 6184/3730/1005 6170/3716/1001
f 6172/3718/1003 6186/3732/1007 6185/3731/1006 6171/3717/1002
f 6173/3719/1004 6187/3733/1008 6186/3732/1007 6172/3718/1003
f 6174/3720/1004 6188/3734/1008 6187/3733/1008 6173/3719/1004
f 6175/3721/1004 6189/3735/1008 6188/3734/1008 6174/3720/1004
f 6176/3722/1004 6190/3736/1008 6189/3735/1008 6175/3721/1004
f 6177/3723/1004 6191/3737/1008 6190/3736/1008 6176/3722/1004
f 6178/3724/1004 6192/3738/1008 6191/3737/1008 6177/3723/1004
f 6180/3725/1005 6194/3739/1009 6193/3740/1009 6179/3726/1005
f 6181/3727/1005 6195/3741/1009 6194/3739/1009 6180/3725/1005
f 6182/3728/1005 6196/3742/1009 6195/3741/1009 6181/3727/1005
f 6183/3729/1005 6197/3743/1009 6196/3742/1009 6182/3728/1005
f 6184/3730/1005 6198/3744/1009 6197/3743/1009 6183/3729/1005
f 6185/3731/1006 6199/3745/1010 6198/3744/1009 6184/3730/1005
f 6186/3732/1007 6200/3746/1011 6199/3745/1010 6185/3731/1006
f 6187/3733/1008 6201/3747/1012 6200/3746/1011 6186/3732/1007
f 6188/3734/1008 6202/3748/1012 6201/3747/1012 6187/3733/1008
f 6189/3735/1008 6203/3749/1012 6202/3748/1012 6188/3734/1008
f 6190/3736/1008 6204/3750/1012 6203/3749/1012 6189/3735/1008
f 6191/3737/1008 6205/3751/1012 6204/3750/1012 6190/3736/1008
f 6192/3738/1008 6206/3752/1012 6205/3751/1012 6191/3737/1008
f 6194/3739/1009 6208/3753/1013 6207/3754/1013 6193/3740/1009
f 6195/3741/1009 6209/3755/1013 6208/3753/1013 6194/3739/1009
f 6196/3742/1009 6210/3756/1013 6209/3755/1013 6195/3741/1009
f 6197/3743/1009 6211/3757/1013 6210/3756/1013 6196/3742/1009
f 6198/3744/1009 6212/3758/1013 6211/3757/1013 6197/3743/1009
f 6199/3745/1010 6213/3759/1014 6212/3758/1013 6198/3744/1009
f 6200/3746/1011 6214/3760/1015 6213/3759/1014 6199/3745/1010
f 6201/3747/1012 6215/3761/1016 6214/3760/1015 6200/3746/1011
f 6202/3748/1012 6216/3762/1016 6215/3761/1016 6201/3747/1012
f 6203/3749/1012 6217/3763/1016 6216/3762/1016 6202/3748/1012
f 6204/3750/1012 6218/3764/1016 6217/3763/1016 6203/3749/1012
f 6205/3751/1012 6219/3765/1016 6218/3764/1016 6204/3750/1012
f 6206/3752/1012 6220/3766/1016 6219/3765/1016 6205/3751/1012
f 6208/3753/1013 6222/3767/1017 6221/3768/1017 6207/3754/1013
f 6209/3755/1013 6223/3769/1017 6222/3767/1017 6208/3753/1013
f 6210/3756/1013 6224/3770/1017 6223/3769/1017 6209/3755/1013
f 6211/3757/1013 6225/3771/1017 6224/3770/1017 6210/3756/1013
f 6212/3758/1013 6226/3772/1017 6225/3771/1017 6211/3757/1013
f 6213/3759/1014 6227/3773/1018 6226/3772/1017 6212/3758/1013
f 6214/3760/1015 6228/3774/1019 6227/3773/1018 6213/3759/1014
f 6215/3761/1016 6229/3775/1020 6228/3774/1019 6214/3760/1015
f 6216/3762/1016 6230/3776/1020 6229/3775/1020 6215/3761/1016
f 6217/3763/1016 6231/3777/1020 6230/3776/1020 6216/3762/1016
f 6218/3764/1016 6232/3778/1020 6231/3777/1020 6217/3763/1016
f 6219/3765/1016 6233/3779/1020 6232/3778/1020 6218/3764/1016
f 6220/3766/1016 6234/3780/1020 6233/3779/1020 6219/3765/1016
f 6222/3767/1017 6236/3781/1021 6235/3782/1021 6221/3768/1017
f 6223/3769/1017 6237/3783/1021 6236/3781/1021 6222/3767/1017
f 6224/3770/1017 6238/3784/1021 6237/3783/1021 6223/3769/1017
f 6225/3771/1017 6239/3785/1021 6238/3784/1021 6224/3770/1017
f 6226/3772/1017 6240/3786/1021 6239/3785/1021 6225/3771/1017
f 6227/3773/1018 6241/3787/1022 6240/3786/1021 6226/3772/1017
f 6228/3774/1019 6242/3788/1023 6241/3787/1022 6227/3773/1018
f 6229/3775/1020 6243/3789/1024 6242/3788/1023 6228/3774/1019
f 6230/3776/1020 6244/3790/1024 6243/3789/1024 6229/3775/1020
f 6231/3777/1020 6245/3791/1024 6244/3790/1024 6230/3776/1020
f 6232/3778/1020 6246/3792/1024 6245/3791/1024 6231/3777/1020
f 6233/3779/1020 6247/3793/1024 6246/3792/1024 6232/3778/1020
f 6234/3780/1020 6248/3794/1024 6247/3793/1024 6233/3779/1020
f 6236/3781/1021 6250/3795/1025 6249/3796/1025 6235/3782/1021
f 6237/3783/1021 6251/3797/1025 6250/3795/1025 6236/3781/1021
f 6238/3784/1021 6252/3798/1025 6251/3797/1025 6237/3783/1021
f 6239/3785/1021 6253/3799/1025 6252/3798/1025 6238/3784/1021
f 6240/3786/1021 6254/3800/1025 6253/3799/1025 6239/3785/1021
f 6241/3787/1022 6255/3801/1026 6254/3800/1025 6240/3786/1021
f 6242/3788/1023 6256/3802/1027 6255/3801/1026 6241/3787/1022
f 6243/3789/1024 6257/3803/1028 6256/3802/1027 6242/3788/1023
f 6244/3790/1024 6258/3804/1028 6257/3803/1028 6243/3789/1024
f 6245/3791/1024 6259/3805/1028 6258/3804/1028 6244/3790/1024
f 6246/3792/1024 6260/3806/1028 6259/3805/1028 6245/3791/1024
f 6247/3793/1024 6261/3807/1028 6260/3806/1028 6246/3792/1024
f 6248/3794/1024 6262/3808/1028 6261/3807/1028 6247/3793/1024
f 6250/3795/1025 6264/3809/1029 6263/3810/1029 6249/3796/1025
f 6251/3797/1025 6265/3811/1029 6264/3809/1029 6250/3795/1025
f 6252/3798/1025 6266/3812/1029 6265/3811/1029 6251/3797/1025
f 6253/3799/1025 6267/3813/1029 6266/3812/1029 6252/3798/1025
f 6254/3800/1025 6268/3814/1029 6267/3813/1029 6253/3799/1025
f 6255/3801/1026 6269/3815/1030 6268/3814/1029 6254/3800/1025
f 6256/3802/1027 6270/3816/1031 6269/3815/1030 6255/3801/1026
f 6257/3803/1028 6271/3817/1032 6270/3816/1031 6256/3802/1027
f 6258/3804/1028 6272/3818/1032 6271/3817/1032 6257/3803/1028
f 6259/3805/1028 6273/3819/1032 6272/3818/1032 6258/3804/1028
f 6260/3806/1028 6274/3820/1032 6273/3819/1032 6259/3805/1028
f 6261/3807/1028 6275/3821/1032 6274/3820/1032 6260/3806/1028
f 6262/3808/1028 6276/3822/1032 6275/3821/1032 6261/3807/1028
f 6264/3809/1029 6278/3823/1033 6277/3824/1033 6263/3810/1029
f 6265/3811/1029 6279/3825/1033 6278/3823/1033 6264/3809/1029
f 6266/3812/1029 6280/3826/1033 6279/3825/1033 6265/3811/1029
f 6267/3813/1029 6281/3827/1033 6280/3826/1033 6266/3812/1029
f 6268/3814/1029 6282/3828/1033 6281/3827/1033 6267/3813/1029
f 6269/3815/1030 6283/3829/1034 6282/3828/1033 6268/3814/1029
f 6270/3816/1031 6284/3830/1035 6283/3829/1034 6269/3815/1030
f 6271/3817/1032 6285/3831/1036 6284/3830/1035 6270/3816/1031
f 6272/3818/1032 6286/3832/1036 6285/3831/1036 6271/3817/1032
f 6273/3819/1032 6287/3833/1036 6286/3832/1036 6272/3818/1032
f 6274/3820/1032 6288/3834/1036 6287/3833/1036 6273/3819/1032
f 6275/3821/1032 6289/3835/1036 6288/3834/1036 6274/3820/1032
f 6276/3822/1032 6290/3836/1036 6289/3835/1036 6275/3821/1032
f 6278/3823/1033 6292/3837/1037 6291/3838/1037 6277/3824/1033
f 6279/3825/1033 6293/3839/1393 6292/3837/1037 6278/3823/1033
f 6280/3826/1033 6294/3840/1037 6293/3839/1393 6279/3825/1033
f 6281/3827/1033 6295/3841/1037 6294/3840/1037 6280/3826/1033
f 6282/3828/1033 6296/3842/1037 6295/3841/1037 6281/3827/1033
f 6283/3829/1034 6297/3843/1038 6296/3842/1037 6282/3828/1033
f 6284/3830/1035 6298/3844/1039 6297/3843/1038 6283/3829/1034
f 6285/3831/1036 6299/3845/1040 6298/3844/1039 6284/3830/1035
f 6286/3832/1036 6300/3846/1040 6299/3845/1040 6285/3831/1036
f 6287/3833/1036 6301/3847/1040 6300/3846/1040 6286/3832/1036
f 6288/3834/1036 6302/3848/1394 6301/3847/1040 6287/3833/1036
f 6289/3835/1036 6303/3849/1040 6302/3848/1394 6288/3834/1036
f 6290/3836/1036 6304/3850/1040 6303/3849/1040 6289/3835/1036
f 6292/3837/1037 6306/3851/1041 6305/3852/1041 6291/3838/1037
f 6293/3839/1393 6307/3853/1041 6306/3851/1041 6292/3837/1037
f 6294/3840/1037 6308/3854/1041 6307/3853/1041 6293/3839/1393
f 6295/3841/1037 6309/3855/1041 6308/3854/1041 6294/3840/1037
f 6296/3842/1037 6310/3856/1041 6309/3855/1041 6295/3841/1037
f 6297/3843/1038 6311/3857/1042 6310/3856/1041 6296/3842/1037
f 6298/3844/1039 6312/3858/1043 6311/3857/1042 6297/3843/1038
f 6299/3845/1040 6313/3859/1044 6312/3858/1043 6298/3844/1039
f 6300/3846/1040 6314/3860/1044 6313/3859/1044 6299/3845/1040
f 6301/3847/1040 6315/3861/1044 6314/3860/1044 6300/3846/1040
f 6302/3848/1394 6316/3862/1044 6315/3861/1044 6301/3847/1040
f 6303/3849/1040 6317/3863/1044 6316/3862/1044 6302/3848/1394
f 6304/3850/1040 6318/3864/1044 6317/3863/1044 6303/3849/1040
f 6306/3851/1041 6320/3865/1045 6319/3866/1045 6305/3852/1041
f 6307/3853/1041 6321/3867/1045 6320/3865/1045 6306/3851/1041
f 6308/3854/1041 6322/3868/1045 6321/3867/1045 6307/3853/1041
f 6309/3855/1041 6323/3869/1045 6322/3868/1045 6308/3854/1041
f 6310/3856/1041 6324/3870/1045 6323/3869/1045 6309/3855/1041
f 6311/3857/1042 6325/3871/1046 6324/3870/1045 6310/3856/1041
f 6312/3858/1043 6326/3872/1047 6325/3871/1046 6311/3857/1042
f 6313/3859/1044 6327/3873/1048 6326/3872/1047 6312/3858/1043
f 6314/3860/1044 6328/3874/1048 6327/3873/1048 6313/3859/1044
f 6315/3861/1044 6329/3875/1048 6328/3874/1048 6314/3860/1044
f 6316/3862/1044 6330/3876/1048 6329/3875/1048 6315/3861/1044
f 6317/3863/1044 6331/3877/1048 6330/3876/1048 6316/3862/1044
f 6318/3864/1044 6332/3878/1048 6331/3877/1048 6317/3863/1044
f 6320/3865/1045 6334/3879/1049 6333/3880/1049 6319/3866/1045
f 6321/3867/1045 6335/3881/1049 6334/3879/1049 6320/3865/1045
f 6322/3868/1045 6336/3882/1049 6335/3881/1049 6321/3867/1045
f 6323/3869/1045 6337/3883/1049 6336/3882/1049 6322/3868/1045
f 6324/3870/1045 6338/3884/1049 6337/3883/1049 6323/3869/1045
f 6325/3871/1046 6339/3885/1050 6338/3884/1049 6324/3870/1045
f 6326/3872/1047 6340/3886/1051 6339/3885/1050 6325/3871/1046
f 6327/3873/1048 6341/3887/1052 6340/3886/1051 6326/3872/1047
f 6328/3874/1048 6342/3888/1052 6341/3887/1052 6327/3873/1048
f 6329/3875/1048 6343/3889/1052 6342/3888/1052 6328/3874/1048
f 6330/3876/1048 6344/3890/1052 6343/3889/1052 6329/3875/1048
f 6331/3877/1048 6345/3891/1052 6344/3890/1052 6330/3876/1048
f 6332/3878/1048 6346/3892/1052 6345/3891/1052 6331/3877/1048
f 6334/3879/1049 6348/3893/1053 6347/3894/1053 6333/3880/1049
f 6335/3881/1049 6349/3895/1053 6348/3893/1053 6334/3879/1049
f 6336/3882/1049 6350/3896/1053 6349/3895/1053 6335/3881/1049
f 6337/3883/1049 6351/3897/1053 6350/3896/1053 6336/3882/1049
f 6338/3884/1049 6352/3898/1053 6351/3897/1053 6337/3883/1049
f 6339/3885/1050 6353/3899/1054 6352/3898/1053 6338/3884/1049
f 6340/3886/1051 6354/3900/1055 6353/3899/1054 6339/3885/1050
f 6341/3887/1052 6355/3901/1056 6354/3900/1055 6340/3886/1051
f 6342/3888/1052 6356/3902/1056 6355/3901/1056 6341/3887/1052
f 6343/3889/1052 6357/3903/1056 6356/3902/1056 6342/3888/1052
f 6344/3890/1052 6358/3904/1056 6357/3903/1056 6343/3889/1052
f 6345/3891/1052 6359/3905/1056 6358/3904/1056 6344/3890/1052
f 6346/3892/1052 6360/3906/1056 6359/3905/1056 6345/3891/1052
f 6348/3893/1053 6362/3907/1057 6361/3908/1057 6347/3894/1053
f 6349/3895/1053 6363/3909/1057 6362/3907/1057 6348/3893/1053
f 6350/3896/1053 6364/3910/1057 6363/3909/1057 6349/3895/1053
f 6351/3897/1053 6365/3911/1057 6364/3910/1057 6350/3896/1053
f 6352/3898/1053 6366/3912/1057 6365/3911/1057 6351/3897/1053
f 6353/3899/1054 6367/3913/1058 6366/3912/1057 6352/3898/1053
f 6354/3900/1055 6368/3914/1059 6367/3913/1058 6353/3899/1054
f 6355/3901/1056 6369/3915/1060 6368/3914/1059 6354/3900/1055
f 6356/3902/1056 6370/3916/1060 6369/3915/1060 6355/3901/1056
f 6357/3903/1056 6371/3917/1060 6370/3916/1060 6356/3902/1056
f 6358/3904/1056 6372/3918/1060 6371/3917/1060 6357/3903/1056
f 6359/3905/1056 6373/3919/1060 6372/3918/1060 6358/3904/1056
f 6360/3906/1056 6374/3920/1060 6373/3919/1060 6359/3905/1056
f 6362/3907/1057 6376/3921/1061 6375/3922/1061 6361/3908/1057
f 6363/3909/1057 6377/3923/1061 6376/3921/1061 6362/3907/1057
f 6364/3910/1057 6378/3924/1061 6377/3923/1061 6363/3909/1057
f 6365/3911/1057 6379/3925/1061 6378/3924/1061 6364/3910/1057
f 6366/3912/1057 6380/3926/1061 6379/3925/1061 6365/3911/1057
f 6367/3913/1058 6381/3927/1062 6380/3926/1061 6366/3912/1057
f 6368/3914/1059 6382/3928/1063 6381/3927/1062 6367/3913/1058
f 6369/3915/1060 6383/3929/1064 6382/3928/1063 6368/3914/1059
f 6370/3916/1060 6384/3930/1064 6383/3929/1064 6369/3915/1060
f 6371/3917/1060 6385/3931/1064 6384/3930/1064 6370/3916/1060
f 6372/3918/1060 6386/3932/1064 6385/3931/1064 6371/3917/1060
f 6373/3919/1060 6387/3933/1064 6386/3932/1064 6372/3918/1060
f 6374/3920/1060 6388/3934/1064 6387/3933/1064 6373/3919/1060
f 6376/3921/1061 6390/3935/1065 6389/3936/1065 6375/3922/1061
f 6377/3923/1061 6391/3937/1065 6390/3935/1065 6376/3921/1061
f 6378/3924/1061 6392/3938/1065 6391/3937/1065 6377/3923/1061
f 6379/3925/1061 6393/3939/1065 6392/3938/1065 6378/3924/1061
f 6380/3926/1061 6394/3940/1065 6393/3939/1065 6379/3925/1061
f 6381/3927/1062 6395/3941/1066 6394/3940/1065 6380/3926/1061
f 6382/3928/1063 6396/3942/1067 6395/3941/1066 6381/3927/1062
f 6383/3929/1064 6397/3943/1068 6396/3942/1067 6382/3928/1063
f 6384/3930/1064 6398/3944/1068 6397/3943/1068 6383/3929/1064
f 6385/3931/1064 6399/3945/1068 6398/3944/1068 6384/3930/1064
f 6386/3932/1064 6400/3946/1068 6399/3945/1068 6385/3931/1064
f 6387/3933/1064 6401/3947/1068 6400/3946/1068 6386/3932/1064
f 6388/3934/1064 6402/3948/1068 6401/3947/1068 6387/3933/1064
f 6390/3935/1065 6404/3949/1069 6403/3950/1069 6389/3936/1065
f 6391/3937/1065 6405/3951/1069 6404/3949/1069 6390/3935/1065
f 6392/3938/1065 6406/3952/1069 6405/3951/1069 6391/3937/1065
f 6393/3939/1065 6407/3953/1069 6406/3952/1069 6392/3938/1065
f 6394/3940/1065 6408/3954/1069 6407/3953/1069 6393/3939/1065
f 6395/3941/1066 6409/3955/1070 6408/3954/1069 6394/3940/1065
f 6396/3942/1067 6410/3956/1071 6409/3955/1070 6395/3941/1066
f 6397/3943/1068 6411/3957/1072 6410/3956/1071 6396/3942/1067
f 6398/3944/1068 6412/3958/1072 6411/3957/1072 6397/3943/1068
f 6399/3945/1068 6413/3959/1072 6412/3958/1072 6398/3944/1068
f 6400/3946/1068 6414/3960/1072 6413/3959/1072 6399/3945/1068
f 6401/3947/1068 6415/3961/1072 6414/3960/1072 6400/3946/1068
f 6402/3948/1068 6416/3962/1072 6415/3961/1072 6401/3947/1068
f 6404/3949/1069 6418/3963/1073 6417/3964/1073 6403/3950/1069
f 6405/3951/1069 6419/3965/1073 6418/3963/1073 6404/3949/1069
f 6406/3952/1069 6420/3966/1073 6419/3965/1073 6405/3951/1069
f 6407/3953/1069 6421/3967/1073 6420/3966/1073 6406/3952/1069
f 6408/3954/1069 6422/3968/1073 6421/3967/1073 6407/3953/1069
f 6409/3955/1070 6423/3969/1074 6422/3968/1073 6408/3954/1069
f 6410/3956/1071 6424/3970/1075 6423/3969/1074 6409/3955/1070
f 6411/3957/1072 6425/3971/1076 6424/3970/1075 6410/3956/1071
f 6412/3958/1072 6426/3972/1076 6425/3971/1076 6411/3957/1072
f 6413/3959/1072 6427/3973/1076 6426/3972/1076 6412/3958/1072
f 6414/3960/1072 6428/3974/1076 6427/3973/1076 6413/3959/1072
f 6415/3961/1072 6429/3975/1076 6428/3974/1076 6414/3960/1072
f 6416/3962/1072 6430/3976/1076 6429/3975/1076 6415/3961/1072
f 6418/3963/1073 6432/3977/1077 6431/3978/1077 6417/3964/1073
f 6419/3965/1073 6433/3979/1077 6432/3977/1077 6418/3963/1073
f 6420/3966/1073 6434/3980/1077 6433/3979/1077 6419/3965/1073
f 6421/3967/1073 6435/3981/1077 6434/3980/1077 6420/3966/1073
f 6422/3968/1073 6436/3982/1077 6435/3981/1077 6421/3967/1073
f 6423/3969/1074 6437/3983/1078 6436/3982/1077 6422/3968/1073
f 6424/3970/1075 6438/3984/1079 6437/3983/1078 6423/3969/1074
f 6425/3971/1076 6439/3985/1080 6438/3984/1079 6424/3970/1075
f 6426/3972/1076 6440/3986/1080 6439/3985/1080 6425/3971/1076
f 6427/3973/1076 6441/3987/1080 6440/3986/1080 6426/3972/1076
f 6428/3974/1076 6442/3988/1080 6441/3987/1080 6427/3973/1076
f 6429/3975/1076 6443/3989/1080 6442/3988/1080 6428/3974/1076
f 6430/3976/1076 6444/3990/1080 6443/3989/1080 6429/3975/1076
f 6432/3977/1077 6446/3991/1081 6445/3992/1081 6431/3978/1077
f 6433/3979/1077 6447/3993/1082 6446/3991/1081 6432/3977/1077
f 6434/3980/1077 6448/3994/1081 6447/3993/1082 6433/3979/1077
f 6435/3981/1077 6449/3995/1082 6448/3994/1081 6434/3980/1077
f 6436/3982/1077 6450/3996/1081 6449/3995/1082 6435/3981/1077
f 6437/3983/1078 6451/3997/1083 6450/3996/1081 6436/3982/1077
f 6438/3984/1079 6452/3998/1084 6451/3997/1083 6437/3983/1078
f 6439/3985/1080 6453/3999/1086 6452/3998/1084 6438/3984/1079
f 6440/3986/1080 6454/4000/1085 6453/3999/1086 6439/3985/1080
f 6441/3987/1080 6455/4001/1086 6454/4000/1085 6440/3986/1080
f 6442/3988/1080 6456/4002/1085 6455/4001/1086 6441/3987/1080
f 6443/3989/1080 6457/4003/1086 6456/4002/1085 6442/3988/1080
f 6444/3990/1080 6458/4004/1085 6457/4003/1086 6443/3989/1080
f 6446/3991/1081 6460/4005/1087 6459/4006/1087 6445/3992/1081
f 6447/3993/1082 6461/4007/1087 6460/4005/1087 6446/3991/1081
f 6448/3994/1081 6462/4008/1087 6461/4007/1087 6447/3993/1082
f 6449/3995/1082 6463/4009/1087 6462/4008/1087 6448/3994/1081
f 6450/3996/1081 6464/4010/1087 6463/4009/1087 6449/3995/1082
f 6451/3997/1083 6465/4011/1395 6464/4010/1087 6450/3996/1081
f 6452/3998/1084 6466/4012/1396 6465/4011/1395 6451/3997/1083
f 6453/3999/1086 6467/4013/1090 6466/4012/1396 6452/3998/1084
f 6454/4000/1085 6468/4014/1090 6467/4013/1090 6453/3999/1086
f 6455/4001/1086 6469/4015/1090 6468/4014/1090 6454/4000/1085
f 6456/4002/1085 6470/4016/1090 6469/4015/1090 6455/4001/1086
f 6457/4003/1086 6471/4017/1090 6470/4016/1090 6456/4002/1085
f 6458/4004/1085 6472/4018/1090 6471/4017/1090 6457/4003/1086
f 6460/4005/1087 6474/367/1091 6473/4/1091 6459/4006/1087
f 6461/4007/1087 6475/368/1091 6474/367/1091 6460/4005/1087
f 6462/4008/1087 6476/369/1091 6475/368/1091 6461/4007/1087
f 6463/4009/1087 6477/370/1091 6476/369/1091 6462/4008/1087
f 6464/4010/1087 6478/371/1091 6477/370/1091 6463/4009/1087
f 6465/4011/1395 6479/372/1092 6478/371/1091 6464/4010/1087
f 6466/4012/1396 6480/373/1093 6479/372/1092 6465/4011/1395
f 6467/4013/1090 6481/374/1094 6480/373/1093 6466/4012/1396
f 6468/4014/1090 6482/375/1094 6481/374/1094 6467/4013/1090
f 6469/4015/1090 6483/376/1094 6482/375/1094 6468/4014/1090
f 6470/4016/1090 6484/377/1094 6483/376/1094 6469/4015/1090
f 6471/4017/1090 6485/378/1094 6484/377/1094 6470/4016/1090
f 6472/4018/1090 6486/379/1094 6485/378/1094 6471/4017/1090
f 6474/367/1091 6488/4019/1095 6487/4020/1095 6473/4/1091
f 6475/368/1091 6489/4021/1095 6488/4019/1095 6474/367/1091
f 6476/369/1091 6490/4022/1095 6489/4021/1095 6475/368/1091
f 6477/370/1091 6491/4023/1095 6490/4022/1095 6476/369/1091
f 6478/371/1091 6492/4024/1095 6491/4023/1095 6477/370/1091
f 6479/372/1092 6493/4025/1096 6492/4024/1095 6478/371/1091
f 6480/373/1093 6494/4026/1097 6493/4025/1096 6479/372/1092
f 6481/374/1094 6495/4027/1098 6494/4026/1097 6480/373/1093
f 6482/375/1094 6496/4028/1098 6495/4027/1098 6481/374/1094
f 6483/376/1094 6497/4029/1098 6496/4028/1098 6482/375/1094
f 6484/377/1094 6498/4030/1098 6497/4029/1098 6483/376/1094
f 6485/378/1094 6499/4031/1098 6498/4030/1098 6484/377/1094
f 6486/379/1094 6500/4032/1098 6499/4031/1098 6485/378/1094
f 6488/4019/1095 6502/4033/1099 6501/4034/1099 6487/4020/1095
f 6489/4021/1095 6503/4035/1099 6502/4033/1099 6488/4019/1095
f 6490/4022/1095 6504/4036/1099 6503/4035/1099 6489/4021/1095
f 6491/4023/1095 6505/4037/1099 6504/4036/1099 6490/4022/1095
f 6492/4024/1095 6506/4038/1099 6505/4037/1099 6491/4023/1095
f 6493/4025/1096 6507/4039/1100 6506/4038/1099 6492/4024/1095
f 6494/4026/1097 6508/4040/1101 6507/4039/1100 6493/4025/1096
f 6495/4027/1098 6509/4041/1102 6508/4040/1101 6494/4026/1097
f 6496/4028/1098 6510/4042/1102 6509/4041/1102 6495/4027/1098
f 6497/4029/1098 6511/4043/1102 6510/4042/1102 6496/4028/1098
f 6498/4030/1098 6512/4044/1102 6511/4043/1102 6497/4029/1098
f 6499/4031/1098 6513/4045/1102 6512/4044/1102 6498/4030/1098
f 6500/4032/1098 6514/4046/1102 6513/4045/1102 6499/4031/1098
f 6502/4033/1099 6516/4047/1103 6515/4048/1103 6501/4034/1099
f 6503/4035/1099 6517/4049/1103 6516/4047/1103 6502/4033/1099
f 6504/4036/1099 6518/4050/1103 6517/4049/1103 6503/4035/1099
f 6505/4037/1099 6519/4051/1103 6518/4050/1103 6504/4036/1099
f 6506/4038/1099 6520/4052/1103 6519/4051/1103 6505/4037/1099
f 6507/4039/1100 6521/4053/1104 6520/4052/1103 6506/4038/1099
f 6508/4040/1101 6522/4054/1105 6521/4053/1104 6507/4039/1100
f 6509/4041/1102 6523/4055/1106 6522/4054/1105 6508/4040/1101
f 6510/4042/1102 6524/4056/1106 6523/4055/1106 6509/4041/1102
f 6511/4043/1102 6525/4057/1106 6524/4056/1106 6510/4042/1102
f 6512/4044/1102 6526/4058/1106 6525/4057/1106 6511/4043/1102
f 6513/4045/1102 6527/4059/1106 6526/4058/1106 6512/4044/1102
f 6514/4046/1102 6528/4060/1106 6527/4059/1106 6513/4045/1102
f 6516/4047/1103 6530/4061/1107 6529/4062/1107 6515/4048/1103
f 6517/4049/1103 6531/4063/1107 6530/4061/1107 6516/4047/1103
f 6518/4050/1103 6532/4064/1107 6531/4063/1107 6517/4049/1103
f 6519/4051/1103 6533/4065/1107 6532/4064/1107 6518/4050/1103
f 6520/4052/1103 6534/4066/1107 6533/4065/1107 6519/4051/1103
f 6521/4053/1104 6535/4067/1108 6534/4066/1107 6520/4052/1103
f 6522/4054/1105 6536/4068/1109 6535/4067/1108 6521/4053/1104
f 6523/4055/1106 6537/4069/1110 6536/4068/1109 6522/4054/1105
f 6524/4056/1106 6538/4070/1110 6537/4069/1110 6523/4055/1106
f 6525/4057/1106 6539/4071/1110 6538/4070/1110 6524/4056/1106
f 6526/4058/1106 6540/4072/1110 6539/4071/1110 6525/4057/1106
f 6527/4059/1106 6541/4073/1110 6540/4072/1110 6526/4058/1106
f 6528/4060/1106 6542/4074/1110 6541/4073/1110 6527/4059/1106
f 6530/4061/1107 6544/4075/1111 6543/4076/1111 6529/4062/1107
f 6531/4063/1107 6545/4077/1111 6544/4075/1111 6530/4061/1107
f 6532/4064/1107 6546/4078/1111 6545/4077/1111 6531/4063/1107
f 6533/4065/1107 6547/4079/1112 6546/4078/1111 6532/4064/1107
f 6534/4066/1107 6548/4080/1112 6547/4079/1112 6533/4065/1107
f 6535/4067/1108 6549/4081/1113 6548/4080/1112 6534/4066/1107
f 6536/4068/1109 6550/4082/1114 6549/4081/1113 6535/4067/1108
f 6537/4069/1110 6551/4083/1116 6550/4082/1114 6536/4068/1109
f 6538/4070/1110 6552/4084/1116 6551/4083/1116 6537/4069/1110
f 6539/4071/1110 6553/4085/1115 6552/4084/1116 6538/4070/1110
f 6540/4072/1110 6554/4086/1115 6553/4085/1115 6539/4071/1110
f 6541/4073/1110 6555/4087/1115 6554/4086/1115 6540/4072/1110
f 6542/4074/1110 6556/4088/1115 6555/4087/1115 6541/4073/1110
f 6544/4075/1111 6558/4089/1117 6557/4090/1117 6543/4076/1111
f 6545/4077/1111 6559/4091/1117 6558/4089/1117 6544/4075/1111
f 6546/4078/1111 6560/4092/1117 6559/4091/1117 6545/4077/1111
f 6547/4079/1112 6561/4093/1117 6560/4092/1117 6546/4078/1111
f 6548/4080/1112 6562/4094/1117 6561/4093/1117 6547/4079/1112
f 6549/4081/1113 6563/4095/1118 6562/4094/1117 6548/4080/1112
f 6550/4082/1114 6564/4096/1119 6563/4095/1118 6549/4081/1113
f 6551/4083/1116 6565/4097/1120 6564/4096/1119 6550/4082/1114
f 6552/4084/1116 6566/4098/1120 6565/4097/1120 6551/4083/1116
f 6553/4085/1115 6567/4099/1120 6566/4098/1120 6552/4084/1116
f 6554/4086/1115 6568/4100/1120 6567/4099/1120 6553/4085/1115
f 6555/4087/1115 6569/4101/1120 6568/4100/1120 6554/4086/1115
f 6556/4088/1115 6570/4102/1120 6569/4101/1120 6555/4087/1115
f 6558/4089/1117 6572/4103/1121 6571/4104/1121 6557/4090/1117
f 6559/4091/1117 6573/4105/1121 6572/4103/1121 6558/4089/1117
f 6560/4092/1117 6574/4106/1121 6573/4105/1121 6559/4091/1117
f 6561/4093/1117 6575/4107/1121 6574/4106/1121 6560/4092/1117
f 6562/4094/1117 6576/4108/1121 6575/4107/1121 6561/4093/1117
f 6563/4095/1118 6577/4109/1122 6576/4108/1121 6562/4094/1117
f 6564/4096/1119 6578/4110/1123 6577/4109/1122 6563/4095/1118
f 6565/4097/1120 6579/4111/1124 6578/4110/1123 6564/4096/1119
f 6566/4098/1120 6580/4112/1124 6579/4111/1124 6565/4097/1120
f 6567/4099/1120 6581/4113/1124 6580/4112/1124 6566/4098/1120
f 6568/4100/1120 6582/4114/1124 6581/4113/1124 6567/4099/1120
f 6569/4101/1120 6583/4115/1124 6582/4114/1124 6568/4100/1120
f 6570/4102/1120 6584/4116/1124 6583/4115/1124 6569/4101/1120
f 6572/4103/1121 6586/4117/1125 6585/4118/1125 6571/4104/1121
f 6573/4105/1121 6587/4119/1125 6586/4117/1125 6572/4103/1121
f 6574/4106/1121 6588/4120/1125 6587/4119/1125 6573/4105/1121
f 6575/4107/1121 6589/4121/1125 6588/4120/1125 6574/4106/1121
f 6576/4108/1121 6590/4122/1125 6589/4121/1125 6575/4107/1121
f 6577/4109/1122 6591/4123/1126 6590/4122/1125 6576/4108/1121
f 6578/4110/1123 6592/4124/1127 6591/4123/1126 6577/4109/1122
f 6579/4111/1124 6593/4125/1128 6592/4124/1127 6578/4110/1123
f 6580/4112/1124 6594/4126/1128 6593/4125/1128 6579/4111/1124
f 6581/4113/1124 6595/4127/1128 6594/4126/1128 6580/4112/1124
f 6582/4114/1124 6596/4128/1128 6595/4127/1128 6581/4113/1124
f 6583/4115/1124 6597/4129/1128 6596/4128/1128 6582/4114/1124
f 6584/4116/1124 6598/4130/1128 6597/4129/1128 6583/4115/1124
f 6586/4117/1125 6600/4131/1129 6599/4132/1129 6585/4118/1125
f 6587/4119/1125 6601/4133/1129 6600/4131/1129 6586/4117/1125
f 6588/4120/1125 6602/4134/1129 6601/4133/1129 6587/4119/1125
f 6589/4121/1125 6603/4135/1397 6602/4134/1129 6588/4120/1125
f 6590/4122/1125 6604/4136/1397 6603/4135/1397 6589/4121/1125
f 6591/4123/1126 6605/4137/1130 6604/4136/1397 6590/4122/1125
f 6592/4124/1127 6606/4138/1131 6605/4137/1130 6591/4123/1126
f 6593/4125/1128 6607/4139/1398 6606/4138/1131 6592/4124/1127
f 6594/4126/1128 6608/4140/1398 6607/4139/1398 6593/4125/1128
f 6595/4127/1128 6609/4141/1132 6608/4140/1398 6594/4126/1128
f 6596/4128/1128 6610/4142/1132 6609/4141/1132 6595/4127/1128
f 6597/4129/1128 6611/4143/1132 6610/4142/1132 6596/4128/1128
f 6598/4130/1128 6612/4144/1132 6611/4143/1132 6597/4129/1128
f 6600/4131/1129 6614/4145/1133 6613/4146/1133 6599/4132/1129
f 6601/4133/1129 6615/4147/1133 6614/4145/1133 6600/4131/1129
f 6602/4134/1129 6616/4148/1133 6615/4147/1133 6601/4133/1129
f 6603/4135/1397 6617/4149/1133 6616/4148/1133 6602/4134/1129
f 6604/4136/1397 6618/4150/1133 6617/4149/1133 6603/4135/1397
f 6605/4137/1130 6619/4151/1134 6618/4150/1133 6604/4136/1397
f 6606/4138/1131 6620/4152/1135 6619/4151/1134 6605/4137/1130
f 6607/4139/1398 6621/4153/1136 6620/4152/1135 6606/4138/1131
f 6608/4140/1398 6622/4154/1136 6621/4153/1136 6607/4139/1398
f 6609/4141/1132 6623/4155/1136 6622/4154/1136 6608/4140/1398
f 6610/4142/1132 6624/4156/1136 6623/4155/1136 6609/4141/1132
f 6611/4143/1132 6625/4157/1136 6624/4156/1136 6610/4142/1132
f 6612/4144/1132 6626/4158/1136 6625/4157/1136 6611/4143/1132
f 6614/4145/1133 6628/4159/1137 6627/4160/1137 6613/4146/1133
f 6615/4147/1133 6629/4161/1137 6628/4159/1137 6614/4145/1133
f 6616/4148/1133 6630/4162/1137 6629/4161/1137 6615/4147/1133
f 6617/4149/1133 6631/4163/1137 6630/4162/1137 6616/4148/1133
f 6618/4150/1133 6632/4164/1137 6631/4163/1137 6617/4149/1133
f 6619/4151/1134 6633/4165/1138 6632/4164/1137 6618/4150/1133
f 6620/4152/1135 6634/4166/1139 6633/4165/1138 6619/4151/1134
f 6621/4153/1136 6635/4167/1140 6634/4166/1139 6620/4152/1135
f 6622/4154/1136 6636/4168/1140 6635/4167/1140 6621/4153/1136
f 6623/4155/1136 6637/4169/1140 6636/4168/1140 6622/4154/1136
f 6624/4156/1136 6638/4170/1140 6637/4169/1140 6623/4155/1136
f 6625/4157/1136 6639/4171/1140 6638/4170/1140 6624/4156/1136
f 6626/4158/1136 6640/4172/1140 6639/4171/1140 6625/4157/1136
f 6628/4159/1137 6642/4173/1141 6641/4174/1141 6627/4160/1137
f 6629/4161/1137 6643/4175/1141 6642/4173/1141 6628/4159/1137
f 6630/4162/1137 6644/4176/1141 6643/4175/1141 6629/4161/1137
f 6631/4163/1137 6645/4177/1141 6644/4176/1141 6630/4162/1137
f 6632/4164/1137 6646/4178/1141 6645/4177/1141 6631/4163/1137
f 6633/4165/1138 6647/4179/1142 6646/4178/1141 6632/4164/1137
f 6634/4166/1139 6648/4180/1143 6647/4179/1142 6633/4165/1138
f 6635/4167/1140 6649/4181/1144 6648/4180/1143 6634/4166/1139
f 6636/4168/1140 6650/4182/1144 6649/4181/1144 6635/4167/1140
f 6637/4169/1140 6651/4183/1144 6650/4182/1144 6636/4168/1140
f 6638/4170/1140 6652/4184/1144 6651/4183/1144 6637/4169/1140
f 6639/4171/1140 6653/4185/1144 6652/4184/1144 6638/4170/1140
f 6640/4172/1140 6654/4186/1144 6653/4185/1144 6639/4171/1140
f 6642/4173/1141 6656/4187/1145 6655/4188/1145 6641/4174/1141
f 6643/4175/1141 6657/4189/1145 6656/4187/1145 6642/4173/1141
f 6644/4176/1141 6658/4190/1145 6657/4189/1145 6643/4175/1141
f 6645/4177/1141 6659/4191/1145 6658/4190/1145 6644/4176/1141
f 6646/4178/1141 6660/4192/1145 6659/4191/1145 6645/4177/1141
f 6647/4179/1142 6661/4193/1146 6660/4192/1145 6646/4178/1141
f 6648/4180/1143 6662/4194/1147 6661/4193/1146 6647/4179/1142
f 6649/4181/1144 6663/4195/1148 6662/4194/1147 6648/4180/1143
f 6650/4182/1144 6664/4196/1148 6663/4195/1148 6649/4181/1144
f 6651/4183/1144 6665/4197/1148 6664/4196/1148 6650/4182/1144
f 6652/4184/1144 6666/4198/1148 6665/4197/1148 6651/4183/1144
f 6653/4185/1144 6667/4199/1148 6666/4198/1148 6652/4184/1144
f 6654/4186/1144 6668/4200/1148 6667/4199/1148 6653/4185/1144
f 6656/4187/1145 6670/4201/1149 6669/4202/1149 6655/4188/1145
f 6657/4189/1145 6671/4203/1149 6670/4201/1149 6656/4187/1145
f 6658/4190/1145 6672/4204/1149 6671/4203/1149 6657/4189/1145
f 6659/4191/1145 6673/4205/1149 6672/4204/1149 6658/4190/1145
f 6660/4192/1145 6674/4206/1149 6673/4205/1149 6659/4191/1145
f 6661/4193/1146 6675/4207/1399 6674/4206/1149 6660/4192/1145
f 6662/4194/1147 6676/4208/1400 6675/4207/1399 6661/4193/1146
f 6663/4195/1148 6677/4209/1152 6676/4208/1400 6662/4194/1147
f 6664/4196/1148 6678/4210/1152 6677/4209/1152 6663/4195/1148
f 6665/4197/1148 6679/4211/1152 6678/4210/1152 6664/4196/1148
f 6666/4198/1148 6680/4212/1152 6679/4211/1152 6665/4197/1148
f 6667/4199/1148 6681/4213/1152 6680/4212/1152 6666/4198/1148
f 6668/4200/1148 6682/4214/1152 6681/4213/1152 6667/4199/1148
f 6670/4201/1149 6684/4215/1153 6683/4216/1153 6669/4202/1149
f 6671/4203/1149 6685/4217/1153 6684/4215/1153 6670/4201/1149
f 6672/4204/1149 6686/4218/1153 6685/4217/1153 6671/4203/1149
f 6673/4205/1149 6687/4219/1153 6686/4218/1153 6672/4204/1149
f 6674/4206/1149 6688/4220/1153 6687/4219/1153 6673/4205/1149
f 6675/4207/1399 6689/4221/1154 6688/4220/1153 6674/4206/1149
f 6676/4208/1400 6690/4222/1155 6689/4221/1154 6675/4207/1399
f 6677/4209/1152 6691/4223/1156 6690/4222/1155 6676/4208/1400
f 6678/4210/1152 6692/4224/1156 6691/4223/1156 6677/4209/1152
f 6679/4211/1152 6693/4225/1156 6692/4224/1156 6678/4210/1152
f 6680/4212/1152 6694/4226/1156 6693/4225/1156 6679/4211/1152
f 6681/4213/1152 6695/4227/1156 6694/4226/1156 6680/4212/1152
f 6682/4214/1152 6696/4228/1156 6695/4227/1156 6681/4213/1152
f 6684/4215/1153 6698/4229/1157 6697/4230/1157 6683/4216/1153
f 6685/4217/1153 6699/4231/1157 6698/4229/1157 6684/4215/1153
f 6686/4218/1153 6700/4232/1157 6699/4231/1157 6685/4217/1153
f 6687/4219/1153 6701/4233/1157 6700/4232/1157 6686/4218/1153
f 6688/4220/1153 6702/4234/1157 6701/4233/1157 6687/4219/1153
f 6689/4221/1154 6703/4235/1158 6702/4234/1157 6688/4220/1153
f 6690/4222/1155 6704/4236/1159 6703/4235/1158 6689/4221/1154
f 6691/4223/1156 6705/4237/1160 6704/4236/1159 6690/4222/1155
f 6692/4224/1156 6706/4238/1160 6705/4237/1160 6691/4223/1156
f 6693/4225/1156 6707/4239/1160 6706/4238/1160 6692/4224/1156
f 6694/4226/1156 6708/4240/1160 6707/4239/1160 6693/4225/1156
f 6695/4227/1156 6709/4241/1160 6708/4240/1160 6694/4226/1156
f 6696/4228/1156 6710/4242/1160 6709/4241/1160 6695/4227/1156
f 6698/4229/1157 6712/4243/1161 6711/4244/1161 6697/4230/1157
f 6699/4231/1157 6713/4245/1161 6712/4243/1161 6698/4229/1157
f 6700/4232/1157 6714/4246/1161 6713/4245/1161 6699/4231/1157
f 6701/4233/1157 6715/4247/1161 6714/4246/1161 6700/4232/1157
f 6702/4234/1157 6716/4248/1161 6715/4247/1161 6701/4233/1157
f 6703/4235/1158 6717/4249/1162 6716/4248/1161 6702/4234/1157
f 6704/4236/1159 6718/4250/1163 6717/4249/1162 6703/4235/1158
f 6705/4237/1160 6719/4251/1164 6718/4250/1163 6704/4236/1159
f 6706/4238/1160 6720/4252/1164 6719/4251/1164 6705/4237/1160
f 6707/4239/1160 6721/4253/1164 6720/4252/1164 6706/4238/1160
f 6708/4240/1160 6722/4254/1164 6721/4253/1164 6707/4239/1160
f 6709/4241/1160 6723/4255/1164 6722/4254/1164 6708/4240/1160
f 6710/4242/1160 6724/4256/1164 6723/4255/1164 6709/4241/1160
f 6712/4243/1161 6726/4257/1165 6725/4258/1166 6711/4244/1161
f 6713/4245/1161 6727/4259/1165 6726/4257/1165 6712/4243/1161
f 6714/4246/1161 6728/4260/1165 6727/4259/1165 6713/4245/1161
f 6715/4247/1161 6729/4261/1166 6728/4260/1165 6714/4246/1161
f 6716/4248/1161 6730/4262/1166 6729/4261/1166 6715/4247/1161
f 6717/4249/1162 6731/4263/1167 6730/4262/1166 6716/4248/1161
f 6718/4250/1163 6732/4264/1168 6731/4263/1167 6717/4249/1162
f 6719/4251/1164 6733/4265/1401 6732/4264/1168 6718/4250/1163
f 6720/4252/1164 6734/4266/1401 6733/4265/1401 6719/4251/1164
f 6721/4253/1164 6735/4267/1169 6734/4266/1401 6720/4252/1164
f 6722/4254/1164 6736/4268/1169 6735/4267/1169 6721/4253/1164
f 6723/4255/1164 6737/4269/1169 6736/4268/1169 6722/4254/1164
f 6724/4256/1164 6738/4270/1401 6737/4269/1169 6723/4255/1164
f 6726/4257/1165 6740/4271/1170 6739/4272/1170 6725/4258/1166
f 6727/4259/1165 6741/4273/1170 6740/4271/1170 6726/4257/1165
f 6728/4260/1165 6742/4274/1170 6741/4273/1170 6727/4259/1165
f 6729/4261/1166 6743/4275/1170 6742/4274/1170 6728/4260/1165
f 6730/4262/1166 6744/4276/1170 6743/4275/1170 6729/4261/1166
f 6731/4263/1167 6745/4277/1171 6744/4276/1170 6730/4262/1166
f 6732/4264/1168 6746/4278/1172 6745/4277/1171 6731/4263/1167
f 6733/4265/1401 6747/4279/1173 6746/4278/1172 6732/4264/1168
f 6734/4266/1401 6748/4280/1173 6747/4279/1173 6733/4265/1401
f 6735/4267/1169 6749/4281/1173 6748/4280/1173 6734/4266/1401
f 6736/4268/1169 6750/4282/1173 6749/4281/1173 6735/4267/1169
f 6737/4269/1169 6751/4283/1173 6750/4282/1173 6736/4268/1169
f 6738/4270/1401 6752/4284/1173 6751/4283/1173 6737/4269/1169
f 6740/4271/1170 6754/4285/1174 6753/4286/1174 6739/4272/1170
f 6741/4273/1170 6755/4287/1402 6754/4285/1174 6740/4271/1170
f 6742/4274/1170 6756/4288/1174 6755/4287/1402 6741/4273/1170
f 6743/4275/1170 6757/4289/1402 6756/4288/1174 6742/4274/1170
f 6744/4276/1170 6758/4290/1174 6757/4289/1402 6743/4275/1170
f 6745/4277/1171 6759/4291/1175 6758/4290/1174 6744/4276/1170
f 6746/4278/1172 6760/4292/1176 6759/4291/1175 6745/4277/1171
f 6747/4279/1173 6761/4293/1177 6760/4292/1176 6746/4278/1172
f 6748/4280/1173 6762/4294/1178 6761/4293/1177 6747/4279/1173
f 6749/4281/1173 6763/4295/1177 6762/4294/1178 6748/4280/1173
f 6750/4282/1173 6764/4296/1178 6763/4295/1177 6749/4281/1173
f 6751/4283/1173 6765/4297/1177 6764/4296/1178 6750/4282/1173
f 6752/4284/1173 6766/4298/1177 6765/4297/1177 6751/4283/1173
f 6754/4285/1174 6768/4299/1179 6767/4300/1179 6753/4286/1174
f 6755/4287/1402 6769/4301/1179 6768/4299/1179 6754/4285/1174
f 6756/4288/1174 6770/4302/1179 6769/4301/1179 6755/4287/1402
f 6757/4289/1402 6771/4303/1179 6770/4302/1179 6756/4288/1174
f 6758/4290/1174 6772/4304/1179 6771/4303/1179 6757/4289/1402
f 6759/4291/1175 6773/4305/1180 6772/4304/1179 6758/4290/1174
f 6760/4292/1176 6774/4306/1181 6773/4305/1180 6759/4291/1175
f 6761/4293/1177 6775/4307/1182 6774/4306/1181 6760/4292/1176
f 6762/4294/1178 6776/4308/1182 6775/4307/1182 6761/4293/1177
f 6763/4295/1177 6777/4309/1182 6776/4308/1182 6762/4294/1178
f 6764/4296/1178 6778/4310/1182 6777/4309/1182 6763/4295/1177
f 6765/4297/1177 6779/4311/1182 6778/4310/1182 6764/4296/1178
f 6766/4298/1177 6780/4312/1182 6779/4311/1182 6765/4297/1177
f 6768/4299/1179 6782/4313/1183 6781/4314/1183 6767/4300/1179
f 6769/4301/1179 6783/4315/1183 6782/4313/1183 6768/4299/1179
f 6770/4302/1179 6784/4316/1183 6783/4315/1183 6769/4301/1179
f 6771/4303/1179 6785/4317/1183 6784/4316/1183 6770/4302/1179
f 6772/4304/1179 6786/4318/1183 6785/4317/1183 6771/4303/1179
f 6773/4305/1180 6787/4319/1184 6786/4318/1183 6772/4304/1179
f 6774/4306/1181 6788/4320/1185 6787/4319/1184 6773/4305/1180
f 6775/4307/1182 6789/4321/1186 6788/4320/1185 6774/4306/1181
f 6776/4308/1182 6790/4322/1186 6789/4321/1186 6775/4307/1182
f 6777/4309/1182 6791/4323/1186 6790/4322/1186 6776/4308/1182
f 6778/4310/1182 6792/4324/1186 6791/4323/1186 6777/4309/1182
f 6779/4311/1182 6793/4325/1186 6792/4324/1186 6778/4310/1182
f 6780/4312/1182 6794/4326/1186 6793/4325/1186 6779/4311/1182
f 6782/4313/1183 6796/4327/1187 6795/4328/1187 6781/4314/1183
f 6783/4315/1183 6797/4329/1187 6796/4327/1187 6782/4313/1183
f 6784/4316/1183 6798/4330/1187 6797/4329/1187 6783/4315/1183
f 6785/4317/1183 6799/4331/1187 6798/4330/1187 6784/4316/1183
f 6786/4318/1183 6800/4332/1187 6799/4331/1187 6785/4317/1183
f 6787/4319/1184 6801/4333/1188 6800/4332/1187 6786/4318/1183
f 6788/4320/1185 6802/4334/1189 6801/4333/1188 6787/4319/1184
f 6789/4321/1186 6803/4335/1190 6802/4334/1189 6788/4320/1185
f 6790/4322/1186 6804/4336/1190 6803/4335/1190 6789/4321/1186
f 6791/4323/1186 6805/4337/1190 6804/4336/1190 6790/4322/1186
f 6792/4324/1186 6806/4338/1190 6805/4337/1190 6791/4323/1186
f 6793/4325/1186 6807/4339/1190 6806/4338/1190 6792/4324/1186
f 6794/4326/1186 6808/4340/1190 6807/4339/1190 6793/4325/1186
f 6796/4327/1187 6810/4341/9 6809/4342/9 6795/4328/1187
f 6797/4329/1187 6811/4343/9 6810/4341/9 6796/4327/1187
f 6798/4330/1187 6812/4344/9 6811/4343/9 6797/4329/1187
f 6799/4331/1187 6813/4345/9 6812/4344/9 6798/4330/1187
f 6800/4332/1187 6814/4346/9 6813/4345/9 6799/4331/1187
f 6801/4333/1188 6815/4347/14 6814/4346/9 6800/4332/1187
f 6802/4334/1189 6816/4348/15 6815/4347/14 6801/4333/1188
f 6803/4335/1190 6817/4349/12 6816/4348/15 6802/4334/1189
f 6804/4336/1190 6818/4350/12 6817/4349/12 6803/4335/1190
f 6805/4337/1190 6819/4351/12 6818/4350/12 6804/4336/1190
f 6806/4338/1190 6820/4352/12 6819/4351/12 6805/4337/1190
f 6807/4339/1190 6821/4353/12 6820/4352/12 6806/4338/1190
f 6808/4340/1190 6822/4354/12 6821/4353/12 6807/4339/1190
f 6810/4341/9 6824/4355/9 6823/4356/9 6809/4342/9
f 6811/4343/9 6825/4357/9 6824/4355/9 6810/4341/9
f 6812/4344/9 6826/4358/9 6825/4357/9 6811/4343/9
f 6813/4345/9 6827/4359/9 6826/4358/9 6812/4344/9
f 6814/4346/9 6828/4360/9 6827/4359/9 6813/4345/9
f 6815/4347/14 6829/4361/10 6828/4360/9 6814/4346/9
f 6816/4348/15 6830/4362/11 6829/4361/10 6815/4347/14
f 6817/4349/12 6831/4363/12 6830/4362/11 6816/4348/15
f 6818/4350/12 6832/4364/12 6831/4363/12 6817/4349/12
f 6819/4351/12 6833/4365/12 6832/4364/12 6818/4350/12
f 6820/4352/12 6834/4366/12 6833/4365/12 6819/4351/12
f 6821/4353/12 6835/4367/12 6834/4366/12 6820/4352/12
f 6822/4354/12 6836/4368/12 6835/4367/12 6821/4353/12
f 6824/4355/9 6838/4369/1191 6837/4370/1191 6823/4356/9
f 6825/4357/9 6839/4371/1191 6838/4369/1191 6824/4355/9
f 6826/4358/9 6840/4372/1191 6839/4371/1191 6825/4357/9
f 6827/4359/9 6841/4373/1191 6840/4372/1191 6826/4358/9
f 6828/4360/9 6842/4374/1191 6841/4373/1191 6827/4359/9
f 6829/4361/10 6843/4375/1192 6842/4374/1191 6828/4360/9
f 6830/4362/11 6844/4376/1193 6843/4375/1192 6829/4361/10
f 6831/4363/12 6845/4377/1194 6844/4376/1193 6830/4362/11
f 6832/4364/12 6846/4378/1194 6845/4377/1194 6831/4363/12
f 6833/4365/12 6847/4379/1194 6846/4378/1194 6832/4364/12
f 6834/4366/12 6848/4380/1194 6847/4379/1194 6833/4365/12
f 6835/4367/12 6849/4381/1194 6848/4380/1194 6834/4366/12
f 6836/4368/12 6850/4382/1194 6849/4381/1194 6835/4367/12
f 6838/4369/1191 6852/4383/1195 6851/4384/1195 6837/4370/1191
f 6839/4371/1191 6853/4385/1195 6852/4383/1195 6838/4369/1191
f 6840/4372/1191 6854/4386/1195 6853/4385/1195 6839/4371/1191
f 6841/4373/1191 6855/4387/1195 6854/4386/1195 6840/4372/1191
f 6842/4374/1191 6856/4388/1195 6855/4387/1195 6841/4373/1191
f 6843/4375/1192 6857/4389/1196 6856/4388/1195 6842/4374/1191
f 6844/4376/1193 6858/4390/1197 6857/4389/1196 6843/4375/1192
f 6845/4377/1194 6859/4391/1198 6858/4390/1197 6844/4376/1193
f 6846/4378/1194 6860/4392/1198 6859/4391/1198 6845/4377/1194
f 6847/4379/1194 6861/4393/1198 6860/4392/1198 6846/4378/1194
f 6848/4380/1194 6862/4394/1198 6861/4393/1198 6847/4379/1194
f 6849/4381/1194 6863/4395/1198 6862/4394/1198 6848/4380/1194
f 6850/4382/1194 6864/4396/1198 6863/4395/1198 6849/4381/1194
f 6852/4383/1195 6866/4397/21 6865/4398/21 6851/4384/1195
f 6853/4385/1195 6867/4399/21 6866/4397/21 6852/4383/1195
f 6854/4386/1195 6868/4400/21 6867/4399/21 6853/4385/1195
f 6855/4387/1195 6869/4401/21 6868/4400/21 6854/4386/1195
f 6856/4388/1195 6870/4402/21 6869/4401/21 6855/4387/1195
f 6857/4389/1196 6871/4403/1199 6870/4402/21 6856/4388/1195
f 6858/4390/1197 6872/4404/1200 6871/4403/1199 6857/4389/1196
f 6859/4391/1198 6873/4405/24 6872/4404/1200 6858/4390/1197
f 6860/4392/1198 6874/4406/24 6873/4405/24 6859/4391/1198
f 6861/4393/1198 6875/4407/24 6874/4406/24 6860/4392/1198
f 6862/4394/1198 6876/4408/24 6875/4407/24 6861/4393/1198
f 6863/4395/1198 6877/4409/24 6876/4408/24 6862/4394/1198
f 6864/4396/1198 6878/4410/24 6877/4409/24 6863/4395/1198
f 6866/4397/21 6068/422/21 6067/81/21 6865/4398/21
f 6867/4399/21 6069/423/21 6068/422/21 6866/4397/21
f 6868/4400/21 6070/424/21 6069/423/21 6867/4399/21
f 6869/4401/21 6071/425/21 6070/424/21 6868/4400/21
f 6870/4402/21 6072/426/21 6071/425/21 6869/4401/21
f 6871/4403/1199 6073/427/22 6072/426/21 6870/4402/21
f 6872/4404/1200 6074/428/23 6073/427/22 6871/4403/1199
f 6873/4405/24 6075/429/24 6074/428/23 6872/4404/1200
f 6874/4406/24 6076/430/24 6075/429/24 6873/4405/24
f 6875/4407/24 6077/431/24 6076/430/24 6874/4406/24
f 6876/4408/24 6078/432/24 6077/431/24 6875/4407/24
f 6877/4409/24 6079/433/24 6078/432/24 6876/4408/24
f 6878/4410/24 6080/434/24 6079/433/24 6877/4409/24
f 6880/312/9 6894/339/17 6893/340/17 6879/75/9
f 6881/315/9 6895/341/1403 6894/339/17 6880/312/9
f 6882/317/9 6896/342/17 6895/341/1403 6881/315/9
f 6883/319/9 6897/343/17 6896/342/17 6882/317/9
f 6884/321/9 6898/344/17 6897/343/17 6883/319/9
f 6885/323/10 6899/345/18 6898/344/17 6884/321/9
f 6886/325/11 6900/346/19 6899/345/18 6885/323/10
f 6887/327/12 6901/347/20 6900/346/19 6886/325/11
f 6888/329/12 6902/348/20 6901/347/20 6887/327/12
f 6889/331/12 6903/349/20 6902/348/20 6888/329/12
f 6890/333/12 6904/350/1404 6903/349/20 6889/331/12
f 6891/335/12 6905/351/20 6904/350/1404 6890/333/12
f 6892/337/12 6906/352/20 6905/351/20 6891/335/12
f 6894/339/17 6908/367/21 6907/4/21 6893/340/17
f 6895/341/1403 6909/368/1405 6908/367/21 6894/339/17
f 6896/342/17 6910/369/21 6909/368/1405 6895/341/1403
f 6897/343/17 6911/370/21 6910/369/21 6896/342/17
f 6898/344/17 6912/371/21 6911/370/21 6897/343/17
f 6899/345/18 6913/372/22 6912/371/21 6898/344/17
f 6900/346/19 6914/373/23 6913/372/22 6899/345/18
f 6901/347/20 6915/374/24 6914/373/23 6900/346/19
f 6902/348/20 6916/375/24 6915/374/24 6901/347/20
f 6903/349/20 6917/376/24 6916/375/24 6902/348/20
f 6904/350/1404 6918/377/1406 6917/376/24 6903/349/20
f 6905/351/20 6919/378/24 6918/377/1406 6904/350/1404
f 6906/352/20 6920/379/24 6919/378/24 6905/351/20
f 6908/367/21 6922/394/3 6921/395/3 6907/4/21
f 6909/368/1405 6923/396/3 6922/394/3 6908/367/21
f 6910/369/21 6924/397/3 6923/396/3 6909/368/1405
f 6911/370/21 6925/398/3 6924/397/3 6910/369/21
f 6912/371/21 6926/399/3 6925/398/3 6911/370/21
f 6913/372/22 6927/400/5 6926/399/3 6912/371/21
f 6914/373/23 6928/401/7 6927/400/5 6913/372/22
f 6915/374/24 6929/402/8 6928/401/7 6914/373/23
f 6916/375/24 6930/403/8 6929/402/8 6915/374/24
f 6917/376/24 6931/404/8 6930/403/8 6916/375/24
f 6918/377/1406 6932/405/8 6931/404/8 6917/376/24
f 6919/378/24 6933/406/8 6932/405/8 6918/377/1406
f 6920/379/24 6934/407/8 6933/406/8 6919/378/24
f 6922/394/3 6880/422/9 6879/81/9 6921/395/3
f 6923/396/3 6881/423/9 6880/422/9 6922/394/3
f 6924/397/3 6882/424/9 6881/423/9 6923/396/3
f 6925/398/3 6883/425/9 6882/424/9 6924/397/3
f 6926/399/3 6884/426/9 6883/425/9 6925/398/3
f 6927/400/5 6885/427/10 6884/426/9 6926/399/3
f 6928/401/7 6886/428/11 6885/427/10 6927/400/5
f 6929/402/8 6887/429/12 6886/428/11 6928/401/7
f 6930/403/8 6888/430/12 6887/429/12 6929/402/8
f 6931/404/8 6889/431/12 6888/430/12 6930/403/8
f 6932/405/8 6890/432/12 6889/431/12 6931/404/8
f 6933/406/8 6891/433/12 6890/432/12 6932/405/8
f 6934/407/8 6892/434/12 6891/433/12 6933/406/8
f 6936/312/25 6950/435/26 6949/436/26 6935/75/25
f 6937/315/25 6951/437/26 6950/435/26 6936/312/25
f 6938/317/25 6952/438/26 6951/437/26 6937/315/25
f 6939/319/25 6953/439/26 6952/438/26 6938/317/25
f 6940/321/25 6954/440/26 6953/439/26 6939/319/25
f 6941/323/27 6955/441/28 6954/440/26 6940/321/25
f 6942/325/29 6956/442/30 6955/441/28 6941/323/27
f 6943/327/31 6957/443/32 6956/442/30 6942/325/29
f 6944/329/31 6958/444/32 6957/443/32 6943/327/31
f 6945/331/31 6959/445/32 6958/444/32 6944/329/31
f 6946/333/31 6960/446/32 6959/445/32 6945/331/31
f 6947/335/31 6961/447/32 6960/446/32 6946/333/31
f 6948/337/31 6962/448/32 6961/447/32 6947/335/31
f 6950/435/26 6964/449/33 6963/450/33 6949/436/26
f 6951/437/26 6965/451/33 6964/449/33 6950/435/26
f 6952/438/26 6966/452/33 6965/451/33 6951/437/26
f 6953/439/26 6967/453/33 6966/452/33 6952/438/26
f 6954/440/26 6968/454/33 6967/453/33 6953/439/26
f 6955/441/28 6969/455/34 6968/454/33 6954/440/26
f 6956/442/30 6970/456/35 6969/455/34 6955/441/28
f 6957/443/32 6971/457/36 6970/456/35 6956/442/30
f 6958/444/32 6972/458/36 6971/457/36 6957/443/32
f 6959/445/32 6973/459/36 6972/458/36 6958/444/32
f 6960/446/32 6974/460/36 6973/459/36 6959/445/32
f 6961/447/32 6975/461/36 6974/460/36 6960/446/32
f 6962/448/32 6976/462/36 6975/461/36 6961/447/32
f 6964/449/33 6978/463/37 6977/464/37 6963/450/33
f 6965/451/33 6979/465/37 6978/463/37 6964/449/33
f 6966/452/33 6980/466/37 6979/465/37 6965/451/33
f 6967/453/33 6981/467/37 6980/466/37 6966/452/33
f 6968/454/33 6982/468/37 6981/467/37 6967/453/33
f 6969/455/34 6983/469/38 6982/468/37 6968/454/33
f 6970/456/35 6984/470/39 6983/469/38 6969/455/34
f 6971/457/36 6985/471/40 6984/470/39 6970/456/35
f 6972/458/36 6986/472/40 6985/471/40 6971/457/36
f 6973/459/36 6987/473/40 6986/472/40 6972/458/36
f 6974/460/36 6988/474/40 6987/473/40 6973/459/36
f 6975/461/36 6989/475/40 6988/474/40 6974/460/36
f 6976/462/36 6990/476/40 6989/475/40 6975/461/36
f 6978/463/37 6992/477/41 6991/478/41 6977/464/37
f 6979/465/37 6993/479/41 6992/477/41 6978/463/37
f 6980/466/37 6994/480/41 6993/479/41 6979/465/37
f 6981/467/37 6995/481/41 6994/480/41 6980/466/37
f 6982/468/37 6996/482/41 6995/481/41 6981/467/37
f 6983/469/38 6997/483/42 6996/482/41 6982/468/37
f 6984/470/39 6998/484/43 6997/483/42 6983/469/38
f 6985/471/40 6999/485/44 6998/484/43 6984/470/39
f 6986/472/40 7000/486/44 6999/485/44 6985/471/40
f 6987/473/40 7001/487/44 7000/486/44 6986/472/40
f 6988/474/40 7002/488/44 7001/487/44 6987/473/40
f 6989/475/40 7003/489/44 7002/488/44 6988/474/40
f 6990/476/40 7004/490/44 7003/489/44 6989/475/40
f 6992/477/41 7006/491/45 7005/492/46 6991/478/41
f 6993/479/41 7007/493/45 7006/491/45 6992/477/41
f 6994/480/41 7008/494/45 7007/493/45 6993/479/41
f 6995/481/41 7009/495/46 7008/494/45 6994/480/41
f 6996/482/41 7010/496/46 7009/495/46 6995/481/41
f 6997/483/42 7011/497/47 7010/496/46 6996/482/41
f 6998/484/43 7012/498/48 7011/497/47 6997/483/42
f 6999/485/44 7013/499/49 7012/498/48 6998/484/43
f 7000/486/44 7014/500/49 7013/499/49 6999/485/44
f 7001/487/44 7015/501/50 7014/500/49 7000/486/44
f 7002/488/44 7016/502/50 7015/501/50 7001/487/44
f 7003/489/44 7017/503/50 7016/502/50 7002/488/44
f 7004/490/44 7018/504/49 7017/503/50 7003/489/44
f 7006/491/45 7020/505/51 7019/506/51 7005/492/46
f 7007/493/45 7021/507/51 7020/505/51 7006/491/45
f 7008/494/45 7022/508/51 7021/507/51 7007/493/45
f 7009/495/46 7023/509/51 7022/508/51 7008/494/45
f 7010/496/46 7024/510/51 7023/509/51 7009/495/46
f 7011/497/47 7025/511/52 7024/510/51 7010/496/46
f 7012/498/48 7026/512/53 7025/511/52 7011/497/47
f 7013/499/49 7027/513/54 7026/512/53 7012/498/48
f 7014/500/49 7028/514/54 7027/513/54 7013/499/49
f 7015/501/50 7029/515/54 7028/514/54 7014/500/49
f 7016/502/50 7030/516/54 7029/515/54 7015/501/50
f 7017/503/50 7031/517/54 7030/516/54 7016/502/50
f 7018/504/49 7032/518/54 7031/517/54 7017/503/50
f 7020/505/51 7034/519/55 7033/520/55 7019/506/51
f 7021/507/51 7035/521/55 7034/519/55 7020/505/51
f 7022/508/51 7036/522/55 7035/521/55 7021/507/51
f 7023/509/51 7037/523/55 7036/522/55 7022/508/51
f 7024/510/51 7038/524/55 7037/523/55 7023/509/51
f 7025/511/52 7039/525/56 7038/524/55 7024/510/51
f 7026/512/53 7040/526/57 7039/525/56 7025/511/52
f 7027/513/54 7041/527/58 7040/526/57 7026/512/53
f 7028/514/54 7042/528/58 7041/527/58 7027/513/54
f 7029/515/54 7043/529/58 7042/528/58 7028/514/54
f 7030/516/54 7044/530/58 7043/529/58 7029/515/54
f 7031/517/54 7045/531/58 7044/530/58 7030/516/54
f 7032/518/54 7046/532/58 7045/531/58 7031/517/54
f 7034/519/55 7048/533/59 7047/534/59 7033/520/55
f 7035/521/55 7049/535/59 7048/533/59 7034/519/55
f 7036/522/55 7050/536/59 7049/535/59 7035/521/55
f 7037/523/55 7051/537/59 7050/536/59 7036/522/55
f 7038/524/55 7052/538/59 7051/537/59 7037/523/55
f 7039/525/56 7053/539/60 7052/538/59 7038/524/55
f 7040/526/57 7054/540/61 7053/539/60 7039/525/56
f 7041/527/58 7055/541/62 7054/540/61 7040/526/57
f 7042/528/58 7056/542/62 7055/541/62 7041/527/58
f 7043/529/58 7057/543/62 7056/542/62 7042/528/58
f 7044/530/58 7058/544/62 7057/543/62 7043/529/58
f 7045/531/58 7059/545/62 7058/544/62 7044/530/58
f 7046/532/58 7060/546/62 7059/545/62 7045/531/58
f 7048/533/59 7062/547/63 7061/548/63 7047/534/59
f 7049/535/59 7063/549/63 7062/547/63 7048/533/59
f 7050/536/59 7064/550/63 7063/549/63 7049/535/59
f 7051/537/59 7065/551/63 7064/550/63 7050/536/59
f 7052/538/59 7066/552/63 7065/551/63 7051/537/59
f 7053/539/60 7067/553/64 7066/552/63 7052/538/59
f 7054/540/61 7068/554/65 7067/553/64 7053/539/60
f 7055/541/62 7069/555/66 7068/554/65 7054/540/61
f 7056/542/62 7070/556/66 7069/555/66 7055/541/62
f 7057/543/62 7071/557/66 7070/556/66 7056/542/62
f 7058/544/62 7072/558/66 7071/557/66 7057/543/62
f 7059/545/62 7073/559/66 7072/558/66 7058/544/62
f 7060/546/62 7074/560/66 7073/559/66 7059/545/62
f 7062/547/63 7076/561/67 7075/562/67 7061/548/63
f 7063/549/63 7077/563/67 7076/561/67 7062/547/63
f 7064/550/63 7078/564/67 7077/563/67 7063/549/63
f 7065/551/63 7079/565/67 7078/564/67 7064/550/63
f 7066/552/63 7080/566/67 7079/565/67 7065/551/63
f 7067/553/64 7081/567/68 7080/566/67 7066/552/63
f 7068/554/65 7082/568/69 7081/567/68 7067/553/64
f 7069/555/66 7083/569/70 7082/568/69 7068/554/65
f 7070/556/66 7084/570/70 7083/569/70 7069/555/66
f 7071/557/66 7085/571/70 7084/570/70 7070/556/66
f 7072/558/66 7086/572/70 7085/571/70 7071/557/66
f 7073/559/66 7087/573/70 7086/572/70 7072/558/66
f 7074/560/66 7088/574/70 7087/573/70 7073/559/66
f 7076/561/67 7090/575/71 7089/576/71 7075/562/67
f 7077/563/67 7091/577/71 7090/575/71 7076/561/67
f 7078/564/67 7092/578/71 7091/577/71 7077/563/67
f 7079/565/67 7093/579/71 7092/578/71 7078/564/67
f 7080/566/67 7094/580/71 7093/579/71 7079/565/67
f 7081/567/68 7095/581/72 7094/580/71 7080/566/67
f 7082/568/69 7096/582/73 7095/581/72 7081/567/68
f 7083/569/70 7097/583/74 7096/582/73 7082/568/69
f 7084/570/70 7098/584/74 7097/583/74 7083/569/70
f 7085/571/70 7099/585/74 7098/584/74 7084/570/70
f 7086/572/70 7100/586/74 7099/585/74 7085/571/70
f 7087/573/70 7101/587/74 7100/586/74 7086/572/70
f 7088/574/70 7102/588/74 7101/587/74 7087/573/70
f 7090/575/71 7104/589/75 7103/590/75 7089/576/71
f 7091/577/71 7105/591/75 7104/589/75 7090/575/71
f 7092/578/71 7106/592/75 7105/591/75 7091/577/71
f 7093/579/71 7107/593/75 7106/592/75 7092/578/71
f 7094/580/71 7108/594/75 7107/593/75 7093/579/71
f 7095/581/72 7109/595/76 7108/594/75 7094/580/71
f 7096/582/73 7110/596/77 7109/595/76 7095/581/72
f 7097/583/74 7111/597/78 7110/596/77 7096/582/73
f 7098/584/74 7112/598/78 7111/597/78 7097/583/74
f 7099/585/74 7113/599/78 7112/598/78 7098/584/74
f 7100/586/74 7114/600/78 7113/599/78 7099/585/74
f 7101/587/74 7115/601/78 7114/600/78 7100/586/74
f 7102/588/74 7116/602/78 7115/601/78 7101/587/74
f 7104/589/75 7118/603/79 7117/604/79 7103/590/75
f 7105/591/75 7119/605/79 7118/603/79 7104/589/75
f 7106/592/75 7120/606/79 7119/605/79 7105/591/75
f 7107/593/75 7121/607/79 7120/606/79 7106/592/75
f 7108/594/75 7122/608/79 7121/607/79 7107/593/75
f 7109/595/76 7123/609/80 7122/608/79 7108/594/75
f 7110/596/77 7124/610/81 7123/609/80 7109/595/76
f 7111/597/78 7125/611/82 7124/610/81 7110/596/77
f 7112/598/78 7126/612/82 7125/611/82 7111/597/78
f 7113/599/78 7127/613/82 7126/612/82 7112/598/78
f 7114/600/78 7128/614/82 7127/613/82 7113/599/78
f 7115/601/78 7129/615/82 7128/614/82 7114/600/78
f 7116/602/78 7130/616/82 7129/615/82 7115/601/78
f 7118/603/79 7132/617/83 7131/618/83 7117/604/79
f 7119/605/79 7133/619/83 7132/617/83 7118/603/79
f 7120/606/79 7134/620/83 7133/619/83 7119/605/79
f 7121/607/79 7135/621/83 7134/620/83 7120/606/79
f 7122/608/79 7136/622/83 7135/621/83 7121/607/79
f 7123/609/80 7137/623/84 7136/622/83 7122/608/79
f 7124/610/81 7138/624/85 7137/623/84 7123/609/80
f 7125/611/82 7139/625/86 7138/624/85 7124/610/81
f 7126/612/82 7140/626/86 7139/625/86 7125/611/82
f 7127/613/82 7141/627/86 7140/626/86 7126/612/82
f 7128/614/82 7142/628/86 7141/627/86 7127/613/82
f 7129/615/82 7143/629/86 7142/628/86 7128/614/82
f 7130/616/82 7144/630/86 7143/629/86 7129/615/82
f 7132/617/83 7146/631/87 7145/632/87 7131/618/83
f 7133/619/83 7147/633/87 7146/631/87 7132/617/83
f 7134/620/83 7148/634/87 7147/633/87 7133/619/83
f 7135/621/83 7149/635/87 7148/634/87 7134/620/83
f 7136/622/83 7150/636/87 7149/635/87 7135/621/83
f 7137/623/84 7151/637/88 7150/636/87 7136/622/83
f 7138/624/85 7152/638/89 7151/637/88 7137/623/84
f 7139/625/86 7153/639/90 7152/638/89 7138/624/85
f 7140/626/86 7154/640/90 7153/639/90 7139/625/86
f 7141/627/86 7155/641/90 7154/640/90 7140/626/86
f 7142/628/86 7156/642/90 7155/641/90 7141/627/86
f 7143/629/86 7157/643/90 7156/642/90 7142/628/86
f 7144/630/86 7158/644/90 7157/643/90 7143/629/86
f 7146/631/87 7160/645/91 7159/646/91 7145/632/87
f 7147/633/87 7161/647/91 7160/645/91 7146/631/87
f 7148/634/87 7162/648/91 7161/647/91 7147/633/87
f 7149/635/87 7163/649/91 7162/648/91 7148/634/87
f 7150/636/87 7164/650/91 7163/649/91 7149/635/87
f 7151/637/88 7165/651/92 7164/650/91 7150/636/87
f 7152/638/89 7166/652/93 7165/651/92 7151/637/88
f 7153/639/90 7167/653/94 7166/652/93 7152/638/89
f 7154/640/90 7168/654/94 7167/653/94 7153/639/90
f 7155/641/90 7169/655/94 7168/654/94 7154/640/90
f 7156/642/90 7170/656/94 7169/655/94 7155/641/90
f 7157/643/90 7171/657/94 7170/656/94 7156/642/90
f 7158/644/90 7172/658/94 7171/657/94 7157/643/90
f 7160/645/91 7174/659/95 7173/660/95 7159/646/91
f 7161/647/91 7175/661/95 7174/659/95 7160/645/91
f 7162/648/91 7176/662/95 7175/661/95 7161/647/91
f 7163/649/91 7177/663/95 7176/662/95 7162/648/91
f 7164/650/91 7178/664/95 7177/663/95 7163/649/91
f 7165/651/92 7179/665/96 7178/664/95 7164/650/91
f 7166/652/93 7180/666/97 7179/665/96 7165/651/92
f 7167/653/94 7181/667/98 7180/666/97 7166/652/93
f 7168/654/94 7182/668/98 7181/667/98 7167/653/94
f 7169/655/94 7183/669/98 7182/668/98 7168/654/94
f 7170/656/94 7184/670/98 7183/669/98 7169/655/94
f 7171/657/94 7185/671/98 7184/670/98 7170/656/94
f 7172/658/94 7186/672/98 7185/671/98 7171/657/94
f 7174/659/95 7188/673/99 7187/674/99 7173/660/95
f 7175/661/95 7189/675/99 7188/673/99 7174/659/95
f 7176/662/95 7190/676/99 7189/675/99 7175/661/95
f 7177/663/95 7191/677/99 7190/676/99 7176/662/95
f 7178/664/95 7192/678/99 7191/677/99 7177/663/95
f 7179/665/96 7193/679/100 7192/678/99 7178/664/95
f 7180/666/97 7194/680/101 7193/679/100 7179/665/96
f 7181/667/98 7195/681/102 7194/680/101 7180/666/97
f 7182/668/98 7196/682/102 7195/681/102 7181/667/98
f 7183/669/98 7197/683/102 7196/682/102 7182/668/98
f 7184/670/98 7198/684/102 7197/683/102 7183/669/98
f 7185/671/98 7199/685/102 7198/684/102 7184/670/98
f 7186/672/98 7200/686/102 7199/685/102 7185/671/98
f 7188/673/99 7202/687/103 7201/688/103 7187/674/99
f 7189/675/99 7203/689/103 7202/687/103 7188/673/99
f 7190/676/99 7204/690/103 7203/689/103 7189/675/99
f 7191/677/99 7205/691/103 7204/690/103 7190/676/99
f 7192/678/99 7206/692/103 7205/691/103 7191/677/99
f 7193/679/100 7207/693/104 7206/692/103 7192/678/99
f 7194/680/101 7208/694/105 7207/693/104 7193/679/100
f 7195/681/102 7209/695/106 7208/694/105 7194/680/101
f 7196/682/102 7210/696/106 7209/695/106 7195/681/102
f 7197/683/102 7211/697/106 7210/696/106 7196/682/102
f 7198/684/102 7212/698/106 7211/697/106 7197/683/102
f 7199/685/102 7213/699/106 7212/698/106 7198/684/102
f 7200/686/102 7214/700/106 7213/699/106 7199/685/102
f 7202/687/103 7216/701/107 7215/702/107 7201/688/103
f 7203/689/103 7217/703/107 7216/701/107 7202/687/103
f 7204/690/103 7218/704/107 7217/703/107 7203/689/103
f 7205/691/103 7219/705/107 7218/704/107 7204/690/103
f 7206/692/103 7220/706/107 7219/705/107 7205/691/103
f 7207/693/104 7221/707/108 7220/706/107 7206/692/103
f 7208/694/105 7222/708/109 7221/707/108 7207/693/104
f 7209/695/106 7223/709/110 7222/708/109 7208/694/105
f 7210/696/106 7224/710/110 7223/709/110 7209/695/106
f 7211/697/106 7225/711/110 7224/710/110 7210/696/106
f 7212/698/106 7226/712/110 7225/711/110 7211/697/106
f 7213/699/106 7227/713/110 7226/712/110 7212/698/106
f 7214/700/106 7228/714/110 7227/713/110 7213/699/106
f 7216/701/107 7230/715/111 7229/716/111 7215/702/107
f 7217/703/107 7231/717/111 7230/715/111 7216/701/107
f 7218/704/107 7232/718/111 7231/717/111 7217/703/107
f 7219/705/107 7233/719/111 7232/718/111 7218/704/107
f 7220/706/107 7234/720/111 7233/719/111 7219/705/107
f 7221/707/108 7235/721/112 7234/720/111 7220/706/107
f 7222/708/109 7236/722/113 7235/721/112 7221/707/108
f 7223/709/110 7237/723/114 7236/722/113 7222/708/109
f 7224/710/110 7238/724/114 7237/723/114 7223/709/110
f 7225/711/110 7239/725/114 7238/724/114 7224/710/110
f 7226/712/110 7240/726/114 7239/725/114 7225/711/110
f 7227/713/110 7241/727/114 7240/726/114 7226/712/110
f 7228/714/110 7242/728/114 7241/727/114 7227/713/110
f 7230/715/111 7244/729/115 7243/730/115 7229/716/111
f 7231/717/111 7245/731/115 7244/729/115 7230/715/111
f 7232/718/111 7246/732/115 7245/731/115 7231/717/111
f 7233/719/111 7247/733/115 7246/732/115 7232/718/111
f 7234/720/111 7248/734/115 7247/733/115 7233/719/111
f 7235/721/112 7249/735/116 7248/734/115 7234/720/111
f 7236/722/113 7250/736/117 7249/735/116 7235/721/112
f 7237/723/114 7251/737/118 7250/736/117 7236/722/113
f 7238/724/114 7252/738/118 7251/737/118 7237/723/114
f 7239/725/114 7253/739/118 7252/738/118 7238/724/114
f 7240/726/114 7254/740/118 7253/739/118 7239/725/114
f 7241/727/114 7255/741/118 7254/740/118 7240/726/114
f 7242/728/114 7256/742/118 7255/741/118 7241/727/114
f 7244/729/115 7258/743/119 7257/744/119 7243/730/115
f 7245/731/115 7259/745/119 7258/743/119 7244/729/115
f 7246/732/115 7260/746/119 7259/745/119 7245/731/115
f 7247/733/115 7261/747/119 7260/746/119 7246/732/115
f 7248/734/115 7262/748/119 7261/747/119 7247/733/115
f 7249/735/116 7263/749/120 7262/748/119 7248/734/115
f 7250/736/117 7264/750/121 7263/749/120 7249/735/116
f 7251/737/118 7265/751/122 7264/750/121 7250/736/117
f 7252/738/118 7266/752/122 7265/751/122 7251/737/118
f 7253/739/118 7267/753/122 7266/752/122 7252/738/118
f 7254/740/118 7268/754/122 7267/753/122 7253/739/118
f 7255/741/118 7269/755/122 7268/754/122 7254/740/118
f 7256/742/118 7270/756/122 7269/755/122 7255/741/118
f 7258/743/119 7272/757/123 7271/758/123 7257/744/119
f 7259/745/119 7273/759/123 7272/757/123 7258/743/119
f 7260/746/119 7274/760/123 7273/759/123 7259/745/119
f 7261/747/119 7275/761/123 7274/760/123 7260/746/119
f 7262/748/119 7276/762/123 7275/761/123 7261/747/119
f 7263/749/120 7277/763/124 7276/762/123 7262/748/119
f 7264/750/121 7278/764/125 7277/763/124 7263/749/120
f 7265/751/122 7279/765/126 7278/764/125 7264/750/121
f 7266/752/122 7280/766/126 7279/765/126 7265/751/122
f 7267/753/122 7281/767/126 7280/766/126 7266/752/122
f 7268/754/122 7282/768/126 7281/767/126 7267/753/122
f 7269/755/122 7283/769/126 7282/768/126 7268/754/122
f 7270/756/122 7284/770/126 7283/769/126 7269/755/122
f 7272/757/123 7286/771/127 7285/772/127 7271/758/123
f 7273/759/123 7287/773/127 7286/771/127 7272/757/123
f 7274/760/123 7288/774/127 7287/773/127 7273/759/123
f 7275/761/123 7289/775/127 7288/774/127 7274/760/123
f 7276/762/123 7290/776/127 7289/775/127 7275/761/123
f 7277/763/124 7291/777/128 7290/776/127 7276/762/123
f 7278/764/125 7292/778/129 7291/777/128 7277/763/124
f 7279/765/126 7293/779/130 7292/778/129 7278/764/125
f 7280/766/126 7294/780/130 7293/779/130 7279/765/126
f 7281/767/126 7295/781/130 7294/780/130 7280/766/126
f 7282/768/126 7296/782/130 7295/781/130 7281/767/126
f 7283/769/126 7297/783/130 7296/782/130 7282/768/126
f 7284/770/126 7298/784/130 7297/783/130 7283/769/126
f 7286/771/127 7300/785/131 7299/786/131 7285/772/127
f 7287/773/127 7301/787/131 7300/785/131 7286/771/127
f 7288/774/127 7302/788/131 7301/787/131 7287/773/127
f 7289/775/127 7303/789/131 7302/788/131 7288/774/127
f 7290/776/127 7304/790/131 7303/789/131 7289/775/127
f 7291/777/128 7305/791/132 7304/790/131 7290/776/127
f 7292/778/129 7306/792/133 7305/791/132 7291/777/128
f 7293/779/130 7307/793/134 7306/792/133 7292/778/129
f 7294/780/130 7308/794/134 7307/793/134 7293/779/130
f 7295/781/130 7309/795/134 7308/794/134 7294/780/130
f 7296/782/130 7310/796/134 7309/795/134 7295/781/130
f 7297/783/130 7311/797/134 7310/796/134 7296/782/130
f 7298/784/130 7312/798/134 7311/797/134 7297/783/130
f 7300/785/131 7314/799/135 7313/800/135 7299/786/131
f 7301/787/131 7315/801/135 7314/799/135 7300/785/131
f 7302/788/131 7316/802/135 7315/801/135 7301/787/131
f 7303/789/131 7317/803/135 7316/802/135 7302/788/131
f 7304/790/131 7318/804/135 7317/803/135 7303/789/131
f 7305/791/132 7319/805/136 7318/804/135 7304/790/131
f 7306/792/133 7320/806/137 7319/805/136 7305/791/132
f 7307/793/134 7321/807/138 7320/806/137 7306/792/133
f 7308/794/134 7322/808/138 7321/807/138 7307/793/134
f 7309/795/134 7323/809/138 7322/808/138 7308/794/134
f 7310/796/134 7324/810/138 7323/809/138 7309/795/134
f 7311/797/134 7325/811/138 7324/810/138 7310/796/134
f 7312/798/134 7326/812/138 7325/811/138 7311/797/134
f 7314/799/135 7328/813/139 7327/814/139 7313/800/135
f 7315/801/135 7329/815/139 7328/813/139 7314/799/135
f 7316/802/135 7330/816/139 7329/815/139 7315/801/135
f 7317/803/135 7331/817/139 7330/816/139 7316/802/135
f 7318/804/135 7332/818/139 7331/817/139 7317/803/135
f 7319/805/136 7333/819/140 7332/818/139 7318/804/135
f 7320/806/137 7334/820/141 7333/819/140 7319/805/136
f 7321/807/138 7335/821/142 7334/820/141 7320/806/137
f 7322/808/138 7336/822/142 7335/821/142 7321/807/138
f 7323/809/138 7337/823/142 7336/822/142 7322/808/138
f 7324/810/138 7338/824/142 7337/823/142 7323/809/138
f 7325/811/138 7339/825/142 7338/824/142 7324/810/138
f 7326/812/138 7340/826/142 7339/825/142 7325/811/138
f 7328/813/139 7342/827/143 7341/828/143 7327/814/139
f 7329/815/139 7343/829/143 7342/827/143 7328/813/139
f 7330/816/139 7344/830/143 7343/829/143 7329/815/139
f 7331/817/139 7345/831/143 7344/830/143 7330/816/139
f 7332/818/139 7346/832/143 7345/831/143 7331/817/139
f 7333/819/140 7347/833/144 7346/832/143 7332/818/139
f 7334/820/141 7348/834/145 7347/833/144 7333/819/140
f 7335/821/142 7349/835/146 7348/834/145 7334/820/141
f 7336/822/142 7350/836/146 7349/835/146 7335/821/142
f 7337/823/142 7351/837/146 7350/836/146 7336/822/142
f 7338/824/142 7352/838/146 7351/837/146 7337/823/142
f 7339/825/142 7353/839/146 7352/838/146 7338/824/142
f 7340/826/142 7354/840/146 7353/839/146 7339/825/142
f 7342/827/143 7356/841/147 7355/842/147 7341/828/143
f 7343/829/143 7357/843/147 7356/841/147 7342/827/143
f 7344/830/143 7358/844/147 7357/843/147 7343/829/143
f 7345/831/143 7359/845/147 7358/844/147 7344/830/143
f 7346/832/143 7360/846/147 7359/845/147 7345/831/143
f 7347/833/144 7361/847/148 7360/846/147 7346/832/143
f 7348/834/145 7362/848/149 7361/847/148 7347/833/144
f 7349/835/146 7363/849/150 7362/848/149 7348/834/145
f 7350/836/146 7364/850/150 7363/849/150 7349/835/146
f 7351/837/146 7365/851/150 7364/850/150 7350/836/146
f 7352/838/146 7366/852/150 7365/851/150 7351/837/146
f 7353/839/146 7367/853/150 7366/852/150 7352/838/146
f 7354/840/146 7368/854/150 7367/853/150 7353/839/146
f 7356/841/147 7370/855/151 7369/856/151 7355/842/147
f 7357/843/147 7371/857/151 7370/855/151 7356/841/147
f 7358/844/147 7372/858/151 7371/857/151 7357/843/147
f 7359/845/147 7373/859/151 7372/858/151 7358/844/147
f 7360/846/147 7374/860/151 7373/859/151 7359/845/147
f 7361/847/148 7375/861/152 7374/860/151 7360/846/147
f 7362/848/149 7376/862/153 7375/861/152 7361/847/148
f 7363/849/150 7377/863/154 7376/862/153 7362/848/149
f 7364/850/150 7378/864/154 7377/863/154 7363/849/150
f 7365/851/150 7379/865/154 7378/864/154 7364/850/150
f 7366/852/150 7380/866/154 7379/865/154 7365/851/150
f 7367/853/150 7381/867/154 7380/866/154 7366/852/150
f 7368/854/150 7382/868/154 7381/867/154 7367/853/150
f 7370/855/151 7384/869/155 7383/870/155 7369/856/151
f 7371/857/151 7385/871/155 7384/869/155 7370/855/151
f 7372/858/151 7386/872/155 7385/871/155 7371/857/151
f 7373/859/151 7387/873/155 7386/872/155 7372/858/151
f 7374/860/151 7388/874/155 7387/873/155 7373/859/151
f 7375/861/152 7389/875/156 7388/874/155 7374/860/151
f 7376/862/153 7390/876/157 7389/875/156 7375/861/152
f 7377/863/154 7391/877/158 7390/876/157 7376/862/153
f 7378/864/154 7392/878/158 7391/877/158 7377/863/154
f 7379/865/154 7393/879/158 7392/878/158 7378/864/154
f 7380/866/154 7394/880/158 7393/879/158 7379/865/154
f 7381/867/154 7395/881/158 7394/880/158 7380/866/154
f 7382/868/154 7396/882/158 7395/881/158 7381/867/154
f 7384/869/155 7398/883/159 7397/884/159 7383/870/155
f 7385/871/155 7399/885/159 7398/883/159 7384/869/155
f 7386/872/155 7400/886/159 7399/885/159 7385/871/155
f 7387/873/155 7401/887/159 7400/886/159 7386/872/155
f 7388/874/155 7402/888/159 7401/887/159 7387/873/155
f 7389/875/156 7403/889/160 7402/888/159 7388/874/155
f 7390/876/157 7404/890/161 7403/889/160 7389/875/156
f 7391/877/158 7405/891/162 7404/890/161 7390/876/157
f 7392/878/158 7406/892/162 7405/891/162 7391/877/158
f 7393/879/158 7407/893/162 7406/892/162 7392/878/158
f 7394/880/158 7408/894/162 7407/893/162 7393/879/158
f 7395/881/158 7409/895/162 7408/894/162 7394/880/158
f 7396/882/158 7410/896/162 7409/895/162 7395/881/158
f 7398/883/159 7412/897/163 7411/898/163 7397/884/159
f 7399/885/159 7413/899/163 7412/897/163 7398/883/159
f 7400/886/159 7414/900/163 7413/899/163 7399/885/159
f 7401/887/159 7415/901/163 7414/900/163 7400/886/159
f 7402/888/159 7416/902/163 7415/901/163 7401/887/159
f 7403/889/160 7417/903/164 7416/902/163 7402/888/159
f 7404/890/161 7418/904/165 7417/903/164 7403/889/160
f 7405/891/162 7419/905/166 7418/904/165 7404/890/161
f 7406/892/162 7420/906/166 7419/905/166 7405/891/162
f 7407/893/162 7421/907/166 7420/906/166 7406/892/162
f 7408/894/162 7422/908/166 7421/907/166 7407/893/162
f 7409/895/162 7423/909/166 7422/908/166 7408/894/162
f 7410/896/162 7424/910/166 7423/909/166 7409/895/162
f 7412/897/163 7426/911/167 7425/912/167 7411/898/163
f 7413/899/163 7427/913/167 7426/911/167 7412/897/163
f 7414/900/163 7428/914/167 7427/913/167 7413/899/163
f 7415/901/163 7429/915/167 7428/914/167 7414/900/163
f 7416/902/163 7430/916/167 7429/915/167 7415/901/163
f 7417/903/164 7431/917/168 7430/916/167 7416/902/163
f 7418/904/165 7432/918/169 7431/917/168 7417/903/164
f 7419/905/166 7433/919/170 7432/918/169 7418/904/165
f 7420/906/166 7434/920/170 7433/919/170 7419/905/166
f 7421/907/166 7435/921/170 7434/920/170 7420/906/166
f 7422/908/166 7436/922/170 7435/921/170 7421/907/166
f 7423/909/166 7437/923/170 7436/922/170 7422/908/166
f 7424/910/166 7438/924/170 7437/923/170 7423/909/166
f 7426/911/167 7440/925/171 7439/926/171 7425/912/167
f 7427/913/167 7441/927/171 7440/925/171 7426/911/167
f 7428/914/167 7442/928/171 7441/927/171 7427/913/167
f 7429/915/167 7443/929/171 7442/928/171 7428/914/167
f 7430/916/167 7444/930/171 7443/929/171 7429/915/167
f 7431/917/168 7445/931/172 7444/930/171 7430/916/167
f 7432/918/169 7446/932/173 7445/931/172 7431/917/168
f 7433/919/170 7447/933/174 7446/932/173 7432/918/169
f 7434/920/170 7448/934/174 7447/933/174 7433/919/170
f 7435/921/170 7449/935/174 7448/934/174 7434/920/170
f 7436/922/170 7450/936/174 7449/935/174 7435/921/170
f 7437/923/170 7451/937/174 7450/936/174 7436/922/170
f 7438/924/170 7452/938/174 7451/937/174 7437/923/170
f 7440/925/171 7454/367/175 7453/4/175 7439/926/171
f 7441/927/171 7455/368/175 7454/367/175 7440/925/171
f 7442/928/171 7456/369/175 7455/368/175 7441/927/171
f 7443/929/171 7457/370/175 7456/369/175 7442/928/171
f 7444/930/171 7458/371/175 7457/370/175 7443/929/171
f 7445/931/172 7459/372/176 7458/371/175 7444/930/171
f 7446/932/173 7460/373/177 7459/372/176 7445/931/172
f 7447/933/174 7461/374/178 7460/373/177 7446/932/173
f 7448/934/174 7462/375/178 7461/374/178 7447/933/174
f 7449/935/174 7463/376/178 7462/375/178 7448/934/174
f 7450/936/174 7464/377/178 7463/376/178 7449/935/174
f 7451/937/174 7465/378/178 7464/377/178 7450/936/174
f 7452/938/174 7466/379/178 7465/378/178 7451/937/174
f 7454/367/175 7468/939/179 7467/940/179 7453/4/175
f 7455/368/175 7469/941/179 7468/939/179 7454/367/175
f 7456/369/175 7470/942/179 7469/941/179 7455/368/175
f 7457/370/175 7471/943/179 7470/942/179 7456/369/175
f 7458/371/175 7472/944/179 7471/943/179 7457/370/175
f 7459/372/176 7473/945/180 7472/944/179 7458/371/175
f 7460/373/177 7474/946/181 7473/945/180 7459/372/176
f 7461/374/178 7475/947/182 7474/946/181 7460/373/177
f 7462/375/178 7476/948/182 7475/947/182 7461/374/178
f 7463/376/178 7477/949/182 7476/948/182 7462/375/178
f 7464/377/178 7478/950/182 7477/949/182 7463/376/178
f 7465/378/178 7479/951/182 7478/950/182 7464/377/178
f 7466/379/178 7480/952/182 7479/951/182 7465/378/178
f 7468/939/179 7482/953/183 7481/954/183 7467/940/179
f 7469/941/179 7483/955/183 7482/953/183 7468/939/179
f 7470/942/179 7484/956/183 7483/955/183 7469/941/179
f 7471/943/179 7485/957/183 7484/956/183 7470/942/179
f 7472/944/179 7486/958/183 7485/957/183 7471/943/179
f 7473/945/180 7487/959/184 7486/958/183 7472/944/179
f 7474/946/181 7488/960/185 7487/959/184 7473/945/180
f 7475/947/182 7489/961/186 7488/960/185 7474/946/181
f 7476/948/182 7490/962/186 7489/961/186 7475/947/182
f 7477/949/182 7491/963/186 7490/962/186 7476/948/182
f 7478/950/182 7492/964/186 7491/963/186 7477/949/182
f 7479/951/182 7493/965/186 7492/964/186 7478/950/182
f 7480/952/182 7494/966/186 7493/965/186 7479/951/182
f 7482/953/183 7496/967/187 7495/968/187 7481/954/183
f 7483/955/183 7497/969/187 7496/967/187 7482/953/183
f 7484/956/183 7498/970/187 7497/969/187 7483/955/183
f 7485/957/183 7499/971/187 7498/970/187 7484/956/183
f 7486/958/183 7500/972/187 7499/971/187 7485/957/183
f 7487/959/184 7501/973/188 7500/972/187 7486/958/183
f 7488/960/185 7502/974/189 7501/973/188 7487/959/184
f 7489/961/186 7503/975/190 7502/974/189 7488/960/185
f 7490/962/186 7504/976/190 7503/975/190 7489/961/186
f 7491/963/186 7505/977/190 7504/976/190 7490/962/186
f 7492/964/186 7506/978/190 7505/977/190 7491/963/186
f 7493/965/186 7507/979/190 7506/978/190 7492/964/186
f 7494/966/186 7508/980/190 7507/979/190 7493/965/186
f 7496/967/187 7510/981/191 7509/982/191 7495/968/187
f 7497/969/187 7511/983/191 7510/981/191 7496/967/187
f 7498/970/187 7512/984/191 7511/983/191 7497/969/187
f 7499/971/187 7513/985/191 7512/984/191 7498/970/187
f 7500/972/187 7514/986/191 7513/985/191 7499/971/187
f 7501/973/188 7515/987/192 7514/986/191 7500/972/187
f 7502/974/189 7516/988/193 7515/987/192 7501/973/188
f 7503/975/190 7517/989/194 7516/988/193 7502/974/189
f 7504/976/190 7518/990/194 7517/989/194 7503/975/190
f 7505/977/190 7519/991/194 7518/990/194 7504/976/190
f 7506/978/190 7520/992/194 7519/991/194 7505/977/190
f 7507/979/190 7521/993/194 7520/992/194 7506/978/190
f 7508/980/190 7522/994/194 7521/993/194 7507/979/190
f 7510/981/191 7524/995/195 7523/996/195 7509/982/191
f 7511/983/191 7525/997/195 7524/995/195 7510/981/191
f 7512/984/191 7526/998/195 7525/997/195 7511/983/191
f 7513/985/191 7527/999/195 7526/998/195 7512/984/191
f 7514/986/191 7528/1000/195 7527/999/195 7513/985/191
f 7515/987/192 7529/1001/196 7528/1000/195 7514/986/191
f 7516/988/193 7530/1002/197 7529/1001/196 7515/987/192
f 7517/989/194 7531/1003/198 7530/1002/197 7516/988/193
f 7518/990/194 7532/1004/198 7531/1003/198 7517/989/194
f 7519/991/194 7533/1005/198 7532/1004/198 7518/990/194
f 7520/992/194 7534/1006/198 7533/1005/198 7519/991/194
f 7521/993/194 7535/1007/198 7534/1006/198 7520/992/194
f 7522/994/194 7536/1008/198 7535/1007/198 7521/993/194
f 7524/995/195 7538/1009/199 7537/1010/199 7523/996/195
f 7525/997/195 7539/1011/199 7538/1009/199 7524/995/195
f 7526/998/195 7540/1012/199 7539/1011/199 7525/997/195
f 7527/999/195 7541/1013/199 7540/1012/199 7526/998/195
f 7528/1000/195 7542/1014/199 7541/1013/199 7527/999/195
f 7529/1001/196 7543/1015/200 7542/1014/199 7528/1000/195
f 7530/1002/197 7544/1016/201 7543/1015/200 7529/1001/196
f 7531/1003/198 7545/1017/202 7544/1016/201 7530/1002/197
f 7532/1004/198 7546/1018/202 7545/1017/202 7531/1003/198
f 7533/1005/198 7547/1019/202 7546/1018/202 7532/1004/198
f 7534/1006/198 7548/1020/202 7547/1019/202 7533/1005/198
f 7535/1007/198 7549/1021/202 7548/1020/202 7534/1006/198
f 7536/1008/198 7550/1022/202 7549/1021/202 7535/1007/198
f 7538/1009/199 7552/1023/203 7551/1024/203 7537/1010/199
f 7539/1011/199 7553/1025/203 7552/1023/203 7538/1009/199
f 7540/1012/199 7554/1026/203 7553/1025/203 7539/1011/199
f 7541/1013/199 7555/1027/203 7554/1026/203 7540/1012/199
f 7542/1014/199 7556/1028/203 7555/1027/203 7541/1013/199
f 7543/1015/200 7557/1029/204 7556/1028/203 7542/1014/199
f 7544/1016/201 7558/1030/205 7557/1029/204 7543/1015/200
f 7545/1017/202 7559/1031/206 7558/1030/205 7544/1016/201
f 7546/1018/202 7560/1032/206 7559/1031/206 7545/1017/202
f 7547/1019/202 7561/1033/206 7560/1032/206 7546/1018/202
f 7548/1020/202 7562/1034/206 7561/1033/206 7547/1019/202
f 7549/1021/202 7563/1035/206 7562/1034/206 7548/1020/202
f 7550/1022/202 7564/1036/206 7563/1035/206 7549/1021/202
f 7552/1023/203 7566/1037/208 7565/1038/208 7551/1024/203
f 7553/1025/203 7567/1039/207 7566/1037/208 7552/1023/203
f 7554/1026/203 7568/1040/207 7567/1039/207 7553/1025/203
f 7555/1027/203 7569/1041/208 7568/1040/207 7554/1026/203
f 7556/1028/203 7570/1042/208 7569/1041/208 7555/1027/203
f 7557/1029/204 7571/1043/209 7570/1042/208 7556/1028/203
f 7558/1030/205 7572/1044/210 7571/1043/209 7557/1029/204
f 7559/1031/206 7573/1045/212 7572/1044/210 7558/1030/205
f 7560/1032/206 7574/1046/212 7573/1045/212 7559/1031/206
f 7561/1033/206 7575/1047/211 7574/1046/212 7560/1032/206
f 7562/1034/206 7576/1048/211 7575/1047/211 7561/1033/206
f 7563/1035/206 7577/1049/212 7576/1048/211 7562/1034/206
f 7564/1036/206 7578/1050/212 7577/1049/212 7563/1035/206
f 7566/1037/208 7580/1051/213 7579/1052/213 7565/1038/208
f 7567/1039/207 7581/1053/213 7580/1051/213 7566/1037/208
f 7568/1040/207 7582/1054/213 7581/1053/213 7567/1039/207
f 7569/1041/208 7583/1055/213 7582/1054/213 7568/1040/207
f 7570/1042/208 7584/1056/1407 7583/1055/213 7569/1041/208
f 7571/1043/209 7585/1057/214 7584/1056/1407 7570/1042/208
f 7572/1044/210 7586/1058/215 7585/1057/214 7571/1043/209
f 7573/1045/212 7587/1059/1408 7586/1058/215 7572/1044/210
f 7574/1046/212 7588/1060/216 7587/1059/1408 7573/1045/212
f 7575/1047/211 7589/1061/216 7588/1060/216 7574/1046/212
f 7576/1048/211 7590/1062/216 7589/1061/216 7575/1047/211
f 7577/1049/212 7591/1063/216 7590/1062/216 7576/1048/211
f 7578/1050/212 7592/1064/216 7591/1063/216 7577/1049/212
f 7580/1051/213 7594/1065/217 7593/1066/217 7579/1052/213
f 7581/1053/213 7595/1067/217 7594/1065/217 7580/1051/213
f 7582/1054/213 7596/1068/217 7595/1067/217 7581/1053/213
f 7583/1055/213 7597/1069/217 7596/1068/217 7582/1054/213
f 7584/1056/1407 7598/1070/217 7597/1069/217 7583/1055/213
f 7585/1057/214 7599/1071/218 7598/1070/217 7584/1056/1407
f 7586/1058/215 7600/1072/219 7599/1071/218 7585/1057/214
f 7587/1059/1408 7601/1073/220 7600/1072/219 7586/1058/215
f 7588/1060/216 7602/1074/220 7601/1073/220 7587/1059/1408
f 7589/1061/216 7603/1075/220 7602/1074/220 7588/1060/216
f 7590/1062/216 7604/1076/220 7603/1075/220 7589/1061/216
f 7591/1063/216 7605/1077/220 7604/1076/220 7590/1062/216
f 7592/1064/216 7606/1078/220 7605/1077/220 7591/1063/216
f 7594/1065/217 7608/1079/221 7607/1080/221 7593/1066/217
f 7595/1067/217 7609/1081/221 7608/1079/221 7594/1065/217
f 7596/1068/217 7610/1082/221 7609/1081/221 7595/1067/217
f 7597/1069/217 7611/1083/221 7610/1082/221 7596/1068/217
f 7598/1070/217 7612/1084/222 7611/1083/221 7597/1069/217
f 7599/1071/218 7613/1085/223 7612/1084/222 7598/1070/217
f 7600/1072/219 7614/1086/224 7613/1085/223 7599/1071/218
f 7601/1073/220 7615/1087/225 7614/1086/224 7600/1072/219
f 7602/1074/220 7616/1088/226 7615/1087/225 7601/1073/220
f 7603/1075/220 7617/1089/226 7616/1088/226 7602/1074/220
f 7604/1076/220 7618/1090/226 7617/1089/226 7603/1075/220
f 7605/1077/220 7619/1091/226 7618/1090/226 7604/1076/220
f 7606/1078/220 7620/1092/226 7619/1091/226 7605/1077/220
f 7608/1079/221 7622/1093/227 7621/1094/227 7607/1080/221
f 7609/1081/221 7623/1095/227 7622/1093/227 7608/1079/221
f 7610/1082/221 7624/1096/227 7623/1095/227 7609/1081/221
f 7611/1083/221 7625/1097/227 7624/1096/227 7610/1082/221
f 7612/1084/222 7626/1098/228 7625/1097/227 7611/1083/221
f 7613/1085/223 7627/1099/229 7626/1098/228 7612/1084/222
f 7614/1086/224 7628/1100/230 7627/1099/229 7613/1085/223
f 7615/1087/225 7629/1101/231 7628/1100/230 7614/1086/224
f 7616/1088/226 7630/1102/232 7629/1101/231 7615/1087/225
f 7617/1089/226 7631/1103/232 7630/1102/232 7616/1088/226
f 7618/1090/226 7632/1104/232 7631/1103/232 7617/1089/226
f 7619/1091/226 7633/1105/232 7632/1104/232 7618/1090/226
f 7620/1092/226 7634/1106/232 7633/1105/232 7619/1091/226
f 7622/1093/227 7636/1107/233 7635/1108/233 7621/1094/227
f 7623/1095/227 7637/1109/233 7636/1107/233 7622/1093/227
f 7624/1096/227 7638/1110/233 7637/1109/233 7623/1095/227
f 7625/1097/227 7639/1111/233 7638/1110/233 7624/1096/227
f 7626/1098/228 7640/1112/233 7639/1111/233 7625/1097/227
f 7627/1099/229 7641/1113/234 7640/1112/233 7626/1098/228
f 7628/1100/230 7642/1114/235 7641/1113/234 7627/1099/229
f 7629/1101/231 7643/1115/236 7642/1114/235 7628/1100/230
f 7630/1102/232 7644/1116/236 7643/1115/236 7629/1101/231
f 7631/1103/232 7645/1117/236 7644/1116/236 7630/1102/232
f 7632/1104/232 7646/1118/236 7645/1117/236 7631/1103/232
f 7633/1105/232 7647/1119/236 7646/1118/236 7632/1104/232
f 7634/1106/232 7648/1120/236 7647/1119/236 7633/1105/232
f 7636/1107/233 7650/1121/237 7649/1122/237 7635/1108/233
f 7637/1109/233 7651/1123/237 7650/1121/237 7636/1107/233
f 7638/1110/233 7652/1124/237 7651/1123/237 7637/1109/233
f 7639/1111/233 7653/1125/237 7652/1124/237 7638/1110/233
f 7640/1112/233 7654/1126/237 7653/1125/237 7639/1111/233
f 7641/1113/234 7655/1127/238 7654/1126/237 7640/1112/233
f 7642/1114/235 7656/1128/239 7655/1127/238 7641/1113/234
f 7643/1115/236 7657/1129/240 7656/1128/239 7642/1114/235
f 7644/1116/236 7658/1130/240 7657/1129/240 7643/1115/236
f 7645/1117/236 7659/1131/240 7658/1130/240 7644/1116/236
f 7646/1118/236 7660/1132/240 7659/1131/240 7645/1117/236
f 7647/1119/236 7661/1133/240 7660/1132/240 7646/1118/236
f 7648/1120/236 7662/1134/240 7661/1133/240 7647/1119/236
f 7650/1121/237 7664/1135/241 7663/1136/241 7649/1122/237
f 7651/1123/237 7665/1137/241 7664/1135/241 7650/1121/237
f 7652/1124/237 7666/1138/241 7665/1137/241 7651/1123/237
f 7653/1125/237 7667/1139/241 7666/1138/241 7652/1124/237
f 7654/1126/237 7668/1140/241 7667/1139/241 7653/1125/237
f 7655/1127/238 7669/1141/242 7668/1140/241 7654/1126/237
f 7656/1128/239 7670/1142/243 7669/1141/242 7655/1127/238
f 7657/1129/240 7671/1143/244 7670/1142/243 7656/1128/239
f 7658/1130/240 7672/1144/244 7671/1143/244 7657/1129/240
f 7659/1131/240 7673/1145/244 7672/1144/244 7658/1130/240
f 7660/1132/240 7674/1146/244 7673/1145/244 7659/1131/240
f 7661/1133/240 7675/1147/244 7674/1146/244 7660/1132/240
f 7662/1134/240 7676/1148/244 7675/1147/244 7661/1133/240
f 7664/1135/241 7678/1149/245 7677/1150/245 7663/1136/241
f 7665/1137/241 7679/1151/245 7678/1149/245 7664/1135/241
f 7666/1138/241 7680/1152/245 7679/1151/245 7665/1137/241
f 7667/1139/241 7681/1153/245 7680/1152/245 7666/1138/241
f 7668/1140/241 7682/1154/245 7681/1153/245 7667/1139/241
f 7669/1141/242 7683/1155/246 7682/1154/245 7668/1140/241
f 7670/1142/243 7684/1156/247 7683/1155/246 7669/1141/242
f 7671/1143/244 7685/1157/248 7684/1156/247 7670/1142/243
f 7672/1144/244 7686/1158/248 7685/1157/248 7671/1143/244
f 7673/1145/244 7687/1159/248 7686/1158/248 7672/1144/244
f 7674/1146/244 7688/1160/248 7687/1159/248 7673/1145/244
f 7675/1147/244 7689/1161/248 7688/1160/248 7674/1146/244
f 7676/1148/244 7690/1162/248 7689/1161/248 7675/1147/244
f 7678/1149/245 7692/1163/249 7691/1164/249 7677/1150/245
f 7679/1151/245 7693/1165/249 7692/1163/249 7678/1149/245
f 7680/1152/245 7694/1166/249 7693/1165/249 7679/1151/245
f 7681/1153/245 7695/1167/249 7694/1166/249 7680/1152/245
f 7682/1154/245 7696/1168/249 7695/1167/249 7681/1153/245
f 7683/1155/246 7697/1169/250 7696/1168/249 7682/1154/245
f 7684/1156/247 7698/1170/251 7697/1169/250 7683/1155/246
f 7685/1157/248 7699/1171/252 7698/1170/251 7684/1156/247
f 7686/1158/248 7700/1172/252 7699/1171/252 7685/1157/248
f 7687/1159/248 7701/1173/252 7700/1172/252 7686/1158/248
f 7688/1160/248 7702/1174/252 7701/1173/252 7687/1159/248
f 7689/1161/248 7703/1175/252 7702/1174/252 7688/1160/248
f 7690/1162/248 7704/1176/252 7703/1175/252 7689/1161/248
f 7692/1163/249 7706/1177/253 7705/1178/253 7691/1164/249
f 7693/1165/249 7707/1179/253 7706/1177/253 7692/1163/249
f 7694/1166/249 7708/1180/253 7707/1179/253 7693/1165/249
f 7695/1167/249 7709/1181/253 7708/1180/253 7694/1166/249
f 7696/1168/249 7710/1182/253 7709/1181/253 7695/1167/249
f 7697/1169/250 7711/1183/254 7710/1182/253 7696/1168/249
f 7698/1170/251 7712/1184/255 7711/1183/254 7697/1169/250
f 7699/1171/252 7713/1185/256 7712/1184/255 7698/1170/251
f 7700/1172/252 7714/1186/256 7713/1185/256 7699/1171/252
f 7701/1173/252 7715/1187/256 7714/1186/256 7700/1172/252
f 7702/1174/252 7716/1188/256 7715/1187/256 7701/1173/252
f 7703/1175/252 7717/1189/256 7716/1188/256 7702/1174/252
f 7704/1176/252 7718/1190/256 7717/1189/256 7703/1175/252
f 7706/1177/253 7720/1191/257 7719/1192/257 7705/1178/253
f 7707/1179/253 7721/1193/257 7720/1191/257 7706/1177/253
f 7708/1180/253 7722/1194/257 7721/1193/257 7707/1179/253
f 7709/1181/253 7723/1195/257 7722/1194/257 7708/1180/253
f 7710/1182/253 7724/1196/257 7723/1195/257 7709/1181/253
f 7711/1183/254 7725/1197/258 7724/1196/257 7710/1182/253
f 7712/1184/255 7726/1198/259 7725/1197/258 7711/1183/254
f 7713/1185/256 7727/1199/260 7726/1198/259 7712/1184/255
f 7714/1186/256 7728/1200/260 7727/1199/260 7713/1185/256
f 7715/1187/256 7729/1201/260 7728/1200/260 7714/1186/256
f 7716/1188/256 7730/1202/260 7729/1201/260 7715/1187/256
f 7717/1189/256 7731/1203/260 7730/1202/260 7716/1188/256
f 7718/1190/256 7732/1204/260 7731/1203/260 7717/1189/256
f 7720/1191/257 7734/1205/261 7733/1206/261 7719/1192/257
f 7721/1193/257 7735/1207/261 7734/1205/261 7720/1191/257
f 7722/1194/257 7736/1208/261 7735/1207/261 7721/1193/257
f 7723/1195/257 7737/1209/261 7736/1208/261 7722/1194/257
f 7724/1196/257 7738/1210/261 7737/1209/261 7723/1195/257
f 7725/1197/258 7739/1211/262 7738/1210/261 7724/1196/257
f 7726/1198/259 7740/1212/263 7739/1211/262 7725/1197/258
f 7727/1199/260 7741/1213/264 7740/1212/263 7726/1198/259
f 7728/1200/260 7742/1214/264 7741/1213/264 7727/1199/260
f 7729/1201/260 7743/1215/264 7742/1214/264 7728/1200/260
f 7730/1202/260 7744/1216/264 7743/1215/264 7729/1201/260
f 7731/1203/260 7745/1217/264 7744/1216/264 7730/1202/260
f 7732/1204/260 7746/1218/264 7745/1217/264 7731/1203/260
f 7734/1205/261 7748/1219/265 7747/1220/265 7733/1206/261
f 7735/1207/261 7749/1221/265 7748/1219/265 7734/1205/261
f 7736/1208/261 7750/1222/265 7749/1221/265 7735/1207/261
f 7737/1209/261 7751/1223/265 7750/1222/265 7736/1208/261
f 7738/1210/261 7752/1224/265 7751/1223/265 7737/1209/261
f 7739/1211/262 7753/1225/266 7752/1224/265 7738/1210/261
f 7740/1212/263 7754/1226/267 7753/1225/266 7739/1211/262
f 7741/1213/264 7755/1227/268 7754/1226/267 7740/1212/263
f 7742/1214/264 7756/1228/268 7755/1227/268 7741/1213/264
f 7743/1215/264 7757/1229/268 7756/1228/268 7742/1214/264
f 7744/1216/264 7758/1230/268 7757/1229/268 7743/1215/264
f 7745/1217/264 7759/1231/268 7758/1230/268 7744/1216/264
f 7746/1218/264 7760/1232/268 7759/1231/268 7745/1217/264
f 7748/1219/265 7762/1233/269 7761/1234/269 7747/1220/265
f 7749/1221/265 7763/1235/269 7762/1233/269 7748/1219/265
f 7750/1222/265 7764/1236/269 7763/1235/269 7749/1221/265
f 7751/1223/265 7765/1237/269 7764/1236/269 7750/1222/265
f 7752/1224/265 7766/1238/269 7765/1237/269 7751/1223/265
f 7753/1225/266 7767/1239/270 7766/1238/269 7752/1224/265
f 7754/1226/267 7768/1240/271 7767/1239/270 7753/1225/266
f 7755/1227/268 7769/1241/272 7768/1240/271 7754/1226/267
f 7756/1228/268 7770/1242/272 7769/1241/272 7755/1227/268
f 7757/1229/268 7771/1243/272 7770/1242/272 7756/1228/268
f 7758/1230/268 7772/1244/272 7771/1243/272 7757/1229/268
f 7759/1231/268 7773/1245/272 7772/1244/272 7758/1230/268
f 7760/1232/268 7774/1246/272 7773/1245/272 7759/1231/268
f 7762/1233/269 7776/1247/273 7775/1248/273 7761/1234/269
f 7763/1235/269 7777/1249/273 7776/1247/273 7762/1233/269
f 7764/1236/269 7778/1250/273 7777/1249/273 7763/1235/269
f 7765/1237/269 7779/1251/273 7778/1250/273 7764/1236/269
f 7766/1238/269 7780/1252/273 7779/1251/273 7765/1237/269
f 7767/1239/270 7781/1253/274 7780/1252/273 7766/1238/269
f 7768/1240/271 7782/1254/275 7781/1253/274 7767/1239/270
f 7769/1241/272 7783/1255/276 7782/1254/275 7768/1240/271
f 7770/1242/272 7784/1256/276 7783/1255/276 7769/1241/272
f 7771/1243/272 7785/1257/276 7784/1256/276 7770/1242/272
f 7772/1244/272 7786/1258/276 7785/1257/276 7771/1243/272
f 7773/1245/272 7787/1259/276 7786/1258/276 7772/1244/272
f 7774/1246/272 7788/1260/276 7787/1259/276 7773/1245/272
f 7776/1247/273 7790/1261/278 7789/1262/277 7775/1248/273
f 7777/1249/273 7791/1263/277 7790/1261/278 7776/1247/273
f 7778/1250/273 7792/1264/278 7791/1263/277 7777/1249/273
f 7779/1251/273 7793/1265/277 7792/1264/278 7778/1250/273
f 7780/1252/273 7794/1266/277 7793/1265/277 7779/1251/273
f 7781/1253/274 7795/1267/279 7794/1266/277 7780/1252/273
f 7782/1254/275 7796/1268/280 7795/1267/279 7781/1253/274
f 7783/1255/276 7797/1269/282 7796/1268/280 7782/1254/275
f 7784/1256/276 7798/1270/282 7797/1269/282 7783/1255/276
f 7785/1257/276 7799/1271/281 7798/1270/282 7784/1256/276
f 7786/1258/276 7800/1272/282 7799/1271/281 7785/1257/276
f 7787/1259/276 7801/1273/281 7800/1272/282 7786/1258/276
f 7788/1260/276 7802/1274/282 7801/1273/281 7787/1259/276
f 7790/1261/278 7804/1275/283 7803/1276/283 7789/1262/277
f 7791/1263/277 7805/1277/283 7804/1275/283 7790/1261/278
f 7792/1264/278 7806/1278/283 7805/1277/283 7791/1263/277
f 7793/1265/277 7807/1279/283 7806/1278/283 7792/1264/278
f 7794/1266/277 7808/1280/283 7807/1279/283 7793/1265/277
f 7795/1267/279 7809/1281/284 7808/1280/283 7794/1266/277
f 7796/1268/280 7810/1282/285 7809/1281/284 7795/1267/279
f 7797/1269/282 7811/1283/286 7810/1282/285 7796/1268/280
f 7798/1270/282 7812/1284/286 7811/1283/286 7797/1269/282
f 7799/1271/281 7813/1285/286 7812/1284/286 7798/1270/282
f 7800/1272/282 7814/1286/286 7813/1285/286 7799/1271/281
f 7801/1273/281 7815/1287/286 7814/1286/286 7800/1272/282
f 7802/1274/282 7816/1288/286 7815/1287/286 7801/1273/281
f 7804/1275/283 7818/1289/287 7817/1290/287 7803/1276/283
f 7805/1277/283 7819/1291/287 7818/1289/287 7804/1275/283
f 7806/1278/283 7820/1292/287 7819/1291/287 7805/1277/283
f 7807/1279/283 7821/1293/287 7820/1292/287 7806/1278/283
f 7808/1280/283 7822/1294/287 7821/1293/287 7807/1279/283
f 7809/1281/284 7823/1295/288 7822/1294/287 7808/1280/283
f 7810/1282/285 7824/1296/289 7823/1295/288 7809/1281/284
f 7811/1283/286 7825/1297/290 7824/1296/289 7810/1282/285
f 7812/1284/286 7826/1298/290 7825/1297/290 7811/1283/286
f 7813/1285/286 7827/1299/290 7826/1298/290 7812/1284/286
f 7814/1286/286 7828/1300/290 7827/1299/290 7813/1285/286
f 7815/1287/286 7829/1301/290 7828/1300/290 7814/1286/286
f 7816/1288/286 7830/1302/290 7829/1301/290 7815/1287/286
f 7818/1289/287 7832/1303/291 7831/1304/291 7817/1290/287
f 7819/1291/287 7833/1305/291 7832/1303/291 7818/1289/287
f 7820/1292/287 7834/1306/291 7833/1305/291 7819/1291/287
f 7821/1293/287 7835/1307/291 7834/1306/291 7820/1292/287
f 7822/1294/287 7836/1308/291 7835/1307/291 7821/1293/287
f 7823/1295/288 7837/1309/292 7836/1308/291 7822/1294/287
f 7824/1296/289 7838/1310/293 7837/1309/292 7823/1295/288
f 7825/1297/290 7839/1311/294 7838/1310/293 7824/1296/289
f 7826/1298/290 7840/1312/294 7839/1311/294 7825/1297/290
f 7827/1299/290 7841/1313/294 7840/1312/294 7826/1298/290
f 7828/1300/290 7842/1314/294 7841/1313/294 7827/1299/290
f 7829/1301/290 7843/1315/294 7842/1314/294 7828/1300/290
f 7830/1302/290 7844/1316/294 7843/1315/294 7829/1301/290
f 7832/1303/291 7846/1317/295 7845/1318/295 7831/1304/291
f 7833/1305/291 7847/1319/295 7846/1317/295 7832/1303/291
f 7834/1306/291 7848/1320/295 7847/1319/295 7833/1305/291
f 7835/1307/291 7849/1321/295 7848/1320/295 7834/1306/291
f 7836/1308/291 7850/1322/295 7849/1321/295 7835/1307/291
f 7837/1309/292 7851/1323/296 7850/1322/295 7836/1308/291
f 7838/1310/293 7852/1324/297 7851/1323/296 7837/1309/292
f 7839/1311/294 7853/1325/298 7852/1324/297 7838/1310/293
f 7840/1312/294 7854/1326/298 7853/1325/298 7839/1311/294
f 7841/1313/294 7855/1327/298 7854/1326/298 7840/1312/294
f 7842/1314/294 7856/1328/298 7855/1327/298 7841/1313/294
f 7843/1315/294 7857/1329/298 7856/1328/298 7842/1314/294
f 7844/1316/294 7858/1330/298 7857/1329/298 7843/1315/294
f 7846/1317/295 7860/1331/299 7859/1332/299 7845/1318/295
f 7847/1319/295 7861/1333/299 7860/1331/299 7846/1317/295
f 7848/1320/295 7862/1334/299 7861/1333/299 7847/1319/295
f 7849/1321/295 7863/1335/299 7862/1334/299 7848/1320/295
f 7850/1322/295 7864/1336/299 7863/1335/299 7849/1321/295
f 7851/1323/296 7865/1337/300 7864/1336/299 7850/1322/295
f 7852/1324/297 7866/1338/301 7865/1337/300 7851/1323/296
f 7853/1325/298 7867/1339/302 7866/1338/301 7852/1324/297
f 7854/1326/298 7868/1340/302 7867/1339/302 7853/1325/298
f 7855/1327/298 7869/1341/302 7868/1340/302 7854/1326/298
f 7856/1328/298 7870/1342/302 7869/1341/302 7855/1327/298
f 7857/1329/298 7871/1343/302 7870/1342/302 7856/1328/298
f 7858/1330/298 7872/1344/302 7871/1343/302 7857/1329/298
f 7860/1331/299 7874/1345/303 7873/1346/303 7859/1332/299
f 7861/1333/299 7875/1347/303 7874/1345/303 7860/1331/299
f 7862/1334/299 7876/1348/303 7875/1347/303 7861/1333/299
f 7863/1335/299 7877/1349/303 7876/1348/303 7862/1334/299
f 7864/1336/299 7878/1350/303 7877/1349/303 7863/1335/299
f 7865/1337/300 7879/1351/304 7878/1350/303 7864/1336/299
f 7866/1338/301 7880/1352/305 7879/1351/304 7865/1337/300
f 7867/1339/302 7881/1353/306 7880/1352/305 7866/1338/301
f 7868/1340/302 7882/1354/306 7881/1353/306 7867/1339/302
f 7869/1341/302 7883/1355/306 7882/1354/306 7868/1340/302
f 7870/1342/302 7884/1356/306 7883/1355/306 7869/1341/302
f 7871/1343/302 7885/1357/306 7884/1356/306 7870/1342/302
f 7872/1344/302 7886/1358/306 7885/1357/306 7871/1343/302
f 7874/1345/303 7888/1359/307 7887/1360/307 7873/1346/303
f 7875/1347/303 7889/1361/307 7888/1359/307 7874/1345/303
f 7876/1348/303 7890/1362/307 7889/1361/307 7875/1347/303
f 7877/1349/303 7891/1363/307 7890/1362/307 7876/1348/303
f 7878/1350/303 7892/1364/307 7891/1363/307 7877/1349/303
f 7879/1351/304 7893/1365/308 7892/1364/307 7878/1350/303
f 7880/1352/305 7894/1366/309 7893/1365/308 7879/1351/304
f 7881/1353/306 7895/1367/310 7894/1366/309 7880/1352/305
f 7882/1354/306 7896/1368/310 7895/1367/310 7881/1353/306
f 7883/1355/306 7897/1369/310 7896/1368/310 7882/1354/306
f 7884/1356/306 7898/1370/310 7897/1369/310 7883/1355/306
f 7885/1357/306 7899/1371/310 7898/1370/310 7884/1356/306
f 7886/1358/306 7900/1372/310 7899/1371/310 7885/1357/306
f 7888/1359/307 7902/1373/311 7901/1374/311 7887/1360/307
f 7889/1361/307 7903/1375/311 7902/1373/311 7888/1359/307
f 7890/1362/307 7904/1376/311 7903/1375/311 7889/1361/307
f 7891/1363/307 7905/1377/311 7904/1376/311 7890/1362/307
f 7892/1364/307 7906/1378/311 7905/1377/311 7891/1363/307
f 7893/1365/308 7907/1379/312 7906/1378/311 7892/1364/307
f 7894/1366/309 7908/1380/313 7907/1379/312 7893/1365/308
f 7895/1367/310 7909/1381/314 7908/1380/313 7894/1366/309
f 7896/1368/310 7910/1382/314 7909/1381/314 7895/1367/310
f 7897/1369/310 7911/1383/314 7910/1382/314 7896/1368/310
f 7898/1370/310 7912/1384/314 7911/1383/314 7897/1369/310
f 7899/1371/310 7913/1385/314 7912/1384/314 7898/1370/310
f 7900/1372/310 7914/1386/314 7913/1385/314 7899/1371/310
f 7902/1373/311 7916/1387/315 7915/1388/315 7901/1374/311
f 7903/1375/311 7917/1389/315 7916/1387/315 7902/1373/311
f 7904/1376/311 7918/1390/315 7917/1389/315 7903/1375/311
f 7905/1377/311 7919/1391/315 7918/1390/315 7904/1376/311
f 7906/1378/311 7920/1392/315 7919/1391/315 7905/1377/311
f 7907/1379/312 7921/1393/316 7920/1392/315 7906/1378/311
f 7908/1380/313 7922/1394/317 7921/1393/316 7907/1379/312
f 7909/1381/314 7923/1395/318 7922/1394/317 7908/1380/313
f 7910/1382/314 7924/1396/318 7923/1395/318 7909/1381/314
f 7911/1383/314 7925/1397/318 7924/1396/318 7910/1382/314
f 7912/1384/314 7926/1398/318 7925/1397/318 7911/1383/314
f 7913/1385/314 7927/1399/318 7926/1398/318 7912/1384/314
f 7914/1386/314 7928/1400/318 7927/1399/318 7913/1385/314
f 7916/1387/315 7930/1401/319 7929/1402/319 7915/1388/315
f 7917/1389/315 7931/1403/319 7930/1401/319 7916/1387/315
f 7918/1390/315 7932/1404/319 7931/1403/319 7917/1389/315
f 7919/1391/315 7933/1405/319 7932/1404/319 7918/1390/315
f 7920/1392/315 7934/1406/319 7933/1405/319 7919/1391/315
f 7921/1393/316 7935/1407/320 7934/1406/319 7920/1392/315
f 7922/1394/317 7936/1408/321 7935/1407/320 7921/1393/316
f 7923/1395/318 7937/1409/322 7936/1408/321 7922/1394/317
f 7924/1396/318 7938/1410/322 7937/1409/322 7923/1395/318
f 7925/1397/318 7939/1411/322 7938/1410/322 7924/1396/318
f 7926/1398/318 7940/1412/322 7939/1411/322 7925/1397/318
f 7927/1399/318 7941/1413/322 7940/1412/322 7926/1398/318
f 7928/1400/318 7942/1414/322 7941/1413/322 7927/1399/318
f 7930/1401/319 7944/1415/323 7943/1416/1409 7929/1402/319
f 7931/1403/319 7945/1417/323 7944/1415/323 7930/1401/319
f 7932/1404/319 7946/1418/323 7945/1417/323 7931/1403/319
f 7933/1405/319 7947/1419/323 7946/1418/323 7932/1404/319
f 7934/1406/319 7948/1420/323 7947/1419/323 7933/1405/319
f 7935/1407/320 7949/1421/324 7948/1420/323 7934/1406/319
f 7936/1408/321 7950/1422/325 7949/1421/324 7935/1407/320
f 7937/1409/322 7951/1423/326 7950/1422/325 7936/1408/321
f 7938/1410/322 7952/1424/326 7951/1423/326 7937/1409/322
f 7939/1411/322 7953/1425/326 7952/1424/326 7938/1410/322
f 7940/1412/322 7954/1426/326 7953/1425/326 7939/1411/322
f 7941/1413/322 7955/1427/326 7954/1426/326 7940/1412/322
f 7942/1414/322 7956/1428/1410 7955/1427/326 7941/1413/322
f 7944/1415/323 7958/1429/327 7957/1430/1411 7943/1416/1409
f 7945/1417/323 7959/1431/1411 7958/1429/327 7944/1415/323
f 7946/1418/323 7960/1432/327 7959/1431/1411 7945/1417/323
f 7947/1419/323 7961/1433/327 7960/1432/327 7946/1418/323
f 7948/1420/323 7962/1434/1411 7961/1433/327 7947/1419/323
f 7949/1421/324 7963/1435/328 7962/1434/1411 7948/1420/323
f 7950/1422/325 7964/1436/329 7963/1435/328 7949/1421/324
f 7951/1423/326 7965/1437/1412 7964/1436/329 7950/1422/325
f 7952/1424/326 7966/1438/330 7965/1437/1412 7951/1423/326
f 7953/1425/326 7967/1439/330 7966/1438/330 7952/1424/326
f 7954/1426/326 7968/1440/1412 7967/1439/330 7953/1425/326
f 7955/1427/326 7969/1441/330 7968/1440/1412 7954/1426/326
f 7956/1428/1410 7970/1442/1412 7969/1441/330 7955/1427/326
f 7958/1429/327 6936/422/25 6935/81/25 7957/1430/1411
f 7959/1431/1411 6937/423/25 6936/422/25 7958/1429/327
f 7960/1432/327 6938/424/25 6937/423/25 7959/1431/1411
f 7961/1433/327 6939/425/25 6938/424/25 7960/1432/327
f 7962/1434/1411 6940/426/25 6939/425/25 7961/1433/327
f 7963/1435/328 6941/427/27 6940/426/25 7962/1434/1411
f 7964/1436/329 6942/428/29 6941/427/27 7963/1435/328
f 7965/1437/1412 6943/429/31 6942/428/29 7964/1436/329
f 7966/1438/330 6944/430/31 6943/429/31 7965/1437/1412
f 7967/1439/330 6945/431/31 6944/430/31 7966/1438/330
f 7968/1440/1412 6946/432/31 6945/431/31 7967/1439/330
f 7969/1441/330 6947/433/31 6946/432/31 7968/1440/1412
f 7970/1442/1412 6948/434/31 6947/433/31 7969/1441/330
f 7972/312/331 7986/1443/332 7985/1444/332 7971/75/331
f 7973/315/1413 7987/1445/332 7986/1443/332 7972/312/331
f 7974/317/331 7988/1446/332 7987/1445/332 7973/315/1413
f 7975/319/1414 7989/1447/332 7988/1446/332 7974/317/331
f 7976/321/1415 7990/1448/332 7989/1447/332 7975/319/1414
f 7977/323/335 7991/1449/336 7990/1448/332 7976/321/1415
f 7978/325/337 7992/1450/338 7991/1449/336 7977/323/335
f 7979/327/1416 7993/1451/339 7992/1450/338 7978/325/337
f 7980/329/1417 7994/1452/339 7993/1451/339 7979/327/1416
f 7981/331/341 7995/1453/339 7994/1452/339 7980/329/1417
f 7982/333/1418 7996/1454/339 7995/1453/339 7981/331/341
f 7983/335/341 7997/1455/339 7996/1454/339 7982/333/1418
f 7984/337/341 7998/1456/339 7997/1455/339 7983/335/341
f 7986/1443/332 8000/1457/342 7999/1458/342 7985/1444/332
f 7987/1445/332 8001/1459/342 8000/1457/342 7986/1443/332
f 7988/1446/332 8002/1460/342 8001/1459/342 7987/1445/332
f 7989/1447/332 8003/1461/342 8002/1460/342 7988/1446/332
f 7990/1448/332 8004/1462/342 8003/1461/342 7989/1447/332
f 7991/1449/336 8005/1463/343 8004/1462/342 7990/1448/332
f 7992/1450/338 8006/1464/344 8005/1463/343 7991/1449/336
f 7993/1451/339 8007/1465/345 8006/1464/344 7992/1450/338
f 7994/1452/339 8008/1466/345 8007/1465/345 7993/1451/339
f 7995/1453/339 8009/1467/345 8008/1466/345 7994/1452/339
f 7996/1454/339 8010/1468/345 8009/1467/345 7995/1453/339
f 7997/1455/339 8011/1469/345 8010/1468/345 7996/1454/339
f 7998/1456/339 8012/1470/345 8011/1469/345 7997/1455/339
f 8000/1457/342 8014/1471/346 8013/1472/346 7999/1458/342
f 8001/1459/342 8015/1473/346 8014/1471/346 8000/1457/342
f 8002/1460/342 8016/1474/346 8015/1473/346 8001/1459/342
f 8003/1461/342 8017/1475/346 8016/1474/346 8002/1460/342
f 8004/1462/342 8018/1476/346 8017/1475/346 8003/1461/342
f 8005/1463/343 8019/1477/1419 8018/1476/346 8004/1462/342
f 8006/1464/344 8020/1478/1420 8019/1477/1419 8005/1463/343
f 8007/1465/345 8021/1479/349 8020/1478/1420 8006/1464/344
f 8008/1466/345 8022/1480/349 8021/1479/349 8007/1465/345
f 8009/1467/345 8023/1481/349 8022/1480/349 8008/1466/345
f 8010/1468/345 8024/1482/349 8023/1481/349 8009/1467/345
f 8011/1469/345 8025/1483/349 8024/1482/349 8010/1468/345
f 8012/1470/345 8026/1484/349 8025/1483/349 8011/1469/345
f 8014/1471/346 8028/1485/350 8027/1486/350 8013/1472/346
f 8015/1473/346 8029/1487/350 8028/1485/350 8014/1471/346
f 8016/1474/346 8030/1488/350 8029/1487/350 8015/1473/346
f 8017/1475/346 8031/1489/350 8030/1488/350 8016/1474/346
f 8018/1476/346 8032/1490/350 8031/1489/350 8017/1475/346
f 8019/1477/1419 8033/1491/351 8032/1490/350 8018/1476/346
f 8020/1478/1420 8034/1492/352 8033/1491/351 8019/1477/1419
f 8021/1479/349 8035/1493/353 8034/1492/352 8020/1478/1420
f 8022/1480/349 8036/1494/353 8035/1493/353 8021/1479/349
f 8023/1481/349 8037/1495/353 8036/1494/353 8022/1480/349
f 8024/1482/349 8038/1496/353 8037/1495/353 8023/1481/349
f 8025/1483/349 8039/1497/353 8038/1496/353 8024/1482/349
f 8026/1484/349 8040/1498/353 8039/1497/353 8025/1483/349
f 8028/1485/350 8042/1499/354 8041/1500/354 8027/1486/350
f 8029/1487/350 8043/1501/354 8042/1499/354 8028/1485/350
f 8030/1488/350 8044/1502/354 8043/1501/354 8029/1487/350
f 8031/1489/350 8045/1503/354 8044/1502/354 8030/1488/350
f 8032/1490/350 8046/1504/354 8045/1503/354 8031/1489/350
f 8033/1491/351 8047/1505/355 8046/1504/354 8032/1490/350
f 8034/1492/352 8048/1506/356 8047/1505/355 8033/1491/351
f 8035/1493/353 8049/1507/357 8048/1506/356 8034/1492/352
f 8036/1494/353 8050/1508/357 8049/1507/357 8035/1493/353
f 8037/1495/353 8051/1509/357 8050/1508/357 8036/1494/353
f 8038/1496/353 8052/1510/357 8051/1509/357 8037/1495/353
f 8039/1497/353 8053/1511/357 8052/1510/357 8038/1496/353
f 8040/1498/353 8054/1512/357 8053/1511/357 8039/1497/353
f 8042/1499/354 8056/1513/358 8055/1514/358 8041/1500/354
f 8043/1501/354 8057/1515/358 8056/1513/358 8042/1499/354
f 8044/1502/354 8058/1516/358 8057/1515/358 8043/1501/354
f 8045/1503/354 8059/1517/358 8058/1516/358 8044/1502/354
f 8046/1504/354 8060/1518/358 8059/1517/358 8045/1503/354
f 8047/1505/355 8061/1519/359 8060/1518/358 8046/1504/354
f 8048/1506/356 8062/1520/360 8061/1519/359 8047/1505/355
f 8049/1507/357 8063/1521/361 8062/1520/360 8048/1506/356
f 8050/1508/357 8064/1522/361 8063/1521/361 8049/1507/357
f 8051/1509/357 8065/1523/361 8064/1522/361 8050/1508/357
f 8052/1510/357 8066/1524/361 8065/1523/361 8051/1509/357
f 8053/1511/357 8067/1525/361 8066/1524/361 8052/1510/357
f 8054/1512/357 8068/1526/361 8067/1525/361 8053/1511/357
f 8056/1513/358 8070/1527/362 8069/1528/362 8055/1514/358
f 8057/1515/358 8071/1529/362 8070/1527/362 8056/1513/358
f 8058/1516/358 8072/1530/362 8071/1529/362 8057/1515/358
f 8059/1517/358 8073/1531/362 8072/1530/362 8058/1516/358
f 8060/1518/358 8074/1532/362 8073/1531/362 8059/1517/358
f 8061/1519/359 8075/1533/363 8074/1532/362 8060/1518/358
f 8062/1520/360 8076/1534/364 8075/1533/363 8061/1519/359
f 8063/1521/361 8077/1535/365 8076/1534/364 8062/1520/360
f 8064/1522/361 8078/1536/365 8077/1535/365 8063/1521/361
f 8065/1523/361 8079/1537/365 8078/1536/365 8064/1522/361
f 8066/1524/361 8080/1538/365 8079/1537/365 8065/1523/361
f 8067/1525/361 8081/1539/365 8080/1538/365 8066/1524/361
f 8068/1526/361 8082/1540/365 8081/1539/365 8067/1525/361
f 8070/1527/362 8084/1541/366 8083/1542/366 8069/1528/362
f 8071/1529/362 8085/1543/366 8084/1541/366 8070/1527/362
f 8072/1530/362 8086/1544/366 8085/1543/366 8071/1529/362
f 8073/1531/362 8087/1545/366 8086/1544/366 8072/1530/362
f 8074/1532/362 8088/1546/366 8087/1545/366 8073/1531/362
f 8075/1533/363 8089/1547/367 8088/1546/366 8074/1532/362
f 8076/1534/364 8090/1548/368 8089/1547/367 8075/1533/363
f 8077/1535/365 8091/1549/369 8090/1548/368 8076/1534/364
f 8078/1536/365 8092/1550/369 8091/1549/369 8077/1535/365
f 8079/1537/365 8093/1551/369 8092/1550/369 8078/1536/365
f 8080/1538/365 8094/1552/369 8093/1551/369 8079/1537/365
f 8081/1539/365 8095/1553/369 8094/1552/369 8080/1538/365
f 8082/1540/365 8096/1554/369 8095/1553/369 8081/1539/365
f 8084/1541/366 8098/1555/370 8097/1556/370 8083/1542/366
f 8085/1543/366 8099/1557/370 8098/1555/370 8084/1541/366
f 8086/1544/366 8100/1558/370 8099/1557/370 8085/1543/366
f 8087/1545/366 8101/1559/370 8100/1558/370 8086/1544/366
f 8088/1546/366 8102/1560/370 8101/1559/370 8087/1545/366
f 8089/1547/367 8103/1561/371 8102/1560/370 8088/1546/366
f 8090/1548/368 8104/1562/372 8103/1561/371 8089/1547/367
f 8091/1549/369 8105/1563/373 8104/1562/372 8090/1548/368
f 8092/1550/369 8106/1564/373 8105/1563/373 8091/1549/369
f 8093/1551/369 8107/1565/373 8106/1564/373 8092/1550/369
f 8094/1552/369 8108/1566/373 8107/1565/373 8093/1551/369
f 8095/1553/369 8109/1567/373 8108/1566/373 8094/1552/369
f 8096/1554/369 8110/1568/373 8109/1567/373 8095/1553/369
f 8098/1555/370 8112/1569/374 8111/1570/374 8097/1556/370
f 8099/1557/370 8113/1571/374 8112/1569/374 8098/1555/370
f 8100/1558/370 8114/1572/374 8113/1571/374 8099/1557/370
f 8101/1559/370 8115/1573/374 8114/1572/374 8100/1558/370
f 8102/1560/370 8116/1574/374 8115/1573/374 8101/1559/370
f 8103/1561/371 8117/1575/375 8116/1574/374 8102/1560/370
f 8104/1562/372 8118/1576/376 8117/1575/375 8103/1561/371
f 8105/1563/373 8119/1577/377 8118/1576/376 8104/1562/372
f 8106/1564/373 8120/1578/377 8119/1577/377 8105/1563/373
f 8107/1565/373 8121/1579/377 8120/1578/377 8106/1564/373
f 8108/1566/373 8122/1580/377 8121/1579/377 8107/1565/373
f 8109/1567/373 8123/1581/377 8122/1580/377 8108/1566/373
f 8110/1568/373 8124/1582/377 8123/1581/377 8109/1567/373
f 8112/1569/374 8126/1583/378 8125/1584/378 8111/1570/374
f 8113/1571/374 8127/1585/378 8126/1583/378 8112/1569/374
f 8114/1572/374 8128/1586/378 8127/1585/378 8113/1571/374
f 8115/1573/374 8129/1587/378 8128/1586/378 8114/1572/374
f 8116/1574/374 8130/1588/378 8129/1587/378 8115/1573/374
f 8117/1575/375 8131/1589/379 8130/1588/378 8116/1574/374
f 8118/1576/376 8132/1590/380 8131/1589/379 8117/1575/375
f 8119/1577/377 8133/1591/381 8132/1590/380 8118/1576/376
f 8120/1578/377 8134/1592/381 8133/1591/381 8119/1577/377
f 8121/1579/377 8135/1593/381 8134/1592/381 8120/1578/377
f 8122/1580/377 8136/1594/381 8135/1593/381 8121/1579/377
f 8123/1581/377 8137/1595/381 8136/1594/381 8122/1580/377
f 8124/1582/377 8138/1596/381 8137/1595/381 8123/1581/377
f 8126/1583/378 8140/1597/382 8139/1598/382 8125/1584/378
f 8127/1585/378 8141/1599/382 8140/1597/382 8126/1583/378
f 8128/1586/378 8142/1600/382 8141/1599/382 8127/1585/378
f 8129/1587/378 8143/1601/382 8142/1600/382 8128/1586/378
f 8130/1588/378 8144/1602/382 8143/1601/382 8129/1587/378
f 8131/1589/379 8145/1603/383 8144/1602/382 8130/1588/378
f 8132/1590/380 8146/1604/384 8145/1603/383 8131/1589/379
f 8133/1591/381 8147/1605/385 8146/1604/384 8132/1590/380
f 8134/1592/381 8148/1606/385 8147/1605/385 8133/1591/381
f 8135/1593/381 8149/1607/385 8148/1606/385 8134/1592/381
f 8136/1594/381 8150/1608/385 8149/1607/385 8135/1593/381
f 8137/1595/381 8151/1609/385 8150/1608/385 8136/1594/381
f 8138/1596/381 8152/1610/385 8151/1609/385 8137/1595/381
f 8140/1597/382 8154/1611/386 8153/1612/386 8139/1598/382
f 8141/1599/382 8155/1613/386 8154/1611/386 8140/1597/382
f 8142/1600/382 8156/1614/386 8155/1613/386 8141/1599/382
f 8143/1601/382 8157/1615/386 8156/1614/386 8142/1600/382
f 8144/1602/382 8158/1616/386 8157/1615/386 8143/1601/382
f 8145/1603/383 8159/1617/387 8158/1616/386 8144/1602/382
f 8146/1604/384 8160/1618/388 8159/1617/387 8145/1603/383
f 8147/1605/385 8161/1619/389 8160/1618/388 8146/1604/384
f 8148/1606/385 8162/1620/389 8161/1619/389 8147/1605/385
f 8149/1607/385 8163/1621/389 8162/1620/389 8148/1606/385
f 8150/1608/385 8164/1622/389 8163/1621/389 8149/1607/385
f 8151/1609/385 8165/1623/389 8164/1622/389 8150/1608/385
f 8152/1610/385 8166/1624/389 8165/1623/389 8151/1609/385
f 8154/1611/386 8168/1625/390 8167/1626/390 8153/1612/386
f 8155/1613/386 8169/1627/390 8168/1625/390 8154/1611/386
f 8156/1614/386 8170/1628/390 8169/1627/390 8155/1613/386
f 8157/1615/386 8171/1629/390 8170/1628/390 8156/1614/386
f 8158/1616/386 8172/1630/390 8171/1629/390 8157/1615/386
f 8159/1617/387 8173/1631/391 8172/1630/390 8158/1616/386
f 8160/1618/388 8174/1632/392 8173/1631/391 8159/1617/387
f 8161/1619/389 8175/1633/393 8174/1632/392 8160/1618/388
f 8162/1620/389 8176/1634/393 8175/1633/393 8161/1619/389
f 8163/1621/389 8177/1635/393 8176/1634/393 8162/1620/389
f 8164/1622/389 8178/1636/393 8177/1635/393 8163/1621/389
f 8165/1623/389 8179/1637/393 8178/1636/393 8164/1622/389
f 8166/1624/389 8180/1638/393 8179/1637/393 8165/1623/389
f 8168/1625/390 8182/1639/394 8181/1640/394 8167/1626/390
f 8169/1627/390 8183/1641/394 8182/1639/394 8168/1625/390
f 8170/1628/390 8184/1642/394 8183/1641/394 8169/1627/390
f 8171/1629/390 8185/1643/394 8184/1642/394 8170/1628/390
f 8172/1630/390 8186/1644/394 8185/1643/394 8171/1629/390
f 8173/1631/391 8187/1645/395 8186/1644/394 8172/1630/390
f 8174/1632/392 8188/1646/396 8187/1645/395 8173/1631/391
f 8175/1633/393 8189/1647/397 8188/1646/396 8174/1632/392
f 8176/1634/393 8190/1648/397 8189/1647/397 8175/1633/393
f 8177/1635/393 8191/1649/397 8190/1648/397 8176/1634/393
f 8178/1636/393 8192/1650/397 8191/1649/397 8177/1635/393
f 8179/1637/393 8193/1651/397 8192/1650/397 8178/1636/393
f 8180/1638/393 8194/1652/397 8193/1651/397 8179/1637/393
f 8182/1639/394 8196/1653/398 8195/1654/398 8181/1640/394
f 8183/1641/394 8197/1655/398 8196/1653/398 8182/1639/394
f 8184/1642/394 8198/1656/398 8197/1655/398 8183/1641/394
f 8185/1643/394 8199/1657/398 8198/1656/398 8184/1642/394
f 8186/1644/394 8200/1658/398 8199/1657/398 8185/1643/394
f 8187/1645/395 8201/1659/399 8200/1658/398 8186/1644/394
f 8188/1646/396 8202/1660/400 8201/1659/399 8187/1645/395
f 8189/1647/397 8203/1661/401 8202/1660/400 8188/1646/396
f 8190/1648/397 8204/1662/401 8203/1661/401 8189/1647/397
f 8191/1649/397 8205/1663/401 8204/1662/401 8190/1648/397
f 8192/1650/397 8206/1664/401 8205/1663/401 8191/1649/397
f 8193/1651/397 8207/1665/401 8206/1664/401 8192/1650/397
f 8194/1652/397 8208/1666/401 8207/1665/401 8193/1651/397
f 8196/1653/398 8210/1667/402 8209/1668/402 8195/1654/398
f 8197/1655/398 8211/1669/402 8210/1667/402 8196/1653/398
f 8198/1656/398 8212/1670/402 8211/1669/402 8197/1655/398
f 8199/1657/398 8213/1671/402 8212/1670/402 8198/1656/398
f 8200/1658/398 8214/1672/402 8213/1671/402 8199/1657/398
f 8201/1659/399 8215/1673/403 8214/1672/402 8200/1658/398
f 8202/1660/400 8216/1674/404 8215/1673/403 8201/1659/399
f 8203/1661/401 8217/1675/405 8216/1674/404 8202/1660/400
f 8204/1662/401 8218/1676/405 8217/1675/405 8203/1661/401
f 8205/1663/401 8219/1677/405 8218/1676/405 8204/1662/401
f 8206/1664/401 8220/1678/405 8219/1677/405 8205/1663/401
f 8207/1665/401 8221/1679/405 8220/1678/405 8206/1664/401
f 8208/1666/401 8222/1680/405 8221/1679/405 8207/1665/401
f 8210/1667/402 8224/1681/406 8223/1682/406 8209/1668/402
f 8211/1669/402 8225/1683/406 8224/1681/406 8210/1667/402
f 8212/1670/402 8226/1684/406 8225/1683/406 8211/1669/402
f 8213/1671/402 8227/1685/406 8226/1684/406 8212/1670/402
f 8214/1672/402 8228/1686/406 8227/1685/406 8213/1671/402
f 8215/1673/403 8229/1687/407 8228/1686/406 8214/1672/402
f 8216/1674/404 8230/1688/408 8229/1687/407 8215/1673/403
f 8217/1675/405 8231/1689/409 8230/1688/408 8216/1674/404
f 8218/1676/405 8232/1690/409 8231/1689/409 8217/1675/405
f 8219/1677/405 8233/1691/409 8232/1690/409 8218/1676/405
f 8220/1678/405 8234/1692/409 8233/1691/409 8219/1677/405
f 8221/1679/405 8235/1693/409 8234/1692/409 8220/1678/405
f 8222/1680/405 8236/1694/409 8235/1693/409 8221/1679/405
f 8224/1681/406 8238/1695/410 8237/1696/410 8223/1682/406
f 8225/1683/406 8239/1697/410 8238/1695/410 8224/1681/406
f 8226/1684/406 8240/1698/410 8239/1697/410 8225/1683/406
f 8227/1685/406 8241/1699/410 8240/1698/410 8226/1684/406
f 8228/1686/406 8242/1700/410 8241/1699/410 8227/1685/406
f 8229/1687/407 8243/1701/411 8242/1700/410 8228/1686/406
f 8230/1688/408 8244/1702/412 8243/1701/411 8229/1687/407
f 8231/1689/409 8245/1703/413 8244/1702/412 8230/1688/408
f 8232/1690/409 8246/1704/413 8245/1703/413 8231/1689/409
f 8233/1691/409 8247/1705/413 8246/1704/413 8232/1690/409
f 8234/1692/409 8248/1706/413 8247/1705/413 8233/1691/409
f 8235/1693/409 8249/1707/413 8248/1706/413 8234/1692/409
f 8236/1694/409 8250/1708/413 8249/1707/413 8235/1693/409
f 8238/1695/410 8252/1709/414 8251/1710/414 8237/1696/410
f 8239/1697/410 8253/1711/414 8252/1709/414 8238/1695/410
f 8240/1698/410 8254/1712/414 8253/1711/414 8239/1697/410
f 8241/1699/410 8255/1713/414 8254/1712/414 8240/1698/410
f 8242/1700/410 8256/1714/414 8255/1713/414 8241/1699/410
f 8243/1701/411 8257/1715/415 8256/1714/414 8242/1700/410
f 8244/1702/412 8258/1716/416 8257/1715/415 8243/1701/411
f 8245/1703/413 8259/1717/417 8258/1716/416 8244/1702/412
f 8246/1704/413 8260/1718/417 8259/1717/417 8245/1703/413
f 8247/1705/413 8261/1719/417 8260/1718/417 8246/1704/413
f 8248/1706/413 8262/1720/417 8261/1719/417 8247/1705/413
f 8249/1707/413 8263/1721/417 8262/1720/417 8248/1706/413
f 8250/1708/413 8264/1722/417 8263/1721/417 8249/1707/413
f 8252/1709/414 8266/1723/418 8265/1724/418 8251/1710/414
f 8253/1711/414 8267/1725/418 8266/1723/418 8252/1709/414
f 8254/1712/414 8268/1726/418 8267/1725/418 8253/1711/414
f 8255/1713/414 8269/1727/418 8268/1726/418 8254/1712/414
f 8256/1714/414 8270/1728/418 8269/1727/418 8255/1713/414
f 8257/1715/415 8271/1729/419 8270/1728/418 8256/1714/414
f 8258/1716/416 8272/1730/420 8271/1729/419 8257/1715/415
f 8259/1717/417 8273/1731/421 8272/1730/420 8258/1716/416
f 8260/1718/417 8274/1732/421 8273/1731/421 8259/1717/417
f 8261/1719/417 8275/1733/421 8274/1732/421 8260/1718/417
f 8262/1720/417 8276/1734/421 8275/1733/421 8261/1719/417
f 8263/1721/417 8277/1735/421 8276/1734/421 8262/1720/417
f 8264/1722/417 8278/1736/421 8277/1735/421 8263/1721/417
f 8266/1723/418 8280/1737/422 8279/1738/422 8265/1724/418
f 8267/1725/418 8281/1739/1421 8280/1737/422 8266/1723/418
f 8268/1726/418 8282/1740/422 8281/1739/1421 8267/1725/418
f 8269/1727/418 8283/1741/423 8282/1740/422 8268/1726/418
f 8270/1728/418 8284/1742/424 8283/1741/423 8269/1727/418
f 8271/1729/419 8285/1743/425 8284/1742/424 8270/1728/418
f 8272/1730/420 8286/1744/426 8285/1743/425 8271/1729/419
f 8273/1731/421 8287/1745/424 8286/1744/426 8272/1730/420
f 8274/1732/421 8288/1746/427 8287/1745/424 8273/1731/421
f 8275/1733/421 8289/1747/428 8288/1746/427 8274/1732/421
f 8276/1734/421 8290/1748/1422 8289/1747/428 8275/1733/421
f 8277/1735/421 8291/1749/428 8290/1748/1422 8276/1734/421
f 8278/1736/421 8292/1750/428 8291/1749/428 8277/1735/421
f 8280/1737/422 8294/1751/429 8293/1752/429 8279/1738/422
f 8281/1739/1421 8295/1753/429 8294/1751/429 8280/1737/422
f 8282/1740/422 8296/1754/429 8295/1753/429 8281/1739/1421
f 8283/1741/423 8297/1755/430 8296/1754/429 8282/1740/422
f 8284/1742/424 8298/1756/431 8297/1755/430 8283/1741/423
f 8285/1743/425 8299/1757/432 8298/1756/431 8284/1742/424
f 8286/1744/426 8300/1758/433 8299/1757/432 8285/1743/425
f 8287/1745/424 8301/1759/431 8300/1758/433 8286/1744/426
f 8288/1746/427 8302/1760/434 8301/1759/431 8287/1745/424
f 8289/1747/428 8303/1761/435 8302/1760/434 8288/1746/427
f 8290/1748/1422 8304/1762/435 8303/1761/435 8289/1747/428
f 8291/1749/428 8305/1763/435 8304/1762/435 8290/1748/1422
f 8292/1750/428 8306/1764/435 8305/1763/435 8291/1749/428
f 8294/1751/429 8308/1765/436 8307/1766/436 8293/1752/429
f 8295/1753/429 8309/1767/1423 8308/1765/436 8294/1751/429
f 8296/1754/429 8310/1768/436 8309/1767/1423 8295/1753/429
f 8297/1755/430 8311/1769/1424 8310/1768/436 8296/1754/429
f 8298/1756/431 8312/1770/1425 8311/1769/1424 8297/1755/430
f 8299/1757/432 8313/1771/439 8312/1770/1425 8298/1756/431
f 8300/1758/433 8314/1772/440 8313/1771/439 8299/1757/432
f 8301/1759/431 8315/1773/1425 8314/1772/440 8300/1758/433
f 8302/1760/434 8316/1774/1426 8315/1773/1425 8301/1759/431
f 8303/1761/435 8317/1775/442 8316/1774/1426 8302/1760/434
f 8304/1762/435 8318/1776/1427 8317/1775/442 8303/1761/435
f 8305/1763/435 8319/1777/442 8318/1776/1427 8304/1762/435
f 8306/1764/435 8320/1778/442 8319/1777/442 8305/1763/435
f 8308/1765/436 7972/422/331 7971/81/331 8307/1766/436
f 8309/1767/1423 7973/423/1413 7972/422/331 8308/1765/436
f 8310/1768/436 7974/424/331 7973/423/1413 8309/1767/1423
f 8311/1769/1424 7975/425/1414 7974/424/331 8310/1768/436
f 8312/1770/1425 7976/426/1415 7975/425/1414 8311/1769/1424
f 8313/1771/439 7977/427/335 7976/426/1415 8312/1770/1425
f 8314/1772/440 7978/428/337 7977/427/335 8313/1771/439
f 8315/1773/1425 7979/429/1416 7978/428/337 8314/1772/440
f 8316/1774/1426 7980/430/1417 7979/429/1416 8315/1773/1425
f 8317/1775/442 7981/431/341 7980/430/1417 8316/1774/1426
f 8318/1776/1427 7982/432/1418 7981/431/341 8317/1775/442
f 8319/1777/442 7983/433/341 7982/432/1418 8318/1776/1427
f 8320/1778/442 7984/434/341 7983/433/341 8319/1777/442
